*** NB: Le chemin vers la version **OPT** (et non DEV) de mefpp4py.so a été ajoutée à PYTHONPATH . ***
Début de calcul MEF++ dans le répertoire: /scratch/rdubourg/Chp2/Nelder_Mead_sep_2026
**ATTTENTION**: Vous demandez un nb impair de processus par noeud: ce n'est pas optimal du tout!
Before MEFPP: nb_processus_par_noeud=1
Socket(s):                               2
SLURM_NTASKS = 
SLURM_CPUS_ON_NODE = 192
SLURM_MEM_PER_NODE = 2048
La commande de lancement MPI pour MEF++ vaut:
mpiexec  -n 1 --map-by ppr:1:node --bind-to core --timestamp-output python3 Nelder_Mead_parameters_estimation.py
Mon Sep 21 15:11:29 2026<stdout>:[3 0 0 0 0 0 0 0 0 0 0]
Mon Sep 21 15:11:29 2026<stdout>:/scratch/rdubourg/Chp2/Nelder_Mead_sep_2026/simulations/NM_SM1
Mon Sep 21 15:11:30 2026<stdout>:Initialisation du pb
Mon Sep 21 15:11:30 2026<stdout>:Info      : Dimension de la grille (en sommets): 134 x 134
Mon Sep 21 15:11:30 2026<stdout>:Dimension de la grille (en élements): 133 x 133
Mon Sep 21 15:11:30 2026<stdout>:NbSommets: 17956
Mon Sep 21 15:11:30 2026<stdout>:NbElements: 17689
Mon Sep 21 15:11:30 2026<stdout>:
Mon Sep 21 15:11:30 2026<stdout>:Info      : LDGIREF_MODE_VERBOSE_CHRONO::lisDeclaration0 
Mon Sep 21 15:11:30 2026<stdout>:Info      : LDSchemaIntegration::lisDeclarationParamSchemaschema_intg
Mon Sep 21 15:11:30 2026<stdout>:Info      : LDCritereFctCaracteristique::lisDeclaration [fct_critere_bas, 0] critere_bas
Mon Sep 21 15:11:30 2026<stdout>:Info      : LDCritereFctCaracteristique::lisDeclaration [fct_critere_haut, 0] critere_haut
Mon Sep 21 15:11:30 2026<stdout>:Info      : LDCritereFctCaracteristique::lisDeclaration [fct_critere_gauche, 0] critere_gauche
Mon Sep 21 15:11:30 2026<stdout>:Info      : LDCritereFctCaracteristique::lisDeclaration [fct_critere_droite, 0] critere_droite
Mon Sep 21 15:11:30 2026<stdout>:Info      : LDCritereFctCaracteristique::lisDeclaration [fct_bornes_domaine, 0] critere_bornes_domaine
Mon Sep 21 15:11:30 2026<stdout>:Info      : LDCritereFctCaracteristique::lisDeclaration [fct_obstacle_bas_1, 0] obstacle_bas_1
Mon Sep 21 15:11:30 2026<stdout>:Info      : LDCritereFctCaracteristique::lisDeclaration [fct_obstacle_haut_1, 0] obstacle_haut_1
Mon Sep 21 15:11:30 2026<stdout>:Info      : LDCritereFctCaracteristique::lisDeclaration [fct_obstacle_gauche_1, 0] obstacle_gauche_1
Mon Sep 21 15:11:30 2026<stdout>:Info      : LDCritereFctCaracteristique::lisDeclaration [fct_obstacle_droite_1, 0] obstacle_droite_1
Mon Sep 21 15:11:30 2026<stdout>:Info      : LDCritereFctCaracteristique::lisDeclaration [fct_obstacle_1, 0] fct_car_obstacle_1
Mon Sep 21 15:11:30 2026<stdout>:Info      : LDCritereFctCaracteristique::lisDeclaration [sommmets_fct_obstacle_1, 0] sommets_fct_car_obstacle_1
Mon Sep 21 15:11:30 2026<stdout>:Info      : LDChampGradient::lisDeclaration mec_tot_C  grad_tot_C
Mon Sep 21 15:11:30 2026<stdout>:Info      : LDChampGradient::lisDeclaration mec_tot_M_avg  grad_tot_M
Mon Sep 21 15:11:30 2026<stdout>:Info      : LDChampGradient::lisDeclaration mec_tot_P_avg  grad_tot_P
Mon Sep 21 15:11:30 2026<stdout>:Info      : LDProblemeEF::lisDeclaration  probDida
Mon Sep 21 15:11:30 2026<stdout>:Info      : LDPPReinterpole::lisDeclaration, Ligne :[mec_tot_C_reinterpol,      mec_tot_C], NomObjet : pp_reinterpole_mec_tot_C
Mon Sep 21 15:11:30 2026<stdout>:Info      : LDPPReinterpole::lisDeclaration, Ligne :[mec_tot_M_reinterpol,      mec_tot_M], NomObjet : pp_reinterpole_mec_tot_M
Mon Sep 21 15:11:30 2026<stdout>:Info      : LDPPReinterpole::lisDeclaration, Ligne :[mec_tot_P_reinterpol,      mec_tot_P], NomObjet : pp_reinterpole_mec_tot_P
Mon Sep 21 15:11:30 2026<stdout>:Info      : LDPPReinterpole::lisDeclaration, Ligne :[rayon_perception_C_norm, alg_rayon_perception_C_norm], NomObjet : pp_reinterpole_rayon_norm_C
Mon Sep 21 15:11:30 2026<stdout>:Info      : LDPPReinterpole::lisDeclaration, Ligne :[rayon_perception_M_norm, alg_rayon_perception_M_norm], NomObjet : pp_reinterpole_rayon_norm_M
Mon Sep 21 15:11:30 2026<stdout>:Info      : LDPPReinterpole::lisDeclaration, Ligne :[rayon_perception_P_norm, alg_rayon_perception_P_norm], NomObjet : pp_reinterpole_rayon_norm_P
Mon Sep 21 15:11:30 2026<stdout>:Info      : LDPPReinterpole::lisDeclaration, Ligne :[rayon_perception_D_norm, alg_rayon_perception_D_norm], NomObjet : pp_reinterpole_rayon_norm_D
Mon Sep 21 15:11:30 2026<stdout>:Info      : LDPPFiltrage::lisDeclaration [mec_tot_C_reinterpol,  averaged_mec_tot_C,        0.1] pp_moyenne_locale_mec_tot_C
Mon Sep 21 15:11:30 2026<stdout>:Info      : LDPPFiltrage::lisDeclaration [mec_tot_M_reinterpol,  averaged_mec_tot_M,        0.01] pp_moyenne_locale_mec_tot_M
Mon Sep 21 15:11:30 2026<stdout>:Info      : LDPPFiltrage::lisDeclaration [mec_tot_P_reinterpol,  averaged_mec_tot_P,        0.01] pp_moyenne_locale_mec_tot_P
Mon Sep 21 15:11:30 2026<stdout>:Info      : LDPPProjectionL2::lisDeclaration[averaged_mec_tot_C,   averaged_mec_tot_C_cont,   schema_intg]projection_l2_tot_mec_C
Mon Sep 21 15:11:30 2026<stdout>:Info      : LDPPProjectionL2::lisDeclaration[averaged_mec_tot_M,   averaged_mec_tot_M_cont,   schema_intg]projection_l2_tot_mec_M
Mon Sep 21 15:11:30 2026<stdout>:Info      : LDPPProjectionL2::lisDeclaration[averaged_mec_tot_P,   averaged_mec_tot_P_cont,   schema_intg]projection_l2_tot_mec_P
Mon Sep 21 15:11:30 2026<stdout>:Info      : LDFormulationsDiffusion::lisDeclaration formulation_transport_diffusion_inst transport_C                    [schema_intg, mec_tot_C, (C, DC, mult_c)]
Mon Sep 21 15:11:30 2026<stdout>:Info      : LDTFGenerique::lisDeclaration tfdiffusion TFDiffusion_C_C_DC_ [champgeo,C,C,DC,schema_intg,defaut]
Mon Sep 21 15:11:30 2026<stdout>:Info      : On ajoute le TF TFDiffusion_C_C_DC_ au problème: probDida pour contribution à la partie  stationnaire.
Mon Sep 21 15:11:30 2026<stdout>:Info      : LDFormulationInstationnaire::lisDeclarationformulation_inst [schema_intg,(C,mult_c)]
Mon Sep 21 15:11:30 2026<stdout>:Info      : LDTFGenerique::lisDeclaration tfmassegenscal TFMasse_C_C_mult_c_ [champgeo,C,C,mult_c,schema_intg,defaut]
Mon Sep 21 15:11:30 2026<stdout>:Info      : On ajoute le TF TFMasse_C_C_mult_c_ au problème: probDida pour contribution à la partie  instationnaire (M ou dMdU).
Mon Sep 21 15:11:30 2026<stdout>:Info      : LDFormulationTransportConvectif::lisDeclaration formulation_transport_convectif [schema_intg,(C,mec_tot_C,mult_c)]
Mon Sep 21 15:11:30 2026<stdout>:Info      : LDTFGenerique::lisDeclaration tftransportconvectifscalaire_asgnchamps_3 TFTransportConvectifScalaire_C_C_mec_tot_C_mult_c_ [champgeo,C,C,mec_tot_C,mult_c,schema_intg,false,defaut]
Mon Sep 21 15:11:30 2026<stdout>:Info      : On ajoute le TF TFTransportConvectifScalaire_C_C_mec_tot_C_mult_c_ au problème: probDida pour contribution à la partie  stationnaire.
Mon Sep 21 15:11:30 2026<stdout>:Info      : LDCondLimNeumann::lisDeclaration neumann [bas, C, flux_frontiere, schema_intg]
Mon Sep 21 15:11:30 2026<stdout>:Info      : LDCondLimNeumann::lisDeclaration neumann [haut, C, flux_frontiere, schema_intg]
Mon Sep 21 15:11:30 2026<stdout>:Info      : LDCondLimNeumann::lisDeclaration neumann [gauche, C, flux_frontiere, schema_intg]
Mon Sep 21 15:11:30 2026<stdout>:Info      : LDCondLimNeumann::lisDeclaration neumann [droite, C, flux_frontiere, schema_intg]
Mon Sep 21 15:11:30 2026<stdout>:Info      : LDFormulationsDiffusion::lisDeclaration formulation_transport_diffusion_inst transport_M                  [schema_intg, grad_tot_M, (M, DM, mult_m)]
Mon Sep 21 15:11:30 2026<stdout>:Info      : LDTFGenerique::lisDeclaration tfdiffusion TFDiffusion_M_M_DM_ [champgeo,M,M,DM,schema_intg,defaut]
Mon Sep 21 15:11:30 2026<stdout>:Info      : On ajoute le TF TFDiffusion_M_M_DM_ au problème: probDida pour contribution à la partie  stationnaire.
Mon Sep 21 15:11:30 2026<stdout>:Info      : LDFormulationInstationnaire::lisDeclarationformulation_inst [schema_intg,(M,mult_m)]
Mon Sep 21 15:11:30 2026<stdout>:Info      : LDTFGenerique::lisDeclaration tfmassegenscal TFMasse_M_M_mult_m_ [champgeo,M,M,mult_m,schema_intg,defaut]
Mon Sep 21 15:11:30 2026<stdout>:Info      : On ajoute le TF TFMasse_M_M_mult_m_ au problème: probDida pour contribution à la partie  instationnaire (M ou dMdU).
Mon Sep 21 15:11:30 2026<stdout>:Info      : LDFormulationTransportConvectif::lisDeclaration formulation_transport_convectif [schema_intg,(M,grad_tot_M,mult_m)]
Mon Sep 21 15:11:30 2026<stdout>:Info      : LDTFGenerique::lisDeclaration tftransportconvectifscalaire TFTransportConvectifScalaire_M_M_grad_tot_M_mult_m_ [champgeo,M,M,grad_tot_M,mult_m,schema_intg,false,defaut]
Mon Sep 21 15:11:30 2026<stdout>:Info      : On ajoute le TF TFTransportConvectifScalaire_M_M_grad_tot_M_mult_m_ au problème: probDida pour contribution à la partie  stationnaire.
Mon Sep 21 15:11:30 2026<stdout>:Info      : LDCondLimNeumann::lisDeclaration neumann [bas, M, flux_frontiere, schema_intg]
Mon Sep 21 15:11:30 2026<stdout>:Info      : LDCondLimNeumann::lisDeclaration neumann [haut, M, flux_frontiere, schema_intg]
Mon Sep 21 15:11:30 2026<stdout>:Info      : LDCondLimNeumann::lisDeclaration neumann [gauche, M, flux_frontiere, schema_intg]
Mon Sep 21 15:11:30 2026<stdout>:Info      : LDCondLimNeumann::lisDeclaration neumann [droite, M, flux_frontiere, schema_intg]
Mon Sep 21 15:11:30 2026<stdout>:Info      : LDFormulationsDiffusion::lisDeclaration formulation_transport_diffusion_inst transport_P                  [schema_intg, grad_tot_P, (P, DP, mult_p)]
Mon Sep 21 15:11:30 2026<stdout>:Info      : LDTFGenerique::lisDeclaration tfdiffusion TFDiffusion_P_P_DP_ [champgeo,P,P,DP,schema_intg,defaut]
Mon Sep 21 15:11:30 2026<stdout>:Info      : On ajoute le TF TFDiffusion_P_P_DP_ au problème: probDida pour contribution à la partie  stationnaire.
Mon Sep 21 15:11:30 2026<stdout>:Info      : LDFormulationInstationnaire::lisDeclarationformulation_inst [schema_intg,(P,mult_p)]
Mon Sep 21 15:11:30 2026<stdout>:Info      : LDTFGenerique::lisDeclaration tfmassegenscal TFMasse_P_P_mult_p_ [champgeo,P,P,mult_p,schema_intg,defaut]
Mon Sep 21 15:11:30 2026<stdout>:Info      : On ajoute le TF TFMasse_P_P_mult_p_ au problème: probDida pour contribution à la partie  instationnaire (M ou dMdU).
Mon Sep 21 15:11:30 2026<stdout>:Info      : LDFormulationTransportConvectif::lisDeclaration formulation_transport_convectif [schema_intg,(P,grad_tot_P,mult_p)]
Mon Sep 21 15:11:30 2026<stdout>:Info      : LDTFGenerique::lisDeclaration tftransportconvectifscalaire TFTransportConvectifScalaire_P_P_grad_tot_P_mult_p_ [champgeo,P,P,grad_tot_P,mult_p,schema_intg,false,defaut]
Mon Sep 21 15:11:30 2026<stdout>:Info      : On ajoute le TF TFTransportConvectifScalaire_P_P_grad_tot_P_mult_p_ au problème: probDida pour contribution à la partie  stationnaire.
Mon Sep 21 15:11:30 2026<stdout>:Info      : LDCondLimNeumann::lisDeclaration neumann [bas, P, flux_frontiere, schema_intg]
Mon Sep 21 15:11:30 2026<stdout>:Info      : LDCondLimNeumann::lisDeclaration neumann [haut, P, flux_frontiere, schema_intg]
Mon Sep 21 15:11:30 2026<stdout>:Info      : LDCondLimNeumann::lisDeclaration neumann [gauche, P, flux_frontiere, schema_intg]
Mon Sep 21 15:11:30 2026<stdout>:Info      : LDCondLimNeumann::lisDeclaration neumann [droite, P, flux_frontiere, schema_intg]
Mon Sep 21 15:11:30 2026<stdout>:Info      : LDTFGenerique::lisDeclaration tftransportconvectifscalaire transportD1 [champgeo, D1, D1, TD1, coef_advection_D1, schema_intg, true]
Mon Sep 21 15:11:30 2026<stdout>:Info      : On ajoute le TF transportD1 au problème: probDida pour contribution à la partie  stationnaire.
Mon Sep 21 15:11:30 2026<stdout>:Info      : LDNamespaceBase::lisDeclaration: solveur_inst_nlin Solveur_inst(probDida) schema_temps gear
Mon Sep 21 15:11:30 2026<stdout>:Info      : LDSolveurInstNlinPETSc_SchemaTemps::lisDeclaration solveur_inst_nlin Solveur_inst(probDida) schema_temps gear
Mon Sep 21 15:11:30 2026<stdout>:Info      : LDNamespaceBase::lisDeclaration: solveur_inst_nlin Solveur_inst(probDida) prefixe_options options_slin
Mon Sep 21 15:11:30 2026<stdout>:Info      : LDOptionsSolveurs_OptionPrefixe::lisDeclaration solveur_inst_nlin Solveur_inst(probDida) prefixe_options options_slin
Mon Sep 21 15:11:30 2026<stdout>:Info      : LDNamespaceBase::lisDeclaration: solveur_inst_nlin Solveur_inst(probDida) criteres_convergence             [ToleranceNlin, MaxItNlin]
Mon Sep 21 15:11:30 2026<stdout>:Info      : LDOptionsSolveursNlin_CriteresConvergence::lisDeclaration solveur_inst_nlin Solveur_inst(probDida) criteres_convergence [ToleranceNlin, MaxItNlin]
Mon Sep 21 15:11:30 2026<stdout>:Info      : LDNamespaceBase::lisDeclaration: solveur_inst_nlin Solveur_inst(probDida) parametres_matrice_masse    [v,v]
Mon Sep 21 15:11:30 2026<stdout>:Info      : LDSolveurInstNlinPETSc_MatriceMasse::lisDeclaration solveur_inst_nlin Solveur_inst(probDida) parametres_matrice_masse [v,v]
Mon Sep 21 15:11:30 2026<stdout>:Info      : LDNamespaceBase::lisDeclaration: solveur_inst_nlin Solveur_inst(probDida) parametres_matrice_rigidite [v,v]
Mon Sep 21 15:11:30 2026<stdout>:Info      : LDSolveurInstNlinPETSc_MatriceRigidite::lisDeclaration solveur_inst_nlin Solveur_inst(probDida) parametres_matrice_rigidite [v,v]
Mon Sep 21 15:11:30 2026<stdout>:Info      : LDPPReinitialiseSolveur::lisDeclaration[Solveur_inst(probDida)]pp_redemarre
Mon Sep 21 15:11:30 2026<stdout>:Info      : LDNamespaceBase::lisDeclaration: exportation export format_exportation GIREF
Mon Sep 21 15:11:30 2026<stdout>:Info      : LDExportation_Format::lisDeclaration exportation export format_exportation GIREF
Mon Sep 21 15:11:30 2026<stdout>:Info      : LDNamespaceBase::lisDeclaration: exportation export format_exportation VTK
Mon Sep 21 15:11:30 2026<stdout>:Info      : LDExportation_Format::lisDeclaration exportation export format_exportation VTK
Mon Sep 21 15:11:30 2026<stdout>:Info      : LDNamespaceBase::lisDeclaration: exportation export ajoute_champ C
Mon Sep 21 15:11:30 2026<stdout>:Info      : LDExportation_Champ::lisDeclaration exportation export ajoute_champ C
Mon Sep 21 15:11:30 2026<stdout>:Info      : LDNamespaceBase::lisDeclaration: exportation export ajoute_champ P
Mon Sep 21 15:11:30 2026<stdout>:Info      : LDExportation_Champ::lisDeclaration exportation export ajoute_champ P
Mon Sep 21 15:11:30 2026<stdout>:Info      : LDNamespaceBase::lisDeclaration: exportation export ajoute_champ mec_tot_C 
Mon Sep 21 15:11:30 2026<stdout>:Info      : LDExportation_Champ::lisDeclaration exportation export ajoute_champ mec_tot_C
Mon Sep 21 15:11:30 2026<stdout>:Info      : LDNamespaceBase::lisDeclaration: exportation export ajoute_champ mec_tot_C_avg
Mon Sep 21 15:11:30 2026<stdout>:Info      : LDExportation_Champ::lisDeclaration exportation export ajoute_champ mec_tot_C_avg
Mon Sep 21 15:11:30 2026<stdout>:Info      : LDNamespaceBase::lisDeclaration: exportation export ajoute_champ grad_tot_C
Mon Sep 21 15:11:30 2026<stdout>:Info      : LDExportation_Champ::lisDeclaration exportation export ajoute_champ grad_tot_C
Mon Sep 21 15:11:30 2026<stdout>:Info      : LDNamespaceBase::lisDeclaration: exportation export ajoute_champ mec_tot_C_reinterpol
Mon Sep 21 15:11:30 2026<stdout>:Info      : LDExportation_Champ::lisDeclaration exportation export ajoute_champ mec_tot_C_reinterpol
Mon Sep 21 15:11:30 2026<stdout>:Info      : LDNamespaceBase::lisDeclaration: exportation export ajoute_champ averaged_mec_tot_C_cont
Mon Sep 21 15:11:30 2026<stdout>:Info      : LDExportation_Champ::lisDeclaration exportation export ajoute_champ averaged_mec_tot_C_cont
Mon Sep 21 15:11:30 2026<stdout>:Info      : LDNamespaceBase::lisDeclaration: exportation export ajoute_champ averaged_mec_tot_C
Mon Sep 21 15:11:30 2026<stdout>:Info      : LDExportation_Champ::lisDeclaration exportation export ajoute_champ averaged_mec_tot_C
Mon Sep 21 15:11:30 2026<stdout>:Info      : LDNamespaceBase::lisDeclaration: exportation export ajoute_champ mec_tot_C_reinterpol_scallin
Mon Sep 21 15:11:30 2026<stdout>:Info      : LDExportation_Champ::lisDeclaration exportation export ajoute_champ mec_tot_C_reinterpol_scallin
Mon Sep 21 15:11:30 2026<stdout>:Info      : LDNamespaceBase::lisDeclaration: exportation export ajoute_champ mec_tot_C_reinterpol_scalquad
Mon Sep 21 15:11:30 2026<stdout>:Info      : LDExportation_Champ::lisDeclaration exportation export ajoute_champ mec_tot_C_reinterpol_scalquad
Mon Sep 21 15:11:30 2026<stdout>:Info      : LDPPExportation::lisDeclaration pp_exportation [export, ".//simulations/NM_SM1", 1, true, true] pp_export
Mon Sep 21 15:11:30 2026<stdout>:Info      : LDAjoutePrePostTraitement::lisDeclaration [pp_reinterpole_rayon_norm_C,AvantPremierPasTemps] dans le NS: probDida
Mon Sep 21 15:11:30 2026<stdout>:Info      : LDAjoutePrePostTraitement::lisDeclaration [pp_reinterpole_rayon_norm_M,AvantPremierPasTemps] dans le NS: probDida
Mon Sep 21 15:11:30 2026<stdout>:Info      : LDAjoutePrePostTraitement::lisDeclaration [pp_reinterpole_rayon_norm_P,AvantPremierPasTemps] dans le NS: probDida
Mon Sep 21 15:11:30 2026<stdout>:Info      : LDAjoutePrePostTraitement::lisDeclaration [pp_reinterpole_rayon_norm_D,AvantPremierPasTemps] dans le NS: probDida
Mon Sep 21 15:11:30 2026<stdout>:Info      : LDAjoutePrePostTraitement::lisDeclaration [pp_reinterpole_mec_tot_C,DebutBoucleNlin] dans le NS: probDida
Mon Sep 21 15:11:30 2026<stdout>:Info      : LDAjoutePrePostTraitement::lisDeclaration [pp_reinterpole_mec_tot_M,DebutBoucleNlin] dans le NS: probDida
Mon Sep 21 15:11:30 2026<stdout>:Info      : LDAjoutePrePostTraitement::lisDeclaration [pp_reinterpole_mec_tot_P,DebutBoucleNlin] dans le NS: probDida
Mon Sep 21 15:11:30 2026<stdout>:Info      : LDAjoutePrePostTraitement::lisDeclaration [pp_moyenne_locale_mec_tot_C,DebutBoucleNlin] dans le NS: probDida
Mon Sep 21 15:11:30 2026<stdout>:Info      : LDAjoutePrePostTraitement::lisDeclaration [pp_moyenne_locale_mec_tot_M,DebutBoucleNlin] dans le NS: probDida
Mon Sep 21 15:11:30 2026<stdout>:Info      : LDAjoutePrePostTraitement::lisDeclaration [pp_moyenne_locale_mec_tot_P,DebutBoucleNlin] dans le NS: probDida
Mon Sep 21 15:11:30 2026<stdout>:Info      : LDAjoutePrePostTraitement::lisDeclaration [projection_l2_tot_mec_C,DebutBoucleNlin] dans le NS: probDida
Mon Sep 21 15:11:30 2026<stdout>:Info      : LDAjoutePrePostTraitement::lisDeclaration [projection_l2_tot_mec_M,DebutBoucleNlin] dans le NS: probDida
Mon Sep 21 15:11:30 2026<stdout>:Info      : LDAjoutePrePostTraitement::lisDeclaration [projection_l2_tot_mec_P,DebutBoucleNlin] dans le NS: probDida
Mon Sep 21 15:11:30 2026<stdout>:Info      : LDAjoutePrePostTraitement::lisDeclaration [pp_export,FinPasDeTemps] dans le NS: probDida
Mon Sep 21 15:11:30 2026<stdout>:Info      : LDActions::lisDeclaration pp_redemarre 
Mon Sep 21 15:11:30 2026<stdout>:Info      : LDActions::lisDeclaration pp_export 
Mon Sep 21 15:11:30 2026<stdout>:Info      : LDActions::lisDeclaration pp_reinterpole_rayon_norm_C 
Mon Sep 21 15:11:30 2026<stdout>:Info      : LDActions::lisDeclaration pp_reinterpole_mec_tot_C 
Mon Sep 21 15:11:30 2026<stdout>:Info      : LDActions::lisDeclaration pp_moyenne_locale_mec_tot_C 
Mon Sep 21 15:11:30 2026<stdout>:Info      : LDActions::lisDeclaration projection_l2_tot_mec_C 
Mon Sep 21 15:11:30 2026<stdout>:Info      : LDActions::lisDeclaration Solveur_inst(probDida) 
Mon Sep 21 15:11:30 2026<stdout>:Info      : LDPPResolutionProbleme::lisDeclaration [Solveur_inst(probDida)] lPPResoud_0_dans_section_actions_pour_solveur_Solveur_inst(probDida)
Mon Sep 21 15:11:30 2026<stdout>:Info      : LDActions::lisDeclaration pp_export 
Mon Sep 21 15:11:30 2026<stdout>:Info      : On ne crée pas de maillage de peau car on n'a pas trouvé la chaine nommée: corps::entite_pour_peau
Mon Sep 21 15:11:31 2026<stdout>:Rank 0 iter 0 theta[0]=3
Mon Sep 21 15:11:31 2026<stdout>:Parameters: {'c1': 3, 'c2': 0, 'c3': 0, 'c4': 0, 'c5': 0, 'p3': 0, 'p4': 0, 'p5': 0}
Mon Sep 21 15:11:31 2026<stdout>:Info      : Vous avez ajouté le champ mec_tot_C_reinterpol_scalquad à l'exportation export.
Mon Sep 21 15:11:31 2026<stdout>:Info      : Vous avez ajouté le champ mec_tot_C_reinterpol_scallin à l'exportation export.
Mon Sep 21 15:11:31 2026<stdout>:Info      : Vous avez ajouté le champ averaged_mec_tot_C à l'exportation export.
Mon Sep 21 15:11:31 2026<stdout>:Info      : Vous avez ajouté le champ averaged_mec_tot_C_cont à l'exportation export.
Mon Sep 21 15:11:31 2026<stdout>:Info      : Vous avez ajouté le champ mec_tot_C_reinterpol à l'exportation export.
Mon Sep 21 15:11:31 2026<stdout>:Info      : Vous avez ajouté le champ grad_tot_C à l'exportation export.
Mon Sep 21 15:11:31 2026<stdout>:Info      : Vous avez ajouté le champ mec_tot_C_avg à l'exportation export.
Mon Sep 21 15:11:31 2026<stdout>:Info      : Vous avez ajouté le champ mec_tot_C à l'exportation export.
Mon Sep 21 15:11:31 2026<stdout>:Info      : Vous avez ajouté le champ P à l'exportation export.
Mon Sep 21 15:11:31 2026<stdout>:Info      : Vous avez ajouté le champ C à l'exportation export.
Mon Sep 21 15:11:31 2026<stdout>:Attention : Pas d'export possible des champs PPI pour le pilote d'exportation au format PiloteExportationVTK pour l'export export
Mon Sep 21 15:11:35 2026<stdout>:Info      : Le champs (dérivée) dmult_cdC alias Zero est nul 
Mon Sep 21 15:11:35 2026<stdout>:Info      : Le champs (dérivée) dmult_cdP alias Zero est nul 
Mon Sep 21 15:11:35 2026<stdout>:Info      : Le champs (dérivée) dmult_cdM alias Zero est nul 
Mon Sep 21 15:11:35 2026<stdout>:Info      : Le champs (dérivée) dmult_cdD1 alias Zero est nul 
Mon Sep 21 15:11:35 2026<stdout>:Info      : Le champs (dérivée) dmult_cdC alias Zero est nul 
Mon Sep 21 15:11:35 2026<stdout>:Info      : Le champs (dérivée) dmec_tot_CdC est non-nul 
Mon Sep 21 15:11:35 2026<stdout>:Info      : LDChampGradient::lisDeclaration C GradC
Mon Sep 21 15:11:35 2026<stdout>:Info      : LDTFGenerique::lisDeclaration tftransportconvectifscalaire(pasresidu) TFTransportConvectifScalaire_C_C_dmec_tot_CdCGradC_mult_c_ [champgeo,C,C,dmec_tot_CdCGradC,mult_c,schema_intg,false,defaut]
Mon Sep 21 15:11:35 2026<stdout>:Info      : On ajoute le TF TFTransportConvectifScalaire_C_C_dmec_tot_CdCGradC_mult_c_ au problème: probDida pour contribution à la partie  stationnaire.
Mon Sep 21 15:11:35 2026<stdout>:Info      : LDChampGradient::lisDeclaration dmec_tot_CdC Graddmec_tot_CdC
Mon Sep 21 15:11:35 2026<stdout>:Info      : Le champs (dérivée) Graddmec_tot_CdC est nul 
Mon Sep 21 15:11:35 2026<stdout>:Info      : Le champs (dérivée) dmult_cdP alias Zero est nul 
Mon Sep 21 15:11:35 2026<stdout>:Info      : Le champs (dérivée) dmec_tot_CdP est non-nul 
Mon Sep 21 15:11:35 2026<stdout>:Info      : LDTFGenerique::lisDeclaration tftransportconvectifscalaire(pasresidu) TFTransportConvectifScalaire_P_C_dmec_tot_CdPGradC_mult_c_ [champgeo,P,C,dmec_tot_CdPGradC,mult_c,schema_intg,false,defaut]
Mon Sep 21 15:11:35 2026<stdout>:Info      : On ajoute le TF TFTransportConvectifScalaire_P_C_dmec_tot_CdPGradC_mult_c_ au problème: probDida pour contribution à la partie  stationnaire.
Mon Sep 21 15:11:35 2026<stdout>:Info      : LDChampGradient::lisDeclaration dmec_tot_CdP Graddmec_tot_CdP
Mon Sep 21 15:11:35 2026<stdout>:Info      : Le champs (dérivée) Graddmec_tot_CdP est nul 
Mon Sep 21 15:11:35 2026<stdout>:Info      : Le champs (dérivée) dmult_cdM alias Zero est nul 
Mon Sep 21 15:11:35 2026<stdout>:Info      : Le champs (dérivée) dmec_tot_CdM est non-nul 
Mon Sep 21 15:11:35 2026<stdout>:Info      : LDTFGenerique::lisDeclaration tftransportconvectifscalaire(pasresidu) TFTransportConvectifScalaire_M_C_dmec_tot_CdMGradC_mult_c_ [champgeo,M,C,dmec_tot_CdMGradC,mult_c,schema_intg,false,defaut]
Mon Sep 21 15:11:35 2026<stdout>:Info      : On ajoute le TF TFTransportConvectifScalaire_M_C_dmec_tot_CdMGradC_mult_c_ au problème: probDida pour contribution à la partie  stationnaire.
Mon Sep 21 15:11:35 2026<stdout>:Info      : LDChampGradient::lisDeclaration dmec_tot_CdM Graddmec_tot_CdM
Mon Sep 21 15:11:35 2026<stdout>:Info      : Le champs (dérivée) Graddmec_tot_CdM est nul 
Mon Sep 21 15:11:35 2026<stdout>:Info      : Le champs (dérivée) dmult_cdD1 alias Zero est nul 
Mon Sep 21 15:11:35 2026<stdout>:Info      : Le champs (dérivée) dmec_tot_CdD1 alias Zero est nul 
Mon Sep 21 15:11:35 2026<stdout>:Info      : Le champ Zero alias dDCdC[00] ajouté
Mon Sep 21 15:11:35 2026<stdout>:Info      : Le champ Zero alias dcoeff_diffusion_C_normdC ajouté
Mon Sep 21 15:11:35 2026<stdout>:Info      : Le champ Zero alias dDCdC[11] ajouté
Mon Sep 21 15:11:35 2026<stdout>:Info      : Le champ Zero alias dDCdC[22] ajouté
Mon Sep 21 15:11:35 2026<stdout>:Info      : Le champ Zero alias dDCdC[01] ajouté
Mon Sep 21 15:11:35 2026<stdout>:Info      : Le champ Zero alias dZerodC ajouté
Mon Sep 21 15:11:35 2026<stdout>:Info      : Le champ Zero alias dDCdC[12] ajouté
Mon Sep 21 15:11:35 2026<stdout>:Info      : Le champ Zero alias dDCdC[02] ajouté
Mon Sep 21 15:11:35 2026<stdout>:Info      : Le champs (dérivée) dDCdC est nul 
Mon Sep 21 15:11:35 2026<stdout>:Info      : Le champ Zero alias dDCdP[00] ajouté
Mon Sep 21 15:11:35 2026<stdout>:Info      : Le champ Zero alias dcoeff_diffusion_C_normdP ajouté
Mon Sep 21 15:11:35 2026<stdout>:Info      : Le champ Zero alias dDCdP[11] ajouté
Mon Sep 21 15:11:35 2026<stdout>:Info      : Le champ Zero alias dDCdP[22] ajouté
Mon Sep 21 15:11:35 2026<stdout>:Info      : Le champ Zero alias dDCdP[01] ajouté
Mon Sep 21 15:11:35 2026<stdout>:Info      : Le champ Zero alias dZerodP ajouté
Mon Sep 21 15:11:35 2026<stdout>:Info      : Le champ Zero alias dDCdP[12] ajouté
Mon Sep 21 15:11:35 2026<stdout>:Info      : Le champ Zero alias dDCdP[02] ajouté
Mon Sep 21 15:11:35 2026<stdout>:Info      : Le champs (dérivée) dDCdP est nul 
Mon Sep 21 15:11:35 2026<stdout>:Info      : Le champ Zero alias dDCdM[00] ajouté
Mon Sep 21 15:11:35 2026<stdout>:Info      : Le champ Zero alias dcoeff_diffusion_C_normdM ajouté
Mon Sep 21 15:11:35 2026<stdout>:Info      : Le champ Zero alias dDCdM[11] ajouté
Mon Sep 21 15:11:35 2026<stdout>:Info      : Le champ Zero alias dDCdM[22] ajouté
Mon Sep 21 15:11:35 2026<stdout>:Info      : Le champ Zero alias dDCdM[01] ajouté
Mon Sep 21 15:11:35 2026<stdout>:Info      : Le champ Zero alias dZerodM ajouté
Mon Sep 21 15:11:35 2026<stdout>:Info      : Le champ Zero alias dDCdM[12] ajouté
Mon Sep 21 15:11:35 2026<stdout>:Info      : Le champ Zero alias dDCdM[02] ajouté
Mon Sep 21 15:11:35 2026<stdout>:Info      : Le champs (dérivée) dDCdM est nul 
Mon Sep 21 15:11:35 2026<stdout>:Info      : Le champ Zero alias dDCdD1[00] ajouté
Mon Sep 21 15:11:35 2026<stdout>:Info      : Le champ Zero alias dcoeff_diffusion_C_normdD1 ajouté
Mon Sep 21 15:11:35 2026<stdout>:Info      : Le champ Zero alias dDCdD1[11] ajouté
Mon Sep 21 15:11:35 2026<stdout>:Info      : Le champ Zero alias dDCdD1[22] ajouté
Mon Sep 21 15:11:35 2026<stdout>:Info      : Le champ Zero alias dDCdD1[01] ajouté
Mon Sep 21 15:11:35 2026<stdout>:Info      : Le champ Zero alias dZerodD1 ajouté
Mon Sep 21 15:11:35 2026<stdout>:Info      : Le champ Zero alias dDCdD1[12] ajouté
Mon Sep 21 15:11:35 2026<stdout>:Info      : Le champ Zero alias dDCdD1[02] ajouté
Mon Sep 21 15:11:35 2026<stdout>:Info      : Le champs (dérivée) dDCdD1 est nul 
Mon Sep 21 15:11:35 2026<stdout>:Info      : Le champs (dérivée) dmult_mdC alias Zero est nul 
Mon Sep 21 15:11:35 2026<stdout>:Info      : Le champs (dérivée) dmult_mdP alias Zero est nul 
Mon Sep 21 15:11:35 2026<stdout>:Info      : Le champs (dérivée) dmult_mdM alias Zero est nul 
Mon Sep 21 15:11:35 2026<stdout>:Info      : Le champs (dérivée) dmult_mdD1 alias Zero est nul 
Mon Sep 21 15:11:35 2026<stdout>:Info      : Le champs (dérivée) dmult_mdC alias Zero est nul 
Mon Sep 21 15:11:35 2026<stdout>:Info      : Le champs (dérivée) dmult_mdP alias Zero est nul 
Mon Sep 21 15:11:35 2026<stdout>:Info      : Le champs (dérivée) dmult_mdM alias Zero est nul 
Mon Sep 21 15:11:35 2026<stdout>:Info      : Le champs (dérivée) dmult_mdD1 alias Zero est nul 
Mon Sep 21 15:11:35 2026<stdout>:Info      : Le champ Zero alias dDMdC[01] ajouté
Mon Sep 21 15:11:35 2026<stdout>:Info      : Le champ Zero alias dDMdC[12] ajouté
Mon Sep 21 15:11:35 2026<stdout>:Info      : Le champ Zero alias dDMdC[02] ajouté
Mon Sep 21 15:11:35 2026<stdout>:Info      : Le champs (dérivée) dDMdC est nul 
Mon Sep 21 15:11:35 2026<stdout>:Info      : Le champ Zero alias dDMdP[01] ajouté
Mon Sep 21 15:11:35 2026<stdout>:Info      : Le champ Zero alias dDMdP[12] ajouté
Mon Sep 21 15:11:35 2026<stdout>:Info      : Le champ Zero alias dDMdP[02] ajouté
Mon Sep 21 15:11:35 2026<stdout>:Info      : Le champs (dérivée) dDMdP est nul 
Mon Sep 21 15:11:35 2026<stdout>:Info      : Le champ Zero alias dDMdM[01] ajouté
Mon Sep 21 15:11:35 2026<stdout>:Info      : Le champ Zero alias dDMdM[12] ajouté
Mon Sep 21 15:11:35 2026<stdout>:Info      : Le champ Zero alias dDMdM[02] ajouté
Mon Sep 21 15:11:35 2026<stdout>:Info      : Le champs (dérivée) dDMdM est nul 
Mon Sep 21 15:11:35 2026<stdout>:Info      : Le champ Zero alias dDMdD1[01] ajouté
Mon Sep 21 15:11:35 2026<stdout>:Info      : Le champ Zero alias dDMdD1[12] ajouté
Mon Sep 21 15:11:35 2026<stdout>:Info      : Le champ Zero alias dDMdD1[02] ajouté
Mon Sep 21 15:11:35 2026<stdout>:Info      : Le champs (dérivée) dDMdD1 est nul 
Mon Sep 21 15:11:35 2026<stdout>:Info      : Le champs (dérivée) dmult_pdC alias Zero est nul 
Mon Sep 21 15:11:35 2026<stdout>:Info      : Le champs (dérivée) dmult_pdP alias Zero est nul 
Mon Sep 21 15:11:35 2026<stdout>:Info      : Le champs (dérivée) dmult_pdM alias Zero est nul 
Mon Sep 21 15:11:35 2026<stdout>:Info      : Le champs (dérivée) dmult_pdD1 alias Zero est nul 
Mon Sep 21 15:11:35 2026<stdout>:Info      : Le champs (dérivée) dmult_pdC alias Zero est nul 
Mon Sep 21 15:11:35 2026<stdout>:Info      : Le champs (dérivée) dmult_pdP alias Zero est nul 
Mon Sep 21 15:11:35 2026<stdout>:Info      : Le champs (dérivée) dmult_pdM alias Zero est nul 
Mon Sep 21 15:11:35 2026<stdout>:Info      : Le champs (dérivée) dmult_pdD1 alias Zero est nul 
Mon Sep 21 15:11:35 2026<stdout>:Info      : Le champ Zero alias dDPdC[01] ajouté
Mon Sep 21 15:11:35 2026<stdout>:Info      : Le champ Zero alias dDPdC[12] ajouté
Mon Sep 21 15:11:35 2026<stdout>:Info      : Le champ Zero alias dDPdC[02] ajouté
Mon Sep 21 15:11:35 2026<stdout>:Info      : Le champs (dérivée) dDPdC est nul 
Mon Sep 21 15:11:35 2026<stdout>:Info      : Le champ Zero alias dDPdP[01] ajouté
Mon Sep 21 15:11:35 2026<stdout>:Info      : Le champ Zero alias dDPdP[12] ajouté
Mon Sep 21 15:11:35 2026<stdout>:Info      : Le champ Zero alias dDPdP[02] ajouté
Mon Sep 21 15:11:35 2026<stdout>:Info      : Le champs (dérivée) dDPdP est nul 
Mon Sep 21 15:11:35 2026<stdout>:Info      : Le champ Zero alias dDPdM[01] ajouté
Mon Sep 21 15:11:35 2026<stdout>:Info      : Le champ Zero alias dDPdM[12] ajouté
Mon Sep 21 15:11:35 2026<stdout>:Info      : Le champ Zero alias dDPdM[02] ajouté
Mon Sep 21 15:11:35 2026<stdout>:Info      : Le champs (dérivée) dDPdM est nul 
Mon Sep 21 15:11:35 2026<stdout>:Info      : Le champ Zero alias dDPdD1[01] ajouté
Mon Sep 21 15:11:35 2026<stdout>:Info      : Le champ Zero alias dDPdD1[12] ajouté
Mon Sep 21 15:11:35 2026<stdout>:Info      : Le champ Zero alias dDPdD1[02] ajouté
Mon Sep 21 15:11:35 2026<stdout>:Info      : Le champs (dérivée) dDPdD1 est nul 
Mon Sep 21 15:11:35 2026<stdout>:Info      : Solveur_inst(probDida):: Certaines inconnues n'apparaissent pas dans la matrice masse,
Mon Sep 21 15:11:35 2026<stdout>:elles sont exclues du schéma en temps:
Mon Sep 21 15:11:35 2026<stdout>:                                      D1 
Mon Sep 21 15:11:35 2026<stdout>:Info      : ==============================================================================
Mon Sep 21 15:11:35 2026<stdout>:Info      : >> Solveur instationnaire non linéaire: "Solveur_inst(probDida)"
Mon Sep 21 15:11:35 2026<stdout>:Info      : === Résolution instationnaire selon un schéma Gear pour probDida ===
Mon Sep 21 15:11:35 2026<stdout>:Info      : Le premier pas est calculé en utilisant Euler implicite
Mon Sep 21 15:11:35 2026<stdout>:Info      : avec un premier pas de longueur déterminée par le gestionnaire du temps
Mon Sep 21 15:11:35 2026<stdout>:Info      : === Paramètres physiques ===
Mon Sep 21 15:11:35 2026<stdout>:Info      : Matrice masse dépendant du temps et de l'inconnue variationnelle
Mon Sep 21 15:11:35 2026<stdout>:Info      : Certaines inconnues n'apparaissent pas dans la matrice masse,
Mon Sep 21 15:11:35 2026<stdout>: elles sont exclues du schéma en temps:
Mon Sep 21 15:11:35 2026<stdout>:Info      : Matrice rigidité dépendant du temps et de l'inconnue variationnelle
Mon Sep 21 15:11:35 2026<stdout>:Info      : === Parametres de la resolution ===
Mon Sep 21 15:11:35 2026<stdout>:Info      : Gestionnaire du temps:
Mon Sep 21 15:11:35 2026<stdout>:Info      :  Temps courant: 0 Temps initial: 0, Temps final: 0.002, pas de temps: 0.001, nombre de pas de temps: 2, numero du pas de temps initial: 0
Mon Sep 21 15:11:35 2026<stdout>:Info      : Pas de temps constant
Mon Sep 21 15:11:35 2026<stdout>:Info      : Tolérance pour la résolution non-linéaire: 0.1
Mon Sep 21 15:11:35 2026<stdout>:Info      : Nombre maximal d'itérations: 40
Mon Sep 21 15:11:35 2026<stdout>:Info      : Réassemblage à tous les 1 pas de temps et à toutes les 1 itérations non linéaires.
Mon Sep 21 15:11:35 2026<stdout>:Info      : ==============================================================================
Mon Sep 21 15:11:35 2026<stdout>:Info      : Calcul avec un schéma Euler implicit pour probDida (premier pas d'un schéma de Gear)
Mon Sep 21 15:11:35 2026<stdout>:
Mon Sep 21 15:11:35 2026<stdout>:Info      : 
Mon Sep 21 15:11:35 2026<stdout>:***********
Mon Sep 21 15:11:35 2026<stdout>:Mise à jour du temps : 
Mon Sep 21 15:11:35 2026<stdout>:    Valeur obtenue par  Pas de temps fixe
Mon Sep 21 15:11:35 2026<stdout>:      - pas de temps        : [0.001]
Mon Sep 21 15:11:35 2026<stdout>:      - temps               : [0.001]
Mon Sep 21 15:11:35 2026<stdout>:      - numero pas de temps : 1
Mon Sep 21 15:11:35 2026<stdout>:***********
Mon Sep 21 15:11:35 2026<stdout>:
Mon Sep 21 15:11:35 2026<stdout>:Info      : ============================================================================== 
Mon Sep 21 15:11:35 2026<stdout>:>> Solveur_inst(probDida):: pas de temps # 1, valeur du temps: 0.001, pas de temps: 0.001
Mon Sep 21 15:11:35 2026<stdout>: 
Mon Sep 21 15:11:35 2026<stdout>:
Mon Sep 21 15:11:40 2026<stdout>:  Residual norms for options_slin solve.
Mon Sep 21 15:11:40 2026<stdout>:  0 KSP Residual norm 2.374979601352e-03
Mon Sep 21 15:11:40 2026<stdout>:  1 KSP Residual norm 2.374659244793e-03
Mon Sep 21 15:11:40 2026<stdout>:  2 KSP Residual norm 2.374378662113e-03
Mon Sep 21 15:11:40 2026<stdout>:  3 KSP Residual norm 2.374364016771e-03
Mon Sep 21 15:11:40 2026<stdout>:  4 KSP Residual norm 2.344701405428e-03
Mon Sep 21 15:11:40 2026<stdout>:  5 KSP Residual norm 2.344701399695e-03
Mon Sep 21 15:11:40 2026<stdout>:  6 KSP Residual norm 2.336378290164e-03
Mon Sep 21 15:11:40 2026<stdout>:  7 KSP Residual norm 2.336270229277e-03
Mon Sep 21 15:11:40 2026<stdout>:  8 KSP Residual norm 2.336267181403e-03
Mon Sep 21 15:11:40 2026<stdout>:  9 KSP Residual norm 2.336261557133e-03
Mon Sep 21 15:11:40 2026<stdout>: 10 KSP Residual norm 2.335702822946e-03
Mon Sep 21 15:11:40 2026<stdout>: 11 KSP Residual norm 2.335637749317e-03
Mon Sep 21 15:11:40 2026<stdout>: 12 KSP Residual norm 2.335471854489e-03
Mon Sep 21 15:11:40 2026<stdout>: 13 KSP Residual norm 2.335471815302e-03
Mon Sep 21 15:11:40 2026<stdout>: 14 KSP Residual norm 2.335429163797e-03
Mon Sep 21 15:11:40 2026<stdout>: 15 KSP Residual norm 2.335390752468e-03
Mon Sep 21 15:11:40 2026<stdout>: 16 KSP Residual norm 2.335239085414e-03
Mon Sep 21 15:11:40 2026<stdout>: 17 KSP Residual norm 2.335231207098e-03
Mon Sep 21 15:11:40 2026<stdout>: 18 KSP Residual norm 2.334967329596e-03
Mon Sep 21 15:11:40 2026<stdout>: 19 KSP Residual norm 2.334950347183e-03
Mon Sep 21 15:11:40 2026<stdout>: 20 KSP Residual norm 2.334891441049e-03
Mon Sep 21 15:11:40 2026<stdout>: 21 KSP Residual norm 2.334880477104e-03
Mon Sep 21 15:11:40 2026<stdout>: 22 KSP Residual norm 2.334849761848e-03
Mon Sep 21 15:11:40 2026<stdout>: 23 KSP Residual norm 2.334848797197e-03
Mon Sep 21 15:11:40 2026<stdout>: 24 KSP Residual norm 2.334782060535e-03
Mon Sep 21 15:11:40 2026<stdout>: 25 KSP Residual norm 2.334780267276e-03
Mon Sep 21 15:11:40 2026<stdout>: 26 KSP Residual norm 2.334644696870e-03
Mon Sep 21 15:11:40 2026<stdout>: 27 KSP Residual norm 2.334644224863e-03
Mon Sep 21 15:11:40 2026<stdout>: 28 KSP Residual norm 2.334484624055e-03
Mon Sep 21 15:11:40 2026<stdout>: 29 KSP Residual norm 2.334475647037e-03
Mon Sep 21 15:11:40 2026<stdout>: 30 KSP Residual norm 2.334423879461e-03
Mon Sep 21 15:11:40 2026<stdout>: 31 KSP Residual norm 2.334405897100e-03
Mon Sep 21 15:11:40 2026<stdout>: 32 KSP Residual norm 2.334399812025e-03
Mon Sep 21 15:11:40 2026<stdout>: 33 KSP Residual norm 2.334399663695e-03
Mon Sep 21 15:11:40 2026<stdout>: 34 KSP Residual norm 2.334371004919e-03
Mon Sep 21 15:11:40 2026<stdout>: 35 KSP Residual norm 2.334353671308e-03
Mon Sep 21 15:11:40 2026<stdout>: 36 KSP Residual norm 2.334249184395e-03
Mon Sep 21 15:11:40 2026<stdout>: 37 KSP Residual norm 2.334226112836e-03
Mon Sep 21 15:11:40 2026<stdout>: 38 KSP Residual norm 2.334080286774e-03
Mon Sep 21 15:11:40 2026<stdout>: 39 KSP Residual norm 2.334078709682e-03
Mon Sep 21 15:11:40 2026<stdout>: 40 KSP Residual norm 2.334066845412e-03
Mon Sep 21 15:11:40 2026<stdout>: 41 KSP Residual norm 2.334035722293e-03
Mon Sep 21 15:11:40 2026<stdout>: 42 KSP Residual norm 2.334007127252e-03
Mon Sep 21 15:11:40 2026<stdout>: 43 KSP Residual norm 2.334006790696e-03
Mon Sep 21 15:11:40 2026<stdout>: 44 KSP Residual norm 2.333942556708e-03
Mon Sep 21 15:11:40 2026<stdout>: 45 KSP Residual norm 2.333805864344e-03
Mon Sep 21 15:11:40 2026<stdout>: 46 KSP Residual norm 2.333791985536e-03
Mon Sep 21 15:11:40 2026<stdout>: 47 KSP Residual norm 2.333646593601e-03
Mon Sep 21 15:11:40 2026<stdout>: 48 KSP Residual norm 2.333565167105e-03
Mon Sep 21 15:11:40 2026<stdout>: 49 KSP Residual norm 2.333561533226e-03
Mon Sep 21 15:11:40 2026<stdout>: 50 KSP Residual norm 2.333488798985e-03
Mon Sep 21 15:11:40 2026<stdout>: 51 KSP Residual norm 2.333488201865e-03
Mon Sep 21 15:11:40 2026<stdout>: 52 KSP Residual norm 2.333487820502e-03
Mon Sep 21 15:11:40 2026<stdout>: 53 KSP Residual norm 2.333473929999e-03
Mon Sep 21 15:11:41 2026<stdout>: 54 KSP Residual norm 2.333257959841e-03
Mon Sep 21 15:11:41 2026<stdout>: 55 KSP Residual norm 2.333127033066e-03
Mon Sep 21 15:11:41 2026<stdout>: 56 KSP Residual norm 2.333102034890e-03
Mon Sep 21 15:11:41 2026<stdout>: 57 KSP Residual norm 2.333073337314e-03
Mon Sep 21 15:11:41 2026<stdout>: 58 KSP Residual norm 2.333072014712e-03
Mon Sep 21 15:11:41 2026<stdout>: 59 KSP Residual norm 2.333023008395e-03
Mon Sep 21 15:11:41 2026<stdout>: 60 KSP Residual norm 2.332794985913e-03
Mon Sep 21 15:11:41 2026<stdout>: 61 KSP Residual norm 2.332765505740e-03
Mon Sep 21 15:11:41 2026<stdout>: 62 KSP Residual norm 2.332764893556e-03
Mon Sep 21 15:11:41 2026<stdout>: 63 KSP Residual norm 2.332731273246e-03
Mon Sep 21 15:11:41 2026<stdout>: 64 KSP Residual norm 2.332717247748e-03
Mon Sep 21 15:11:41 2026<stdout>: 65 KSP Residual norm 2.332704946940e-03
Mon Sep 21 15:11:41 2026<stdout>: 66 KSP Residual norm 2.332698064418e-03
Mon Sep 21 15:11:41 2026<stdout>: 67 KSP Residual norm 2.332685654114e-03
Mon Sep 21 15:11:41 2026<stdout>: 68 KSP Residual norm 2.332673854425e-03
Mon Sep 21 15:11:41 2026<stdout>: 69 KSP Residual norm 2.332008834803e-03
Mon Sep 21 15:11:41 2026<stdout>: 70 KSP Residual norm 2.331955746806e-03
Mon Sep 21 15:11:41 2026<stdout>: 71 KSP Residual norm 2.331952193569e-03
Mon Sep 21 15:11:41 2026<stdout>: 72 KSP Residual norm 2.331948884522e-03
Mon Sep 21 15:11:41 2026<stdout>: 73 KSP Residual norm 2.331948229627e-03
Mon Sep 21 15:11:41 2026<stdout>: 74 KSP Residual norm 2.331882500557e-03
Mon Sep 21 15:11:41 2026<stdout>: 75 KSP Residual norm 2.331855996219e-03
Mon Sep 21 15:11:41 2026<stdout>: 76 KSP Residual norm 2.331830552701e-03
Mon Sep 21 15:11:41 2026<stdout>: 77 KSP Residual norm 2.331829904269e-03
Mon Sep 21 15:11:41 2026<stdout>: 78 KSP Residual norm 2.331764168237e-03
Mon Sep 21 15:11:41 2026<stdout>: 79 KSP Residual norm 2.331762415597e-03
Mon Sep 21 15:11:41 2026<stdout>: 80 KSP Residual norm 2.331651329305e-03
Mon Sep 21 15:11:41 2026<stdout>: 81 KSP Residual norm 2.331641970669e-03
Mon Sep 21 15:11:41 2026<stdout>: 82 KSP Residual norm 2.331343423993e-03
Mon Sep 21 15:11:41 2026<stdout>: 83 KSP Residual norm 2.331243525572e-03
Mon Sep 21 15:11:41 2026<stdout>: 84 KSP Residual norm 2.330848508607e-03
Mon Sep 21 15:11:41 2026<stdout>: 85 KSP Residual norm 2.330806332321e-03
Mon Sep 21 15:11:41 2026<stdout>: 86 KSP Residual norm 2.330799929619e-03
Mon Sep 21 15:11:41 2026<stdout>: 87 KSP Residual norm 2.330649550862e-03
Mon Sep 21 15:11:41 2026<stdout>: 88 KSP Residual norm 2.330608802397e-03
Mon Sep 21 15:11:41 2026<stdout>: 89 KSP Residual norm 2.330473557115e-03
Mon Sep 21 15:11:41 2026<stdout>: 90 KSP Residual norm 2.330443789951e-03
Mon Sep 21 15:11:41 2026<stdout>: 91 KSP Residual norm 2.330434089844e-03
Mon Sep 21 15:11:41 2026<stdout>: 92 KSP Residual norm 2.330403415920e-03
Mon Sep 21 15:11:41 2026<stdout>: 93 KSP Residual norm 2.330044449596e-03
Mon Sep 21 15:11:41 2026<stdout>: 94 KSP Residual norm 2.329986471804e-03
Mon Sep 21 15:11:41 2026<stdout>: 95 KSP Residual norm 2.329852698870e-03
Mon Sep 21 15:11:41 2026<stdout>: 96 KSP Residual norm 2.329678808062e-03
Mon Sep 21 15:11:41 2026<stdout>: 97 KSP Residual norm 2.329678808056e-03
Mon Sep 21 15:11:41 2026<stdout>: 98 KSP Residual norm 2.329630971735e-03
Mon Sep 21 15:11:41 2026<stdout>: 99 KSP Residual norm 2.329595470621e-03
Mon Sep 21 15:11:41 2026<stdout>:100 KSP Residual norm 2.329544151654e-03
Mon Sep 21 15:11:41 2026<stdout>:101 KSP Residual norm 2.329536144961e-03
Mon Sep 21 15:11:41 2026<stdout>:102 KSP Residual norm 2.329531360584e-03
Mon Sep 21 15:11:41 2026<stdout>:103 KSP Residual norm 2.329508120971e-03
Mon Sep 21 15:11:41 2026<stdout>:104 KSP Residual norm 2.329458403829e-03
Mon Sep 21 15:11:41 2026<stdout>:105 KSP Residual norm 2.329316308004e-03
Mon Sep 21 15:11:41 2026<stdout>:106 KSP Residual norm 2.329176164634e-03
Mon Sep 21 15:11:41 2026<stdout>:107 KSP Residual norm 2.328538942626e-03
Mon Sep 21 15:11:41 2026<stdout>:108 KSP Residual norm 2.327968779010e-03
Mon Sep 21 15:11:41 2026<stdout>:109 KSP Residual norm 2.327728569381e-03
Mon Sep 21 15:11:41 2026<stdout>:110 KSP Residual norm 2.327637392877e-03
Mon Sep 21 15:11:41 2026<stdout>:111 KSP Residual norm 2.327627359472e-03
Mon Sep 21 15:11:41 2026<stdout>:112 KSP Residual norm 2.327612721043e-03
Mon Sep 21 15:11:41 2026<stdout>:113 KSP Residual norm 2.327612494406e-03
Mon Sep 21 15:11:41 2026<stdout>:114 KSP Residual norm 2.327612413336e-03
Mon Sep 21 15:11:41 2026<stdout>:115 KSP Residual norm 2.327592329603e-03
Mon Sep 21 15:11:41 2026<stdout>:116 KSP Residual norm 2.327500011994e-03
Mon Sep 21 15:11:41 2026<stdout>:117 KSP Residual norm 2.327426381847e-03
Mon Sep 21 15:11:41 2026<stdout>:118 KSP Residual norm 2.327426060255e-03
Mon Sep 21 15:11:41 2026<stdout>:119 KSP Residual norm 2.327401492557e-03
Mon Sep 21 15:11:41 2026<stdout>:120 KSP Residual norm 2.327400368026e-03
Mon Sep 21 15:11:41 2026<stdout>:121 KSP Residual norm 2.327284933301e-03
Mon Sep 21 15:11:41 2026<stdout>:122 KSP Residual norm 2.327277869765e-03
Mon Sep 21 15:11:41 2026<stdout>:123 KSP Residual norm 2.327258783404e-03
Mon Sep 21 15:11:41 2026<stdout>:124 KSP Residual norm 2.327175227995e-03
Mon Sep 21 15:11:41 2026<stdout>:125 KSP Residual norm 2.326969444872e-03
Mon Sep 21 15:11:41 2026<stdout>:126 KSP Residual norm 2.326704193468e-03
Mon Sep 21 15:11:41 2026<stdout>:127 KSP Residual norm 2.326590777522e-03
Mon Sep 21 15:11:41 2026<stdout>:128 KSP Residual norm 2.326579376624e-03
Mon Sep 21 15:11:41 2026<stdout>:129 KSP Residual norm 2.326356375025e-03
Mon Sep 21 15:11:41 2026<stdout>:130 KSP Residual norm 2.326356358471e-03
Mon Sep 21 15:11:41 2026<stdout>:131 KSP Residual norm 2.326247910647e-03
Mon Sep 21 15:11:41 2026<stdout>:132 KSP Residual norm 2.326154752331e-03
Mon Sep 21 15:11:41 2026<stdout>:133 KSP Residual norm 2.326134848201e-03
Mon Sep 21 15:11:42 2026<stdout>:134 KSP Residual norm 2.326107726982e-03
Mon Sep 21 15:11:42 2026<stdout>:135 KSP Residual norm 2.326101181213e-03
Mon Sep 21 15:11:42 2026<stdout>:136 KSP Residual norm 2.326101180975e-03
Mon Sep 21 15:11:42 2026<stdout>:137 KSP Residual norm 2.326086342570e-03
Mon Sep 21 15:11:42 2026<stdout>:138 KSP Residual norm 2.325969747537e-03
Mon Sep 21 15:11:42 2026<stdout>:139 KSP Residual norm 2.325952914988e-03
Mon Sep 21 15:11:42 2026<stdout>:140 KSP Residual norm 2.325713817304e-03
Mon Sep 21 15:11:42 2026<stdout>:141 KSP Residual norm 2.325670529667e-03
Mon Sep 21 15:11:42 2026<stdout>:142 KSP Residual norm 2.325664285220e-03
Mon Sep 21 15:11:42 2026<stdout>:143 KSP Residual norm 2.325660395687e-03
Mon Sep 21 15:11:42 2026<stdout>:144 KSP Residual norm 2.325608799249e-03
Mon Sep 21 15:11:42 2026<stdout>:145 KSP Residual norm 2.325608767734e-03
Mon Sep 21 15:11:42 2026<stdout>:146 KSP Residual norm 2.325575263251e-03
Mon Sep 21 15:11:42 2026<stdout>:147 KSP Residual norm 2.325564812902e-03
Mon Sep 21 15:11:42 2026<stdout>:148 KSP Residual norm 2.325512787824e-03
Mon Sep 21 15:11:42 2026<stdout>:149 KSP Residual norm 2.325418457798e-03
Mon Sep 21 15:11:42 2026<stdout>:150 KSP Residual norm 2.345657091412e-03
Mon Sep 21 15:11:42 2026<stdout>:151 KSP Residual norm 2.343370197645e-03
Mon Sep 21 15:11:42 2026<stdout>:152 KSP Residual norm 2.343206798477e-03
Mon Sep 21 15:11:42 2026<stdout>:153 KSP Residual norm 2.343206033867e-03
Mon Sep 21 15:11:42 2026<stdout>:154 KSP Residual norm 2.342894271778e-03
Mon Sep 21 15:11:42 2026<stdout>:155 KSP Residual norm 2.342667734798e-03
Mon Sep 21 15:11:42 2026<stdout>:156 KSP Residual norm 2.342666277228e-03
Mon Sep 21 15:11:42 2026<stdout>:157 KSP Residual norm 2.342618679503e-03
Mon Sep 21 15:11:42 2026<stdout>:158 KSP Residual norm 2.342613832152e-03
Mon Sep 21 15:11:42 2026<stdout>:159 KSP Residual norm 2.342612727266e-03
Mon Sep 21 15:11:42 2026<stdout>:160 KSP Residual norm 2.342388229908e-03
Mon Sep 21 15:11:42 2026<stdout>:161 KSP Residual norm 2.342388215790e-03
Mon Sep 21 15:11:42 2026<stdout>:162 KSP Residual norm 2.341052325421e-03
Mon Sep 21 15:11:42 2026<stdout>:163 KSP Residual norm 2.340753449799e-03
Mon Sep 21 15:11:42 2026<stdout>:164 KSP Residual norm 2.339286646934e-03
Mon Sep 21 15:11:42 2026<stdout>:165 KSP Residual norm 2.339285702772e-03
Mon Sep 21 15:11:42 2026<stdout>:166 KSP Residual norm 2.339195343413e-03
Mon Sep 21 15:11:42 2026<stdout>:167 KSP Residual norm 2.339192053011e-03
Mon Sep 21 15:11:42 2026<stdout>:168 KSP Residual norm 2.338509066387e-03
Mon Sep 21 15:11:42 2026<stdout>:169 KSP Residual norm 2.338502017786e-03
Mon Sep 21 15:11:42 2026<stdout>:170 KSP Residual norm 2.338479480343e-03
Mon Sep 21 15:11:42 2026<stdout>:171 KSP Residual norm 2.338479357028e-03
Mon Sep 21 15:11:42 2026<stdout>:172 KSP Residual norm 2.338473209341e-03
Mon Sep 21 15:11:42 2026<stdout>:173 KSP Residual norm 2.338278516290e-03
Mon Sep 21 15:11:42 2026<stdout>:174 KSP Residual norm 2.335971067609e-03
Mon Sep 21 15:11:42 2026<stdout>:175 KSP Residual norm 2.335889066848e-03
Mon Sep 21 15:11:42 2026<stdout>:176 KSP Residual norm 2.335862824491e-03
Mon Sep 21 15:11:42 2026<stdout>:177 KSP Residual norm 2.335861606201e-03
Mon Sep 21 15:11:42 2026<stdout>:178 KSP Residual norm 2.335593587368e-03
Mon Sep 21 15:11:42 2026<stdout>:179 KSP Residual norm 2.335486065188e-03
Mon Sep 21 15:11:42 2026<stdout>:180 KSP Residual norm 2.334684825488e-03
Mon Sep 21 15:11:42 2026<stdout>:181 KSP Residual norm 2.334682009124e-03
Mon Sep 21 15:11:42 2026<stdout>:182 KSP Residual norm 2.334524464727e-03
Mon Sep 21 15:11:42 2026<stdout>:183 KSP Residual norm 2.334322254430e-03
Mon Sep 21 15:11:42 2026<stdout>:184 KSP Residual norm 2.334316678650e-03
Mon Sep 21 15:11:42 2026<stdout>:185 KSP Residual norm 2.334299187100e-03
Mon Sep 21 15:11:42 2026<stdout>:186 KSP Residual norm 2.334292213174e-03
Mon Sep 21 15:11:42 2026<stdout>:187 KSP Residual norm 2.334100278751e-03
Mon Sep 21 15:11:42 2026<stdout>:188 KSP Residual norm 2.333865844934e-03
Mon Sep 21 15:11:42 2026<stdout>:189 KSP Residual norm 2.333817733534e-03
Mon Sep 21 15:11:42 2026<stdout>:190 KSP Residual norm 2.333778442382e-03
Mon Sep 21 15:11:42 2026<stdout>:191 KSP Residual norm 2.333713845626e-03
Mon Sep 21 15:11:42 2026<stdout>:192 KSP Residual norm 2.333689356236e-03
Mon Sep 21 15:11:42 2026<stdout>:193 KSP Residual norm 2.333672840627e-03
Mon Sep 21 15:11:42 2026<stdout>:194 KSP Residual norm 2.333647599590e-03
Mon Sep 21 15:11:42 2026<stdout>:195 KSP Residual norm 2.333519598201e-03
Mon Sep 21 15:11:42 2026<stdout>:196 KSP Residual norm 2.333115531935e-03
Mon Sep 21 15:11:42 2026<stdout>:197 KSP Residual norm 2.333114409073e-03
Mon Sep 21 15:11:42 2026<stdout>:198 KSP Residual norm 2.332715715204e-03
Mon Sep 21 15:11:42 2026<stdout>:199 KSP Residual norm 2.332677638994e-03
Mon Sep 21 15:11:42 2026<stdout>:200 KSP Residual norm 2.332676881144e-03
Mon Sep 21 15:11:42 2026<stdout>:201 KSP Residual norm 2.331939698101e-03
Mon Sep 21 15:11:42 2026<stdout>:202 KSP Residual norm 2.331644171099e-03
Mon Sep 21 15:11:42 2026<stdout>:203 KSP Residual norm 2.331574942343e-03
Mon Sep 21 15:11:42 2026<stdout>:204 KSP Residual norm 2.331558893878e-03
Mon Sep 21 15:11:42 2026<stdout>:205 KSP Residual norm 2.331558316704e-03
Mon Sep 21 15:11:42 2026<stdout>:206 KSP Residual norm 2.331363954692e-03
Mon Sep 21 15:11:42 2026<stdout>:207 KSP Residual norm 2.331163400316e-03
Mon Sep 21 15:11:42 2026<stdout>:208 KSP Residual norm 2.331146156917e-03
Mon Sep 21 15:11:42 2026<stdout>:209 KSP Residual norm 2.331125625735e-03
Mon Sep 21 15:11:42 2026<stdout>:210 KSP Residual norm 2.331036582389e-03
Mon Sep 21 15:11:42 2026<stdout>:211 KSP Residual norm 2.331035888700e-03
Mon Sep 21 15:11:42 2026<stdout>:212 KSP Residual norm 2.330871353924e-03
Mon Sep 21 15:11:42 2026<stdout>:213 KSP Residual norm 2.330600381428e-03
Mon Sep 21 15:11:42 2026<stdout>:214 KSP Residual norm 2.330574305480e-03
Mon Sep 21 15:11:42 2026<stdout>:215 KSP Residual norm 2.330546138272e-03
Mon Sep 21 15:11:42 2026<stdout>:216 KSP Residual norm 2.330431890068e-03
Mon Sep 21 15:11:42 2026<stdout>:217 KSP Residual norm 2.330088547100e-03
Mon Sep 21 15:11:42 2026<stdout>:218 KSP Residual norm 2.329988090862e-03
Mon Sep 21 15:11:42 2026<stdout>:219 KSP Residual norm 2.329898976050e-03
Mon Sep 21 15:11:42 2026<stdout>:220 KSP Residual norm 2.329827832498e-03
Mon Sep 21 15:11:42 2026<stdout>:221 KSP Residual norm 2.329800026378e-03
Mon Sep 21 15:11:42 2026<stdout>:222 KSP Residual norm 2.329531468119e-03
Mon Sep 21 15:11:42 2026<stdout>:223 KSP Residual norm 2.329181563297e-03
Mon Sep 21 15:11:42 2026<stdout>:224 KSP Residual norm 2.329023689188e-03
Mon Sep 21 15:11:42 2026<stdout>:225 KSP Residual norm 2.329023481812e-03
Mon Sep 21 15:11:42 2026<stdout>:226 KSP Residual norm 2.329019185124e-03
Mon Sep 21 15:11:42 2026<stdout>:227 KSP Residual norm 2.328392629820e-03
Mon Sep 21 15:11:42 2026<stdout>:228 KSP Residual norm 2.328231913754e-03
Mon Sep 21 15:11:42 2026<stdout>:229 KSP Residual norm 2.327791533745e-03
Mon Sep 21 15:11:42 2026<stdout>:230 KSP Residual norm 2.325452732586e-03
Mon Sep 21 15:11:43 2026<stdout>:231 KSP Residual norm 2.325327064575e-03
Mon Sep 21 15:11:43 2026<stdout>:232 KSP Residual norm 2.325322837073e-03
Mon Sep 21 15:11:43 2026<stdout>:233 KSP Residual norm 2.324851035766e-03
Mon Sep 21 15:11:43 2026<stdout>:234 KSP Residual norm 2.324829632895e-03
Mon Sep 21 15:11:43 2026<stdout>:235 KSP Residual norm 2.324739983066e-03
Mon Sep 21 15:11:43 2026<stdout>:236 KSP Residual norm 2.324731568130e-03
Mon Sep 21 15:11:43 2026<stdout>:237 KSP Residual norm 2.324503108864e-03
Mon Sep 21 15:11:43 2026<stdout>:238 KSP Residual norm 2.324134656354e-03
Mon Sep 21 15:11:43 2026<stdout>:239 KSP Residual norm 2.324032433954e-03
Mon Sep 21 15:11:43 2026<stdout>:240 KSP Residual norm 2.323812611884e-03
Mon Sep 21 15:11:43 2026<stdout>:241 KSP Residual norm 2.323483634424e-03
Mon Sep 21 15:11:43 2026<stdout>:242 KSP Residual norm 2.322881601679e-03
Mon Sep 21 15:11:43 2026<stdout>:243 KSP Residual norm 2.322879902341e-03
Mon Sep 21 15:11:43 2026<stdout>:244 KSP Residual norm 2.322877166179e-03
Mon Sep 21 15:11:43 2026<stdout>:245 KSP Residual norm 2.322849834312e-03
Mon Sep 21 15:11:43 2026<stdout>:246 KSP Residual norm 2.322788100676e-03
Mon Sep 21 15:11:43 2026<stdout>:247 KSP Residual norm 2.322763267020e-03
Mon Sep 21 15:11:43 2026<stdout>:248 KSP Residual norm 2.322761298366e-03
Mon Sep 21 15:11:43 2026<stdout>:249 KSP Residual norm 2.322662917793e-03
Mon Sep 21 15:11:43 2026<stdout>:250 KSP Residual norm 2.322431522926e-03
Mon Sep 21 15:11:43 2026<stdout>:251 KSP Residual norm 2.322110667305e-03
Mon Sep 21 15:11:43 2026<stdout>:252 KSP Residual norm 2.321817082887e-03
Mon Sep 21 15:11:43 2026<stdout>:253 KSP Residual norm 2.321751211451e-03
Mon Sep 21 15:11:43 2026<stdout>:254 KSP Residual norm 2.321683955099e-03
Mon Sep 21 15:11:43 2026<stdout>:255 KSP Residual norm 2.321636217912e-03
Mon Sep 21 15:11:43 2026<stdout>:256 KSP Residual norm 2.321619965124e-03
Mon Sep 21 15:11:43 2026<stdout>:257 KSP Residual norm 2.321492387849e-03
Mon Sep 21 15:11:43 2026<stdout>:258 KSP Residual norm 2.321484498943e-03
Mon Sep 21 15:11:43 2026<stdout>:259 KSP Residual norm 2.321227320315e-03
Mon Sep 21 15:11:43 2026<stdout>:260 KSP Residual norm 2.321196352887e-03
Mon Sep 21 15:11:43 2026<stdout>:261 KSP Residual norm 2.320798568687e-03
Mon Sep 21 15:11:43 2026<stdout>:262 KSP Residual norm 2.320554290634e-03
Mon Sep 21 15:11:43 2026<stdout>:263 KSP Residual norm 2.320547649693e-03
Mon Sep 21 15:11:43 2026<stdout>:264 KSP Residual norm 2.320377591127e-03
Mon Sep 21 15:11:43 2026<stdout>:265 KSP Residual norm 2.319996710487e-03
Mon Sep 21 15:11:43 2026<stdout>:266 KSP Residual norm 2.319854120455e-03
Mon Sep 21 15:11:43 2026<stdout>:267 KSP Residual norm 2.319137117704e-03
Mon Sep 21 15:11:43 2026<stdout>:268 KSP Residual norm 2.318950706615e-03
Mon Sep 21 15:11:43 2026<stdout>:269 KSP Residual norm 2.317387771021e-03
Mon Sep 21 15:11:43 2026<stdout>:270 KSP Residual norm 2.317189623615e-03
Mon Sep 21 15:11:43 2026<stdout>:271 KSP Residual norm 2.316548652405e-03
Mon Sep 21 15:11:43 2026<stdout>:272 KSP Residual norm 2.316070701428e-03
Mon Sep 21 15:11:43 2026<stdout>:273 KSP Residual norm 2.315289724029e-03
Mon Sep 21 15:11:43 2026<stdout>:274 KSP Residual norm 2.315129666051e-03
Mon Sep 21 15:11:43 2026<stdout>:275 KSP Residual norm 2.315092957238e-03
Mon Sep 21 15:11:43 2026<stdout>:276 KSP Residual norm 2.314122962394e-03
Mon Sep 21 15:11:43 2026<stdout>:277 KSP Residual norm 2.313918689603e-03
Mon Sep 21 15:11:43 2026<stdout>:278 KSP Residual norm 2.313600207154e-03
Mon Sep 21 15:11:43 2026<stdout>:279 KSP Residual norm 2.313575201916e-03
Mon Sep 21 15:11:43 2026<stdout>:280 KSP Residual norm 2.313574785795e-03
Mon Sep 21 15:11:43 2026<stdout>:281 KSP Residual norm 2.313561359750e-03
Mon Sep 21 15:11:43 2026<stdout>:282 KSP Residual norm 2.313153268744e-03
Mon Sep 21 15:11:43 2026<stdout>:283 KSP Residual norm 2.313042111595e-03
Mon Sep 21 15:11:43 2026<stdout>:284 KSP Residual norm 2.313032528492e-03
Mon Sep 21 15:11:43 2026<stdout>:285 KSP Residual norm 2.313032339741e-03
Mon Sep 21 15:11:43 2026<stdout>:286 KSP Residual norm 2.312908558864e-03
Mon Sep 21 15:11:43 2026<stdout>:287 KSP Residual norm 2.312369971016e-03
Mon Sep 21 15:11:43 2026<stdout>:288 KSP Residual norm 2.312286715709e-03
Mon Sep 21 15:11:43 2026<stdout>:289 KSP Residual norm 2.312251621141e-03
Mon Sep 21 15:11:43 2026<stdout>:290 KSP Residual norm 2.312172260002e-03
Mon Sep 21 15:11:43 2026<stdout>:291 KSP Residual norm 2.311872351662e-03
Mon Sep 21 15:11:43 2026<stdout>:292 KSP Residual norm 2.311286272555e-03
Mon Sep 21 15:11:43 2026<stdout>:293 KSP Residual norm 2.310885785792e-03
Mon Sep 21 15:11:43 2026<stdout>:294 KSP Residual norm 2.310552113756e-03
Mon Sep 21 15:11:43 2026<stdout>:295 KSP Residual norm 2.310545399846e-03
Mon Sep 21 15:11:43 2026<stdout>:296 KSP Residual norm 2.310520662221e-03
Mon Sep 21 15:11:43 2026<stdout>:297 KSP Residual norm 2.310464772988e-03
Mon Sep 21 15:11:43 2026<stdout>:298 KSP Residual norm 2.310375682942e-03
Mon Sep 21 15:11:43 2026<stdout>:299 KSP Residual norm 2.310009241322e-03
Mon Sep 21 15:11:43 2026<stdout>:300 KSP Residual norm 2.370855841654e-03
Mon Sep 21 15:11:43 2026<stdout>:301 KSP Residual norm 2.366111732981e-03
Mon Sep 21 15:11:43 2026<stdout>:302 KSP Residual norm 2.349724310330e-03
Mon Sep 21 15:11:43 2026<stdout>:303 KSP Residual norm 2.348604168404e-03
Mon Sep 21 15:11:43 2026<stdout>:304 KSP Residual norm 2.348604121612e-03
Mon Sep 21 15:11:43 2026<stdout>:305 KSP Residual norm 2.348201799325e-03
Mon Sep 21 15:11:43 2026<stdout>:306 KSP Residual norm 2.346168977870e-03
Mon Sep 21 15:11:43 2026<stdout>:307 KSP Residual norm 2.346168664953e-03
Mon Sep 21 15:11:43 2026<stdout>:308 KSP Residual norm 2.344076820652e-03
Mon Sep 21 15:11:43 2026<stdout>:309 KSP Residual norm 2.344053363858e-03
Mon Sep 21 15:11:43 2026<stdout>:310 KSP Residual norm 2.332864438961e-03
Mon Sep 21 15:11:43 2026<stdout>:311 KSP Residual norm 2.332858016750e-03
Mon Sep 21 15:11:44 2026<stdout>:312 KSP Residual norm 2.331522933936e-03
Mon Sep 21 15:11:44 2026<stdout>:313 KSP Residual norm 2.331394043755e-03
Mon Sep 21 15:11:44 2026<stdout>:314 KSP Residual norm 2.330779953600e-03
Mon Sep 21 15:11:44 2026<stdout>:315 KSP Residual norm 2.330737964902e-03
Mon Sep 21 15:11:44 2026<stdout>:316 KSP Residual norm 2.330731188669e-03
Mon Sep 21 15:11:44 2026<stdout>:317 KSP Residual norm 2.330645796743e-03
Mon Sep 21 15:11:44 2026<stdout>:318 KSP Residual norm 2.330438345543e-03
Mon Sep 21 15:11:44 2026<stdout>:319 KSP Residual norm 2.330319788211e-03
Mon Sep 21 15:11:44 2026<stdout>:320 KSP Residual norm 2.329472655402e-03
Mon Sep 21 15:11:44 2026<stdout>:321 KSP Residual norm 2.329471906855e-03
Mon Sep 21 15:11:44 2026<stdout>:322 KSP Residual norm 2.328891579949e-03
Mon Sep 21 15:11:44 2026<stdout>:323 KSP Residual norm 2.328875702856e-03
Mon Sep 21 15:11:44 2026<stdout>:324 KSP Residual norm 2.328636425579e-03
Mon Sep 21 15:11:44 2026<stdout>:325 KSP Residual norm 2.328581352339e-03
Mon Sep 21 15:11:44 2026<stdout>:326 KSP Residual norm 2.326006140571e-03
Mon Sep 21 15:11:44 2026<stdout>:327 KSP Residual norm 2.325885380974e-03
Mon Sep 21 15:11:44 2026<stdout>:328 KSP Residual norm 2.325761539402e-03
Mon Sep 21 15:11:44 2026<stdout>:329 KSP Residual norm 2.325752387606e-03
Mon Sep 21 15:11:44 2026<stdout>:330 KSP Residual norm 2.325573410524e-03
Mon Sep 21 15:11:44 2026<stdout>:331 KSP Residual norm 2.325532971066e-03
Mon Sep 21 15:11:44 2026<stdout>:332 KSP Residual norm 2.323653611230e-03
Mon Sep 21 15:11:44 2026<stdout>:333 KSP Residual norm 2.323630006473e-03
Mon Sep 21 15:11:44 2026<stdout>:334 KSP Residual norm 2.320726375086e-03
Mon Sep 21 15:11:44 2026<stdout>:335 KSP Residual norm 2.320675040046e-03
Mon Sep 21 15:11:44 2026<stdout>:336 KSP Residual norm 2.320423155825e-03
Mon Sep 21 15:11:44 2026<stdout>:337 KSP Residual norm 2.320364483146e-03
Mon Sep 21 15:11:44 2026<stdout>:338 KSP Residual norm 2.320289855537e-03
Mon Sep 21 15:11:44 2026<stdout>:339 KSP Residual norm 2.320265674981e-03
Mon Sep 21 15:11:44 2026<stdout>:340 KSP Residual norm 2.320118753249e-03
Mon Sep 21 15:11:44 2026<stdout>:341 KSP Residual norm 2.320057744268e-03
Mon Sep 21 15:11:44 2026<stdout>:342 KSP Residual norm 2.319657511161e-03
Mon Sep 21 15:11:44 2026<stdout>:343 KSP Residual norm 2.319433542351e-03
Mon Sep 21 15:11:44 2026<stdout>:344 KSP Residual norm 2.319381947630e-03
Mon Sep 21 15:11:44 2026<stdout>:345 KSP Residual norm 2.319092081255e-03
Mon Sep 21 15:11:44 2026<stdout>:346 KSP Residual norm 2.317566977597e-03
Mon Sep 21 15:11:44 2026<stdout>:347 KSP Residual norm 2.316209867727e-03
Mon Sep 21 15:11:44 2026<stdout>:348 KSP Residual norm 2.315764233819e-03
Mon Sep 21 15:11:44 2026<stdout>:349 KSP Residual norm 2.315513877939e-03
Mon Sep 21 15:11:44 2026<stdout>:350 KSP Residual norm 2.315486746058e-03
Mon Sep 21 15:11:44 2026<stdout>:351 KSP Residual norm 2.315442374486e-03
Mon Sep 21 15:11:44 2026<stdout>:352 KSP Residual norm 2.315252613668e-03
Mon Sep 21 15:11:44 2026<stdout>:353 KSP Residual norm 2.315045752388e-03
Mon Sep 21 15:11:44 2026<stdout>:354 KSP Residual norm 2.314978697981e-03
Mon Sep 21 15:11:44 2026<stdout>:355 KSP Residual norm 2.314743359152e-03
Mon Sep 21 15:11:44 2026<stdout>:356 KSP Residual norm 2.314717030013e-03
Mon Sep 21 15:11:44 2026<stdout>:357 KSP Residual norm 2.314424239308e-03
Mon Sep 21 15:11:44 2026<stdout>:358 KSP Residual norm 2.314203224920e-03
Mon Sep 21 15:11:44 2026<stdout>:359 KSP Residual norm 2.314097412834e-03
Mon Sep 21 15:11:44 2026<stdout>:360 KSP Residual norm 2.314077692475e-03
Mon Sep 21 15:11:44 2026<stdout>:361 KSP Residual norm 2.313945288131e-03
Mon Sep 21 15:11:44 2026<stdout>:362 KSP Residual norm 2.313900292870e-03
Mon Sep 21 15:11:44 2026<stdout>:363 KSP Residual norm 2.313860398907e-03
Mon Sep 21 15:11:44 2026<stdout>:364 KSP Residual norm 2.313798656341e-03
Mon Sep 21 15:11:44 2026<stdout>:365 KSP Residual norm 2.313466078892e-03
Mon Sep 21 15:11:44 2026<stdout>:366 KSP Residual norm 2.313096975640e-03
Mon Sep 21 15:11:44 2026<stdout>:367 KSP Residual norm 2.312477477307e-03
Mon Sep 21 15:11:44 2026<stdout>:368 KSP Residual norm 2.312294088936e-03
Mon Sep 21 15:11:44 2026<stdout>:369 KSP Residual norm 2.312118703974e-03
Mon Sep 21 15:11:44 2026<stdout>:370 KSP Residual norm 2.311914530155e-03
Mon Sep 21 15:11:44 2026<stdout>:371 KSP Residual norm 2.311902314744e-03
Mon Sep 21 15:11:44 2026<stdout>:372 KSP Residual norm 2.311056069427e-03
Mon Sep 21 15:11:44 2026<stdout>:373 KSP Residual norm 2.310703205433e-03
Mon Sep 21 15:11:44 2026<stdout>:374 KSP Residual norm 2.310641525022e-03
Mon Sep 21 15:11:44 2026<stdout>:375 KSP Residual norm 2.310611168434e-03
Mon Sep 21 15:11:44 2026<stdout>:376 KSP Residual norm 2.310040453989e-03
Mon Sep 21 15:11:44 2026<stdout>:377 KSP Residual norm 2.309987695336e-03
Mon Sep 21 15:11:44 2026<stdout>:378 KSP Residual norm 2.309959767262e-03
Mon Sep 21 15:11:44 2026<stdout>:379 KSP Residual norm 2.309957929262e-03
Mon Sep 21 15:11:44 2026<stdout>:380 KSP Residual norm 2.309947647006e-03
Mon Sep 21 15:11:44 2026<stdout>:381 KSP Residual norm 2.309909258050e-03
Mon Sep 21 15:11:44 2026<stdout>:382 KSP Residual norm 2.309667950477e-03
Mon Sep 21 15:11:44 2026<stdout>:383 KSP Residual norm 2.309344762789e-03
Mon Sep 21 15:11:44 2026<stdout>:384 KSP Residual norm 2.309343509534e-03
Mon Sep 21 15:11:44 2026<stdout>:385 KSP Residual norm 2.309307726891e-03
Mon Sep 21 15:11:44 2026<stdout>:386 KSP Residual norm 2.308262700399e-03
Mon Sep 21 15:11:44 2026<stdout>:387 KSP Residual norm 2.306462943231e-03
Mon Sep 21 15:11:44 2026<stdout>:388 KSP Residual norm 2.306116851166e-03
Mon Sep 21 15:11:44 2026<stdout>:389 KSP Residual norm 2.305421162683e-03
Mon Sep 21 15:11:44 2026<stdout>:390 KSP Residual norm 2.304891845372e-03
Mon Sep 21 15:11:44 2026<stdout>:391 KSP Residual norm 2.304772324096e-03
Mon Sep 21 15:11:44 2026<stdout>:392 KSP Residual norm 2.304612957355e-03
Mon Sep 21 15:11:44 2026<stdout>:393 KSP Residual norm 2.304138367565e-03
Mon Sep 21 15:11:44 2026<stdout>:394 KSP Residual norm 2.302652724728e-03
Mon Sep 21 15:11:44 2026<stdout>:395 KSP Residual norm 2.300642443328e-03
Mon Sep 21 15:11:44 2026<stdout>:396 KSP Residual norm 2.300640277237e-03
Mon Sep 21 15:11:44 2026<stdout>:397 KSP Residual norm 2.300090233907e-03
Mon Sep 21 15:11:44 2026<stdout>:398 KSP Residual norm 2.299495296829e-03
Mon Sep 21 15:11:44 2026<stdout>:399 KSP Residual norm 2.298988594392e-03
Mon Sep 21 15:11:44 2026<stdout>:400 KSP Residual norm 2.298890259082e-03
Mon Sep 21 15:11:44 2026<stdout>:401 KSP Residual norm 2.298885571776e-03
Mon Sep 21 15:11:44 2026<stdout>:402 KSP Residual norm 2.298591884182e-03
Mon Sep 21 15:11:44 2026<stdout>:403 KSP Residual norm 2.298580844949e-03
Mon Sep 21 15:11:44 2026<stdout>:404 KSP Residual norm 2.298491530858e-03
Mon Sep 21 15:11:44 2026<stdout>:405 KSP Residual norm 2.296306244606e-03
Mon Sep 21 15:11:44 2026<stdout>:406 KSP Residual norm 2.295433846332e-03
Mon Sep 21 15:11:45 2026<stdout>:407 KSP Residual norm 2.293763769480e-03
Mon Sep 21 15:11:45 2026<stdout>:408 KSP Residual norm 2.293725218988e-03
Mon Sep 21 15:11:45 2026<stdout>:409 KSP Residual norm 2.293419507429e-03
Mon Sep 21 15:11:45 2026<stdout>:410 KSP Residual norm 2.293368924174e-03
Mon Sep 21 15:11:45 2026<stdout>:411 KSP Residual norm 2.293287116174e-03
Mon Sep 21 15:11:45 2026<stdout>:412 KSP Residual norm 2.293283725225e-03
Mon Sep 21 15:11:45 2026<stdout>:413 KSP Residual norm 2.293282806146e-03
Mon Sep 21 15:11:45 2026<stdout>:414 KSP Residual norm 2.292202843759e-03
Mon Sep 21 15:11:45 2026<stdout>:415 KSP Residual norm 2.292202643936e-03
Mon Sep 21 15:11:45 2026<stdout>:416 KSP Residual norm 2.292198279695e-03
Mon Sep 21 15:11:45 2026<stdout>:417 KSP Residual norm 2.292109660630e-03
Mon Sep 21 15:11:45 2026<stdout>:418 KSP Residual norm 2.292071949338e-03
Mon Sep 21 15:11:45 2026<stdout>:419 KSP Residual norm 2.292024040013e-03
Mon Sep 21 15:11:45 2026<stdout>:420 KSP Residual norm 2.291986595620e-03
Mon Sep 21 15:11:45 2026<stdout>:421 KSP Residual norm 2.291904554322e-03
Mon Sep 21 15:11:45 2026<stdout>:422 KSP Residual norm 2.291782017985e-03
Mon Sep 21 15:11:45 2026<stdout>:423 KSP Residual norm 2.291711376742e-03
Mon Sep 21 15:11:45 2026<stdout>:424 KSP Residual norm 2.288816045763e-03
Mon Sep 21 15:11:45 2026<stdout>:425 KSP Residual norm 2.288130459533e-03
Mon Sep 21 15:11:45 2026<stdout>:426 KSP Residual norm 2.286127558631e-03
Mon Sep 21 15:11:45 2026<stdout>:427 KSP Residual norm 2.286016606673e-03
Mon Sep 21 15:11:45 2026<stdout>:428 KSP Residual norm 2.285909590125e-03
Mon Sep 21 15:11:45 2026<stdout>:429 KSP Residual norm 2.285423920432e-03
Mon Sep 21 15:11:45 2026<stdout>:430 KSP Residual norm 2.285230573485e-03
Mon Sep 21 15:11:45 2026<stdout>:431 KSP Residual norm 2.285182759934e-03
Mon Sep 21 15:11:45 2026<stdout>:432 KSP Residual norm 2.284874037065e-03
Mon Sep 21 15:11:45 2026<stdout>:433 KSP Residual norm 2.284548106829e-03
Mon Sep 21 15:11:45 2026<stdout>:434 KSP Residual norm 2.284341697368e-03
Mon Sep 21 15:11:45 2026<stdout>:435 KSP Residual norm 2.284158837013e-03
Mon Sep 21 15:11:45 2026<stdout>:436 KSP Residual norm 2.283933853088e-03
Mon Sep 21 15:11:45 2026<stdout>:437 KSP Residual norm 2.283897052050e-03
Mon Sep 21 15:11:45 2026<stdout>:438 KSP Residual norm 2.283721324858e-03
Mon Sep 21 15:11:45 2026<stdout>:439 KSP Residual norm 2.283377866595e-03
Mon Sep 21 15:11:45 2026<stdout>:440 KSP Residual norm 2.283377571952e-03
Mon Sep 21 15:11:45 2026<stdout>:441 KSP Residual norm 2.283313642634e-03
Mon Sep 21 15:11:45 2026<stdout>:442 KSP Residual norm 2.282954511649e-03
Mon Sep 21 15:11:45 2026<stdout>:443 KSP Residual norm 2.282934344921e-03
Mon Sep 21 15:11:45 2026<stdout>:444 KSP Residual norm 2.282933267390e-03
Mon Sep 21 15:11:45 2026<stdout>:445 KSP Residual norm 2.282919166946e-03
Mon Sep 21 15:11:45 2026<stdout>:446 KSP Residual norm 2.282761606843e-03
Mon Sep 21 15:11:45 2026<stdout>:447 KSP Residual norm 2.282676725354e-03
Mon Sep 21 15:11:45 2026<stdout>:448 KSP Residual norm 2.282587557415e-03
Mon Sep 21 15:11:45 2026<stdout>:449 KSP Residual norm 2.282520965285e-03
Mon Sep 21 15:11:45 2026<stdout>:450 KSP Residual norm 2.413076747407e-03
Mon Sep 21 15:11:45 2026<stdout>:451 KSP Residual norm 2.405599550893e-03
Mon Sep 21 15:11:45 2026<stdout>:452 KSP Residual norm 2.402238909141e-03
Mon Sep 21 15:11:45 2026<stdout>:453 KSP Residual norm 2.402238705101e-03
Mon Sep 21 15:11:45 2026<stdout>:454 KSP Residual norm 2.398782708772e-03
Mon Sep 21 15:11:45 2026<stdout>:455 KSP Residual norm 2.398686939812e-03
Mon Sep 21 15:11:45 2026<stdout>:456 KSP Residual norm 2.385936842763e-03
Mon Sep 21 15:11:45 2026<stdout>:457 KSP Residual norm 2.385936023093e-03
Mon Sep 21 15:11:45 2026<stdout>:458 KSP Residual norm 2.385803362082e-03
Mon Sep 21 15:11:45 2026<stdout>:459 KSP Residual norm 2.385785975534e-03
Mon Sep 21 15:11:45 2026<stdout>:460 KSP Residual norm 2.385697220385e-03
Mon Sep 21 15:11:45 2026<stdout>:461 KSP Residual norm 2.385697176435e-03
Mon Sep 21 15:11:45 2026<stdout>:462 KSP Residual norm 2.385360826161e-03
Mon Sep 21 15:11:45 2026<stdout>:463 KSP Residual norm 2.385360666976e-03
Mon Sep 21 15:11:45 2026<stdout>:464 KSP Residual norm 2.385351864017e-03
Mon Sep 21 15:11:45 2026<stdout>:465 KSP Residual norm 2.385324923262e-03
Mon Sep 21 15:11:45 2026<stdout>:466 KSP Residual norm 2.385263412040e-03
Mon Sep 21 15:11:45 2026<stdout>:467 KSP Residual norm 2.385225017076e-03
Mon Sep 21 15:11:45 2026<stdout>:468 KSP Residual norm 2.385224679142e-03
Mon Sep 21 15:11:45 2026<stdout>:469 KSP Residual norm 2.385156279329e-03
Mon Sep 21 15:11:45 2026<stdout>:470 KSP Residual norm 2.385154159274e-03
Mon Sep 21 15:11:45 2026<stdout>:471 KSP Residual norm 2.384862047812e-03
Mon Sep 21 15:11:45 2026<stdout>:472 KSP Residual norm 2.384136853086e-03
Mon Sep 21 15:11:45 2026<stdout>:473 KSP Residual norm 2.384136853079e-03
Mon Sep 21 15:11:45 2026<stdout>:474 KSP Residual norm 2.383738590211e-03
Mon Sep 21 15:11:45 2026<stdout>:475 KSP Residual norm 2.383267754138e-03
Mon Sep 21 15:11:45 2026<stdout>:476 KSP Residual norm 2.382044438399e-03
Mon Sep 21 15:11:45 2026<stdout>:477 KSP Residual norm 2.382041188988e-03
Mon Sep 21 15:11:45 2026<stdout>:478 KSP Residual norm 2.381748252985e-03
Mon Sep 21 15:11:45 2026<stdout>:479 KSP Residual norm 2.381737127793e-03
Mon Sep 21 15:11:45 2026<stdout>:480 KSP Residual norm 2.381354734862e-03
Mon Sep 21 15:11:45 2026<stdout>:481 KSP Residual norm 2.381178197609e-03
Mon Sep 21 15:11:45 2026<stdout>:482 KSP Residual norm 2.381177964798e-03
Mon Sep 21 15:11:45 2026<stdout>:483 KSP Residual norm 2.381152524683e-03
Mon Sep 21 15:11:45 2026<stdout>:484 KSP Residual norm 2.381137334388e-03
Mon Sep 21 15:11:45 2026<stdout>:485 KSP Residual norm 2.380993525783e-03
Mon Sep 21 15:11:45 2026<stdout>:486 KSP Residual norm 2.380960012245e-03
Mon Sep 21 15:11:45 2026<stdout>:487 KSP Residual norm 2.380913867941e-03
Mon Sep 21 15:11:45 2026<stdout>:488 KSP Residual norm 2.379932416940e-03
Mon Sep 21 15:11:45 2026<stdout>:489 KSP Residual norm 2.379869569311e-03
Mon Sep 21 15:11:45 2026<stdout>:490 KSP Residual norm 2.379820065791e-03
Mon Sep 21 15:11:45 2026<stdout>:491 KSP Residual norm 2.379820061968e-03
Mon Sep 21 15:11:45 2026<stdout>:492 KSP Residual norm 2.379768072446e-03
Mon Sep 21 15:11:45 2026<stdout>:493 KSP Residual norm 2.379759673772e-03
Mon Sep 21 15:11:45 2026<stdout>:494 KSP Residual norm 2.379432317496e-03
Mon Sep 21 15:11:45 2026<stdout>:495 KSP Residual norm 2.379401218144e-03
Mon Sep 21 15:11:45 2026<stdout>:496 KSP Residual norm 2.378612567327e-03
Mon Sep 21 15:11:45 2026<stdout>:497 KSP Residual norm 2.378530247139e-03
Mon Sep 21 15:11:46 2026<stdout>:498 KSP Residual norm 2.378529117782e-03
Mon Sep 21 15:11:46 2026<stdout>:499 KSP Residual norm 2.378457613714e-03
Mon Sep 21 15:11:46 2026<stdout>:500 KSP Residual norm 2.378389951348e-03
Mon Sep 21 15:11:46 2026<stdout>:501 KSP Residual norm 2.378389911889e-03
Mon Sep 21 15:11:46 2026<stdout>:502 KSP Residual norm 2.378266022556e-03
Mon Sep 21 15:11:46 2026<stdout>:503 KSP Residual norm 2.378171569972e-03
Mon Sep 21 15:11:46 2026<stdout>:504 KSP Residual norm 2.378171566390e-03
Mon Sep 21 15:11:46 2026<stdout>:505 KSP Residual norm 2.378100115833e-03
Mon Sep 21 15:11:46 2026<stdout>:506 KSP Residual norm 2.378085828868e-03
Mon Sep 21 15:11:46 2026<stdout>:507 KSP Residual norm 2.377867035225e-03
Mon Sep 21 15:11:46 2026<stdout>:508 KSP Residual norm 2.377863604734e-03
Mon Sep 21 15:11:46 2026<stdout>:509 KSP Residual norm 2.376252192472e-03
Mon Sep 21 15:11:46 2026<stdout>:510 KSP Residual norm 2.376223991742e-03
Mon Sep 21 15:11:46 2026<stdout>:511 KSP Residual norm 2.376095602252e-03
Mon Sep 21 15:11:46 2026<stdout>:512 KSP Residual norm 2.376088125154e-03
Mon Sep 21 15:11:46 2026<stdout>:513 KSP Residual norm 2.375426099413e-03
Mon Sep 21 15:11:46 2026<stdout>:514 KSP Residual norm 2.375419180315e-03
Mon Sep 21 15:11:46 2026<stdout>:515 KSP Residual norm 2.375328585018e-03
Mon Sep 21 15:11:46 2026<stdout>:516 KSP Residual norm 2.375304342940e-03
Mon Sep 21 15:11:46 2026<stdout>:517 KSP Residual norm 2.374882777092e-03
Mon Sep 21 15:11:46 2026<stdout>:518 KSP Residual norm 2.374392667124e-03
Mon Sep 21 15:11:46 2026<stdout>:519 KSP Residual norm 2.374349111741e-03
Mon Sep 21 15:11:46 2026<stdout>:520 KSP Residual norm 2.374349108305e-03
Mon Sep 21 15:11:46 2026<stdout>:521 KSP Residual norm 2.374242712728e-03
Mon Sep 21 15:11:46 2026<stdout>:522 KSP Residual norm 2.374238667307e-03
Mon Sep 21 15:11:46 2026<stdout>:523 KSP Residual norm 2.374202397356e-03
Mon Sep 21 15:11:46 2026<stdout>:524 KSP Residual norm 2.374145874808e-03
Mon Sep 21 15:11:46 2026<stdout>:525 KSP Residual norm 2.374056755479e-03
Mon Sep 21 15:11:46 2026<stdout>:526 KSP Residual norm 2.373964076622e-03
Mon Sep 21 15:11:46 2026<stdout>:527 KSP Residual norm 2.373949973135e-03
Mon Sep 21 15:11:46 2026<stdout>:528 KSP Residual norm 2.373624903055e-03
Mon Sep 21 15:11:46 2026<stdout>:529 KSP Residual norm 2.369583194241e-03
Mon Sep 21 15:11:46 2026<stdout>:530 KSP Residual norm 2.369537503570e-03
Mon Sep 21 15:11:46 2026<stdout>:531 KSP Residual norm 2.369509478849e-03
Mon Sep 21 15:11:46 2026<stdout>:532 KSP Residual norm 2.369407741348e-03
Mon Sep 21 15:11:46 2026<stdout>:533 KSP Residual norm 2.369378354009e-03
Mon Sep 21 15:11:46 2026<stdout>:534 KSP Residual norm 2.369071747694e-03
Mon Sep 21 15:11:46 2026<stdout>:535 KSP Residual norm 2.369048565600e-03
Mon Sep 21 15:11:46 2026<stdout>:536 KSP Residual norm 2.368894841231e-03
Mon Sep 21 15:11:46 2026<stdout>:537 KSP Residual norm 2.368882146960e-03
Mon Sep 21 15:11:46 2026<stdout>:538 KSP Residual norm 2.368411917027e-03
Mon Sep 21 15:11:46 2026<stdout>:539 KSP Residual norm 2.368402669611e-03
Mon Sep 21 15:11:46 2026<stdout>:540 KSP Residual norm 2.366403150010e-03
Mon Sep 21 15:11:46 2026<stdout>:541 KSP Residual norm 2.366304135252e-03
Mon Sep 21 15:11:46 2026<stdout>:542 KSP Residual norm 2.366001725572e-03
Mon Sep 21 15:11:46 2026<stdout>:543 KSP Residual norm 2.365798851954e-03
Mon Sep 21 15:11:46 2026<stdout>:544 KSP Residual norm 2.365529066020e-03
Mon Sep 21 15:11:46 2026<stdout>:545 KSP Residual norm 2.365384699095e-03
Mon Sep 21 15:11:46 2026<stdout>:546 KSP Residual norm 2.365027280645e-03
Mon Sep 21 15:11:46 2026<stdout>:547 KSP Residual norm 2.364732847252e-03
Mon Sep 21 15:11:46 2026<stdout>:548 KSP Residual norm 2.364646317057e-03
Mon Sep 21 15:11:46 2026<stdout>:549 KSP Residual norm 2.364610158781e-03
Mon Sep 21 15:11:46 2026<stdout>:550 KSP Residual norm 2.364609997002e-03
Mon Sep 21 15:11:46 2026<stdout>:551 KSP Residual norm 2.364519299928e-03
Mon Sep 21 15:11:46 2026<stdout>:552 KSP Residual norm 2.364477377367e-03
Mon Sep 21 15:11:46 2026<stdout>:553 KSP Residual norm 2.364432107178e-03
Mon Sep 21 15:11:46 2026<stdout>:554 KSP Residual norm 2.362152838640e-03
Mon Sep 21 15:11:46 2026<stdout>:555 KSP Residual norm 2.362081535485e-03
Mon Sep 21 15:11:46 2026<stdout>:556 KSP Residual norm 2.361957771961e-03
Mon Sep 21 15:11:46 2026<stdout>:557 KSP Residual norm 2.361437997376e-03
Mon Sep 21 15:11:46 2026<stdout>:558 KSP Residual norm 2.361121609896e-03
Mon Sep 21 15:11:46 2026<stdout>:559 KSP Residual norm 2.361096349322e-03
Mon Sep 21 15:11:46 2026<stdout>:560 KSP Residual norm 2.360689651218e-03
Mon Sep 21 15:11:46 2026<stdout>:561 KSP Residual norm 2.360079683497e-03
Mon Sep 21 15:11:46 2026<stdout>:562 KSP Residual norm 2.360009173659e-03
Mon Sep 21 15:11:46 2026<stdout>:563 KSP Residual norm 2.359572207356e-03
Mon Sep 21 15:11:46 2026<stdout>:564 KSP Residual norm 2.359543031818e-03
Mon Sep 21 15:11:46 2026<stdout>:565 KSP Residual norm 2.359501639505e-03
Mon Sep 21 15:11:46 2026<stdout>:566 KSP Residual norm 2.359251486113e-03
Mon Sep 21 15:11:46 2026<stdout>:567 KSP Residual norm 2.359126563038e-03
Mon Sep 21 15:11:46 2026<stdout>:568 KSP Residual norm 2.358776678872e-03
Mon Sep 21 15:11:46 2026<stdout>:569 KSP Residual norm 2.357739553101e-03
Mon Sep 21 15:11:46 2026<stdout>:570 KSP Residual norm 2.357547912152e-03
Mon Sep 21 15:11:46 2026<stdout>:571 KSP Residual norm 2.357290266797e-03
Mon Sep 21 15:11:46 2026<stdout>:572 KSP Residual norm 2.357108547434e-03
Mon Sep 21 15:11:46 2026<stdout>:573 KSP Residual norm 2.356781432258e-03
Mon Sep 21 15:11:46 2026<stdout>:574 KSP Residual norm 2.356668710881e-03
Mon Sep 21 15:11:46 2026<stdout>:575 KSP Residual norm 2.356638878353e-03
Mon Sep 21 15:11:46 2026<stdout>:576 KSP Residual norm 2.356152307694e-03
Mon Sep 21 15:11:46 2026<stdout>:577 KSP Residual norm 2.355935635242e-03
Mon Sep 21 15:11:46 2026<stdout>:578 KSP Residual norm 2.355162313410e-03
Mon Sep 21 15:11:46 2026<stdout>:579 KSP Residual norm 2.354854049684e-03
Mon Sep 21 15:11:46 2026<stdout>:580 KSP Residual norm 2.354517220745e-03
Mon Sep 21 15:11:47 2026<stdout>:581 KSP Residual norm 2.352334459588e-03
Mon Sep 21 15:11:47 2026<stdout>:582 KSP Residual norm 2.352334244764e-03
Mon Sep 21 15:11:47 2026<stdout>:583 KSP Residual norm 2.352333207231e-03
Mon Sep 21 15:11:47 2026<stdout>:584 KSP Residual norm 2.351164743965e-03
Mon Sep 21 15:11:47 2026<stdout>:585 KSP Residual norm 2.350661739255e-03
Mon Sep 21 15:11:47 2026<stdout>:586 KSP Residual norm 2.350587370539e-03
Mon Sep 21 15:11:47 2026<stdout>:587 KSP Residual norm 2.350525285758e-03
Mon Sep 21 15:11:47 2026<stdout>:588 KSP Residual norm 2.350169007818e-03
Mon Sep 21 15:11:47 2026<stdout>:589 KSP Residual norm 2.349253956255e-03
Mon Sep 21 15:11:47 2026<stdout>:590 KSP Residual norm 2.348815133037e-03
Mon Sep 21 15:11:47 2026<stdout>:591 KSP Residual norm 2.348329365381e-03
Mon Sep 21 15:11:47 2026<stdout>:592 KSP Residual norm 2.348314112460e-03
Mon Sep 21 15:11:47 2026<stdout>:593 KSP Residual norm 2.348280040365e-03
Mon Sep 21 15:11:47 2026<stdout>:594 KSP Residual norm 2.348241617823e-03
Mon Sep 21 15:11:47 2026<stdout>:595 KSP Residual norm 2.348237284059e-03
Mon Sep 21 15:11:47 2026<stdout>:596 KSP Residual norm 2.348212402262e-03
Mon Sep 21 15:11:47 2026<stdout>:597 KSP Residual norm 2.347063538875e-03
Mon Sep 21 15:11:47 2026<stdout>:598 KSP Residual norm 2.347058399887e-03
Mon Sep 21 15:11:47 2026<stdout>:599 KSP Residual norm 2.347048812080e-03
Mon Sep 21 15:11:47 2026<stdout>:600 KSP Residual norm 2.456515088252e-03
Mon Sep 21 15:11:47 2026<stdout>:601 KSP Residual norm 2.437061832335e-03
Mon Sep 21 15:11:47 2026<stdout>:602 KSP Residual norm 2.434806722611e-03
Mon Sep 21 15:11:47 2026<stdout>:603 KSP Residual norm 2.434655792421e-03
Mon Sep 21 15:11:47 2026<stdout>:604 KSP Residual norm 2.433995546041e-03
Mon Sep 21 15:11:47 2026<stdout>:605 KSP Residual norm 2.433647221246e-03
Mon Sep 21 15:11:47 2026<stdout>:606 KSP Residual norm 2.433421061215e-03
Mon Sep 21 15:11:47 2026<stdout>:607 KSP Residual norm 2.433191764910e-03
Mon Sep 21 15:11:47 2026<stdout>:608 KSP Residual norm 2.430381797121e-03
Mon Sep 21 15:11:47 2026<stdout>:609 KSP Residual norm 2.430368056029e-03
Mon Sep 21 15:11:47 2026<stdout>:610 KSP Residual norm 2.423169409658e-03
Mon Sep 21 15:11:47 2026<stdout>:611 KSP Residual norm 2.421852190230e-03
Mon Sep 21 15:11:47 2026<stdout>:612 KSP Residual norm 2.416903550228e-03
Mon Sep 21 15:11:47 2026<stdout>:613 KSP Residual norm 2.416454352368e-03
Mon Sep 21 15:11:47 2026<stdout>:614 KSP Residual norm 2.416010931293e-03
Mon Sep 21 15:11:47 2026<stdout>:615 KSP Residual norm 2.415943373539e-03
Mon Sep 21 15:11:47 2026<stdout>:616 KSP Residual norm 2.415676080606e-03
Mon Sep 21 15:11:47 2026<stdout>:617 KSP Residual norm 2.415631058409e-03
Mon Sep 21 15:11:47 2026<stdout>:618 KSP Residual norm 2.412585793463e-03
Mon Sep 21 15:11:47 2026<stdout>:619 KSP Residual norm 2.412584672628e-03
Mon Sep 21 15:11:47 2026<stdout>:620 KSP Residual norm 2.412561231767e-03
Mon Sep 21 15:11:47 2026<stdout>:621 KSP Residual norm 2.412561221580e-03
Mon Sep 21 15:11:47 2026<stdout>:622 KSP Residual norm 2.412560094906e-03
Mon Sep 21 15:11:47 2026<stdout>:623 KSP Residual norm 2.412510461635e-03
Mon Sep 21 15:11:47 2026<stdout>:624 KSP Residual norm 2.412505836310e-03
Mon Sep 21 15:11:47 2026<stdout>:625 KSP Residual norm 2.412391607903e-03
Mon Sep 21 15:11:47 2026<stdout>:626 KSP Residual norm 2.411492496733e-03
Mon Sep 21 15:11:47 2026<stdout>:627 KSP Residual norm 2.411459788687e-03
Mon Sep 21 15:11:47 2026<stdout>:628 KSP Residual norm 2.410950158471e-03
Mon Sep 21 15:11:47 2026<stdout>:629 KSP Residual norm 2.410716348711e-03
Mon Sep 21 15:11:47 2026<stdout>:630 KSP Residual norm 2.409179511802e-03
Mon Sep 21 15:11:47 2026<stdout>:631 KSP Residual norm 2.409121709198e-03
Mon Sep 21 15:11:47 2026<stdout>:632 KSP Residual norm 2.401433508620e-03
Mon Sep 21 15:11:47 2026<stdout>:633 KSP Residual norm 2.401432310089e-03
Mon Sep 21 15:11:47 2026<stdout>:634 KSP Residual norm 2.398687470555e-03
Mon Sep 21 15:11:47 2026<stdout>:635 KSP Residual norm 2.398644513069e-03
Mon Sep 21 15:11:47 2026<stdout>:636 KSP Residual norm 2.398586008621e-03
Mon Sep 21 15:11:47 2026<stdout>:637 KSP Residual norm 2.398479710962e-03
Mon Sep 21 15:11:47 2026<stdout>:638 KSP Residual norm 2.398449615867e-03
Mon Sep 21 15:11:47 2026<stdout>:639 KSP Residual norm 2.398446587452e-03
Mon Sep 21 15:11:47 2026<stdout>:640 KSP Residual norm 2.386631689101e-03
Mon Sep 21 15:11:47 2026<stdout>:641 KSP Residual norm 2.386455327382e-03
Mon Sep 21 15:11:47 2026<stdout>:642 KSP Residual norm 2.384861777642e-03
Mon Sep 21 15:11:47 2026<stdout>:643 KSP Residual norm 2.384859806472e-03
Mon Sep 21 15:11:47 2026<stdout>:644 KSP Residual norm 2.382394408928e-03
Mon Sep 21 15:11:47 2026<stdout>:645 KSP Residual norm 2.382394330908e-03
Mon Sep 21 15:11:47 2026<stdout>:646 KSP Residual norm 2.382321770732e-03
Mon Sep 21 15:11:47 2026<stdout>:647 KSP Residual norm 2.380190160845e-03
Mon Sep 21 15:11:47 2026<stdout>:648 KSP Residual norm 2.379429512570e-03
Mon Sep 21 15:11:47 2026<stdout>:649 KSP Residual norm 2.379350726349e-03
Mon Sep 21 15:11:47 2026<stdout>:650 KSP Residual norm 2.379347937647e-03
Mon Sep 21 15:11:47 2026<stdout>:651 KSP Residual norm 2.379259831389e-03
Mon Sep 21 15:11:47 2026<stdout>:652 KSP Residual norm 2.379208265177e-03
Mon Sep 21 15:11:47 2026<stdout>:653 KSP Residual norm 2.378928006537e-03
Mon Sep 21 15:11:47 2026<stdout>:654 KSP Residual norm 2.378699120642e-03
Mon Sep 21 15:11:47 2026<stdout>:655 KSP Residual norm 2.378669136411e-03
Mon Sep 21 15:11:47 2026<stdout>:656 KSP Residual norm 2.378556110329e-03
Mon Sep 21 15:11:47 2026<stdout>:657 KSP Residual norm 2.377713079522e-03
Mon Sep 21 15:11:47 2026<stdout>:658 KSP Residual norm 2.377378929347e-03
Mon Sep 21 15:11:47 2026<stdout>:659 KSP Residual norm 2.377367662495e-03
Mon Sep 21 15:11:47 2026<stdout>:660 KSP Residual norm 2.377363123866e-03
Mon Sep 21 15:11:47 2026<stdout>:661 KSP Residual norm 2.376864085981e-03
Mon Sep 21 15:11:47 2026<stdout>:662 KSP Residual norm 2.376859076502e-03
Mon Sep 21 15:11:47 2026<stdout>:663 KSP Residual norm 2.375277388508e-03
Mon Sep 21 15:11:47 2026<stdout>:664 KSP Residual norm 2.372477943089e-03
Mon Sep 21 15:11:47 2026<stdout>:665 KSP Residual norm 2.372433233458e-03
Mon Sep 21 15:11:47 2026<stdout>:666 KSP Residual norm 2.371865521436e-03
Mon Sep 21 15:11:47 2026<stdout>:667 KSP Residual norm 2.371799533619e-03
Mon Sep 21 15:11:47 2026<stdout>:668 KSP Residual norm 2.371224326007e-03
Mon Sep 21 15:11:47 2026<stdout>:669 KSP Residual norm 2.369666898927e-03
Mon Sep 21 15:11:47 2026<stdout>:670 KSP Residual norm 2.369516184875e-03
Mon Sep 21 15:11:47 2026<stdout>:671 KSP Residual norm 2.369155740119e-03
Mon Sep 21 15:11:47 2026<stdout>:672 KSP Residual norm 2.368791434981e-03
Mon Sep 21 15:11:47 2026<stdout>:673 KSP Residual norm 2.359990633466e-03
Mon Sep 21 15:11:47 2026<stdout>:674 KSP Residual norm 2.359918305329e-03
Mon Sep 21 15:11:47 2026<stdout>:675 KSP Residual norm 2.359912828288e-03
Mon Sep 21 15:11:47 2026<stdout>:676 KSP Residual norm 2.359911800695e-03
Mon Sep 21 15:11:48 2026<stdout>:677 KSP Residual norm 2.358996732402e-03
Mon Sep 21 15:11:48 2026<stdout>:678 KSP Residual norm 2.358990462795e-03
Mon Sep 21 15:11:48 2026<stdout>:679 KSP Residual norm 2.358871257149e-03
Mon Sep 21 15:11:48 2026<stdout>:680 KSP Residual norm 2.358846094833e-03
Mon Sep 21 15:11:48 2026<stdout>:681 KSP Residual norm 2.358365328345e-03
Mon Sep 21 15:11:48 2026<stdout>:682 KSP Residual norm 2.358365247248e-03
Mon Sep 21 15:11:48 2026<stdout>:683 KSP Residual norm 2.358217762742e-03
Mon Sep 21 15:11:48 2026<stdout>:684 KSP Residual norm 2.356533699457e-03
Mon Sep 21 15:11:48 2026<stdout>:685 KSP Residual norm 2.355567442887e-03
Mon Sep 21 15:11:48 2026<stdout>:686 KSP Residual norm 2.355462735879e-03
Mon Sep 21 15:11:48 2026<stdout>:687 KSP Residual norm 2.355457929447e-03
Mon Sep 21 15:11:48 2026<stdout>:688 KSP Residual norm 2.355288773724e-03
Mon Sep 21 15:11:48 2026<stdout>:689 KSP Residual norm 2.355230179419e-03
Mon Sep 21 15:11:48 2026<stdout>:690 KSP Residual norm 2.354867680438e-03
Mon Sep 21 15:11:48 2026<stdout>:691 KSP Residual norm 2.354803953845e-03
Mon Sep 21 15:11:48 2026<stdout>:692 KSP Residual norm 2.354803242575e-03
Mon Sep 21 15:11:48 2026<stdout>:693 KSP Residual norm 2.354251610531e-03
Mon Sep 21 15:11:48 2026<stdout>:694 KSP Residual norm 2.351719695215e-03
Mon Sep 21 15:11:48 2026<stdout>:695 KSP Residual norm 2.351569609441e-03
Mon Sep 21 15:11:48 2026<stdout>:696 KSP Residual norm 2.351569356101e-03
Mon Sep 21 15:11:48 2026<stdout>:697 KSP Residual norm 2.347785824040e-03
Mon Sep 21 15:11:48 2026<stdout>:698 KSP Residual norm 2.343589323500e-03
Mon Sep 21 15:11:48 2026<stdout>:699 KSP Residual norm 2.341874415628e-03
Mon Sep 21 15:11:48 2026<stdout>:700 KSP Residual norm 2.339263744857e-03
Mon Sep 21 15:11:48 2026<stdout>:701 KSP Residual norm 2.339258884294e-03
Mon Sep 21 15:11:48 2026<stdout>:702 KSP Residual norm 2.337655765247e-03
Mon Sep 21 15:11:48 2026<stdout>:703 KSP Residual norm 2.336967905703e-03
Mon Sep 21 15:11:48 2026<stdout>:704 KSP Residual norm 2.336887047316e-03
Mon Sep 21 15:11:48 2026<stdout>:705 KSP Residual norm 2.336748844828e-03
Mon Sep 21 15:11:48 2026<stdout>:706 KSP Residual norm 2.335114103349e-03
Mon Sep 21 15:11:48 2026<stdout>:707 KSP Residual norm 2.333445839258e-03
Mon Sep 21 15:11:48 2026<stdout>:708 KSP Residual norm 2.333380196581e-03
Mon Sep 21 15:11:48 2026<stdout>:709 KSP Residual norm 2.330837683948e-03
Mon Sep 21 15:11:48 2026<stdout>:710 KSP Residual norm 2.328077097565e-03
Mon Sep 21 15:11:48 2026<stdout>:711 KSP Residual norm 2.327944545310e-03
Mon Sep 21 15:11:48 2026<stdout>:712 KSP Residual norm 2.327539639066e-03
Mon Sep 21 15:11:48 2026<stdout>:713 KSP Residual norm 2.327274853360e-03
Mon Sep 21 15:11:48 2026<stdout>:714 KSP Residual norm 2.327175771855e-03
Mon Sep 21 15:11:48 2026<stdout>:715 KSP Residual norm 2.327175232706e-03
Mon Sep 21 15:11:48 2026<stdout>:716 KSP Residual norm 2.326678888803e-03
Mon Sep 21 15:11:48 2026<stdout>:717 KSP Residual norm 2.326019213867e-03
Mon Sep 21 15:11:48 2026<stdout>:718 KSP Residual norm 2.325661632429e-03
Mon Sep 21 15:11:48 2026<stdout>:719 KSP Residual norm 2.325587825510e-03
Mon Sep 21 15:11:48 2026<stdout>:720 KSP Residual norm 2.325563349143e-03
Mon Sep 21 15:11:48 2026<stdout>:721 KSP Residual norm 2.325486513247e-03
Mon Sep 21 15:11:48 2026<stdout>:722 KSP Residual norm 2.325486366089e-03
Mon Sep 21 15:11:48 2026<stdout>:723 KSP Residual norm 2.325203745750e-03
Mon Sep 21 15:11:48 2026<stdout>:724 KSP Residual norm 2.325082988956e-03
Mon Sep 21 15:11:48 2026<stdout>:725 KSP Residual norm 2.325023481840e-03
Mon Sep 21 15:11:48 2026<stdout>:726 KSP Residual norm 2.324901518308e-03
Mon Sep 21 15:11:48 2026<stdout>:727 KSP Residual norm 2.324237683063e-03
Mon Sep 21 15:11:48 2026<stdout>:728 KSP Residual norm 2.322915058289e-03
Mon Sep 21 15:11:48 2026<stdout>:729 KSP Residual norm 2.322070024617e-03
Mon Sep 21 15:11:48 2026<stdout>:730 KSP Residual norm 2.322064046726e-03
Mon Sep 21 15:11:48 2026<stdout>:731 KSP Residual norm 2.322025773731e-03
Mon Sep 21 15:11:48 2026<stdout>:732 KSP Residual norm 2.321680638167e-03
Mon Sep 21 15:11:48 2026<stdout>:733 KSP Residual norm 2.321135497049e-03
Mon Sep 21 15:11:48 2026<stdout>:734 KSP Residual norm 2.320374503156e-03
Mon Sep 21 15:11:48 2026<stdout>:735 KSP Residual norm 2.319675069655e-03
Mon Sep 21 15:11:48 2026<stdout>:736 KSP Residual norm 2.319315790139e-03
Mon Sep 21 15:11:48 2026<stdout>:737 KSP Residual norm 2.319288177108e-03
Mon Sep 21 15:11:48 2026<stdout>:738 KSP Residual norm 2.318826680341e-03
Mon Sep 21 15:11:48 2026<stdout>:739 KSP Residual norm 2.318133470941e-03
Mon Sep 21 15:11:48 2026<stdout>:740 KSP Residual norm 2.315528969828e-03
Mon Sep 21 15:11:48 2026<stdout>:741 KSP Residual norm 2.315459926896e-03
Mon Sep 21 15:11:48 2026<stdout>:742 KSP Residual norm 2.315130144029e-03
Mon Sep 21 15:11:48 2026<stdout>:743 KSP Residual norm 2.314915628643e-03
Mon Sep 21 15:11:48 2026<stdout>:744 KSP Residual norm 2.314177941411e-03
Mon Sep 21 15:11:48 2026<stdout>:745 KSP Residual norm 2.314141092183e-03
Mon Sep 21 15:11:48 2026<stdout>:746 KSP Residual norm 2.311799255431e-03
Mon Sep 21 15:11:48 2026<stdout>:747 KSP Residual norm 2.311108120799e-03
Mon Sep 21 15:11:48 2026<stdout>:748 KSP Residual norm 2.310971394928e-03
Mon Sep 21 15:11:48 2026<stdout>:749 KSP Residual norm 2.310931748650e-03
Mon Sep 21 15:11:48 2026<stdout>:750 KSP Residual norm 2.514683392834e-03
Mon Sep 21 15:11:48 2026<stdout>:751 KSP Residual norm 2.507046421203e-03
Mon Sep 21 15:11:48 2026<stdout>:752 KSP Residual norm 2.504187749303e-03
Mon Sep 21 15:11:48 2026<stdout>:753 KSP Residual norm 2.503410564007e-03
Mon Sep 21 15:11:48 2026<stdout>:754 KSP Residual norm 2.499920867537e-03
Mon Sep 21 15:11:48 2026<stdout>:755 KSP Residual norm 2.499776239210e-03
Mon Sep 21 15:11:48 2026<stdout>:756 KSP Residual norm 2.499287046601e-03
Mon Sep 21 15:11:49 2026<stdout>:757 KSP Residual norm 2.498765092446e-03
Mon Sep 21 15:11:49 2026<stdout>:758 KSP Residual norm 2.497579881830e-03
Mon Sep 21 15:11:49 2026<stdout>:759 KSP Residual norm 2.497527632217e-03
Mon Sep 21 15:11:49 2026<stdout>:760 KSP Residual norm 2.496961125512e-03
Mon Sep 21 15:11:49 2026<stdout>:761 KSP Residual norm 2.496860136394e-03
Mon Sep 21 15:11:49 2026<stdout>:762 KSP Residual norm 2.496854466407e-03
Mon Sep 21 15:11:49 2026<stdout>:763 KSP Residual norm 2.496785947548e-03
Mon Sep 21 15:11:49 2026<stdout>:764 KSP Residual norm 2.492654229960e-03
Mon Sep 21 15:11:49 2026<stdout>:765 KSP Residual norm 2.492597314068e-03
Mon Sep 21 15:11:49 2026<stdout>:766 KSP Residual norm 2.492308153732e-03
Mon Sep 21 15:11:49 2026<stdout>:767 KSP Residual norm 2.492003257425e-03
Mon Sep 21 15:11:49 2026<stdout>:768 KSP Residual norm 2.491952253686e-03
Mon Sep 21 15:11:49 2026<stdout>:769 KSP Residual norm 2.491948420391e-03
Mon Sep 21 15:11:49 2026<stdout>:770 KSP Residual norm 2.491824864584e-03
Mon Sep 21 15:11:49 2026<stdout>:771 KSP Residual norm 2.491822642920e-03
Mon Sep 21 15:11:49 2026<stdout>:772 KSP Residual norm 2.491818506985e-03
Mon Sep 21 15:11:49 2026<stdout>:773 KSP Residual norm 2.491561924464e-03
Mon Sep 21 15:11:49 2026<stdout>:774 KSP Residual norm 2.491063500280e-03
Mon Sep 21 15:11:49 2026<stdout>:775 KSP Residual norm 2.491058926699e-03
Mon Sep 21 15:11:49 2026<stdout>:776 KSP Residual norm 2.491018230328e-03
Mon Sep 21 15:11:49 2026<stdout>:777 KSP Residual norm 2.491017916590e-03
Mon Sep 21 15:11:49 2026<stdout>:778 KSP Residual norm 2.490770909822e-03
Mon Sep 21 15:11:49 2026<stdout>:779 KSP Residual norm 2.490766674133e-03
Mon Sep 21 15:11:49 2026<stdout>:780 KSP Residual norm 2.490377724437e-03
Mon Sep 21 15:11:49 2026<stdout>:781 KSP Residual norm 2.490334475874e-03
Mon Sep 21 15:11:49 2026<stdout>:782 KSP Residual norm 2.490321487327e-03
Mon Sep 21 15:11:49 2026<stdout>:783 KSP Residual norm 2.490269751008e-03
Mon Sep 21 15:11:49 2026<stdout>:784 KSP Residual norm 2.490264597339e-03
Mon Sep 21 15:11:49 2026<stdout>:785 KSP Residual norm 2.489754952106e-03
Mon Sep 21 15:11:49 2026<stdout>:786 KSP Residual norm 2.489691806078e-03
Mon Sep 21 15:11:49 2026<stdout>:787 KSP Residual norm 2.489465209947e-03
Mon Sep 21 15:11:49 2026<stdout>:788 KSP Residual norm 2.487961322180e-03
Mon Sep 21 15:11:49 2026<stdout>:789 KSP Residual norm 2.487961271106e-03
Mon Sep 21 15:11:49 2026<stdout>:790 KSP Residual norm 2.487958497801e-03
Mon Sep 21 15:11:49 2026<stdout>:791 KSP Residual norm 2.487958386414e-03
Mon Sep 21 15:11:49 2026<stdout>:792 KSP Residual norm 2.486864838583e-03
Mon Sep 21 15:11:49 2026<stdout>:793 KSP Residual norm 2.486864837434e-03
Mon Sep 21 15:11:49 2026<stdout>:794 KSP Residual norm 2.486618911350e-03
Mon Sep 21 15:11:49 2026<stdout>:795 KSP Residual norm 2.486578369636e-03
Mon Sep 21 15:11:49 2026<stdout>:796 KSP Residual norm 2.486392980351e-03
Mon Sep 21 15:11:49 2026<stdout>:797 KSP Residual norm 2.486390302591e-03
Mon Sep 21 15:11:49 2026<stdout>:798 KSP Residual norm 2.485582885032e-03
Mon Sep 21 15:11:49 2026<stdout>:799 KSP Residual norm 2.485501706837e-03
Mon Sep 21 15:11:49 2026<stdout>:800 KSP Residual norm 2.484925273258e-03
Mon Sep 21 15:11:49 2026<stdout>:801 KSP Residual norm 2.484489255191e-03
Mon Sep 21 15:11:49 2026<stdout>:802 KSP Residual norm 2.483884359659e-03
Mon Sep 21 15:11:49 2026<stdout>:803 KSP Residual norm 2.483830968628e-03
Mon Sep 21 15:11:49 2026<stdout>:804 KSP Residual norm 2.483817170586e-03
Mon Sep 21 15:11:49 2026<stdout>:805 KSP Residual norm 2.483815402187e-03
Mon Sep 21 15:11:49 2026<stdout>:806 KSP Residual norm 2.483724742955e-03
Mon Sep 21 15:11:49 2026<stdout>:807 KSP Residual norm 2.483575189200e-03
Mon Sep 21 15:11:49 2026<stdout>:808 KSP Residual norm 2.478247713616e-03
Mon Sep 21 15:11:49 2026<stdout>:809 KSP Residual norm 2.474852111279e-03
Mon Sep 21 15:11:49 2026<stdout>:810 KSP Residual norm 2.469318006741e-03
Mon Sep 21 15:11:49 2026<stdout>:811 KSP Residual norm 2.468111084367e-03
Mon Sep 21 15:11:49 2026<stdout>:812 KSP Residual norm 2.466459901707e-03
Mon Sep 21 15:11:49 2026<stdout>:813 KSP Residual norm 2.466376702008e-03
Mon Sep 21 15:11:49 2026<stdout>:814 KSP Residual norm 2.466353740655e-03
Mon Sep 21 15:11:49 2026<stdout>:815 KSP Residual norm 2.466344243362e-03
Mon Sep 21 15:11:49 2026<stdout>:816 KSP Residual norm 2.466342311400e-03
Mon Sep 21 15:11:49 2026<stdout>:817 KSP Residual norm 2.466337547702e-03
Mon Sep 21 15:11:49 2026<stdout>:818 KSP Residual norm 2.466026609156e-03
Mon Sep 21 15:11:49 2026<stdout>:819 KSP Residual norm 2.465245944559e-03
Mon Sep 21 15:11:49 2026<stdout>:820 KSP Residual norm 2.465126857911e-03
Mon Sep 21 15:11:49 2026<stdout>:821 KSP Residual norm 2.464929743885e-03
Mon Sep 21 15:11:49 2026<stdout>:822 KSP Residual norm 2.464866154719e-03
Mon Sep 21 15:11:49 2026<stdout>:823 KSP Residual norm 2.463686906034e-03
Mon Sep 21 15:11:49 2026<stdout>:824 KSP Residual norm 2.463075654830e-03
Mon Sep 21 15:11:49 2026<stdout>:825 KSP Residual norm 2.462989736589e-03
Mon Sep 21 15:11:49 2026<stdout>:826 KSP Residual norm 2.462210148900e-03
Mon Sep 21 15:11:49 2026<stdout>:827 KSP Residual norm 2.462082078853e-03
Mon Sep 21 15:11:49 2026<stdout>:828 KSP Residual norm 2.462081560291e-03
Mon Sep 21 15:11:49 2026<stdout>:829 KSP Residual norm 2.461509411668e-03
Mon Sep 21 15:11:49 2026<stdout>:830 KSP Residual norm 2.460405059365e-03
Mon Sep 21 15:11:49 2026<stdout>:831 KSP Residual norm 2.460179966497e-03
Mon Sep 21 15:11:49 2026<stdout>:832 KSP Residual norm 2.460155540078e-03
Mon Sep 21 15:11:49 2026<stdout>:833 KSP Residual norm 2.460132647633e-03
Mon Sep 21 15:11:49 2026<stdout>:834 KSP Residual norm 2.458765059394e-03
Mon Sep 21 15:11:49 2026<stdout>:835 KSP Residual norm 2.458565962136e-03
Mon Sep 21 15:11:49 2026<stdout>:836 KSP Residual norm 2.455313856085e-03
Mon Sep 21 15:11:49 2026<stdout>:837 KSP Residual norm 2.453854086642e-03
Mon Sep 21 15:11:49 2026<stdout>:838 KSP Residual norm 2.452759069246e-03
Mon Sep 21 15:11:49 2026<stdout>:839 KSP Residual norm 2.452655600730e-03
Mon Sep 21 15:11:49 2026<stdout>:840 KSP Residual norm 2.452637902782e-03
Mon Sep 21 15:11:49 2026<stdout>:841 KSP Residual norm 2.452611325349e-03
Mon Sep 21 15:11:49 2026<stdout>:842 KSP Residual norm 2.452484547880e-03
Mon Sep 21 15:11:49 2026<stdout>:843 KSP Residual norm 2.451571956836e-03
Mon Sep 21 15:11:49 2026<stdout>:844 KSP Residual norm 2.451511192988e-03
Mon Sep 21 15:11:49 2026<stdout>:845 KSP Residual norm 2.451401513532e-03
Mon Sep 21 15:11:49 2026<stdout>:846 KSP Residual norm 2.451395579436e-03
Mon Sep 21 15:11:49 2026<stdout>:847 KSP Residual norm 2.451307638148e-03
Mon Sep 21 15:11:49 2026<stdout>:848 KSP Residual norm 2.451294980430e-03
Mon Sep 21 15:11:49 2026<stdout>:849 KSP Residual norm 2.448164467610e-03
Mon Sep 21 15:11:49 2026<stdout>:850 KSP Residual norm 2.447222504370e-03
Mon Sep 21 15:11:49 2026<stdout>:851 KSP Residual norm 2.446437475504e-03
Mon Sep 21 15:11:49 2026<stdout>:852 KSP Residual norm 2.446416942078e-03
Mon Sep 21 15:11:49 2026<stdout>:853 KSP Residual norm 2.444324578052e-03
Mon Sep 21 15:11:50 2026<stdout>:854 KSP Residual norm 2.444296926992e-03
Mon Sep 21 15:11:50 2026<stdout>:855 KSP Residual norm 2.442758731342e-03
Mon Sep 21 15:11:50 2026<stdout>:856 KSP Residual norm 2.442190585919e-03
Mon Sep 21 15:11:50 2026<stdout>:857 KSP Residual norm 2.442145442969e-03
Mon Sep 21 15:11:50 2026<stdout>:858 KSP Residual norm 2.442143951433e-03
Mon Sep 21 15:11:50 2026<stdout>:859 KSP Residual norm 2.441619845919e-03
Mon Sep 21 15:11:50 2026<stdout>:860 KSP Residual norm 2.440322394093e-03
Mon Sep 21 15:11:50 2026<stdout>:861 KSP Residual norm 2.440152725774e-03
Mon Sep 21 15:11:50 2026<stdout>:862 KSP Residual norm 2.440046154132e-03
Mon Sep 21 15:11:50 2026<stdout>:863 KSP Residual norm 2.439897462944e-03
Mon Sep 21 15:11:50 2026<stdout>:864 KSP Residual norm 2.439890772251e-03
Mon Sep 21 15:11:50 2026<stdout>:865 KSP Residual norm 2.439871370226e-03
Mon Sep 21 15:11:50 2026<stdout>:866 KSP Residual norm 2.439868198759e-03
Mon Sep 21 15:11:50 2026<stdout>:867 KSP Residual norm 2.439824205445e-03
Mon Sep 21 15:11:50 2026<stdout>:868 KSP Residual norm 2.439682536906e-03
Mon Sep 21 15:11:50 2026<stdout>:869 KSP Residual norm 2.439030397551e-03
Mon Sep 21 15:11:50 2026<stdout>:870 KSP Residual norm 2.439025033549e-03
Mon Sep 21 15:11:50 2026<stdout>:871 KSP Residual norm 2.438706774825e-03
Mon Sep 21 15:11:50 2026<stdout>:872 KSP Residual norm 2.438100499759e-03
Mon Sep 21 15:11:50 2026<stdout>:873 KSP Residual norm 2.437727275241e-03
Mon Sep 21 15:11:50 2026<stdout>:874 KSP Residual norm 2.436096661120e-03
Mon Sep 21 15:11:50 2026<stdout>:875 KSP Residual norm 2.436080170543e-03
Mon Sep 21 15:11:50 2026<stdout>:876 KSP Residual norm 2.435987286898e-03
Mon Sep 21 15:11:50 2026<stdout>:877 KSP Residual norm 2.435307508323e-03
Mon Sep 21 15:11:50 2026<stdout>:878 KSP Residual norm 2.431197908583e-03
Mon Sep 21 15:11:50 2026<stdout>:879 KSP Residual norm 2.431031142974e-03
Mon Sep 21 15:11:50 2026<stdout>:880 KSP Residual norm 2.429634437659e-03
Mon Sep 21 15:11:50 2026<stdout>:881 KSP Residual norm 2.429600538674e-03
Mon Sep 21 15:11:50 2026<stdout>:882 KSP Residual norm 2.429338789722e-03
Mon Sep 21 15:11:50 2026<stdout>:883 KSP Residual norm 2.428749261060e-03
Mon Sep 21 15:11:50 2026<stdout>:884 KSP Residual norm 2.428599051824e-03
Mon Sep 21 15:11:50 2026<stdout>:885 KSP Residual norm 2.428420315461e-03
Mon Sep 21 15:11:50 2026<stdout>:886 KSP Residual norm 2.428409730575e-03
Mon Sep 21 15:11:50 2026<stdout>:887 KSP Residual norm 2.428204509865e-03
Mon Sep 21 15:11:50 2026<stdout>:888 KSP Residual norm 2.427891161054e-03
Mon Sep 21 15:11:50 2026<stdout>:889 KSP Residual norm 2.425892803766e-03
Mon Sep 21 15:11:50 2026<stdout>:890 KSP Residual norm 2.424935252979e-03
Mon Sep 21 15:11:50 2026<stdout>:891 KSP Residual norm 2.423928182795e-03
Mon Sep 21 15:11:50 2026<stdout>:892 KSP Residual norm 2.423829407544e-03
Mon Sep 21 15:11:50 2026<stdout>:893 KSP Residual norm 2.423829388250e-03
Mon Sep 21 15:11:50 2026<stdout>:894 KSP Residual norm 2.423709831322e-03
Mon Sep 21 15:11:50 2026<stdout>:895 KSP Residual norm 2.423662506778e-03
Mon Sep 21 15:11:50 2026<stdout>:896 KSP Residual norm 2.423616694610e-03
Mon Sep 21 15:11:50 2026<stdout>:897 KSP Residual norm 2.423546310876e-03
Mon Sep 21 15:11:50 2026<stdout>:898 KSP Residual norm 2.423482259859e-03
Mon Sep 21 15:11:50 2026<stdout>:899 KSP Residual norm 2.423470404159e-03
Mon Sep 21 15:11:50 2026<stdout>:900 KSP Residual norm 2.535145457846e-03
Mon Sep 21 15:11:50 2026<stdout>:901 KSP Residual norm 2.524334021148e-03
Mon Sep 21 15:11:50 2026<stdout>:902 KSP Residual norm 2.483493635619e-03
Mon Sep 21 15:11:50 2026<stdout>:903 KSP Residual norm 2.478506655402e-03
Mon Sep 21 15:11:50 2026<stdout>:904 KSP Residual norm 2.477007844912e-03
Mon Sep 21 15:11:50 2026<stdout>:905 KSP Residual norm 2.477000321358e-03
Mon Sep 21 15:11:50 2026<stdout>:906 KSP Residual norm 2.475390206400e-03
Mon Sep 21 15:11:50 2026<stdout>:907 KSP Residual norm 2.475281697230e-03
Mon Sep 21 15:11:50 2026<stdout>:908 KSP Residual norm 2.472593179744e-03
Mon Sep 21 15:11:50 2026<stdout>:909 KSP Residual norm 2.472570840495e-03
Mon Sep 21 15:11:50 2026<stdout>:910 KSP Residual norm 2.472543559154e-03
Mon Sep 21 15:11:50 2026<stdout>:911 KSP Residual norm 2.472543347398e-03
Mon Sep 21 15:11:50 2026<stdout>:912 KSP Residual norm 2.470672567305e-03
Mon Sep 21 15:11:50 2026<stdout>:913 KSP Residual norm 2.470656620087e-03
Mon Sep 21 15:11:50 2026<stdout>:914 KSP Residual norm 2.469632989569e-03
Mon Sep 21 15:11:50 2026<stdout>:915 KSP Residual norm 2.469299201485e-03
Mon Sep 21 15:11:50 2026<stdout>:916 KSP Residual norm 2.469001114036e-03
Mon Sep 21 15:11:50 2026<stdout>:917 KSP Residual norm 2.468845659227e-03
Mon Sep 21 15:11:50 2026<stdout>:918 KSP Residual norm 2.464856535165e-03
Mon Sep 21 15:11:50 2026<stdout>:919 KSP Residual norm 2.464831705349e-03
Mon Sep 21 15:11:50 2026<stdout>:920 KSP Residual norm 2.462508650599e-03
Mon Sep 21 15:11:50 2026<stdout>:921 KSP Residual norm 2.462463882372e-03
Mon Sep 21 15:11:50 2026<stdout>:922 KSP Residual norm 2.461760397022e-03
Mon Sep 21 15:11:50 2026<stdout>:923 KSP Residual norm 2.461665416766e-03
Mon Sep 21 15:11:50 2026<stdout>:924 KSP Residual norm 2.461569575561e-03
Mon Sep 21 15:11:50 2026<stdout>:925 KSP Residual norm 2.461537654653e-03
Mon Sep 21 15:11:50 2026<stdout>:926 KSP Residual norm 2.461534422520e-03
Mon Sep 21 15:11:50 2026<stdout>:927 KSP Residual norm 2.461533493116e-03
Mon Sep 21 15:11:50 2026<stdout>:928 KSP Residual norm 2.461250933738e-03
Mon Sep 21 15:11:50 2026<stdout>:929 KSP Residual norm 2.461239536573e-03
Mon Sep 21 15:11:50 2026<stdout>:930 KSP Residual norm 2.459800739306e-03
Mon Sep 21 15:11:50 2026<stdout>:931 KSP Residual norm 2.459789515864e-03
Mon Sep 21 15:11:50 2026<stdout>:932 KSP Residual norm 2.458899876304e-03
Mon Sep 21 15:11:50 2026<stdout>:933 KSP Residual norm 2.458738636437e-03
Mon Sep 21 15:11:50 2026<stdout>:934 KSP Residual norm 2.455429224218e-03
Mon Sep 21 15:11:50 2026<stdout>:935 KSP Residual norm 2.455369716972e-03
Mon Sep 21 15:11:50 2026<stdout>:936 KSP Residual norm 2.452865261349e-03
Mon Sep 21 15:11:50 2026<stdout>:937 KSP Residual norm 2.452854925193e-03
Mon Sep 21 15:11:50 2026<stdout>:938 KSP Residual norm 2.452831225912e-03
Mon Sep 21 15:11:50 2026<stdout>:939 KSP Residual norm 2.452765143705e-03
Mon Sep 21 15:11:50 2026<stdout>:940 KSP Residual norm 2.450685757718e-03
Mon Sep 21 15:11:50 2026<stdout>:941 KSP Residual norm 2.450517708075e-03
Mon Sep 21 15:11:50 2026<stdout>:942 KSP Residual norm 2.450468582322e-03
Mon Sep 21 15:11:50 2026<stdout>:943 KSP Residual norm 2.450434066201e-03
Mon Sep 21 15:11:51 2026<stdout>:944 KSP Residual norm 2.450425080054e-03
Mon Sep 21 15:11:51 2026<stdout>:945 KSP Residual norm 2.450224458901e-03
Mon Sep 21 15:11:51 2026<stdout>:946 KSP Residual norm 2.450188461999e-03
Mon Sep 21 15:11:51 2026<stdout>:947 KSP Residual norm 2.448917451472e-03
Mon Sep 21 15:11:51 2026<stdout>:948 KSP Residual norm 2.446599183151e-03
Mon Sep 21 15:11:51 2026<stdout>:949 KSP Residual norm 2.445707913684e-03
Mon Sep 21 15:11:51 2026<stdout>:950 KSP Residual norm 2.444556867757e-03
Mon Sep 21 15:11:51 2026<stdout>:951 KSP Residual norm 2.444494085667e-03
Mon Sep 21 15:11:51 2026<stdout>:952 KSP Residual norm 2.444474899009e-03
Mon Sep 21 15:11:51 2026<stdout>:953 KSP Residual norm 2.444462503880e-03
Mon Sep 21 15:11:51 2026<stdout>:954 KSP Residual norm 2.444447487675e-03
Mon Sep 21 15:11:51 2026<stdout>:955 KSP Residual norm 2.444224919098e-03
Mon Sep 21 15:11:51 2026<stdout>:956 KSP Residual norm 2.443855599429e-03
Mon Sep 21 15:11:51 2026<stdout>:957 KSP Residual norm 2.443663659769e-03
Mon Sep 21 15:11:51 2026<stdout>:958 KSP Residual norm 2.442904280305e-03
Mon Sep 21 15:11:51 2026<stdout>:959 KSP Residual norm 2.441399226158e-03
Mon Sep 21 15:11:51 2026<stdout>:960 KSP Residual norm 2.441229022547e-03
Mon Sep 21 15:11:51 2026<stdout>:961 KSP Residual norm 2.441177707546e-03
Mon Sep 21 15:11:51 2026<stdout>:962 KSP Residual norm 2.439347264895e-03
Mon Sep 21 15:11:51 2026<stdout>:963 KSP Residual norm 2.439289592626e-03
Mon Sep 21 15:11:51 2026<stdout>:964 KSP Residual norm 2.439248828625e-03
Mon Sep 21 15:11:51 2026<stdout>:965 KSP Residual norm 2.437535954957e-03
Mon Sep 21 15:11:51 2026<stdout>:966 KSP Residual norm 2.437473471800e-03
Mon Sep 21 15:11:51 2026<stdout>:967 KSP Residual norm 2.437325985630e-03
Mon Sep 21 15:11:51 2026<stdout>:968 KSP Residual norm 2.437304936019e-03
Mon Sep 21 15:11:51 2026<stdout>:969 KSP Residual norm 2.435717229614e-03
Mon Sep 21 15:11:51 2026<stdout>:970 KSP Residual norm 2.435073684283e-03
Mon Sep 21 15:11:51 2026<stdout>:971 KSP Residual norm 2.435072709218e-03
Mon Sep 21 15:11:51 2026<stdout>:972 KSP Residual norm 2.435032790528e-03
Mon Sep 21 15:11:51 2026<stdout>:973 KSP Residual norm 2.435025536731e-03
Mon Sep 21 15:11:51 2026<stdout>:974 KSP Residual norm 2.434655636764e-03
Mon Sep 21 15:11:51 2026<stdout>:975 KSP Residual norm 2.434627223324e-03
Mon Sep 21 15:11:51 2026<stdout>:976 KSP Residual norm 2.434017817411e-03
Mon Sep 21 15:11:51 2026<stdout>:977 KSP Residual norm 2.433887860670e-03
Mon Sep 21 15:11:51 2026<stdout>:978 KSP Residual norm 2.432937440946e-03
Mon Sep 21 15:11:51 2026<stdout>:979 KSP Residual norm 2.432591296104e-03
Mon Sep 21 15:11:51 2026<stdout>:980 KSP Residual norm 2.432036543377e-03
Mon Sep 21 15:11:51 2026<stdout>:981 KSP Residual norm 2.430372067695e-03
Mon Sep 21 15:11:51 2026<stdout>:982 KSP Residual norm 2.430372049150e-03
Mon Sep 21 15:11:51 2026<stdout>:983 KSP Residual norm 2.429948031257e-03
Mon Sep 21 15:11:51 2026<stdout>:984 KSP Residual norm 2.429926635499e-03
Mon Sep 21 15:11:51 2026<stdout>:985 KSP Residual norm 2.428871838413e-03
Mon Sep 21 15:11:51 2026<stdout>:986 KSP Residual norm 2.428624176379e-03
Mon Sep 21 15:11:51 2026<stdout>:987 KSP Residual norm 2.428522548812e-03
Mon Sep 21 15:11:51 2026<stdout>:988 KSP Residual norm 2.428072220425e-03
Mon Sep 21 15:11:51 2026<stdout>:989 KSP Residual norm 2.427531695410e-03
Mon Sep 21 15:11:51 2026<stdout>:990 KSP Residual norm 2.427124523595e-03
Mon Sep 21 15:11:51 2026<stdout>:991 KSP Residual norm 2.426135005629e-03
Mon Sep 21 15:11:51 2026<stdout>:992 KSP Residual norm 2.425812738132e-03
Mon Sep 21 15:11:51 2026<stdout>:993 KSP Residual norm 2.422611168714e-03
Mon Sep 21 15:11:51 2026<stdout>:994 KSP Residual norm 2.422501933108e-03
Mon Sep 21 15:11:51 2026<stdout>:995 KSP Residual norm 2.420964872080e-03
Mon Sep 21 15:11:51 2026<stdout>:996 KSP Residual norm 2.420706010387e-03
Mon Sep 21 15:11:51 2026<stdout>:997 KSP Residual norm 2.420540235580e-03
Mon Sep 21 15:11:51 2026<stdout>:998 KSP Residual norm 2.420498363594e-03
Mon Sep 21 15:11:51 2026<stdout>:999 KSP Residual norm 2.419533420047e-03
Mon Sep 21 15:11:51 2026<stdout>:1000 KSP Residual norm 2.419109105917e-03
Mon Sep 21 15:11:51 2026<stdout>:1001 KSP Residual norm 2.417764138623e-03
Mon Sep 21 15:11:51 2026<stdout>:1002 KSP Residual norm 2.415496621579e-03
Mon Sep 21 15:11:51 2026<stdout>:1003 KSP Residual norm 2.414681616038e-03
Mon Sep 21 15:11:51 2026<stdout>:1004 KSP Residual norm 2.414638075876e-03
Mon Sep 21 15:11:51 2026<stdout>:1005 KSP Residual norm 2.414586591327e-03
Mon Sep 21 15:11:51 2026<stdout>:1006 KSP Residual norm 2.414342396110e-03
Mon Sep 21 15:11:51 2026<stdout>:1007 KSP Residual norm 2.413748643196e-03
Mon Sep 21 15:11:51 2026<stdout>:1008 KSP Residual norm 2.413565595377e-03
Mon Sep 21 15:11:51 2026<stdout>:1009 KSP Residual norm 2.413558431720e-03
Mon Sep 21 15:11:51 2026<stdout>:1010 KSP Residual norm 2.413136097240e-03
Mon Sep 21 15:11:51 2026<stdout>:1011 KSP Residual norm 2.412795516933e-03
Mon Sep 21 15:11:51 2026<stdout>:1012 KSP Residual norm 2.409145291248e-03
Mon Sep 21 15:11:51 2026<stdout>:1013 KSP Residual norm 2.409005115911e-03
Mon Sep 21 15:11:51 2026<stdout>:1014 KSP Residual norm 2.409004706147e-03
Mon Sep 21 15:11:51 2026<stdout>:1015 KSP Residual norm 2.406923477691e-03
Mon Sep 21 15:11:51 2026<stdout>:1016 KSP Residual norm 2.406610055965e-03
Mon Sep 21 15:11:51 2026<stdout>:1017 KSP Residual norm 2.405037079997e-03
Mon Sep 21 15:11:51 2026<stdout>:1018 KSP Residual norm 2.404961063629e-03
Mon Sep 21 15:11:51 2026<stdout>:1019 KSP Residual norm 2.404569643683e-03
Mon Sep 21 15:11:51 2026<stdout>:1020 KSP Residual norm 2.404457596808e-03
Mon Sep 21 15:11:51 2026<stdout>:1021 KSP Residual norm 2.404386202454e-03
Mon Sep 21 15:11:51 2026<stdout>:1022 KSP Residual norm 2.404252483165e-03
Mon Sep 21 15:11:51 2026<stdout>:1023 KSP Residual norm 2.404164502168e-03
Mon Sep 21 15:11:51 2026<stdout>:1024 KSP Residual norm 2.404062103440e-03
Mon Sep 21 15:11:51 2026<stdout>:1025 KSP Residual norm 2.403646729723e-03
Mon Sep 21 15:11:51 2026<stdout>:1026 KSP Residual norm 2.402979766815e-03
Mon Sep 21 15:11:51 2026<stdout>:1027 KSP Residual norm 2.402781471834e-03
Mon Sep 21 15:11:52 2026<stdout>:1028 KSP Residual norm 2.399052750940e-03
Mon Sep 21 15:11:52 2026<stdout>:1029 KSP Residual norm 2.398639578396e-03
Mon Sep 21 15:11:52 2026<stdout>:1030 KSP Residual norm 2.398487411408e-03
Mon Sep 21 15:11:52 2026<stdout>:1031 KSP Residual norm 2.393567287117e-03
Mon Sep 21 15:11:52 2026<stdout>:1032 KSP Residual norm 2.391774815519e-03
Mon Sep 21 15:11:52 2026<stdout>:1033 KSP Residual norm 2.391614265884e-03
Mon Sep 21 15:11:52 2026<stdout>:1034 KSP Residual norm 2.390482561690e-03
Mon Sep 21 15:11:52 2026<stdout>:1035 KSP Residual norm 2.390206107840e-03
Mon Sep 21 15:11:52 2026<stdout>:1036 KSP Residual norm 2.390060030290e-03
Mon Sep 21 15:11:52 2026<stdout>:1037 KSP Residual norm 2.389286305517e-03
Mon Sep 21 15:11:52 2026<stdout>:1038 KSP Residual norm 2.387390530002e-03
Mon Sep 21 15:11:52 2026<stdout>:1039 KSP Residual norm 2.387315487346e-03
Mon Sep 21 15:11:52 2026<stdout>:1040 KSP Residual norm 2.386818746924e-03
Mon Sep 21 15:11:52 2026<stdout>:1041 KSP Residual norm 2.385215562785e-03
Mon Sep 21 15:11:52 2026<stdout>:1042 KSP Residual norm 2.384664037662e-03
Mon Sep 21 15:11:52 2026<stdout>:1043 KSP Residual norm 2.384547240066e-03
Mon Sep 21 15:11:52 2026<stdout>:1044 KSP Residual norm 2.384545450398e-03
Mon Sep 21 15:11:52 2026<stdout>:1045 KSP Residual norm 2.384501998021e-03
Mon Sep 21 15:11:52 2026<stdout>:1046 KSP Residual norm 2.384286501611e-03
Mon Sep 21 15:11:52 2026<stdout>:1047 KSP Residual norm 2.384255852996e-03
Mon Sep 21 15:11:52 2026<stdout>:1048 KSP Residual norm 2.384249639360e-03
Mon Sep 21 15:11:52 2026<stdout>:1049 KSP Residual norm 2.384168521361e-03
Mon Sep 21 15:11:52 2026<stdout>:1050 KSP Residual norm 2.616143557392e-03
Mon Sep 21 15:11:52 2026<stdout>:1051 KSP Residual norm 2.544431890465e-03
Mon Sep 21 15:11:52 2026<stdout>:1052 KSP Residual norm 2.494186279312e-03
Mon Sep 21 15:11:52 2026<stdout>:1053 KSP Residual norm 2.485332490214e-03
Mon Sep 21 15:11:52 2026<stdout>:1054 KSP Residual norm 2.479683128652e-03
Mon Sep 21 15:11:52 2026<stdout>:1055 KSP Residual norm 2.478442910635e-03
Mon Sep 21 15:11:52 2026<stdout>:1056 KSP Residual norm 2.476188263478e-03
Mon Sep 21 15:11:52 2026<stdout>:1057 KSP Residual norm 2.476124723875e-03
Mon Sep 21 15:11:52 2026<stdout>:1058 KSP Residual norm 2.472472272675e-03
Mon Sep 21 15:11:52 2026<stdout>:1059 KSP Residual norm 2.472443832804e-03
Mon Sep 21 15:11:52 2026<stdout>:1060 KSP Residual norm 2.470533184647e-03
Mon Sep 21 15:11:52 2026<stdout>:1061 KSP Residual norm 2.470109595984e-03
Mon Sep 21 15:11:52 2026<stdout>:1062 KSP Residual norm 2.469710795580e-03
Mon Sep 21 15:11:52 2026<stdout>:1063 KSP Residual norm 2.469268996177e-03
Mon Sep 21 15:11:52 2026<stdout>:1064 KSP Residual norm 2.466555037738e-03
Mon Sep 21 15:11:52 2026<stdout>:1065 KSP Residual norm 2.466360493201e-03
Mon Sep 21 15:11:52 2026<stdout>:1066 KSP Residual norm 2.465123913670e-03
Mon Sep 21 15:11:52 2026<stdout>:1067 KSP Residual norm 2.465122676988e-03
Mon Sep 21 15:11:52 2026<stdout>:1068 KSP Residual norm 2.458916108676e-03
Mon Sep 21 15:11:52 2026<stdout>:1069 KSP Residual norm 2.458895104863e-03
Mon Sep 21 15:11:52 2026<stdout>:1070 KSP Residual norm 2.458755810258e-03
Mon Sep 21 15:11:52 2026<stdout>:1071 KSP Residual norm 2.458750216430e-03
Mon Sep 21 15:11:52 2026<stdout>:1072 KSP Residual norm 2.455805558929e-03
Mon Sep 21 15:11:52 2026<stdout>:1073 KSP Residual norm 2.455801882740e-03
Mon Sep 21 15:11:52 2026<stdout>:1074 KSP Residual norm 2.455799380915e-03
Mon Sep 21 15:11:52 2026<stdout>:1075 KSP Residual norm 2.455798503456e-03
Mon Sep 21 15:11:52 2026<stdout>:1076 KSP Residual norm 2.454569705596e-03
Mon Sep 21 15:11:52 2026<stdout>:1077 KSP Residual norm 2.454534042971e-03
Mon Sep 21 15:11:52 2026<stdout>:1078 KSP Residual norm 2.454519834259e-03
Mon Sep 21 15:11:52 2026<stdout>:1079 KSP Residual norm 2.454400297765e-03
Mon Sep 21 15:11:52 2026<stdout>:1080 KSP Residual norm 2.453279353990e-03
Mon Sep 21 15:11:52 2026<stdout>:1081 KSP Residual norm 2.453220280714e-03
Mon Sep 21 15:11:52 2026<stdout>:1082 KSP Residual norm 2.435041642068e-03
Mon Sep 21 15:11:52 2026<stdout>:1083 KSP Residual norm 2.434893522884e-03
Mon Sep 21 15:11:52 2026<stdout>:1084 KSP Residual norm 2.429717861121e-03
Mon Sep 21 15:11:52 2026<stdout>:1085 KSP Residual norm 2.429717307858e-03
Mon Sep 21 15:11:52 2026<stdout>:1086 KSP Residual norm 2.421795364052e-03
Mon Sep 21 15:11:52 2026<stdout>:1087 KSP Residual norm 2.421730635233e-03
Mon Sep 21 15:11:52 2026<stdout>:1088 KSP Residual norm 2.418396962994e-03
Mon Sep 21 15:11:52 2026<stdout>:1089 KSP Residual norm 2.418362124376e-03
Mon Sep 21 15:11:52 2026<stdout>:1090 KSP Residual norm 2.412191976757e-03
Mon Sep 21 15:11:52 2026<stdout>:1091 KSP Residual norm 2.412174826195e-03
Mon Sep 21 15:11:52 2026<stdout>:1092 KSP Residual norm 2.401452225083e-03
Mon Sep 21 15:11:52 2026<stdout>:1093 KSP Residual norm 2.401449245263e-03
Mon Sep 21 15:11:52 2026<stdout>:1094 KSP Residual norm 2.400487866562e-03
Mon Sep 21 15:11:52 2026<stdout>:1095 KSP Residual norm 2.400232617309e-03
Mon Sep 21 15:11:52 2026<stdout>:1096 KSP Residual norm 2.399762303098e-03
Mon Sep 21 15:11:52 2026<stdout>:1097 KSP Residual norm 2.395957531651e-03
Mon Sep 21 15:11:52 2026<stdout>:1098 KSP Residual norm 2.394211222460e-03
Mon Sep 21 15:11:52 2026<stdout>:1099 KSP Residual norm 2.391019924242e-03
Mon Sep 21 15:11:52 2026<stdout>:1100 KSP Residual norm 2.391018341936e-03
Mon Sep 21 15:11:52 2026<stdout>:1101 KSP Residual norm 2.391011559654e-03
Mon Sep 21 15:11:52 2026<stdout>:1102 KSP Residual norm 2.390848276459e-03
Mon Sep 21 15:11:52 2026<stdout>:1103 KSP Residual norm 2.390765968468e-03
Mon Sep 21 15:11:52 2026<stdout>:1104 KSP Residual norm 2.390396239586e-03
Mon Sep 21 15:11:52 2026<stdout>:1105 KSP Residual norm 2.386621763475e-03
Mon Sep 21 15:11:52 2026<stdout>:1106 KSP Residual norm 2.386580063562e-03
Mon Sep 21 15:11:52 2026<stdout>:1107 KSP Residual norm 2.386576044356e-03
Mon Sep 21 15:11:52 2026<stdout>:1108 KSP Residual norm 2.386574931181e-03
Mon Sep 21 15:11:52 2026<stdout>:1109 KSP Residual norm 2.386016635619e-03
Mon Sep 21 15:11:52 2026<stdout>:1110 KSP Residual norm 2.385722382177e-03
Mon Sep 21 15:11:52 2026<stdout>:1111 KSP Residual norm 2.384567163870e-03
Mon Sep 21 15:11:52 2026<stdout>:1112 KSP Residual norm 2.384446412237e-03
Mon Sep 21 15:11:52 2026<stdout>:1113 KSP Residual norm 2.384360598673e-03
Mon Sep 21 15:11:52 2026<stdout>:1114 KSP Residual norm 2.381981024942e-03
Mon Sep 21 15:11:52 2026<stdout>:1115 KSP Residual norm 2.381921304474e-03
Mon Sep 21 15:11:52 2026<stdout>:1116 KSP Residual norm 2.380589488901e-03
Mon Sep 21 15:11:52 2026<stdout>:1117 KSP Residual norm 2.379727798792e-03
Mon Sep 21 15:11:52 2026<stdout>:1118 KSP Residual norm 2.375871427283e-03
Mon Sep 21 15:11:52 2026<stdout>:1119 KSP Residual norm 2.374095729049e-03
Mon Sep 21 15:11:52 2026<stdout>:1120 KSP Residual norm 2.373709661281e-03
Mon Sep 21 15:11:52 2026<stdout>:1121 KSP Residual norm 2.373454646773e-03
Mon Sep 21 15:11:52 2026<stdout>:1122 KSP Residual norm 2.371093511873e-03
Mon Sep 21 15:11:52 2026<stdout>:1123 KSP Residual norm 2.368061907243e-03
Mon Sep 21 15:11:53 2026<stdout>:1124 KSP Residual norm 2.363575447626e-03
Mon Sep 21 15:11:53 2026<stdout>:1125 KSP Residual norm 2.363393356572e-03
Mon Sep 21 15:11:53 2026<stdout>:1126 KSP Residual norm 2.362815395332e-03
Mon Sep 21 15:11:53 2026<stdout>:1127 KSP Residual norm 2.359562830105e-03
Mon Sep 21 15:11:53 2026<stdout>:1128 KSP Residual norm 2.359560317800e-03
Mon Sep 21 15:11:53 2026<stdout>:1129 KSP Residual norm 2.343579221101e-03
Mon Sep 21 15:11:53 2026<stdout>:1130 KSP Residual norm 2.341527623538e-03
Mon Sep 21 15:11:53 2026<stdout>:1131 KSP Residual norm 2.341275146122e-03
Mon Sep 21 15:11:53 2026<stdout>:1132 KSP Residual norm 2.339374624350e-03
Mon Sep 21 15:11:53 2026<stdout>:1133 KSP Residual norm 2.331583227145e-03
Mon Sep 21 15:11:53 2026<stdout>:1134 KSP Residual norm 2.331414131851e-03
Mon Sep 21 15:11:53 2026<stdout>:1135 KSP Residual norm 2.331035316205e-03
Mon Sep 21 15:11:53 2026<stdout>:1136 KSP Residual norm 2.330917268897e-03
Mon Sep 21 15:11:53 2026<stdout>:1137 KSP Residual norm 2.329712384961e-03
Mon Sep 21 15:11:53 2026<stdout>:1138 KSP Residual norm 2.328613340383e-03
Mon Sep 21 15:11:53 2026<stdout>:1139 KSP Residual norm 2.328594748107e-03
Mon Sep 21 15:11:53 2026<stdout>:1140 KSP Residual norm 2.327881574322e-03
Mon Sep 21 15:11:53 2026<stdout>:1141 KSP Residual norm 2.327783966531e-03
Mon Sep 21 15:11:53 2026<stdout>:1142 KSP Residual norm 2.327783731350e-03
Mon Sep 21 15:11:53 2026<stdout>:1143 KSP Residual norm 2.327615341681e-03
Mon Sep 21 15:11:53 2026<stdout>:1144 KSP Residual norm 2.327535844899e-03
Mon Sep 21 15:11:53 2026<stdout>:1145 KSP Residual norm 2.324614001791e-03
Mon Sep 21 15:11:53 2026<stdout>:1146 KSP Residual norm 2.323398218077e-03
Mon Sep 21 15:11:53 2026<stdout>:1147 KSP Residual norm 2.323257156449e-03
Mon Sep 21 15:11:53 2026<stdout>:1148 KSP Residual norm 2.323183007057e-03
Mon Sep 21 15:11:53 2026<stdout>:1149 KSP Residual norm 2.323151779476e-03
Mon Sep 21 15:11:53 2026<stdout>:1150 KSP Residual norm 2.323017193311e-03
Mon Sep 21 15:11:53 2026<stdout>:1151 KSP Residual norm 2.320901724810e-03
Mon Sep 21 15:11:53 2026<stdout>:1152 KSP Residual norm 2.320883696861e-03
Mon Sep 21 15:11:53 2026<stdout>:1153 KSP Residual norm 2.319631859531e-03
Mon Sep 21 15:11:53 2026<stdout>:1154 KSP Residual norm 2.316862444723e-03
Mon Sep 21 15:11:53 2026<stdout>:1155 KSP Residual norm 2.315434137756e-03
Mon Sep 21 15:11:53 2026<stdout>:1156 KSP Residual norm 2.314373221398e-03
Mon Sep 21 15:11:53 2026<stdout>:1157 KSP Residual norm 2.312196783866e-03
Mon Sep 21 15:11:53 2026<stdout>:1158 KSP Residual norm 2.311859178314e-03
Mon Sep 21 15:11:53 2026<stdout>:1159 KSP Residual norm 2.311856458059e-03
Mon Sep 21 15:11:53 2026<stdout>:1160 KSP Residual norm 2.311830806533e-03
Mon Sep 21 15:11:53 2026<stdout>:1161 KSP Residual norm 2.311480070490e-03
Mon Sep 21 15:11:53 2026<stdout>:1162 KSP Residual norm 2.311475752248e-03
Mon Sep 21 15:11:53 2026<stdout>:1163 KSP Residual norm 2.311468236546e-03
Mon Sep 21 15:11:53 2026<stdout>:1164 KSP Residual norm 2.310699376521e-03
Mon Sep 21 15:11:53 2026<stdout>:1165 KSP Residual norm 2.310505802264e-03
Mon Sep 21 15:11:53 2026<stdout>:1166 KSP Residual norm 2.310278434343e-03
Mon Sep 21 15:11:53 2026<stdout>:1167 KSP Residual norm 2.305898617327e-03
Mon Sep 21 15:11:53 2026<stdout>:1168 KSP Residual norm 2.305402273638e-03
Mon Sep 21 15:11:53 2026<stdout>:1169 KSP Residual norm 2.301152193931e-03
Mon Sep 21 15:11:53 2026<stdout>:1170 KSP Residual norm 2.292823328389e-03
Mon Sep 21 15:11:53 2026<stdout>:1171 KSP Residual norm 2.291702118887e-03
Mon Sep 21 15:11:53 2026<stdout>:1172 KSP Residual norm 2.291624069709e-03
Mon Sep 21 15:11:53 2026<stdout>:1173 KSP Residual norm 2.291493997929e-03
Mon Sep 21 15:11:53 2026<stdout>:1174 KSP Residual norm 2.291404703209e-03
Mon Sep 21 15:11:53 2026<stdout>:1175 KSP Residual norm 2.291190175144e-03
Mon Sep 21 15:11:53 2026<stdout>:1176 KSP Residual norm 2.288001895838e-03
Mon Sep 21 15:11:53 2026<stdout>:1177 KSP Residual norm 2.287467269256e-03
Mon Sep 21 15:11:53 2026<stdout>:1178 KSP Residual norm 2.285005162686e-03
Mon Sep 21 15:11:53 2026<stdout>:1179 KSP Residual norm 2.285003941951e-03
Mon Sep 21 15:11:53 2026<stdout>:1180 KSP Residual norm 2.284718299748e-03
Mon Sep 21 15:11:53 2026<stdout>:1181 KSP Residual norm 2.284705966304e-03
Mon Sep 21 15:11:53 2026<stdout>:1182 KSP Residual norm 2.281643532309e-03
Mon Sep 21 15:11:53 2026<stdout>:1183 KSP Residual norm 2.281391432286e-03
Mon Sep 21 15:11:53 2026<stdout>:1184 KSP Residual norm 2.278039567597e-03
Mon Sep 21 15:11:53 2026<stdout>:1185 KSP Residual norm 2.278017413795e-03
Mon Sep 21 15:11:53 2026<stdout>:1186 KSP Residual norm 2.277958035536e-03
Mon Sep 21 15:11:53 2026<stdout>:1187 KSP Residual norm 2.276713377144e-03
Mon Sep 21 15:11:53 2026<stdout>:1188 KSP Residual norm 2.276584529159e-03
Mon Sep 21 15:11:53 2026<stdout>:1189 KSP Residual norm 2.276565616729e-03
Mon Sep 21 15:11:53 2026<stdout>:1190 KSP Residual norm 2.276309269765e-03
Mon Sep 21 15:11:53 2026<stdout>:1191 KSP Residual norm 2.276305900023e-03
Mon Sep 21 15:11:53 2026<stdout>:1192 KSP Residual norm 2.275607850761e-03
Mon Sep 21 15:11:53 2026<stdout>:1193 KSP Residual norm 2.275171227750e-03
Mon Sep 21 15:11:53 2026<stdout>:1194 KSP Residual norm 2.274820816919e-03
Mon Sep 21 15:11:53 2026<stdout>:1195 KSP Residual norm 2.274065557500e-03
Mon Sep 21 15:11:53 2026<stdout>:1196 KSP Residual norm 2.274029315344e-03
Mon Sep 21 15:11:53 2026<stdout>:1197 KSP Residual norm 2.274002579300e-03
Mon Sep 21 15:11:53 2026<stdout>:1198 KSP Residual norm 2.271845663810e-03
Mon Sep 21 15:11:53 2026<stdout>:1199 KSP Residual norm 2.271734510435e-03
Mon Sep 21 15:11:53 2026<stdout>:1200 KSP Residual norm 2.740489538702e-03
Mon Sep 21 15:11:54 2026<stdout>:1201 KSP Residual norm 2.674198668617e-03
Mon Sep 21 15:11:54 2026<stdout>:1202 KSP Residual norm 2.616904323691e-03
Mon Sep 21 15:11:54 2026<stdout>:1203 KSP Residual norm 2.615233953444e-03
Mon Sep 21 15:11:54 2026<stdout>:1204 KSP Residual norm 2.614562044957e-03
Mon Sep 21 15:11:54 2026<stdout>:1205 KSP Residual norm 2.614559445847e-03
Mon Sep 21 15:11:54 2026<stdout>:1206 KSP Residual norm 2.612448429634e-03
Mon Sep 21 15:11:54 2026<stdout>:1207 KSP Residual norm 2.612432681287e-03
Mon Sep 21 15:11:54 2026<stdout>:1208 KSP Residual norm 2.610182570704e-03
Mon Sep 21 15:11:54 2026<stdout>:1209 KSP Residual norm 2.610080806730e-03
Mon Sep 21 15:11:54 2026<stdout>:1210 KSP Residual norm 2.607869105383e-03
Mon Sep 21 15:11:54 2026<stdout>:1211 KSP Residual norm 2.607774659301e-03
Mon Sep 21 15:11:54 2026<stdout>:1212 KSP Residual norm 2.578423049791e-03
Mon Sep 21 15:11:54 2026<stdout>:1213 KSP Residual norm 2.578367585208e-03
Mon Sep 21 15:11:54 2026<stdout>:1214 KSP Residual norm 2.577081673873e-03
Mon Sep 21 15:11:54 2026<stdout>:1215 KSP Residual norm 2.577041045002e-03
Mon Sep 21 15:11:54 2026<stdout>:1216 KSP Residual norm 2.577005731724e-03
Mon Sep 21 15:11:54 2026<stdout>:1217 KSP Residual norm 2.576822861341e-03
Mon Sep 21 15:11:54 2026<stdout>:1218 KSP Residual norm 2.575445972493e-03
Mon Sep 21 15:11:54 2026<stdout>:1219 KSP Residual norm 2.575437350217e-03
Mon Sep 21 15:11:54 2026<stdout>:1220 KSP Residual norm 2.575292889051e-03
Mon Sep 21 15:11:54 2026<stdout>:1221 KSP Residual norm 2.575167270773e-03
Mon Sep 21 15:11:54 2026<stdout>:1222 KSP Residual norm 2.572999894356e-03
Mon Sep 21 15:11:54 2026<stdout>:1223 KSP Residual norm 2.572963991002e-03
Mon Sep 21 15:11:54 2026<stdout>:1224 KSP Residual norm 2.572453021077e-03
Mon Sep 21 15:11:54 2026<stdout>:1225 KSP Residual norm 2.572440439044e-03
Mon Sep 21 15:11:54 2026<stdout>:1226 KSP Residual norm 2.572359620903e-03
Mon Sep 21 15:11:54 2026<stdout>:1227 KSP Residual norm 2.572359331838e-03
Mon Sep 21 15:11:54 2026<stdout>:1228 KSP Residual norm 2.571727642916e-03
Mon Sep 21 15:11:54 2026<stdout>:1229 KSP Residual norm 2.571634329081e-03
Mon Sep 21 15:11:54 2026<stdout>:1230 KSP Residual norm 2.571559301093e-03
Mon Sep 21 15:11:54 2026<stdout>:1231 KSP Residual norm 2.571421691596e-03
Mon Sep 21 15:11:54 2026<stdout>:1232 KSP Residual norm 2.566582782874e-03
Mon Sep 21 15:11:54 2026<stdout>:1233 KSP Residual norm 2.566496005810e-03
Mon Sep 21 15:11:54 2026<stdout>:1234 KSP Residual norm 2.566300161196e-03
Mon Sep 21 15:11:54 2026<stdout>:1235 KSP Residual norm 2.566298203085e-03
Mon Sep 21 15:11:54 2026<stdout>:1236 KSP Residual norm 2.561747821698e-03
Mon Sep 21 15:11:54 2026<stdout>:1237 KSP Residual norm 2.561670858466e-03
Mon Sep 21 15:11:54 2026<stdout>:1238 KSP Residual norm 2.560626502713e-03
Mon Sep 21 15:11:54 2026<stdout>:1239 KSP Residual norm 2.560615937437e-03
Mon Sep 21 15:11:54 2026<stdout>:1240 KSP Residual norm 2.560615026471e-03
Mon Sep 21 15:11:54 2026<stdout>:1241 KSP Residual norm 2.560563690122e-03
Mon Sep 21 15:11:54 2026<stdout>:1242 KSP Residual norm 2.559666807698e-03
Mon Sep 21 15:11:54 2026<stdout>:1243 KSP Residual norm 2.559523660190e-03
Mon Sep 21 15:11:54 2026<stdout>:1244 KSP Residual norm 2.558305081238e-03
Mon Sep 21 15:11:54 2026<stdout>:1245 KSP Residual norm 2.558300740964e-03
Mon Sep 21 15:11:54 2026<stdout>:1246 KSP Residual norm 2.558102645242e-03
Mon Sep 21 15:11:54 2026<stdout>:1247 KSP Residual norm 2.557503709614e-03
Mon Sep 21 15:11:54 2026<stdout>:1248 KSP Residual norm 2.552417619043e-03
Mon Sep 21 15:11:54 2026<stdout>:1249 KSP Residual norm 2.552099489842e-03
Mon Sep 21 15:11:54 2026<stdout>:1250 KSP Residual norm 2.546705273419e-03
Mon Sep 21 15:11:54 2026<stdout>:1251 KSP Residual norm 2.546663039985e-03
Mon Sep 21 15:11:54 2026<stdout>:1252 KSP Residual norm 2.544795224026e-03
Mon Sep 21 15:11:54 2026<stdout>:1253 KSP Residual norm 2.544178725221e-03
Mon Sep 21 15:11:54 2026<stdout>:1254 KSP Residual norm 2.544139247472e-03
Mon Sep 21 15:11:54 2026<stdout>:1255 KSP Residual norm 2.543802898487e-03
Mon Sep 21 15:11:54 2026<stdout>:1256 KSP Residual norm 2.538733081469e-03
Mon Sep 21 15:11:54 2026<stdout>:1257 KSP Residual norm 2.537006610243e-03
Mon Sep 21 15:11:54 2026<stdout>:1258 KSP Residual norm 2.536866599470e-03
Mon Sep 21 15:11:54 2026<stdout>:1259 KSP Residual norm 2.536772324062e-03
Mon Sep 21 15:11:54 2026<stdout>:1260 KSP Residual norm 2.536738590258e-03
Mon Sep 21 15:11:54 2026<stdout>:1261 KSP Residual norm 2.536425567532e-03
Mon Sep 21 15:11:54 2026<stdout>:1262 KSP Residual norm 2.536111704919e-03
Mon Sep 21 15:11:54 2026<stdout>:1263 KSP Residual norm 2.536020479548e-03
Mon Sep 21 15:11:54 2026<stdout>:1264 KSP Residual norm 2.535995412208e-03
Mon Sep 21 15:11:54 2026<stdout>:1265 KSP Residual norm 2.535992109478e-03
Mon Sep 21 15:11:54 2026<stdout>:1266 KSP Residual norm 2.535787852280e-03
Mon Sep 21 15:11:54 2026<stdout>:1267 KSP Residual norm 2.535779229341e-03
Mon Sep 21 15:11:54 2026<stdout>:1268 KSP Residual norm 2.535750300105e-03
Mon Sep 21 15:11:54 2026<stdout>:1269 KSP Residual norm 2.533947712713e-03
Mon Sep 21 15:11:54 2026<stdout>:1270 KSP Residual norm 2.529887346335e-03
Mon Sep 21 15:11:54 2026<stdout>:1271 KSP Residual norm 2.529543342029e-03
Mon Sep 21 15:11:54 2026<stdout>:1272 KSP Residual norm 2.529448211437e-03
Mon Sep 21 15:11:54 2026<stdout>:1273 KSP Residual norm 2.529446082828e-03
Mon Sep 21 15:11:54 2026<stdout>:1274 KSP Residual norm 2.529186004247e-03
Mon Sep 21 15:11:54 2026<stdout>:1275 KSP Residual norm 2.525809099788e-03
Mon Sep 21 15:11:54 2026<stdout>:1276 KSP Residual norm 2.525549012185e-03
Mon Sep 21 15:11:54 2026<stdout>:1277 KSP Residual norm 2.525223563715e-03
Mon Sep 21 15:11:54 2026<stdout>:1278 KSP Residual norm 2.523104372223e-03
Mon Sep 21 15:11:54 2026<stdout>:1279 KSP Residual norm 2.522882678447e-03
Mon Sep 21 15:11:54 2026<stdout>:1280 KSP Residual norm 2.519910757106e-03
Mon Sep 21 15:11:54 2026<stdout>:1281 KSP Residual norm 2.519417414123e-03
Mon Sep 21 15:11:54 2026<stdout>:1282 KSP Residual norm 2.519059472406e-03
Mon Sep 21 15:11:54 2026<stdout>:1283 KSP Residual norm 2.518937706153e-03
Mon Sep 21 15:11:54 2026<stdout>:1284 KSP Residual norm 2.517897762098e-03
Mon Sep 21 15:11:54 2026<stdout>:1285 KSP Residual norm 2.517722918721e-03
Mon Sep 21 15:11:54 2026<stdout>:1286 KSP Residual norm 2.517705881320e-03
Mon Sep 21 15:11:54 2026<stdout>:1287 KSP Residual norm 2.517524522051e-03
Mon Sep 21 15:11:54 2026<stdout>:1288 KSP Residual norm 2.516282730702e-03
Mon Sep 21 15:11:54 2026<stdout>:1289 KSP Residual norm 2.516236917750e-03
Mon Sep 21 15:11:54 2026<stdout>:1290 KSP Residual norm 2.515628814736e-03
Mon Sep 21 15:11:54 2026<stdout>:1291 KSP Residual norm 2.515583911929e-03
Mon Sep 21 15:11:54 2026<stdout>:1292 KSP Residual norm 2.514986387267e-03
Mon Sep 21 15:11:54 2026<stdout>:1293 KSP Residual norm 2.514813715143e-03
Mon Sep 21 15:11:54 2026<stdout>:1294 KSP Residual norm 2.514812944390e-03
Mon Sep 21 15:11:54 2026<stdout>:1295 KSP Residual norm 2.511901904488e-03
Mon Sep 21 15:11:54 2026<stdout>:1296 KSP Residual norm 2.511641330476e-03
Mon Sep 21 15:11:54 2026<stdout>:1297 KSP Residual norm 2.511630927959e-03
Mon Sep 21 15:11:54 2026<stdout>:1298 KSP Residual norm 2.511533580961e-03
Mon Sep 21 15:11:54 2026<stdout>:1299 KSP Residual norm 2.511420160413e-03
Mon Sep 21 15:11:54 2026<stdout>:1300 KSP Residual norm 2.509194337276e-03
Mon Sep 21 15:11:55 2026<stdout>:1301 KSP Residual norm 2.508772674641e-03
Mon Sep 21 15:11:55 2026<stdout>:1302 KSP Residual norm 2.507204462884e-03
Mon Sep 21 15:11:55 2026<stdout>:1303 KSP Residual norm 2.507138895691e-03
Mon Sep 21 15:11:55 2026<stdout>:1304 KSP Residual norm 2.507117438176e-03
Mon Sep 21 15:11:55 2026<stdout>:1305 KSP Residual norm 2.505547740704e-03
Mon Sep 21 15:11:55 2026<stdout>:1306 KSP Residual norm 2.504711136715e-03
Mon Sep 21 15:11:55 2026<stdout>:1307 KSP Residual norm 2.504607417290e-03
Mon Sep 21 15:11:55 2026<stdout>:1308 KSP Residual norm 2.503190065766e-03
Mon Sep 21 15:11:55 2026<stdout>:1309 KSP Residual norm 2.503051005904e-03
Mon Sep 21 15:11:55 2026<stdout>:1310 KSP Residual norm 2.503024824572e-03
Mon Sep 21 15:11:55 2026<stdout>:1311 KSP Residual norm 2.502614154665e-03
Mon Sep 21 15:11:55 2026<stdout>:1312 KSP Residual norm 2.502563633301e-03
Mon Sep 21 15:11:55 2026<stdout>:1313 KSP Residual norm 2.502257351140e-03
Mon Sep 21 15:11:55 2026<stdout>:1314 KSP Residual norm 2.502247144106e-03
Mon Sep 21 15:11:55 2026<stdout>:1315 KSP Residual norm 2.501072929098e-03
Mon Sep 21 15:11:55 2026<stdout>:1316 KSP Residual norm 2.489016795039e-03
Mon Sep 21 15:11:55 2026<stdout>:1317 KSP Residual norm 2.483251366577e-03
Mon Sep 21 15:11:55 2026<stdout>:1318 KSP Residual norm 2.468071831966e-03
Mon Sep 21 15:11:55 2026<stdout>:1319 KSP Residual norm 2.466784999660e-03
Mon Sep 21 15:11:55 2026<stdout>:1320 KSP Residual norm 2.466603863490e-03
Mon Sep 21 15:11:55 2026<stdout>:1321 KSP Residual norm 2.466279910698e-03
Mon Sep 21 15:11:55 2026<stdout>:1322 KSP Residual norm 2.465980322117e-03
Mon Sep 21 15:11:55 2026<stdout>:1323 KSP Residual norm 2.465372899930e-03
Mon Sep 21 15:11:55 2026<stdout>:1324 KSP Residual norm 2.465369589478e-03
Mon Sep 21 15:11:55 2026<stdout>:1325 KSP Residual norm 2.464112502823e-03
Mon Sep 21 15:11:55 2026<stdout>:1326 KSP Residual norm 2.463935588127e-03
Mon Sep 21 15:11:55 2026<stdout>:1327 KSP Residual norm 2.463651197934e-03
Mon Sep 21 15:11:55 2026<stdout>:1328 KSP Residual norm 2.463651157306e-03
Mon Sep 21 15:11:55 2026<stdout>:1329 KSP Residual norm 2.460971679322e-03
Mon Sep 21 15:11:55 2026<stdout>:1330 KSP Residual norm 2.460164120416e-03
Mon Sep 21 15:11:55 2026<stdout>:1331 KSP Residual norm 2.460004791632e-03
Mon Sep 21 15:11:55 2026<stdout>:1332 KSP Residual norm 2.459980518660e-03
Mon Sep 21 15:11:55 2026<stdout>:1333 KSP Residual norm 2.459843704122e-03
Mon Sep 21 15:11:55 2026<stdout>:1334 KSP Residual norm 2.459828060354e-03
Mon Sep 21 15:11:55 2026<stdout>:1335 KSP Residual norm 2.459779564837e-03
Mon Sep 21 15:11:55 2026<stdout>:1336 KSP Residual norm 2.459725473663e-03
Mon Sep 21 15:11:55 2026<stdout>:1337 KSP Residual norm 2.459217857351e-03
Mon Sep 21 15:11:55 2026<stdout>:1338 KSP Residual norm 2.456543691968e-03
Mon Sep 21 15:11:55 2026<stdout>:1339 KSP Residual norm 2.456520167253e-03
Mon Sep 21 15:11:55 2026<stdout>:1340 KSP Residual norm 2.452208373743e-03
Mon Sep 21 15:11:55 2026<stdout>:1341 KSP Residual norm 2.450086191686e-03
Mon Sep 21 15:11:55 2026<stdout>:1342 KSP Residual norm 2.449948951007e-03
Mon Sep 21 15:11:55 2026<stdout>:1343 KSP Residual norm 2.449427562548e-03
Mon Sep 21 15:11:55 2026<stdout>:1344 KSP Residual norm 2.449417079836e-03
Mon Sep 21 15:11:55 2026<stdout>:1345 KSP Residual norm 2.449123394748e-03
Mon Sep 21 15:11:55 2026<stdout>:1346 KSP Residual norm 2.446024952597e-03
Mon Sep 21 15:11:55 2026<stdout>:1347 KSP Residual norm 2.438563428441e-03
Mon Sep 21 15:11:55 2026<stdout>:1348 KSP Residual norm 2.438245276825e-03
Mon Sep 21 15:11:55 2026<stdout>:1349 KSP Residual norm 2.438117551256e-03
Mon Sep 21 15:11:55 2026<stdout>:1350 KSP Residual norm 2.979400103404e-03
Mon Sep 21 15:11:55 2026<stdout>:1351 KSP Residual norm 2.798170085311e-03
Mon Sep 21 15:11:55 2026<stdout>:1352 KSP Residual norm 2.797641042822e-03
Mon Sep 21 15:11:55 2026<stdout>:1353 KSP Residual norm 2.797609904646e-03
Mon Sep 21 15:11:55 2026<stdout>:1354 KSP Residual norm 2.736195128246e-03
Mon Sep 21 15:11:55 2026<stdout>:1355 KSP Residual norm 2.734296718392e-03
Mon Sep 21 15:11:55 2026<stdout>:1356 KSP Residual norm 2.733897304629e-03
Mon Sep 21 15:11:55 2026<stdout>:1357 KSP Residual norm 2.733738985339e-03
Mon Sep 21 15:11:55 2026<stdout>:1358 KSP Residual norm 2.731499093591e-03
Mon Sep 21 15:11:55 2026<stdout>:1359 KSP Residual norm 2.731345645649e-03
Mon Sep 21 15:11:55 2026<stdout>:1360 KSP Residual norm 2.731342583162e-03
Mon Sep 21 15:11:55 2026<stdout>:1361 KSP Residual norm 2.731342378330e-03
Mon Sep 21 15:11:55 2026<stdout>:1362 KSP Residual norm 2.720198094305e-03
Mon Sep 21 15:11:55 2026<stdout>:1363 KSP Residual norm 2.720186821219e-03
Mon Sep 21 15:11:55 2026<stdout>:1364 KSP Residual norm 2.719647912316e-03
Mon Sep 21 15:11:55 2026<stdout>:1365 KSP Residual norm 2.719599616611e-03
Mon Sep 21 15:11:55 2026<stdout>:1366 KSP Residual norm 2.718091003977e-03
Mon Sep 21 15:11:55 2026<stdout>:1367 KSP Residual norm 2.718009471096e-03
Mon Sep 21 15:11:55 2026<stdout>:1368 KSP Residual norm 2.715390226530e-03
Mon Sep 21 15:11:55 2026<stdout>:1369 KSP Residual norm 2.715390194202e-03
Mon Sep 21 15:11:55 2026<stdout>:1370 KSP Residual norm 2.699308780478e-03
Mon Sep 21 15:11:55 2026<stdout>:1371 KSP Residual norm 2.699292891919e-03
Mon Sep 21 15:11:55 2026<stdout>:1372 KSP Residual norm 2.698597200783e-03
Mon Sep 21 15:11:55 2026<stdout>:1373 KSP Residual norm 2.698491252584e-03
Mon Sep 21 15:11:55 2026<stdout>:1374 KSP Residual norm 2.684887733220e-03
Mon Sep 21 15:11:55 2026<stdout>:1375 KSP Residual norm 2.684887609273e-03
Mon Sep 21 15:11:55 2026<stdout>:1376 KSP Residual norm 2.676421486591e-03
Mon Sep 21 15:11:55 2026<stdout>:1377 KSP Residual norm 2.676258732425e-03
Mon Sep 21 15:11:55 2026<stdout>:1378 KSP Residual norm 2.676213731510e-03
Mon Sep 21 15:11:55 2026<stdout>:1379 KSP Residual norm 2.676193722228e-03
Mon Sep 21 15:11:55 2026<stdout>:1380 KSP Residual norm 2.673934633675e-03
Mon Sep 21 15:11:55 2026<stdout>:1381 KSP Residual norm 2.673930471022e-03
Mon Sep 21 15:11:55 2026<stdout>:1382 KSP Residual norm 2.673897246528e-03
Mon Sep 21 15:11:55 2026<stdout>:1383 KSP Residual norm 2.673874080422e-03
Mon Sep 21 15:11:55 2026<stdout>:1384 KSP Residual norm 2.673483470767e-03
Mon Sep 21 15:11:55 2026<stdout>:1385 KSP Residual norm 2.673469633697e-03
Mon Sep 21 15:11:55 2026<stdout>:1386 KSP Residual norm 2.673442228724e-03
Mon Sep 21 15:11:55 2026<stdout>:1387 KSP Residual norm 2.673350519269e-03
Mon Sep 21 15:11:55 2026<stdout>:1388 KSP Residual norm 2.669786007931e-03
Mon Sep 21 15:11:56 2026<stdout>:1389 KSP Residual norm 2.669733148937e-03
Mon Sep 21 15:11:56 2026<stdout>:1390 KSP Residual norm 2.663157896816e-03
Mon Sep 21 15:11:56 2026<stdout>:1391 KSP Residual norm 2.663100049888e-03
Mon Sep 21 15:11:56 2026<stdout>:1392 KSP Residual norm 2.662893978742e-03
Mon Sep 21 15:11:56 2026<stdout>:1393 KSP Residual norm 2.662893422335e-03
Mon Sep 21 15:11:56 2026<stdout>:1394 KSP Residual norm 2.661623676389e-03
Mon Sep 21 15:11:56 2026<stdout>:1395 KSP Residual norm 2.661517819403e-03
Mon Sep 21 15:11:56 2026<stdout>:1396 KSP Residual norm 2.659508683925e-03
Mon Sep 21 15:11:56 2026<stdout>:1397 KSP Residual norm 2.659021373591e-03
Mon Sep 21 15:11:56 2026<stdout>:1398 KSP Residual norm 2.652317127877e-03
Mon Sep 21 15:11:56 2026<stdout>:1399 KSP Residual norm 2.651800160099e-03
Mon Sep 21 15:11:56 2026<stdout>:1400 KSP Residual norm 2.651139566601e-03
Mon Sep 21 15:11:56 2026<stdout>:1401 KSP Residual norm 2.647520859128e-03
Mon Sep 21 15:11:56 2026<stdout>:1402 KSP Residual norm 2.642109148538e-03
Mon Sep 21 15:11:56 2026<stdout>:1403 KSP Residual norm 2.640043043659e-03
Mon Sep 21 15:11:56 2026<stdout>:1404 KSP Residual norm 2.625088467814e-03
Mon Sep 21 15:11:56 2026<stdout>:1405 KSP Residual norm 2.625047011427e-03
Mon Sep 21 15:11:56 2026<stdout>:1406 KSP Residual norm 2.624724018222e-03
Mon Sep 21 15:11:56 2026<stdout>:1407 KSP Residual norm 2.624550735039e-03
Mon Sep 21 15:11:56 2026<stdout>:1408 KSP Residual norm 2.624367769853e-03
Mon Sep 21 15:11:56 2026<stdout>:1409 KSP Residual norm 2.623348309721e-03
Mon Sep 21 15:11:56 2026<stdout>:1410 KSP Residual norm 2.622811651945e-03
Mon Sep 21 15:11:56 2026<stdout>:1411 KSP Residual norm 2.616348187162e-03
Mon Sep 21 15:11:56 2026<stdout>:1412 KSP Residual norm 2.616339995605e-03
Mon Sep 21 15:11:56 2026<stdout>:1413 KSP Residual norm 2.615614169766e-03
Mon Sep 21 15:11:56 2026<stdout>:1414 KSP Residual norm 2.615235008979e-03
Mon Sep 21 15:11:56 2026<stdout>:1415 KSP Residual norm 2.613011357454e-03
Mon Sep 21 15:11:56 2026<stdout>:1416 KSP Residual norm 2.613008858411e-03
Mon Sep 21 15:11:56 2026<stdout>:1417 KSP Residual norm 2.610517540395e-03
Mon Sep 21 15:11:56 2026<stdout>:1418 KSP Residual norm 2.606611282831e-03
Mon Sep 21 15:11:56 2026<stdout>:1419 KSP Residual norm 2.606203202338e-03
Mon Sep 21 15:11:56 2026<stdout>:1420 KSP Residual norm 2.603708033646e-03
Mon Sep 21 15:11:56 2026<stdout>:1421 KSP Residual norm 2.603278040260e-03
Mon Sep 21 15:11:56 2026<stdout>:1422 KSP Residual norm 2.600241760323e-03
Mon Sep 21 15:11:56 2026<stdout>:1423 KSP Residual norm 2.599559690276e-03
Mon Sep 21 15:11:56 2026<stdout>:1424 KSP Residual norm 2.598862915952e-03
Mon Sep 21 15:11:56 2026<stdout>:1425 KSP Residual norm 2.598349043187e-03
Mon Sep 21 15:11:56 2026<stdout>:1426 KSP Residual norm 2.598197793562e-03
Mon Sep 21 15:11:56 2026<stdout>:1427 KSP Residual norm 2.594476282402e-03
Mon Sep 21 15:11:56 2026<stdout>:1428 KSP Residual norm 2.588694769987e-03
Mon Sep 21 15:11:56 2026<stdout>:1429 KSP Residual norm 2.588337376679e-03
Mon Sep 21 15:11:56 2026<stdout>:1430 KSP Residual norm 2.588336094983e-03
Mon Sep 21 15:11:56 2026<stdout>:1431 KSP Residual norm 2.581444444508e-03
Mon Sep 21 15:11:56 2026<stdout>:1432 KSP Residual norm 2.581302275018e-03
Mon Sep 21 15:11:56 2026<stdout>:1433 KSP Residual norm 2.580417290639e-03
Mon Sep 21 15:11:56 2026<stdout>:1434 KSP Residual norm 2.580348559226e-03
Mon Sep 21 15:11:56 2026<stdout>:1435 KSP Residual norm 2.579927865692e-03
Mon Sep 21 15:11:56 2026<stdout>:1436 KSP Residual norm 2.579496834261e-03
Mon Sep 21 15:11:56 2026<stdout>:1437 KSP Residual norm 2.578473799780e-03
Mon Sep 21 15:11:56 2026<stdout>:1438 KSP Residual norm 2.577753752868e-03
Mon Sep 21 15:11:56 2026<stdout>:1439 KSP Residual norm 2.576047574206e-03
Mon Sep 21 15:11:56 2026<stdout>:1440 KSP Residual norm 2.572506816773e-03
Mon Sep 21 15:11:56 2026<stdout>:1441 KSP Residual norm 2.572376357010e-03
Mon Sep 21 15:11:56 2026<stdout>:1442 KSP Residual norm 2.571386488360e-03
Mon Sep 21 15:11:56 2026<stdout>:1443 KSP Residual norm 2.569060492497e-03
Mon Sep 21 15:11:56 2026<stdout>:1444 KSP Residual norm 2.568777870011e-03
Mon Sep 21 15:11:56 2026<stdout>:1445 KSP Residual norm 2.566523660316e-03
Mon Sep 21 15:11:56 2026<stdout>:1446 KSP Residual norm 2.564188934277e-03
Mon Sep 21 15:11:56 2026<stdout>:1447 KSP Residual norm 2.563792406349e-03
Mon Sep 21 15:11:56 2026<stdout>:1448 KSP Residual norm 2.563603459335e-03
Mon Sep 21 15:11:56 2026<stdout>:1449 KSP Residual norm 2.562737698764e-03
Mon Sep 21 15:11:56 2026<stdout>:1450 KSP Residual norm 2.562615343129e-03
Mon Sep 21 15:11:56 2026<stdout>:1451 KSP Residual norm 2.562543844890e-03
Mon Sep 21 15:11:56 2026<stdout>:1452 KSP Residual norm 2.560923861764e-03
Mon Sep 21 15:11:56 2026<stdout>:1453 KSP Residual norm 2.552043342113e-03
Mon Sep 21 15:11:56 2026<stdout>:1454 KSP Residual norm 2.546937206274e-03
Mon Sep 21 15:11:56 2026<stdout>:1455 KSP Residual norm 2.541223734161e-03
Mon Sep 21 15:11:56 2026<stdout>:1456 KSP Residual norm 2.540621024453e-03
Mon Sep 21 15:11:56 2026<stdout>:1457 KSP Residual norm 2.539934827373e-03
Mon Sep 21 15:11:56 2026<stdout>:1458 KSP Residual norm 2.539577499021e-03
Mon Sep 21 15:11:56 2026<stdout>:1459 KSP Residual norm 2.537191631648e-03
Mon Sep 21 15:11:56 2026<stdout>:1460 KSP Residual norm 2.537070292665e-03
Mon Sep 21 15:11:56 2026<stdout>:1461 KSP Residual norm 2.537024321961e-03
Mon Sep 21 15:11:56 2026<stdout>:1462 KSP Residual norm 2.535547848857e-03
Mon Sep 21 15:11:56 2026<stdout>:1463 KSP Residual norm 2.532502939992e-03
Mon Sep 21 15:11:56 2026<stdout>:1464 KSP Residual norm 2.532344416863e-03
Mon Sep 21 15:11:56 2026<stdout>:1465 KSP Residual norm 2.532102356633e-03
Mon Sep 21 15:11:56 2026<stdout>:1466 KSP Residual norm 2.532065688264e-03
Mon Sep 21 15:11:56 2026<stdout>:1467 KSP Residual norm 2.531819290210e-03
Mon Sep 21 15:11:56 2026<stdout>:1468 KSP Residual norm 2.531558488878e-03
Mon Sep 21 15:11:56 2026<stdout>:1469 KSP Residual norm 2.528973172255e-03
Mon Sep 21 15:11:56 2026<stdout>:1470 KSP Residual norm 2.528919952770e-03
Mon Sep 21 15:11:56 2026<stdout>:1471 KSP Residual norm 2.528593273453e-03
Mon Sep 21 15:11:56 2026<stdout>:1472 KSP Residual norm 2.528568176469e-03
Mon Sep 21 15:11:56 2026<stdout>:1473 KSP Residual norm 2.528502024518e-03
Mon Sep 21 15:11:56 2026<stdout>:1474 KSP Residual norm 2.527285999080e-03
Mon Sep 21 15:11:57 2026<stdout>:1475 KSP Residual norm 2.527149220265e-03
Mon Sep 21 15:11:57 2026<stdout>:1476 KSP Residual norm 2.527136654996e-03
Mon Sep 21 15:11:57 2026<stdout>:1477 KSP Residual norm 2.527032083316e-03
Mon Sep 21 15:11:57 2026<stdout>:1478 KSP Residual norm 2.526984389652e-03
Mon Sep 21 15:11:57 2026<stdout>:1479 KSP Residual norm 2.526240494510e-03
Mon Sep 21 15:11:57 2026<stdout>:1480 KSP Residual norm 2.519235773746e-03
Mon Sep 21 15:11:57 2026<stdout>:1481 KSP Residual norm 2.511456976229e-03
Mon Sep 21 15:11:57 2026<stdout>:1482 KSP Residual norm 2.502493979599e-03
Mon Sep 21 15:11:57 2026<stdout>:1483 KSP Residual norm 2.496828807233e-03
Mon Sep 21 15:11:57 2026<stdout>:1484 KSP Residual norm 2.493928875398e-03
Mon Sep 21 15:11:57 2026<stdout>:1485 KSP Residual norm 2.474627357534e-03
Mon Sep 21 15:11:57 2026<stdout>:1486 KSP Residual norm 2.473838339116e-03
Mon Sep 21 15:11:57 2026<stdout>:1487 KSP Residual norm 2.473699955882e-03
Mon Sep 21 15:11:57 2026<stdout>:1488 KSP Residual norm 2.473650549300e-03
Mon Sep 21 15:11:57 2026<stdout>:1489 KSP Residual norm 2.473585408795e-03
Mon Sep 21 15:11:57 2026<stdout>:1490 KSP Residual norm 2.473436483845e-03
Mon Sep 21 15:11:57 2026<stdout>:1491 KSP Residual norm 2.473329842819e-03
Mon Sep 21 15:11:57 2026<stdout>:1492 KSP Residual norm 2.469173769853e-03
Mon Sep 21 15:11:57 2026<stdout>:1493 KSP Residual norm 2.455680018775e-03
Mon Sep 21 15:11:57 2026<stdout>:1494 KSP Residual norm 2.455139610340e-03
Mon Sep 21 15:11:57 2026<stdout>:1495 KSP Residual norm 2.455091660262e-03
Mon Sep 21 15:11:57 2026<stdout>:1496 KSP Residual norm 2.455029911427e-03
Mon Sep 21 15:11:57 2026<stdout>:1497 KSP Residual norm 2.449230856617e-03
Mon Sep 21 15:11:57 2026<stdout>:1498 KSP Residual norm 2.438868257693e-03
Mon Sep 21 15:11:57 2026<stdout>:1499 KSP Residual norm 2.436187135846e-03
Mon Sep 21 15:11:57 2026<stdout>:1500 KSP Residual norm 2.917412461570e-03
Mon Sep 21 15:11:57 2026<stdout>:1501 KSP Residual norm 2.881359279694e-03
Mon Sep 21 15:11:57 2026<stdout>:1502 KSP Residual norm 2.822451111154e-03
Mon Sep 21 15:11:57 2026<stdout>:1503 KSP Residual norm 2.818544030012e-03
Mon Sep 21 15:11:57 2026<stdout>:1504 KSP Residual norm 2.808567503915e-03
Mon Sep 21 15:11:57 2026<stdout>:1505 KSP Residual norm 2.807665207915e-03
Mon Sep 21 15:11:57 2026<stdout>:1506 KSP Residual norm 2.747480468171e-03
Mon Sep 21 15:11:57 2026<stdout>:1507 KSP Residual norm 2.746982586157e-03
Mon Sep 21 15:11:57 2026<stdout>:1508 KSP Residual norm 2.706084826418e-03
Mon Sep 21 15:11:57 2026<stdout>:1509 KSP Residual norm 2.705506181535e-03
Mon Sep 21 15:11:57 2026<stdout>:1510 KSP Residual norm 2.705479268695e-03
Mon Sep 21 15:11:57 2026<stdout>:1511 KSP Residual norm 2.705475305079e-03
Mon Sep 21 15:11:57 2026<stdout>:1512 KSP Residual norm 2.704872754843e-03
Mon Sep 21 15:11:57 2026<stdout>:1513 KSP Residual norm 2.704843966733e-03
Mon Sep 21 15:11:57 2026<stdout>:1514 KSP Residual norm 2.704212866022e-03
Mon Sep 21 15:11:57 2026<stdout>:1515 KSP Residual norm 2.704166786470e-03
Mon Sep 21 15:11:57 2026<stdout>:1516 KSP Residual norm 2.695694584535e-03
Mon Sep 21 15:11:57 2026<stdout>:1517 KSP Residual norm 2.695565659615e-03
Mon Sep 21 15:11:57 2026<stdout>:1518 KSP Residual norm 2.692971650940e-03
Mon Sep 21 15:11:57 2026<stdout>:1519 KSP Residual norm 2.692900953361e-03
Mon Sep 21 15:11:57 2026<stdout>:1520 KSP Residual norm 2.692623446301e-03
Mon Sep 21 15:11:57 2026<stdout>:1521 KSP Residual norm 2.692325912857e-03
Mon Sep 21 15:11:57 2026<stdout>:1522 KSP Residual norm 2.692056206804e-03
Mon Sep 21 15:11:57 2026<stdout>:1523 KSP Residual norm 2.692037822960e-03
Mon Sep 21 15:11:57 2026<stdout>:1524 KSP Residual norm 2.692035391138e-03
Mon Sep 21 15:11:57 2026<stdout>:1525 KSP Residual norm 2.692013626927e-03
Mon Sep 21 15:11:57 2026<stdout>:1526 KSP Residual norm 2.688657676736e-03
Mon Sep 21 15:11:57 2026<stdout>:1527 KSP Residual norm 2.688641223037e-03
Mon Sep 21 15:11:57 2026<stdout>:1528 KSP Residual norm 2.688477287908e-03
Mon Sep 21 15:11:57 2026<stdout>:1529 KSP Residual norm 2.688389750671e-03
Mon Sep 21 15:11:57 2026<stdout>:1530 KSP Residual norm 2.687757237758e-03
Mon Sep 21 15:11:57 2026<stdout>:1531 KSP Residual norm 2.687589865112e-03
Mon Sep 21 15:11:57 2026<stdout>:1532 KSP Residual norm 2.685284768133e-03
Mon Sep 21 15:11:57 2026<stdout>:1533 KSP Residual norm 2.685273717873e-03
Mon Sep 21 15:11:57 2026<stdout>:1534 KSP Residual norm 2.682143106315e-03
Mon Sep 21 15:11:57 2026<stdout>:1535 KSP Residual norm 2.682139600691e-03
Mon Sep 21 15:11:57 2026<stdout>:1536 KSP Residual norm 2.681906809137e-03
Mon Sep 21 15:11:57 2026<stdout>:1537 KSP Residual norm 2.681762542679e-03
Mon Sep 21 15:11:57 2026<stdout>:1538 KSP Residual norm 2.679753074702e-03
Mon Sep 21 15:11:57 2026<stdout>:1539 KSP Residual norm 2.679474367402e-03
Mon Sep 21 15:11:57 2026<stdout>:1540 KSP Residual norm 2.678523530960e-03
Mon Sep 21 15:11:57 2026<stdout>:1541 KSP Residual norm 2.678520584398e-03
Mon Sep 21 15:11:57 2026<stdout>:1542 KSP Residual norm 2.678303639559e-03
Mon Sep 21 15:11:57 2026<stdout>:1543 KSP Residual norm 2.678283317814e-03
Mon Sep 21 15:11:57 2026<stdout>:1544 KSP Residual norm 2.678277502382e-03
Mon Sep 21 15:11:57 2026<stdout>:1545 KSP Residual norm 2.678276883619e-03
Mon Sep 21 15:11:57 2026<stdout>:1546 KSP Residual norm 2.678223160642e-03
Mon Sep 21 15:11:57 2026<stdout>:1547 KSP Residual norm 2.678194607093e-03
Mon Sep 21 15:11:57 2026<stdout>:1548 KSP Residual norm 2.677423021828e-03
Mon Sep 21 15:11:57 2026<stdout>:1549 KSP Residual norm 2.676871119264e-03
Mon Sep 21 15:11:57 2026<stdout>:1550 KSP Residual norm 2.676714448250e-03
Mon Sep 21 15:11:57 2026<stdout>:1551 KSP Residual norm 2.676211620631e-03
Mon Sep 21 15:11:57 2026<stdout>:1552 KSP Residual norm 2.675287110721e-03
Mon Sep 21 15:11:57 2026<stdout>:1553 KSP Residual norm 2.675236148016e-03
Mon Sep 21 15:11:57 2026<stdout>:1554 KSP Residual norm 2.674864681656e-03
Mon Sep 21 15:11:57 2026<stdout>:1555 KSP Residual norm 2.674849816241e-03
Mon Sep 21 15:11:57 2026<stdout>:1556 KSP Residual norm 2.674837447331e-03
Mon Sep 21 15:11:57 2026<stdout>:1557 KSP Residual norm 2.674837389492e-03
Mon Sep 21 15:11:57 2026<stdout>:1558 KSP Residual norm 2.671079852774e-03
Mon Sep 21 15:11:57 2026<stdout>:1559 KSP Residual norm 2.670458432662e-03
Mon Sep 21 15:11:57 2026<stdout>:1560 KSP Residual norm 2.670400271749e-03
Mon Sep 21 15:11:57 2026<stdout>:1561 KSP Residual norm 2.668846613583e-03
Mon Sep 21 15:11:57 2026<stdout>:1562 KSP Residual norm 2.668409130372e-03
Mon Sep 21 15:11:57 2026<stdout>:1563 KSP Residual norm 2.666319858890e-03
Mon Sep 21 15:11:57 2026<stdout>:1564 KSP Residual norm 2.665611334770e-03
Mon Sep 21 15:11:57 2026<stdout>:1565 KSP Residual norm 2.665607297878e-03
Mon Sep 21 15:11:57 2026<stdout>:1566 KSP Residual norm 2.665581165755e-03
Mon Sep 21 15:11:57 2026<stdout>:1567 KSP Residual norm 2.664722783407e-03
Mon Sep 21 15:11:57 2026<stdout>:1568 KSP Residual norm 2.663090093313e-03
Mon Sep 21 15:11:57 2026<stdout>:1569 KSP Residual norm 2.661279634843e-03
Mon Sep 21 15:11:58 2026<stdout>:1570 KSP Residual norm 2.661269388808e-03
Mon Sep 21 15:11:58 2026<stdout>:1571 KSP Residual norm 2.661239231667e-03
Mon Sep 21 15:11:58 2026<stdout>:1572 KSP Residual norm 2.660374229244e-03
Mon Sep 21 15:11:58 2026<stdout>:1573 KSP Residual norm 2.660291806642e-03
Mon Sep 21 15:11:58 2026<stdout>:1574 KSP Residual norm 2.659983649942e-03
Mon Sep 21 15:11:58 2026<stdout>:1575 KSP Residual norm 2.659806435959e-03
Mon Sep 21 15:11:58 2026<stdout>:1576 KSP Residual norm 2.659795476728e-03
Mon Sep 21 15:11:58 2026<stdout>:1577 KSP Residual norm 2.658144726069e-03
Mon Sep 21 15:11:58 2026<stdout>:1578 KSP Residual norm 2.655738412015e-03
Mon Sep 21 15:11:58 2026<stdout>:1579 KSP Residual norm 2.654989667695e-03
Mon Sep 21 15:11:58 2026<stdout>:1580 KSP Residual norm 2.654930496694e-03
Mon Sep 21 15:11:58 2026<stdout>:1581 KSP Residual norm 2.651037346069e-03
Mon Sep 21 15:11:58 2026<stdout>:1582 KSP Residual norm 2.651013053709e-03
Mon Sep 21 15:11:58 2026<stdout>:1583 KSP Residual norm 2.649401349930e-03
Mon Sep 21 15:11:58 2026<stdout>:1584 KSP Residual norm 2.648456081340e-03
Mon Sep 21 15:11:58 2026<stdout>:1585 KSP Residual norm 2.648329127882e-03
Mon Sep 21 15:11:58 2026<stdout>:1586 KSP Residual norm 2.648258916338e-03
Mon Sep 21 15:11:58 2026<stdout>:1587 KSP Residual norm 2.644802075794e-03
Mon Sep 21 15:11:58 2026<stdout>:1588 KSP Residual norm 2.644654220441e-03
Mon Sep 21 15:11:58 2026<stdout>:1589 KSP Residual norm 2.641447858757e-03
Mon Sep 21 15:11:58 2026<stdout>:1590 KSP Residual norm 2.641447778293e-03
Mon Sep 21 15:11:58 2026<stdout>:1591 KSP Residual norm 2.640259984754e-03
Mon Sep 21 15:11:58 2026<stdout>:1592 KSP Residual norm 2.639284793864e-03
Mon Sep 21 15:11:58 2026<stdout>:1593 KSP Residual norm 2.638164938680e-03
Mon Sep 21 15:11:58 2026<stdout>:1594 KSP Residual norm 2.637113848447e-03
Mon Sep 21 15:11:58 2026<stdout>:1595 KSP Residual norm 2.637108595725e-03
Mon Sep 21 15:11:58 2026<stdout>:1596 KSP Residual norm 2.636373663045e-03
Mon Sep 21 15:11:58 2026<stdout>:1597 KSP Residual norm 2.635784748081e-03
Mon Sep 21 15:11:58 2026<stdout>:1598 KSP Residual norm 2.634109675335e-03
Mon Sep 21 15:11:58 2026<stdout>:1599 KSP Residual norm 2.633951442826e-03
Mon Sep 21 15:11:58 2026<stdout>:1600 KSP Residual norm 2.632622418530e-03
Mon Sep 21 15:11:58 2026<stdout>:1601 KSP Residual norm 2.632456140826e-03
Mon Sep 21 15:11:58 2026<stdout>:1602 KSP Residual norm 2.632082783646e-03
Mon Sep 21 15:11:58 2026<stdout>:1603 KSP Residual norm 2.632068320286e-03
Mon Sep 21 15:11:58 2026<stdout>:1604 KSP Residual norm 2.631357431852e-03
Mon Sep 21 15:11:58 2026<stdout>:1605 KSP Residual norm 2.629151267455e-03
Mon Sep 21 15:11:58 2026<stdout>:1606 KSP Residual norm 2.628518726693e-03
Mon Sep 21 15:11:58 2026<stdout>:1607 KSP Residual norm 2.628212759200e-03
Mon Sep 21 15:11:58 2026<stdout>:1608 KSP Residual norm 2.625230235433e-03
Mon Sep 21 15:11:58 2026<stdout>:1609 KSP Residual norm 2.621988152706e-03
Mon Sep 21 15:11:58 2026<stdout>:1610 KSP Residual norm 2.621893413669e-03
Mon Sep 21 15:11:58 2026<stdout>:1611 KSP Residual norm 2.621530931932e-03
Mon Sep 21 15:11:58 2026<stdout>:1612 KSP Residual norm 2.620747989284e-03
Mon Sep 21 15:11:58 2026<stdout>:1613 KSP Residual norm 2.616830390110e-03
Mon Sep 21 15:11:58 2026<stdout>:1614 KSP Residual norm 2.615867106479e-03
Mon Sep 21 15:11:58 2026<stdout>:1615 KSP Residual norm 2.614593768127e-03
Mon Sep 21 15:11:58 2026<stdout>:1616 KSP Residual norm 2.614246006231e-03
Mon Sep 21 15:11:58 2026<stdout>:1617 KSP Residual norm 2.611021942043e-03
Mon Sep 21 15:11:58 2026<stdout>:1618 KSP Residual norm 2.610696598163e-03
Mon Sep 21 15:11:58 2026<stdout>:1619 KSP Residual norm 2.610675483980e-03
Mon Sep 21 15:11:58 2026<stdout>:1620 KSP Residual norm 2.610135422744e-03
Mon Sep 21 15:11:58 2026<stdout>:1621 KSP Residual norm 2.610099967132e-03
Mon Sep 21 15:11:58 2026<stdout>:1622 KSP Residual norm 2.610094992223e-03
Mon Sep 21 15:11:58 2026<stdout>:1623 KSP Residual norm 2.609956416342e-03
Mon Sep 21 15:11:58 2026<stdout>:1624 KSP Residual norm 2.609159775989e-03
Mon Sep 21 15:11:58 2026<stdout>:1625 KSP Residual norm 2.609147881055e-03
Mon Sep 21 15:11:58 2026<stdout>:1626 KSP Residual norm 2.607834167917e-03
Mon Sep 21 15:11:58 2026<stdout>:1627 KSP Residual norm 2.604483991422e-03
Mon Sep 21 15:11:58 2026<stdout>:1628 KSP Residual norm 2.604482548789e-03
Mon Sep 21 15:11:58 2026<stdout>:1629 KSP Residual norm 2.604024091699e-03
Mon Sep 21 15:11:58 2026<stdout>:1630 KSP Residual norm 2.603855978395e-03
Mon Sep 21 15:11:58 2026<stdout>:1631 KSP Residual norm 2.603741932614e-03
Mon Sep 21 15:11:58 2026<stdout>:1632 KSP Residual norm 2.602732784299e-03
Mon Sep 21 15:11:58 2026<stdout>:1633 KSP Residual norm 2.599642051846e-03
Mon Sep 21 15:11:58 2026<stdout>:1634 KSP Residual norm 2.598280315358e-03
Mon Sep 21 15:11:58 2026<stdout>:1635 KSP Residual norm 2.597989553926e-03
Mon Sep 21 15:11:58 2026<stdout>:1636 KSP Residual norm 2.597811130331e-03
Mon Sep 21 15:11:58 2026<stdout>:1637 KSP Residual norm 2.597585618532e-03
Mon Sep 21 15:11:58 2026<stdout>:1638 KSP Residual norm 2.595610385229e-03
Mon Sep 21 15:11:58 2026<stdout>:1639 KSP Residual norm 2.595524768184e-03
Mon Sep 21 15:11:58 2026<stdout>:1640 KSP Residual norm 2.595487423831e-03
Mon Sep 21 15:11:58 2026<stdout>:1641 KSP Residual norm 2.594657278564e-03
Mon Sep 21 15:11:58 2026<stdout>:1642 KSP Residual norm 2.593585969751e-03
Mon Sep 21 15:11:58 2026<stdout>:1643 KSP Residual norm 2.593533861556e-03
Mon Sep 21 15:11:58 2026<stdout>:1644 KSP Residual norm 2.593533773871e-03
Mon Sep 21 15:11:58 2026<stdout>:1645 KSP Residual norm 2.591920881942e-03
Mon Sep 21 15:11:58 2026<stdout>:1646 KSP Residual norm 2.591919667794e-03
Mon Sep 21 15:11:58 2026<stdout>:1647 KSP Residual norm 2.591917193004e-03
Mon Sep 21 15:11:59 2026<stdout>:1648 KSP Residual norm 2.591912063647e-03
Mon Sep 21 15:11:59 2026<stdout>:1649 KSP Residual norm 2.591902425188e-03
Mon Sep 21 15:11:59 2026<stdout>:1650 KSP Residual norm 3.008620470229e-03
Mon Sep 21 15:11:59 2026<stdout>:1651 KSP Residual norm 2.804906046532e-03
Mon Sep 21 15:11:59 2026<stdout>:1652 KSP Residual norm 2.736946423704e-03
Mon Sep 21 15:11:59 2026<stdout>:1653 KSP Residual norm 2.729107443059e-03
Mon Sep 21 15:11:59 2026<stdout>:1654 KSP Residual norm 2.729025497469e-03
Mon Sep 21 15:11:59 2026<stdout>:1655 KSP Residual norm 2.728964368901e-03
Mon Sep 21 15:11:59 2026<stdout>:1656 KSP Residual norm 2.728932939203e-03
Mon Sep 21 15:11:59 2026<stdout>:1657 KSP Residual norm 2.728815536537e-03
Mon Sep 21 15:11:59 2026<stdout>:1658 KSP Residual norm 2.728056626399e-03
Mon Sep 21 15:11:59 2026<stdout>:1659 KSP Residual norm 2.728012702735e-03
Mon Sep 21 15:11:59 2026<stdout>:1660 KSP Residual norm 2.700708850043e-03
Mon Sep 21 15:11:59 2026<stdout>:1661 KSP Residual norm 2.699392733765e-03
Mon Sep 21 15:11:59 2026<stdout>:1662 KSP Residual norm 2.682655921266e-03
Mon Sep 21 15:11:59 2026<stdout>:1663 KSP Residual norm 2.682654398330e-03
Mon Sep 21 15:11:59 2026<stdout>:1664 KSP Residual norm 2.682639714260e-03
Mon Sep 21 15:11:59 2026<stdout>:1665 KSP Residual norm 2.682636230873e-03
Mon Sep 21 15:11:59 2026<stdout>:1666 KSP Residual norm 2.679533136616e-03
Mon Sep 21 15:11:59 2026<stdout>:1667 KSP Residual norm 2.679490530685e-03
Mon Sep 21 15:11:59 2026<stdout>:1668 KSP Residual norm 2.675618060232e-03
Mon Sep 21 15:11:59 2026<stdout>:1669 KSP Residual norm 2.675613859527e-03
Mon Sep 21 15:11:59 2026<stdout>:1670 KSP Residual norm 2.675337319234e-03
Mon Sep 21 15:11:59 2026<stdout>:1671 KSP Residual norm 2.675336113959e-03
Mon Sep 21 15:11:59 2026<stdout>:1672 KSP Residual norm 2.673554477669e-03
Mon Sep 21 15:11:59 2026<stdout>:1673 KSP Residual norm 2.673318527632e-03
Mon Sep 21 15:11:59 2026<stdout>:1674 KSP Residual norm 2.671911683943e-03
Mon Sep 21 15:11:59 2026<stdout>:1675 KSP Residual norm 2.671910593845e-03
Mon Sep 21 15:11:59 2026<stdout>:1676 KSP Residual norm 2.651918715088e-03
Mon Sep 21 15:11:59 2026<stdout>:1677 KSP Residual norm 2.651892494592e-03
Mon Sep 21 15:11:59 2026<stdout>:1678 KSP Residual norm 2.651039659145e-03
Mon Sep 21 15:11:59 2026<stdout>:1679 KSP Residual norm 2.650907329595e-03
Mon Sep 21 15:11:59 2026<stdout>:1680 KSP Residual norm 2.638332736749e-03
Mon Sep 21 15:11:59 2026<stdout>:1681 KSP Residual norm 2.638277891079e-03
Mon Sep 21 15:11:59 2026<stdout>:1682 KSP Residual norm 2.638274062099e-03
Mon Sep 21 15:11:59 2026<stdout>:1683 KSP Residual norm 2.638134767625e-03
Mon Sep 21 15:11:59 2026<stdout>:1684 KSP Residual norm 2.605543294795e-03
Mon Sep 21 15:11:59 2026<stdout>:1685 KSP Residual norm 2.605063788252e-03
Mon Sep 21 15:11:59 2026<stdout>:1686 KSP Residual norm 2.602202493112e-03
Mon Sep 21 15:11:59 2026<stdout>:1687 KSP Residual norm 2.602201324125e-03
Mon Sep 21 15:11:59 2026<stdout>:1688 KSP Residual norm 2.601029440640e-03
Mon Sep 21 15:11:59 2026<stdout>:1689 KSP Residual norm 2.600984279559e-03
Mon Sep 21 15:11:59 2026<stdout>:1690 KSP Residual norm 2.600983501932e-03
Mon Sep 21 15:11:59 2026<stdout>:1691 KSP Residual norm 2.600873506588e-03
Mon Sep 21 15:11:59 2026<stdout>:1692 KSP Residual norm 2.600870984495e-03
Mon Sep 21 15:11:59 2026<stdout>:1693 KSP Residual norm 2.600870852468e-03
Mon Sep 21 15:11:59 2026<stdout>:1694 KSP Residual norm 2.597124591355e-03
Mon Sep 21 15:11:59 2026<stdout>:1695 KSP Residual norm 2.597091094160e-03
Mon Sep 21 15:11:59 2026<stdout>:1696 KSP Residual norm 2.596099709856e-03
Mon Sep 21 15:11:59 2026<stdout>:1697 KSP Residual norm 2.596034905570e-03
Mon Sep 21 15:11:59 2026<stdout>:1698 KSP Residual norm 2.596005626454e-03
Mon Sep 21 15:11:59 2026<stdout>:1699 KSP Residual norm 2.595643018805e-03
Mon Sep 21 15:11:59 2026<stdout>:1700 KSP Residual norm 2.590524170822e-03
Mon Sep 21 15:11:59 2026<stdout>:1701 KSP Residual norm 2.590521984459e-03
Mon Sep 21 15:11:59 2026<stdout>:1702 KSP Residual norm 2.589471924885e-03
Mon Sep 21 15:11:59 2026<stdout>:1703 KSP Residual norm 2.589457221380e-03
Mon Sep 21 15:11:59 2026<stdout>:1704 KSP Residual norm 2.586177572406e-03
Mon Sep 21 15:11:59 2026<stdout>:1705 KSP Residual norm 2.585045592590e-03
Mon Sep 21 15:11:59 2026<stdout>:1706 KSP Residual norm 2.584663061444e-03
Mon Sep 21 15:11:59 2026<stdout>:1707 KSP Residual norm 2.583484908204e-03
Mon Sep 21 15:11:59 2026<stdout>:1708 KSP Residual norm 2.569892869074e-03
Mon Sep 21 15:11:59 2026<stdout>:1709 KSP Residual norm 2.569544603224e-03
Mon Sep 21 15:11:59 2026<stdout>:1710 KSP Residual norm 2.563326832853e-03
Mon Sep 21 15:11:59 2026<stdout>:1711 KSP Residual norm 2.562994191365e-03
Mon Sep 21 15:11:59 2026<stdout>:1712 KSP Residual norm 2.559933676823e-03
Mon Sep 21 15:11:59 2026<stdout>:1713 KSP Residual norm 2.549621462288e-03
Mon Sep 21 15:11:59 2026<stdout>:1714 KSP Residual norm 2.546706644594e-03
Mon Sep 21 15:11:59 2026<stdout>:1715 KSP Residual norm 2.542504747262e-03
Mon Sep 21 15:11:59 2026<stdout>:1716 KSP Residual norm 2.541062290831e-03
Mon Sep 21 15:11:59 2026<stdout>:1717 KSP Residual norm 2.540985927816e-03
Mon Sep 21 15:11:59 2026<stdout>:1718 KSP Residual norm 2.539380195190e-03
Mon Sep 21 15:11:59 2026<stdout>:1719 KSP Residual norm 2.538935571168e-03
Mon Sep 21 15:11:59 2026<stdout>:1720 KSP Residual norm 2.537388888710e-03
Mon Sep 21 15:11:59 2026<stdout>:1721 KSP Residual norm 2.535352794044e-03
Mon Sep 21 15:11:59 2026<stdout>:1722 KSP Residual norm 2.535245741011e-03
Mon Sep 21 15:11:59 2026<stdout>:1723 KSP Residual norm 2.534629156937e-03
Mon Sep 21 15:11:59 2026<stdout>:1724 KSP Residual norm 2.534568251790e-03
Mon Sep 21 15:11:59 2026<stdout>:1725 KSP Residual norm 2.530627179438e-03
Mon Sep 21 15:11:59 2026<stdout>:1726 KSP Residual norm 2.528278123644e-03
Mon Sep 21 15:11:59 2026<stdout>:1727 KSP Residual norm 2.528275120933e-03
Mon Sep 21 15:11:59 2026<stdout>:1728 KSP Residual norm 2.528162428453e-03
Mon Sep 21 15:11:59 2026<stdout>:1729 KSP Residual norm 2.524369484369e-03
Mon Sep 21 15:11:59 2026<stdout>:1730 KSP Residual norm 2.524353164624e-03
Mon Sep 21 15:11:59 2026<stdout>:1731 KSP Residual norm 2.524353141214e-03
Mon Sep 21 15:11:59 2026<stdout>:1732 KSP Residual norm 2.522964049812e-03
Mon Sep 21 15:11:59 2026<stdout>:1733 KSP Residual norm 2.522738675267e-03
Mon Sep 21 15:11:59 2026<stdout>:1734 KSP Residual norm 2.522729061163e-03
Mon Sep 21 15:11:59 2026<stdout>:1735 KSP Residual norm 2.522728170220e-03
Mon Sep 21 15:11:59 2026<stdout>:1736 KSP Residual norm 2.522258408161e-03
Mon Sep 21 15:11:59 2026<stdout>:1737 KSP Residual norm 2.522046163839e-03
Mon Sep 21 15:11:59 2026<stdout>:1738 KSP Residual norm 2.521824350361e-03
Mon Sep 21 15:11:59 2026<stdout>:1739 KSP Residual norm 2.521814873563e-03
Mon Sep 21 15:11:59 2026<stdout>:1740 KSP Residual norm 2.519021124823e-03
Mon Sep 21 15:11:59 2026<stdout>:1741 KSP Residual norm 2.513438165648e-03
Mon Sep 21 15:11:59 2026<stdout>:1742 KSP Residual norm 2.511341815340e-03
Mon Sep 21 15:11:59 2026<stdout>:1743 KSP Residual norm 2.511138695027e-03
Mon Sep 21 15:11:59 2026<stdout>:1744 KSP Residual norm 2.510993950784e-03
Mon Sep 21 15:11:59 2026<stdout>:1745 KSP Residual norm 2.508177607445e-03
Mon Sep 21 15:11:59 2026<stdout>:1746 KSP Residual norm 2.495587773524e-03
Mon Sep 21 15:12:00 2026<stdout>:1747 KSP Residual norm 2.492934352319e-03
Mon Sep 21 15:12:00 2026<stdout>:1748 KSP Residual norm 2.492928131106e-03
Mon Sep 21 15:12:00 2026<stdout>:1749 KSP Residual norm 2.489482468311e-03
Mon Sep 21 15:12:00 2026<stdout>:1750 KSP Residual norm 2.489442711737e-03
Mon Sep 21 15:12:00 2026<stdout>:1751 KSP Residual norm 2.488432522444e-03
Mon Sep 21 15:12:00 2026<stdout>:1752 KSP Residual norm 2.484527927480e-03
Mon Sep 21 15:12:00 2026<stdout>:1753 KSP Residual norm 2.484046414426e-03
Mon Sep 21 15:12:00 2026<stdout>:1754 KSP Residual norm 2.483928131505e-03
Mon Sep 21 15:12:00 2026<stdout>:1755 KSP Residual norm 2.481000203400e-03
Mon Sep 21 15:12:00 2026<stdout>:1756 KSP Residual norm 2.480178352362e-03
Mon Sep 21 15:12:00 2026<stdout>:1757 KSP Residual norm 2.474922364700e-03
Mon Sep 21 15:12:00 2026<stdout>:1758 KSP Residual norm 2.474877388366e-03
Mon Sep 21 15:12:00 2026<stdout>:1759 KSP Residual norm 2.473440777663e-03
Mon Sep 21 15:12:00 2026<stdout>:1760 KSP Residual norm 2.471590940522e-03
Mon Sep 21 15:12:00 2026<stdout>:1761 KSP Residual norm 2.469753742158e-03
Mon Sep 21 15:12:00 2026<stdout>:1762 KSP Residual norm 2.466082686443e-03
Mon Sep 21 15:12:00 2026<stdout>:1763 KSP Residual norm 2.464274745737e-03
Mon Sep 21 15:12:00 2026<stdout>:1764 KSP Residual norm 2.464230512948e-03
Mon Sep 21 15:12:00 2026<stdout>:1765 KSP Residual norm 2.461633648554e-03
Mon Sep 21 15:12:00 2026<stdout>:1766 KSP Residual norm 2.458443017049e-03
Mon Sep 21 15:12:00 2026<stdout>:1767 KSP Residual norm 2.458308506081e-03
Mon Sep 21 15:12:00 2026<stdout>:1768 KSP Residual norm 2.458195742120e-03
Mon Sep 21 15:12:00 2026<stdout>:1769 KSP Residual norm 2.457417514675e-03
Mon Sep 21 15:12:00 2026<stdout>:1770 KSP Residual norm 2.456443298287e-03
Mon Sep 21 15:12:00 2026<stdout>:1771 KSP Residual norm 2.456431513902e-03
Mon Sep 21 15:12:00 2026<stdout>:1772 KSP Residual norm 2.455680144944e-03
Mon Sep 21 15:12:00 2026<stdout>:1773 KSP Residual norm 2.455553160944e-03
Mon Sep 21 15:12:00 2026<stdout>:1774 KSP Residual norm 2.451476997328e-03
Mon Sep 21 15:12:00 2026<stdout>:1775 KSP Residual norm 2.451331737303e-03
Mon Sep 21 15:12:00 2026<stdout>:1776 KSP Residual norm 2.449932471025e-03
Mon Sep 21 15:12:00 2026<stdout>:1777 KSP Residual norm 2.448893809610e-03
Mon Sep 21 15:12:00 2026<stdout>:1778 KSP Residual norm 2.448793133377e-03
Mon Sep 21 15:12:00 2026<stdout>:1779 KSP Residual norm 2.445574689956e-03
Mon Sep 21 15:12:00 2026<stdout>:1780 KSP Residual norm 2.444159329337e-03
Mon Sep 21 15:12:00 2026<stdout>:1781 KSP Residual norm 2.429422741906e-03
Mon Sep 21 15:12:00 2026<stdout>:1782 KSP Residual norm 2.417317244041e-03
Mon Sep 21 15:12:00 2026<stdout>:1783 KSP Residual norm 2.405032869336e-03
Mon Sep 21 15:12:00 2026<stdout>:1784 KSP Residual norm 2.403819510677e-03
Mon Sep 21 15:12:00 2026<stdout>:1785 KSP Residual norm 2.398667477273e-03
Mon Sep 21 15:12:00 2026<stdout>:1786 KSP Residual norm 2.397464786508e-03
Mon Sep 21 15:12:00 2026<stdout>:1787 KSP Residual norm 2.397161972623e-03
Mon Sep 21 15:12:00 2026<stdout>:1788 KSP Residual norm 2.396560227969e-03
Mon Sep 21 15:12:00 2026<stdout>:1789 KSP Residual norm 2.393015795720e-03
Mon Sep 21 15:12:00 2026<stdout>:1790 KSP Residual norm 2.390280683219e-03
Mon Sep 21 15:12:00 2026<stdout>:1791 KSP Residual norm 2.390123142536e-03
Mon Sep 21 15:12:00 2026<stdout>:1792 KSP Residual norm 2.390082594115e-03
Mon Sep 21 15:12:00 2026<stdout>:1793 KSP Residual norm 2.379383906545e-03
Mon Sep 21 15:12:00 2026<stdout>:1794 KSP Residual norm 2.377926919733e-03
Mon Sep 21 15:12:00 2026<stdout>:1795 KSP Residual norm 2.376527186081e-03
Mon Sep 21 15:12:00 2026<stdout>:1796 KSP Residual norm 2.372432644956e-03
Mon Sep 21 15:12:00 2026<stdout>:1797 KSP Residual norm 2.372430618975e-03
Mon Sep 21 15:12:00 2026<stdout>:1798 KSP Residual norm 2.368281888694e-03
Mon Sep 21 15:12:00 2026<stdout>:1799 KSP Residual norm 2.367486194877e-03
Mon Sep 21 15:12:00 2026<stdout>:1800 KSP Residual norm 3.072293617728e-03
Mon Sep 21 15:12:00 2026<stdout>:1801 KSP Residual norm 2.944974811382e-03
Mon Sep 21 15:12:00 2026<stdout>:1802 KSP Residual norm 2.934788531305e-03
Mon Sep 21 15:12:00 2026<stdout>:1803 KSP Residual norm 2.933417472297e-03
Mon Sep 21 15:12:00 2026<stdout>:1804 KSP Residual norm 2.876713789701e-03
Mon Sep 21 15:12:00 2026<stdout>:1805 KSP Residual norm 2.876038279740e-03
Mon Sep 21 15:12:00 2026<stdout>:1806 KSP Residual norm 2.875445637567e-03
Mon Sep 21 15:12:00 2026<stdout>:1807 KSP Residual norm 2.875273788737e-03
Mon Sep 21 15:12:00 2026<stdout>:1808 KSP Residual norm 2.873517713673e-03
Mon Sep 21 15:12:00 2026<stdout>:1809 KSP Residual norm 2.873451207675e-03
Mon Sep 21 15:12:00 2026<stdout>:1810 KSP Residual norm 2.851064268917e-03
Mon Sep 21 15:12:00 2026<stdout>:1811 KSP Residual norm 2.851064266155e-03
Mon Sep 21 15:12:00 2026<stdout>:1812 KSP Residual norm 2.840025074252e-03
Mon Sep 21 15:12:00 2026<stdout>:1813 KSP Residual norm 2.839729572521e-03
Mon Sep 21 15:12:00 2026<stdout>:1814 KSP Residual norm 2.817458977611e-03
Mon Sep 21 15:12:00 2026<stdout>:1815 KSP Residual norm 2.817443600041e-03
Mon Sep 21 15:12:00 2026<stdout>:1816 KSP Residual norm 2.814439794476e-03
Mon Sep 21 15:12:00 2026<stdout>:1817 KSP Residual norm 2.814401929237e-03
Mon Sep 21 15:12:00 2026<stdout>:1818 KSP Residual norm 2.808228129442e-03
Mon Sep 21 15:12:00 2026<stdout>:1819 KSP Residual norm 2.808191579045e-03
Mon Sep 21 15:12:00 2026<stdout>:1820 KSP Residual norm 2.802751599835e-03
Mon Sep 21 15:12:00 2026<stdout>:1821 KSP Residual norm 2.802743596539e-03
Mon Sep 21 15:12:00 2026<stdout>:1822 KSP Residual norm 2.801400812773e-03
Mon Sep 21 15:12:00 2026<stdout>:1823 KSP Residual norm 2.801266931938e-03
Mon Sep 21 15:12:00 2026<stdout>:1824 KSP Residual norm 2.800633917839e-03
Mon Sep 21 15:12:00 2026<stdout>:1825 KSP Residual norm 2.800630343098e-03
Mon Sep 21 15:12:00 2026<stdout>:1826 KSP Residual norm 2.800621686284e-03
Mon Sep 21 15:12:00 2026<stdout>:1827 KSP Residual norm 2.800572575580e-03
Mon Sep 21 15:12:00 2026<stdout>:1828 KSP Residual norm 2.799225360360e-03
Mon Sep 21 15:12:00 2026<stdout>:1829 KSP Residual norm 2.799046468911e-03
Mon Sep 21 15:12:00 2026<stdout>:1830 KSP Residual norm 2.798776690055e-03
Mon Sep 21 15:12:00 2026<stdout>:1831 KSP Residual norm 2.798728113324e-03
Mon Sep 21 15:12:00 2026<stdout>:1832 KSP Residual norm 2.798715113789e-03
Mon Sep 21 15:12:00 2026<stdout>:1833 KSP Residual norm 2.798709553349e-03
Mon Sep 21 15:12:01 2026<stdout>:1834 KSP Residual norm 2.795258236385e-03
Mon Sep 21 15:12:01 2026<stdout>:1835 KSP Residual norm 2.795258179908e-03
Mon Sep 21 15:12:01 2026<stdout>:1836 KSP Residual norm 2.794788854823e-03
Mon Sep 21 15:12:01 2026<stdout>:1837 KSP Residual norm 2.794680485377e-03
Mon Sep 21 15:12:01 2026<stdout>:1838 KSP Residual norm 2.794473848164e-03
Mon Sep 21 15:12:01 2026<stdout>:1839 KSP Residual norm 2.794302987194e-03
Mon Sep 21 15:12:01 2026<stdout>:1840 KSP Residual norm 2.793985548060e-03
Mon Sep 21 15:12:01 2026<stdout>:1841 KSP Residual norm 2.793944923817e-03
Mon Sep 21 15:12:01 2026<stdout>:1842 KSP Residual norm 2.793497970817e-03
Mon Sep 21 15:12:01 2026<stdout>:1843 KSP Residual norm 2.793496399233e-03
Mon Sep 21 15:12:01 2026<stdout>:1844 KSP Residual norm 2.792809758145e-03
Mon Sep 21 15:12:01 2026<stdout>:1845 KSP Residual norm 2.792569976221e-03
Mon Sep 21 15:12:01 2026<stdout>:1846 KSP Residual norm 2.790779101345e-03
Mon Sep 21 15:12:01 2026<stdout>:1847 KSP Residual norm 2.788405180273e-03
Mon Sep 21 15:12:01 2026<stdout>:1848 KSP Residual norm 2.788184854959e-03
Mon Sep 21 15:12:01 2026<stdout>:1849 KSP Residual norm 2.787448712205e-03
Mon Sep 21 15:12:01 2026<stdout>:1850 KSP Residual norm 2.785347763275e-03
Mon Sep 21 15:12:01 2026<stdout>:1851 KSP Residual norm 2.783722473442e-03
Mon Sep 21 15:12:01 2026<stdout>:1852 KSP Residual norm 2.782958356035e-03
Mon Sep 21 15:12:01 2026<stdout>:1853 KSP Residual norm 2.782955492921e-03
Mon Sep 21 15:12:01 2026<stdout>:1854 KSP Residual norm 2.781818837079e-03
Mon Sep 21 15:12:01 2026<stdout>:1855 KSP Residual norm 2.780183161380e-03
Mon Sep 21 15:12:01 2026<stdout>:1856 KSP Residual norm 2.771987440543e-03
Mon Sep 21 15:12:01 2026<stdout>:1857 KSP Residual norm 2.771889634573e-03
Mon Sep 21 15:12:01 2026<stdout>:1858 KSP Residual norm 2.770164448289e-03
Mon Sep 21 15:12:01 2026<stdout>:1859 KSP Residual norm 2.770091812946e-03
Mon Sep 21 15:12:01 2026<stdout>:1860 KSP Residual norm 2.769914433107e-03
Mon Sep 21 15:12:01 2026<stdout>:1861 KSP Residual norm 2.769449476793e-03
Mon Sep 21 15:12:01 2026<stdout>:1862 KSP Residual norm 2.769447030725e-03
Mon Sep 21 15:12:01 2026<stdout>:1863 KSP Residual norm 2.769216361290e-03
Mon Sep 21 15:12:01 2026<stdout>:1864 KSP Residual norm 2.768884461939e-03
Mon Sep 21 15:12:01 2026<stdout>:1865 KSP Residual norm 2.768113908185e-03
Mon Sep 21 15:12:01 2026<stdout>:1866 KSP Residual norm 2.767637551805e-03
Mon Sep 21 15:12:01 2026<stdout>:1867 KSP Residual norm 2.767634210939e-03
Mon Sep 21 15:12:01 2026<stdout>:1868 KSP Residual norm 2.766759984762e-03
Mon Sep 21 15:12:01 2026<stdout>:1869 KSP Residual norm 2.766699838217e-03
Mon Sep 21 15:12:01 2026<stdout>:1870 KSP Residual norm 2.766630331685e-03
Mon Sep 21 15:12:01 2026<stdout>:1871 KSP Residual norm 2.766616300683e-03
Mon Sep 21 15:12:01 2026<stdout>:1872 KSP Residual norm 2.766453842214e-03
Mon Sep 21 15:12:01 2026<stdout>:1873 KSP Residual norm 2.766137161114e-03
Mon Sep 21 15:12:01 2026<stdout>:1874 KSP Residual norm 2.765719541508e-03
Mon Sep 21 15:12:01 2026<stdout>:1875 KSP Residual norm 2.762735403680e-03
Mon Sep 21 15:12:01 2026<stdout>:1876 KSP Residual norm 2.762608686596e-03
Mon Sep 21 15:12:01 2026<stdout>:1877 KSP Residual norm 2.762500357282e-03
Mon Sep 21 15:12:01 2026<stdout>:1878 KSP Residual norm 2.762500243031e-03
Mon Sep 21 15:12:01 2026<stdout>:1879 KSP Residual norm 2.762165167404e-03
Mon Sep 21 15:12:01 2026<stdout>:1880 KSP Residual norm 2.761256435924e-03
Mon Sep 21 15:12:01 2026<stdout>:1881 KSP Residual norm 2.759320465812e-03
Mon Sep 21 15:12:01 2026<stdout>:1882 KSP Residual norm 2.759319951229e-03
Mon Sep 21 15:12:01 2026<stdout>:1883 KSP Residual norm 2.759319557542e-03
Mon Sep 21 15:12:01 2026<stdout>:1884 KSP Residual norm 2.757554502538e-03
Mon Sep 21 15:12:01 2026<stdout>:1885 KSP Residual norm 2.757471345791e-03
Mon Sep 21 15:12:01 2026<stdout>:1886 KSP Residual norm 2.756500276073e-03
Mon Sep 21 15:12:01 2026<stdout>:1887 KSP Residual norm 2.750270308589e-03
Mon Sep 21 15:12:01 2026<stdout>:1888 KSP Residual norm 2.749630841929e-03
Mon Sep 21 15:12:01 2026<stdout>:1889 KSP Residual norm 2.749211846142e-03
Mon Sep 21 15:12:01 2026<stdout>:1890 KSP Residual norm 2.746647040507e-03
Mon Sep 21 15:12:01 2026<stdout>:1891 KSP Residual norm 2.745878581321e-03
Mon Sep 21 15:12:01 2026<stdout>:1892 KSP Residual norm 2.743009452037e-03
Mon Sep 21 15:12:01 2026<stdout>:1893 KSP Residual norm 2.742991301871e-03
Mon Sep 21 15:12:01 2026<stdout>:1894 KSP Residual norm 2.740520569724e-03
Mon Sep 21 15:12:01 2026<stdout>:1895 KSP Residual norm 2.739917970214e-03
Mon Sep 21 15:12:01 2026<stdout>:1896 KSP Residual norm 2.739917936756e-03
Mon Sep 21 15:12:01 2026<stdout>:1897 KSP Residual norm 2.737385155699e-03
Mon Sep 21 15:12:01 2026<stdout>:1898 KSP Residual norm 2.735709004770e-03
Mon Sep 21 15:12:01 2026<stdout>:1899 KSP Residual norm 2.735663914094e-03
Mon Sep 21 15:12:01 2026<stdout>:1900 KSP Residual norm 2.735643121506e-03
Mon Sep 21 15:12:01 2026<stdout>:1901 KSP Residual norm 2.730260900736e-03
Mon Sep 21 15:12:01 2026<stdout>:1902 KSP Residual norm 2.718301913161e-03
Mon Sep 21 15:12:01 2026<stdout>:1903 KSP Residual norm 2.715187730540e-03
Mon Sep 21 15:12:01 2026<stdout>:1904 KSP Residual norm 2.715069032555e-03
Mon Sep 21 15:12:01 2026<stdout>:1905 KSP Residual norm 2.714294805227e-03
Mon Sep 21 15:12:01 2026<stdout>:1906 KSP Residual norm 2.713484436210e-03
Mon Sep 21 15:12:01 2026<stdout>:1907 KSP Residual norm 2.706193414270e-03
Mon Sep 21 15:12:01 2026<stdout>:1908 KSP Residual norm 2.703435686425e-03
Mon Sep 21 15:12:01 2026<stdout>:1909 KSP Residual norm 2.703245870297e-03
Mon Sep 21 15:12:01 2026<stdout>:1910 KSP Residual norm 2.698070105001e-03
Mon Sep 21 15:12:01 2026<stdout>:1911 KSP Residual norm 2.696916762609e-03
Mon Sep 21 15:12:01 2026<stdout>:1912 KSP Residual norm 2.696740225321e-03
Mon Sep 21 15:12:01 2026<stdout>:1913 KSP Residual norm 2.695782219376e-03
Mon Sep 21 15:12:01 2026<stdout>:1914 KSP Residual norm 2.695781361462e-03
Mon Sep 21 15:12:01 2026<stdout>:1915 KSP Residual norm 2.695709010901e-03
Mon Sep 21 15:12:01 2026<stdout>:1916 KSP Residual norm 2.695579736228e-03
Mon Sep 21 15:12:01 2026<stdout>:1917 KSP Residual norm 2.695526872934e-03
Mon Sep 21 15:12:01 2026<stdout>:1918 KSP Residual norm 2.693120581790e-03
Mon Sep 21 15:12:01 2026<stdout>:1919 KSP Residual norm 2.693116519363e-03
Mon Sep 21 15:12:01 2026<stdout>:1920 KSP Residual norm 2.692897312818e-03
Mon Sep 21 15:12:01 2026<stdout>:1921 KSP Residual norm 2.691793102798e-03
Mon Sep 21 15:12:02 2026<stdout>:1922 KSP Residual norm 2.690922914230e-03
Mon Sep 21 15:12:02 2026<stdout>:1923 KSP Residual norm 2.690427700178e-03
Mon Sep 21 15:12:02 2026<stdout>:1924 KSP Residual norm 2.686946959215e-03
Mon Sep 21 15:12:02 2026<stdout>:1925 KSP Residual norm 2.686783375362e-03
Mon Sep 21 15:12:02 2026<stdout>:1926 KSP Residual norm 2.686704495414e-03
Mon Sep 21 15:12:02 2026<stdout>:1927 KSP Residual norm 2.686377287397e-03
Mon Sep 21 15:12:02 2026<stdout>:1928 KSP Residual norm 2.686322961310e-03
Mon Sep 21 15:12:02 2026<stdout>:1929 KSP Residual norm 2.685905470585e-03
Mon Sep 21 15:12:02 2026<stdout>:1930 KSP Residual norm 2.685279333929e-03
Mon Sep 21 15:12:02 2026<stdout>:1931 KSP Residual norm 2.684715793150e-03
Mon Sep 21 15:12:02 2026<stdout>:1932 KSP Residual norm 2.679157304438e-03
Mon Sep 21 15:12:02 2026<stdout>:1933 KSP Residual norm 2.678880279799e-03
Mon Sep 21 15:12:02 2026<stdout>:1934 KSP Residual norm 2.678844764556e-03
Mon Sep 21 15:12:02 2026<stdout>:1935 KSP Residual norm 2.678734308946e-03
Mon Sep 21 15:12:02 2026<stdout>:1936 KSP Residual norm 2.675136057788e-03
Mon Sep 21 15:12:02 2026<stdout>:1937 KSP Residual norm 2.675121495560e-03
Mon Sep 21 15:12:02 2026<stdout>:1938 KSP Residual norm 2.674969953593e-03
Mon Sep 21 15:12:02 2026<stdout>:1939 KSP Residual norm 2.671700229524e-03
Mon Sep 21 15:12:02 2026<stdout>:1940 KSP Residual norm 2.671605557256e-03
Mon Sep 21 15:12:02 2026<stdout>:1941 KSP Residual norm 2.671555328884e-03
Mon Sep 21 15:12:02 2026<stdout>:1942 KSP Residual norm 2.671020387783e-03
Mon Sep 21 15:12:02 2026<stdout>:1943 KSP Residual norm 2.670413636609e-03
Mon Sep 21 15:12:02 2026<stdout>:1944 KSP Residual norm 2.670406713745e-03
Mon Sep 21 15:12:02 2026<stdout>:1945 KSP Residual norm 2.670273345850e-03
Mon Sep 21 15:12:02 2026<stdout>:1946 KSP Residual norm 2.669822467116e-03
Mon Sep 21 15:12:02 2026<stdout>:1947 KSP Residual norm 2.661130424157e-03
Mon Sep 21 15:12:02 2026<stdout>:1948 KSP Residual norm 2.660751792568e-03
Mon Sep 21 15:12:02 2026<stdout>:1949 KSP Residual norm 2.657080120652e-03
Mon Sep 21 15:12:02 2026<stdout>:1950 KSP Residual norm 3.086756045895e-03
Mon Sep 21 15:12:02 2026<stdout>:1951 KSP Residual norm 3.050236531458e-03
Mon Sep 21 15:12:02 2026<stdout>:1952 KSP Residual norm 3.046971610514e-03
Mon Sep 21 15:12:02 2026<stdout>:1953 KSP Residual norm 3.046721369428e-03
Mon Sep 21 15:12:02 2026<stdout>:1954 KSP Residual norm 2.967441509850e-03
Mon Sep 21 15:12:02 2026<stdout>:1955 KSP Residual norm 2.965557650951e-03
Mon Sep 21 15:12:02 2026<stdout>:1956 KSP Residual norm 2.941844893558e-03
Mon Sep 21 15:12:02 2026<stdout>:1957 KSP Residual norm 2.941642016615e-03
Mon Sep 21 15:12:02 2026<stdout>:1958 KSP Residual norm 2.922371932265e-03
Mon Sep 21 15:12:02 2026<stdout>:1959 KSP Residual norm 2.921349880348e-03
Mon Sep 21 15:12:02 2026<stdout>:1960 KSP Residual norm 2.920884025739e-03
Mon Sep 21 15:12:02 2026<stdout>:1961 KSP Residual norm 2.920758309579e-03
Mon Sep 21 15:12:02 2026<stdout>:1962 KSP Residual norm 2.920361701486e-03
Mon Sep 21 15:12:02 2026<stdout>:1963 KSP Residual norm 2.920327076463e-03
Mon Sep 21 15:12:02 2026<stdout>:1964 KSP Residual norm 2.920279270736e-03
Mon Sep 21 15:12:02 2026<stdout>:1965 KSP Residual norm 2.920257619987e-03
Mon Sep 21 15:12:02 2026<stdout>:1966 KSP Residual norm 2.919981804366e-03
Mon Sep 21 15:12:02 2026<stdout>:1967 KSP Residual norm 2.919711709665e-03
Mon Sep 21 15:12:02 2026<stdout>:1968 KSP Residual norm 2.918519389026e-03
Mon Sep 21 15:12:02 2026<stdout>:1969 KSP Residual norm 2.918348303536e-03
Mon Sep 21 15:12:02 2026<stdout>:1970 KSP Residual norm 2.912219691780e-03
Mon Sep 21 15:12:02 2026<stdout>:1971 KSP Residual norm 2.912146307164e-03
Mon Sep 21 15:12:02 2026<stdout>:1972 KSP Residual norm 2.911163324017e-03
Mon Sep 21 15:12:02 2026<stdout>:1973 KSP Residual norm 2.910935291283e-03
Mon Sep 21 15:12:02 2026<stdout>:1974 KSP Residual norm 2.909511718819e-03
Mon Sep 21 15:12:02 2026<stdout>:1975 KSP Residual norm 2.909423273231e-03
Mon Sep 21 15:12:02 2026<stdout>:1976 KSP Residual norm 2.909134179300e-03
Mon Sep 21 15:12:02 2026<stdout>:1977 KSP Residual norm 2.909110782232e-03
Mon Sep 21 15:12:02 2026<stdout>:1978 KSP Residual norm 2.909025933285e-03
Mon Sep 21 15:12:02 2026<stdout>:1979 KSP Residual norm 2.908953265631e-03
Mon Sep 21 15:12:02 2026<stdout>:1980 KSP Residual norm 2.908567251021e-03
Mon Sep 21 15:12:02 2026<stdout>:1981 KSP Residual norm 2.908490891503e-03
Mon Sep 21 15:12:02 2026<stdout>:1982 KSP Residual norm 2.908485541761e-03
Mon Sep 21 15:12:02 2026<stdout>:1983 KSP Residual norm 2.908422613683e-03
Mon Sep 21 15:12:02 2026<stdout>:1984 KSP Residual norm 2.906967487040e-03
Mon Sep 21 15:12:02 2026<stdout>:1985 KSP Residual norm 2.906629313089e-03
Mon Sep 21 15:12:02 2026<stdout>:1986 KSP Residual norm 2.906487151957e-03
Mon Sep 21 15:12:02 2026<stdout>:1987 KSP Residual norm 2.906447262634e-03
Mon Sep 21 15:12:02 2026<stdout>:1988 KSP Residual norm 2.906326783369e-03
Mon Sep 21 15:12:02 2026<stdout>:1989 KSP Residual norm 2.906288939584e-03
Mon Sep 21 15:12:02 2026<stdout>:1990 KSP Residual norm 2.899511100200e-03
Mon Sep 21 15:12:02 2026<stdout>:1991 KSP Residual norm 2.899510343402e-03
Mon Sep 21 15:12:02 2026<stdout>:1992 KSP Residual norm 2.894786993359e-03
Mon Sep 21 15:12:02 2026<stdout>:1993 KSP Residual norm 2.894688158729e-03
Mon Sep 21 15:12:02 2026<stdout>:1994 KSP Residual norm 2.892377473915e-03
Mon Sep 21 15:12:02 2026<stdout>:1995 KSP Residual norm 2.892372846908e-03
Mon Sep 21 15:12:02 2026<stdout>:1996 KSP Residual norm 2.891003430203e-03
Mon Sep 21 15:12:02 2026<stdout>:1997 KSP Residual norm 2.888996226724e-03
Mon Sep 21 15:12:02 2026<stdout>:1998 KSP Residual norm 2.888759541767e-03
Mon Sep 21 15:12:02 2026<stdout>:1999 KSP Residual norm 2.888324568793e-03
Mon Sep 21 15:12:02 2026<stdout>:2000 KSP Residual norm 2.884956583941e-03
Mon Sep 21 15:12:02 2026<stdout>:2001 KSP Residual norm 2.884838588231e-03
Mon Sep 21 15:12:02 2026<stdout>:2002 KSP Residual norm 2.883240432804e-03
Mon Sep 21 15:12:02 2026<stdout>:2003 KSP Residual norm 2.882630327294e-03
Mon Sep 21 15:12:02 2026<stdout>:2004 KSP Residual norm 2.879929128011e-03
Mon Sep 21 15:12:02 2026<stdout>:2005 KSP Residual norm 2.879172765346e-03
Mon Sep 21 15:12:02 2026<stdout>:2006 KSP Residual norm 2.878505406442e-03
Mon Sep 21 15:12:02 2026<stdout>:2007 KSP Residual norm 2.877263439326e-03
Mon Sep 21 15:12:02 2026<stdout>:2008 KSP Residual norm 2.872100575744e-03
Mon Sep 21 15:12:02 2026<stdout>:2009 KSP Residual norm 2.871997908761e-03
Mon Sep 21 15:12:02 2026<stdout>:2010 KSP Residual norm 2.869325008109e-03
Mon Sep 21 15:12:02 2026<stdout>:2011 KSP Residual norm 2.866710045752e-03
Mon Sep 21 15:12:02 2026<stdout>:2012 KSP Residual norm 2.866690508917e-03
Mon Sep 21 15:12:02 2026<stdout>:2013 KSP Residual norm 2.864084642031e-03
Mon Sep 21 15:12:02 2026<stdout>:2014 KSP Residual norm 2.864081617281e-03
Mon Sep 21 15:12:02 2026<stdout>:2015 KSP Residual norm 2.863568414016e-03
Mon Sep 21 15:12:03 2026<stdout>:2016 KSP Residual norm 2.863538069640e-03
Mon Sep 21 15:12:03 2026<stdout>:2017 KSP Residual norm 2.863092084381e-03
Mon Sep 21 15:12:03 2026<stdout>:2018 KSP Residual norm 2.862846155815e-03
Mon Sep 21 15:12:03 2026<stdout>:2019 KSP Residual norm 2.862800984313e-03
Mon Sep 21 15:12:03 2026<stdout>:2020 KSP Residual norm 2.859515443750e-03
Mon Sep 21 15:12:03 2026<stdout>:2021 KSP Residual norm 2.856582970046e-03
Mon Sep 21 15:12:03 2026<stdout>:2022 KSP Residual norm 2.856482914266e-03
Mon Sep 21 15:12:03 2026<stdout>:2023 KSP Residual norm 2.854062440698e-03
Mon Sep 21 15:12:03 2026<stdout>:2024 KSP Residual norm 2.854047730102e-03
Mon Sep 21 15:12:03 2026<stdout>:2025 KSP Residual norm 2.853976260612e-03
Mon Sep 21 15:12:03 2026<stdout>:2026 KSP Residual norm 2.853862882698e-03
Mon Sep 21 15:12:03 2026<stdout>:2027 KSP Residual norm 2.853825407086e-03
Mon Sep 21 15:12:03 2026<stdout>:2028 KSP Residual norm 2.853769182845e-03
Mon Sep 21 15:12:03 2026<stdout>:2029 KSP Residual norm 2.853713642715e-03
Mon Sep 21 15:12:03 2026<stdout>:2030 KSP Residual norm 2.852509801197e-03
Mon Sep 21 15:12:03 2026<stdout>:2031 KSP Residual norm 2.852464787953e-03
Mon Sep 21 15:12:03 2026<stdout>:2032 KSP Residual norm 2.851889932704e-03
Mon Sep 21 15:12:03 2026<stdout>:2033 KSP Residual norm 2.851227244362e-03
Mon Sep 21 15:12:03 2026<stdout>:2034 KSP Residual norm 2.851172780914e-03
Mon Sep 21 15:12:03 2026<stdout>:2035 KSP Residual norm 2.851062534632e-03
Mon Sep 21 15:12:03 2026<stdout>:2036 KSP Residual norm 2.849975168444e-03
Mon Sep 21 15:12:03 2026<stdout>:2037 KSP Residual norm 2.849955644897e-03
Mon Sep 21 15:12:03 2026<stdout>:2038 KSP Residual norm 2.849927705507e-03
Mon Sep 21 15:12:03 2026<stdout>:2039 KSP Residual norm 2.849874726970e-03
Mon Sep 21 15:12:03 2026<stdout>:2040 KSP Residual norm 2.846861878487e-03
Mon Sep 21 15:12:03 2026<stdout>:2041 KSP Residual norm 2.846119037410e-03
Mon Sep 21 15:12:03 2026<stdout>:2042 KSP Residual norm 2.846103854652e-03
Mon Sep 21 15:12:03 2026<stdout>:2043 KSP Residual norm 2.845023083579e-03
Mon Sep 21 15:12:03 2026<stdout>:2044 KSP Residual norm 2.843861595737e-03
Mon Sep 21 15:12:03 2026<stdout>:2045 KSP Residual norm 2.843844387328e-03
Mon Sep 21 15:12:03 2026<stdout>:2046 KSP Residual norm 2.843583238485e-03
Mon Sep 21 15:12:03 2026<stdout>:2047 KSP Residual norm 2.843345868680e-03
Mon Sep 21 15:12:03 2026<stdout>:2048 KSP Residual norm 2.843095062609e-03
Mon Sep 21 15:12:03 2026<stdout>:2049 KSP Residual norm 2.842766903197e-03
Mon Sep 21 15:12:03 2026<stdout>:2050 KSP Residual norm 2.842763689955e-03
Mon Sep 21 15:12:03 2026<stdout>:2051 KSP Residual norm 2.842757561269e-03
Mon Sep 21 15:12:03 2026<stdout>:2052 KSP Residual norm 2.842222427694e-03
Mon Sep 21 15:12:03 2026<stdout>:2053 KSP Residual norm 2.842069495949e-03
Mon Sep 21 15:12:03 2026<stdout>:2054 KSP Residual norm 2.842058085699e-03
Mon Sep 21 15:12:03 2026<stdout>:2055 KSP Residual norm 2.840658202651e-03
Mon Sep 21 15:12:03 2026<stdout>:2056 KSP Residual norm 2.838836840513e-03
Mon Sep 21 15:12:03 2026<stdout>:2057 KSP Residual norm 2.838826190529e-03
Mon Sep 21 15:12:03 2026<stdout>:2058 KSP Residual norm 2.837895565885e-03
Mon Sep 21 15:12:03 2026<stdout>:2059 KSP Residual norm 2.836961060401e-03
Mon Sep 21 15:12:03 2026<stdout>:2060 KSP Residual norm 2.836862015680e-03
Mon Sep 21 15:12:03 2026<stdout>:2061 KSP Residual norm 2.836853990970e-03
Mon Sep 21 15:12:03 2026<stdout>:2062 KSP Residual norm 2.836637045470e-03
Mon Sep 21 15:12:03 2026<stdout>:2063 KSP Residual norm 2.835363656388e-03
Mon Sep 21 15:12:03 2026<stdout>:2064 KSP Residual norm 2.835361839712e-03
Mon Sep 21 15:12:03 2026<stdout>:2065 KSP Residual norm 2.834325578044e-03
Mon Sep 21 15:12:03 2026<stdout>:2066 KSP Residual norm 2.834255707528e-03
Mon Sep 21 15:12:03 2026<stdout>:2067 KSP Residual norm 2.833386778129e-03
Mon Sep 21 15:12:03 2026<stdout>:2068 KSP Residual norm 2.832762518079e-03
Mon Sep 21 15:12:03 2026<stdout>:2069 KSP Residual norm 2.832391819758e-03
Mon Sep 21 15:12:03 2026<stdout>:2070 KSP Residual norm 2.829802669041e-03
Mon Sep 21 15:12:03 2026<stdout>:2071 KSP Residual norm 2.829300537303e-03
Mon Sep 21 15:12:03 2026<stdout>:2072 KSP Residual norm 2.823393005422e-03
Mon Sep 21 15:12:03 2026<stdout>:2073 KSP Residual norm 2.816922513907e-03
Mon Sep 21 15:12:03 2026<stdout>:2074 KSP Residual norm 2.816174277191e-03
Mon Sep 21 15:12:03 2026<stdout>:2075 KSP Residual norm 2.815580485846e-03
Mon Sep 21 15:12:03 2026<stdout>:2076 KSP Residual norm 2.808402000428e-03
Mon Sep 21 15:12:03 2026<stdout>:2077 KSP Residual norm 2.807898073711e-03
Mon Sep 21 15:12:03 2026<stdout>:2078 KSP Residual norm 2.806282697010e-03
Mon Sep 21 15:12:03 2026<stdout>:2079 KSP Residual norm 2.806282499601e-03
Mon Sep 21 15:12:03 2026<stdout>:2080 KSP Residual norm 2.805271974278e-03
Mon Sep 21 15:12:03 2026<stdout>:2081 KSP Residual norm 2.805270781740e-03
Mon Sep 21 15:12:03 2026<stdout>:2082 KSP Residual norm 2.805256297031e-03
Mon Sep 21 15:12:03 2026<stdout>:2083 KSP Residual norm 2.804962506136e-03
Mon Sep 21 15:12:03 2026<stdout>:2084 KSP Residual norm 2.803788609863e-03
Mon Sep 21 15:12:03 2026<stdout>:2085 KSP Residual norm 2.802493595009e-03
Mon Sep 21 15:12:03 2026<stdout>:2086 KSP Residual norm 2.802227069788e-03
Mon Sep 21 15:12:03 2026<stdout>:2087 KSP Residual norm 2.798558927116e-03
Mon Sep 21 15:12:03 2026<stdout>:2088 KSP Residual norm 2.797594931177e-03
Mon Sep 21 15:12:03 2026<stdout>:2089 KSP Residual norm 2.797416474871e-03
Mon Sep 21 15:12:03 2026<stdout>:2090 KSP Residual norm 2.797118395846e-03
Mon Sep 21 15:12:03 2026<stdout>:2091 KSP Residual norm 2.796908155477e-03
Mon Sep 21 15:12:03 2026<stdout>:2092 KSP Residual norm 2.794732805659e-03
Mon Sep 21 15:12:03 2026<stdout>:2093 KSP Residual norm 2.794677157250e-03
Mon Sep 21 15:12:03 2026<stdout>:2094 KSP Residual norm 2.794385878976e-03
Mon Sep 21 15:12:03 2026<stdout>:2095 KSP Residual norm 2.794211551699e-03
Mon Sep 21 15:12:04 2026<stdout>:2096 KSP Residual norm 2.793991811002e-03
Mon Sep 21 15:12:04 2026<stdout>:2097 KSP Residual norm 2.793053799903e-03
Mon Sep 21 15:12:04 2026<stdout>:2098 KSP Residual norm 2.792407322827e-03
Mon Sep 21 15:12:04 2026<stdout>:2099 KSP Residual norm 2.792391813194e-03
Mon Sep 21 15:12:04 2026<stdout>:2100 KSP Residual norm 3.003813865089e-03
Mon Sep 21 15:12:04 2026<stdout>:2101 KSP Residual norm 2.922288809904e-03
Mon Sep 21 15:12:04 2026<stdout>:2102 KSP Residual norm 2.694788815599e-03
Mon Sep 21 15:12:04 2026<stdout>:2103 KSP Residual norm 2.676370131438e-03
Mon Sep 21 15:12:04 2026<stdout>:2104 KSP Residual norm 2.675296085442e-03
Mon Sep 21 15:12:04 2026<stdout>:2105 KSP Residual norm 2.675250179162e-03
Mon Sep 21 15:12:04 2026<stdout>:2106 KSP Residual norm 2.672449120387e-03
Mon Sep 21 15:12:04 2026<stdout>:2107 KSP Residual norm 2.671905262132e-03
Mon Sep 21 15:12:04 2026<stdout>:2108 KSP Residual norm 2.671837573208e-03
Mon Sep 21 15:12:04 2026<stdout>:2109 KSP Residual norm 2.671814353176e-03
Mon Sep 21 15:12:04 2026<stdout>:2110 KSP Residual norm 2.669963317272e-03
Mon Sep 21 15:12:04 2026<stdout>:2111 KSP Residual norm 2.669834571364e-03
Mon Sep 21 15:12:04 2026<stdout>:2112 KSP Residual norm 2.667644325063e-03
Mon Sep 21 15:12:04 2026<stdout>:2113 KSP Residual norm 2.667629362200e-03
Mon Sep 21 15:12:04 2026<stdout>:2114 KSP Residual norm 2.666707113241e-03
Mon Sep 21 15:12:04 2026<stdout>:2115 KSP Residual norm 2.666698492753e-03
Mon Sep 21 15:12:04 2026<stdout>:2116 KSP Residual norm 2.664120940492e-03
Mon Sep 21 15:12:04 2026<stdout>:2117 KSP Residual norm 2.664076879174e-03
Mon Sep 21 15:12:04 2026<stdout>:2118 KSP Residual norm 2.662516181032e-03
Mon Sep 21 15:12:04 2026<stdout>:2119 KSP Residual norm 2.662387319877e-03
Mon Sep 21 15:12:04 2026<stdout>:2120 KSP Residual norm 2.660787631720e-03
Mon Sep 21 15:12:04 2026<stdout>:2121 KSP Residual norm 2.660787507488e-03
Mon Sep 21 15:12:04 2026<stdout>:2122 KSP Residual norm 2.640715280454e-03
Mon Sep 21 15:12:04 2026<stdout>:2123 KSP Residual norm 2.640715099494e-03
Mon Sep 21 15:12:04 2026<stdout>:2124 KSP Residual norm 2.638132356264e-03
Mon Sep 21 15:12:04 2026<stdout>:2125 KSP Residual norm 2.638059642395e-03
Mon Sep 21 15:12:04 2026<stdout>:2126 KSP Residual norm 2.637887138218e-03
Mon Sep 21 15:12:04 2026<stdout>:2127 KSP Residual norm 2.637790205180e-03
Mon Sep 21 15:12:04 2026<stdout>:2128 KSP Residual norm 2.636922368386e-03
Mon Sep 21 15:12:04 2026<stdout>:2129 KSP Residual norm 2.636789694265e-03
Mon Sep 21 15:12:04 2026<stdout>:2130 KSP Residual norm 2.635401328752e-03
Mon Sep 21 15:12:04 2026<stdout>:2131 KSP Residual norm 2.635395203881e-03
Mon Sep 21 15:12:04 2026<stdout>:2132 KSP Residual norm 2.629363911910e-03
Mon Sep 21 15:12:04 2026<stdout>:2133 KSP Residual norm 2.629348459607e-03
Mon Sep 21 15:12:04 2026<stdout>:2134 KSP Residual norm 2.619887504004e-03
Mon Sep 21 15:12:04 2026<stdout>:2135 KSP Residual norm 2.619827973613e-03
Mon Sep 21 15:12:04 2026<stdout>:2136 KSP Residual norm 2.615288526630e-03
Mon Sep 21 15:12:04 2026<stdout>:2137 KSP Residual norm 2.615154696870e-03
Mon Sep 21 15:12:04 2026<stdout>:2138 KSP Residual norm 2.614135690837e-03
Mon Sep 21 15:12:04 2026<stdout>:2139 KSP Residual norm 2.614083292414e-03
Mon Sep 21 15:12:04 2026<stdout>:2140 KSP Residual norm 2.613534211886e-03
Mon Sep 21 15:12:04 2026<stdout>:2141 KSP Residual norm 2.613415984018e-03
Mon Sep 21 15:12:04 2026<stdout>:2142 KSP Residual norm 2.589647712047e-03
Mon Sep 21 15:12:04 2026<stdout>:2143 KSP Residual norm 2.589621647897e-03
Mon Sep 21 15:12:04 2026<stdout>:2144 KSP Residual norm 2.588332592917e-03
Mon Sep 21 15:12:04 2026<stdout>:2145 KSP Residual norm 2.588196231703e-03
Mon Sep 21 15:12:04 2026<stdout>:2146 KSP Residual norm 2.588073719202e-03
Mon Sep 21 15:12:04 2026<stdout>:2147 KSP Residual norm 2.587625239368e-03
Mon Sep 21 15:12:04 2026<stdout>:2148 KSP Residual norm 2.585389494789e-03
Mon Sep 21 15:12:04 2026<stdout>:2149 KSP Residual norm 2.582753505418e-03
Mon Sep 21 15:12:04 2026<stdout>:2150 KSP Residual norm 2.581516704234e-03
Mon Sep 21 15:12:04 2026<stdout>:2151 KSP Residual norm 2.581048739674e-03
Mon Sep 21 15:12:04 2026<stdout>:2152 KSP Residual norm 2.581035577205e-03
Mon Sep 21 15:12:04 2026<stdout>:2153 KSP Residual norm 2.581027037835e-03
Mon Sep 21 15:12:04 2026<stdout>:2154 KSP Residual norm 2.580526831652e-03
Mon Sep 21 15:12:04 2026<stdout>:2155 KSP Residual norm 2.579801635488e-03
Mon Sep 21 15:12:04 2026<stdout>:2156 KSP Residual norm 2.579445226389e-03
Mon Sep 21 15:12:04 2026<stdout>:2157 KSP Residual norm 2.577834540534e-03
Mon Sep 21 15:12:04 2026<stdout>:2158 KSP Residual norm 2.576451549033e-03
Mon Sep 21 15:12:04 2026<stdout>:2159 KSP Residual norm 2.576420191763e-03
Mon Sep 21 15:12:04 2026<stdout>:2160 KSP Residual norm 2.576402230408e-03
Mon Sep 21 15:12:04 2026<stdout>:2161 KSP Residual norm 2.573827021051e-03
Mon Sep 21 15:12:04 2026<stdout>:2162 KSP Residual norm 2.573310097031e-03
Mon Sep 21 15:12:04 2026<stdout>:2163 KSP Residual norm 2.573260380413e-03
Mon Sep 21 15:12:04 2026<stdout>:2164 KSP Residual norm 2.573035800814e-03
Mon Sep 21 15:12:04 2026<stdout>:2165 KSP Residual norm 2.572697072122e-03
Mon Sep 21 15:12:04 2026<stdout>:2166 KSP Residual norm 2.570486328613e-03
Mon Sep 21 15:12:04 2026<stdout>:2167 KSP Residual norm 2.569717626748e-03
Mon Sep 21 15:12:04 2026<stdout>:2168 KSP Residual norm 2.569658583383e-03
Mon Sep 21 15:12:04 2026<stdout>:2169 KSP Residual norm 2.569362031869e-03
Mon Sep 21 15:12:04 2026<stdout>:2170 KSP Residual norm 2.569359725655e-03
Mon Sep 21 15:12:04 2026<stdout>:2171 KSP Residual norm 2.566909689652e-03
Mon Sep 21 15:12:04 2026<stdout>:2172 KSP Residual norm 2.566473401821e-03
Mon Sep 21 15:12:04 2026<stdout>:2173 KSP Residual norm 2.560813350417e-03
Mon Sep 21 15:12:04 2026<stdout>:2174 KSP Residual norm 2.559007541571e-03
Mon Sep 21 15:12:04 2026<stdout>:2175 KSP Residual norm 2.553487096956e-03
Mon Sep 21 15:12:04 2026<stdout>:2176 KSP Residual norm 2.550459464159e-03
Mon Sep 21 15:12:04 2026<stdout>:2177 KSP Residual norm 2.550350323720e-03
Mon Sep 21 15:12:04 2026<stdout>:2178 KSP Residual norm 2.550349475413e-03
Mon Sep 21 15:12:04 2026<stdout>:2179 KSP Residual norm 2.549936214775e-03
Mon Sep 21 15:12:04 2026<stdout>:2180 KSP Residual norm 2.548435770438e-03
Mon Sep 21 15:12:04 2026<stdout>:2181 KSP Residual norm 2.548182318236e-03
Mon Sep 21 15:12:04 2026<stdout>:2182 KSP Residual norm 2.548088864365e-03
Mon Sep 21 15:12:04 2026<stdout>:2183 KSP Residual norm 2.547636977936e-03
Mon Sep 21 15:12:04 2026<stdout>:2184 KSP Residual norm 2.544071535755e-03
Mon Sep 21 15:12:04 2026<stdout>:2185 KSP Residual norm 2.539380411608e-03
Mon Sep 21 15:12:04 2026<stdout>:2186 KSP Residual norm 2.539370969108e-03
Mon Sep 21 15:12:04 2026<stdout>:2187 KSP Residual norm 2.539370911136e-03
Mon Sep 21 15:12:04 2026<stdout>:2188 KSP Residual norm 2.539088903971e-03
Mon Sep 21 15:12:04 2026<stdout>:2189 KSP Residual norm 2.539038188438e-03
Mon Sep 21 15:12:04 2026<stdout>:2190 KSP Residual norm 2.538104925288e-03
Mon Sep 21 15:12:04 2026<stdout>:2191 KSP Residual norm 2.534783503701e-03
Mon Sep 21 15:12:04 2026<stdout>:2192 KSP Residual norm 2.521245930843e-03
Mon Sep 21 15:12:04 2026<stdout>:2193 KSP Residual norm 2.520854375146e-03
Mon Sep 21 15:12:04 2026<stdout>:2194 KSP Residual norm 2.520598514765e-03
Mon Sep 21 15:12:05 2026<stdout>:2195 KSP Residual norm 2.519493484978e-03
Mon Sep 21 15:12:05 2026<stdout>:2196 KSP Residual norm 2.519349024127e-03
Mon Sep 21 15:12:05 2026<stdout>:2197 KSP Residual norm 2.516420923178e-03
Mon Sep 21 15:12:05 2026<stdout>:2198 KSP Residual norm 2.507061191501e-03
Mon Sep 21 15:12:05 2026<stdout>:2199 KSP Residual norm 2.503409947156e-03
Mon Sep 21 15:12:05 2026<stdout>:2200 KSP Residual norm 2.502911679502e-03
Mon Sep 21 15:12:05 2026<stdout>:2201 KSP Residual norm 2.502322233534e-03
Mon Sep 21 15:12:05 2026<stdout>:2202 KSP Residual norm 2.501353116940e-03
Mon Sep 21 15:12:05 2026<stdout>:2203 KSP Residual norm 2.501225787537e-03
Mon Sep 21 15:12:05 2026<stdout>:2204 KSP Residual norm 2.500254772295e-03
Mon Sep 21 15:12:05 2026<stdout>:2205 KSP Residual norm 2.498043406739e-03
Mon Sep 21 15:12:05 2026<stdout>:2206 KSP Residual norm 2.487909843847e-03
Mon Sep 21 15:12:05 2026<stdout>:2207 KSP Residual norm 2.486160368078e-03
Mon Sep 21 15:12:05 2026<stdout>:2208 KSP Residual norm 2.486149564324e-03
Mon Sep 21 15:12:05 2026<stdout>:2209 KSP Residual norm 2.485785514994e-03
Mon Sep 21 15:12:05 2026<stdout>:2210 KSP Residual norm 2.484559757532e-03
Mon Sep 21 15:12:05 2026<stdout>:2211 KSP Residual norm 2.484110357531e-03
Mon Sep 21 15:12:05 2026<stdout>:2212 KSP Residual norm 2.483674545396e-03
Mon Sep 21 15:12:05 2026<stdout>:2213 KSP Residual norm 2.483674277943e-03
Mon Sep 21 15:12:05 2026<stdout>:2214 KSP Residual norm 2.481798076320e-03
Mon Sep 21 15:12:05 2026<stdout>:2215 KSP Residual norm 2.481712917040e-03
Mon Sep 21 15:12:05 2026<stdout>:2216 KSP Residual norm 2.479257313191e-03
Mon Sep 21 15:12:05 2026<stdout>:2217 KSP Residual norm 2.479235408019e-03
Mon Sep 21 15:12:05 2026<stdout>:2218 KSP Residual norm 2.478632265121e-03
Mon Sep 21 15:12:05 2026<stdout>:2219 KSP Residual norm 2.477595393781e-03
Mon Sep 21 15:12:05 2026<stdout>:2220 KSP Residual norm 2.477506373319e-03
Mon Sep 21 15:12:05 2026<stdout>:2221 KSP Residual norm 2.472797258466e-03
Mon Sep 21 15:12:05 2026<stdout>:2222 KSP Residual norm 2.471635845885e-03
Mon Sep 21 15:12:05 2026<stdout>:2223 KSP Residual norm 2.471183092831e-03
Mon Sep 21 15:12:05 2026<stdout>:2224 KSP Residual norm 2.471154160636e-03
Mon Sep 21 15:12:05 2026<stdout>:2225 KSP Residual norm 2.470834311232e-03
Mon Sep 21 15:12:05 2026<stdout>:2226 KSP Residual norm 2.470754659530e-03
Mon Sep 21 15:12:05 2026<stdout>:2227 KSP Residual norm 2.465755531184e-03
Mon Sep 21 15:12:05 2026<stdout>:2228 KSP Residual norm 2.459929088377e-03
Mon Sep 21 15:12:05 2026<stdout>:2229 KSP Residual norm 2.459113410071e-03
Mon Sep 21 15:12:05 2026<stdout>:2230 KSP Residual norm 2.459087643816e-03
Mon Sep 21 15:12:05 2026<stdout>:2231 KSP Residual norm 2.458735018917e-03
Mon Sep 21 15:12:05 2026<stdout>:2232 KSP Residual norm 2.458630422458e-03
Mon Sep 21 15:12:05 2026<stdout>:2233 KSP Residual norm 2.456998841447e-03
Mon Sep 21 15:12:05 2026<stdout>:2234 KSP Residual norm 2.456936730510e-03
Mon Sep 21 15:12:05 2026<stdout>:2235 KSP Residual norm 2.456450026325e-03
Mon Sep 21 15:12:05 2026<stdout>:2236 KSP Residual norm 2.455139062861e-03
Mon Sep 21 15:12:05 2026<stdout>:2237 KSP Residual norm 2.455124641834e-03
Mon Sep 21 15:12:05 2026<stdout>:2238 KSP Residual norm 2.454748995020e-03
Mon Sep 21 15:12:05 2026<stdout>:2239 KSP Residual norm 2.454746712752e-03
Mon Sep 21 15:12:05 2026<stdout>:2240 KSP Residual norm 2.454705860625e-03
Mon Sep 21 15:12:05 2026<stdout>:2241 KSP Residual norm 2.454695530512e-03
Mon Sep 21 15:12:05 2026<stdout>:2242 KSP Residual norm 2.452951448941e-03
Mon Sep 21 15:12:05 2026<stdout>:2243 KSP Residual norm 2.452420058932e-03
Mon Sep 21 15:12:05 2026<stdout>:2244 KSP Residual norm 2.452271479886e-03
Mon Sep 21 15:12:05 2026<stdout>:2245 KSP Residual norm 2.452182764791e-03
Mon Sep 21 15:12:05 2026<stdout>:2246 KSP Residual norm 2.452182482859e-03
Mon Sep 21 15:12:05 2026<stdout>:2247 KSP Residual norm 2.451761767821e-03
Mon Sep 21 15:12:05 2026<stdout>:2248 KSP Residual norm 2.444494715730e-03
Mon Sep 21 15:12:05 2026<stdout>:2249 KSP Residual norm 2.443951691733e-03
Mon Sep 21 15:12:05 2026<stdout>:2250 KSP Residual norm 3.227151826918e-03
Mon Sep 21 15:12:05 2026<stdout>:2251 KSP Residual norm 3.019257873397e-03
Mon Sep 21 15:12:05 2026<stdout>:2252 KSP Residual norm 3.016779677618e-03
Mon Sep 21 15:12:05 2026<stdout>:2253 KSP Residual norm 3.016603484928e-03
Mon Sep 21 15:12:05 2026<stdout>:2254 KSP Residual norm 2.765989573139e-03
Mon Sep 21 15:12:05 2026<stdout>:2255 KSP Residual norm 2.762848664456e-03
Mon Sep 21 15:12:05 2026<stdout>:2256 KSP Residual norm 2.745639812607e-03
Mon Sep 21 15:12:05 2026<stdout>:2257 KSP Residual norm 2.745581583312e-03
Mon Sep 21 15:12:05 2026<stdout>:2258 KSP Residual norm 2.726052385087e-03
Mon Sep 21 15:12:05 2026<stdout>:2259 KSP Residual norm 2.726041683351e-03
Mon Sep 21 15:12:05 2026<stdout>:2260 KSP Residual norm 2.718688230823e-03
Mon Sep 21 15:12:05 2026<stdout>:2261 KSP Residual norm 2.718633115303e-03
Mon Sep 21 15:12:05 2026<stdout>:2262 KSP Residual norm 2.716414631139e-03
Mon Sep 21 15:12:05 2026<stdout>:2263 KSP Residual norm 2.716094480954e-03
Mon Sep 21 15:12:05 2026<stdout>:2264 KSP Residual norm 2.715449915687e-03
Mon Sep 21 15:12:05 2026<stdout>:2265 KSP Residual norm 2.715445353946e-03
Mon Sep 21 15:12:05 2026<stdout>:2266 KSP Residual norm 2.714783961946e-03
Mon Sep 21 15:12:05 2026<stdout>:2267 KSP Residual norm 2.714774748951e-03
Mon Sep 21 15:12:05 2026<stdout>:2268 KSP Residual norm 2.712004067444e-03
Mon Sep 21 15:12:05 2026<stdout>:2269 KSP Residual norm 2.712002611804e-03
Mon Sep 21 15:12:05 2026<stdout>:2270 KSP Residual norm 2.711981959003e-03
Mon Sep 21 15:12:05 2026<stdout>:2271 KSP Residual norm 2.711866060951e-03
Mon Sep 21 15:12:05 2026<stdout>:2272 KSP Residual norm 2.711811150240e-03
Mon Sep 21 15:12:05 2026<stdout>:2273 KSP Residual norm 2.711667718375e-03
Mon Sep 21 15:12:05 2026<stdout>:2274 KSP Residual norm 2.708213272639e-03
Mon Sep 21 15:12:05 2026<stdout>:2275 KSP Residual norm 2.708190129916e-03
Mon Sep 21 15:12:05 2026<stdout>:2276 KSP Residual norm 2.707101153789e-03
Mon Sep 21 15:12:05 2026<stdout>:2277 KSP Residual norm 2.707037857250e-03
Mon Sep 21 15:12:05 2026<stdout>:2278 KSP Residual norm 2.701523487216e-03
Mon Sep 21 15:12:05 2026<stdout>:2279 KSP Residual norm 2.701334002591e-03
Mon Sep 21 15:12:05 2026<stdout>:2280 KSP Residual norm 2.701224663925e-03
Mon Sep 21 15:12:06 2026<stdout>:2281 KSP Residual norm 2.701204895168e-03
Mon Sep 21 15:12:06 2026<stdout>:2282 KSP Residual norm 2.694774672068e-03
Mon Sep 21 15:12:06 2026<stdout>:2283 KSP Residual norm 2.694558434688e-03
Mon Sep 21 15:12:06 2026<stdout>:2284 KSP Residual norm 2.694477127828e-03
Mon Sep 21 15:12:06 2026<stdout>:2285 KSP Residual norm 2.694473088626e-03
Mon Sep 21 15:12:06 2026<stdout>:2286 KSP Residual norm 2.690775432559e-03
Mon Sep 21 15:12:06 2026<stdout>:2287 KSP Residual norm 2.690738598696e-03
Mon Sep 21 15:12:06 2026<stdout>:2288 KSP Residual norm 2.690691997449e-03
Mon Sep 21 15:12:06 2026<stdout>:2289 KSP Residual norm 2.690634671625e-03
Mon Sep 21 15:12:06 2026<stdout>:2290 KSP Residual norm 2.689627931561e-03
Mon Sep 21 15:12:06 2026<stdout>:2291 KSP Residual norm 2.689521149680e-03
Mon Sep 21 15:12:06 2026<stdout>:2292 KSP Residual norm 2.689507015354e-03
Mon Sep 21 15:12:06 2026<stdout>:2293 KSP Residual norm 2.689378906769e-03
Mon Sep 21 15:12:06 2026<stdout>:2294 KSP Residual norm 2.688411492319e-03
Mon Sep 21 15:12:06 2026<stdout>:2295 KSP Residual norm 2.688371694386e-03
Mon Sep 21 15:12:06 2026<stdout>:2296 KSP Residual norm 2.687736341311e-03
Mon Sep 21 15:12:06 2026<stdout>:2297 KSP Residual norm 2.685834847119e-03
Mon Sep 21 15:12:06 2026<stdout>:2298 KSP Residual norm 2.685328941231e-03
Mon Sep 21 15:12:06 2026<stdout>:2299 KSP Residual norm 2.685125027457e-03
Mon Sep 21 15:12:06 2026<stdout>:2300 KSP Residual norm 2.684483360042e-03
Mon Sep 21 15:12:06 2026<stdout>:2301 KSP Residual norm 2.681992269754e-03
Mon Sep 21 15:12:06 2026<stdout>:2302 KSP Residual norm 2.681688850079e-03
Mon Sep 21 15:12:06 2026<stdout>:2303 KSP Residual norm 2.681683076526e-03
Mon Sep 21 15:12:06 2026<stdout>:2304 KSP Residual norm 2.681082401612e-03
Mon Sep 21 15:12:06 2026<stdout>:2305 KSP Residual norm 2.681010036757e-03
Mon Sep 21 15:12:06 2026<stdout>:2306 KSP Residual norm 2.681005622966e-03
Mon Sep 21 15:12:06 2026<stdout>:2307 KSP Residual norm 2.679667604179e-03
Mon Sep 21 15:12:06 2026<stdout>:2308 KSP Residual norm 2.677183183550e-03
Mon Sep 21 15:12:06 2026<stdout>:2309 KSP Residual norm 2.673284635176e-03
Mon Sep 21 15:12:06 2026<stdout>:2310 KSP Residual norm 2.672572251427e-03
Mon Sep 21 15:12:06 2026<stdout>:2311 KSP Residual norm 2.672332408548e-03
Mon Sep 21 15:12:06 2026<stdout>:2312 KSP Residual norm 2.671717382481e-03
Mon Sep 21 15:12:06 2026<stdout>:2313 KSP Residual norm 2.671646638932e-03
Mon Sep 21 15:12:06 2026<stdout>:2314 KSP Residual norm 2.671637770400e-03
Mon Sep 21 15:12:06 2026<stdout>:2315 KSP Residual norm 2.671603077313e-03
Mon Sep 21 15:12:06 2026<stdout>:2316 KSP Residual norm 2.671196647686e-03
Mon Sep 21 15:12:06 2026<stdout>:2317 KSP Residual norm 2.670898813593e-03
Mon Sep 21 15:12:06 2026<stdout>:2318 KSP Residual norm 2.670895290813e-03
Mon Sep 21 15:12:06 2026<stdout>:2319 KSP Residual norm 2.669858392775e-03
Mon Sep 21 15:12:06 2026<stdout>:2320 KSP Residual norm 2.669249522997e-03
Mon Sep 21 15:12:06 2026<stdout>:2321 KSP Residual norm 2.668981293282e-03
Mon Sep 21 15:12:06 2026<stdout>:2322 KSP Residual norm 2.665349604079e-03
Mon Sep 21 15:12:06 2026<stdout>:2323 KSP Residual norm 2.661444690884e-03
Mon Sep 21 15:12:06 2026<stdout>:2324 KSP Residual norm 2.660677115601e-03
Mon Sep 21 15:12:06 2026<stdout>:2325 KSP Residual norm 2.658447621209e-03
Mon Sep 21 15:12:06 2026<stdout>:2326 KSP Residual norm 2.658261069890e-03
Mon Sep 21 15:12:06 2026<stdout>:2327 KSP Residual norm 2.657825338352e-03
Mon Sep 21 15:12:06 2026<stdout>:2328 KSP Residual norm 2.657695319892e-03
Mon Sep 21 15:12:06 2026<stdout>:2329 KSP Residual norm 2.657676074058e-03
Mon Sep 21 15:12:06 2026<stdout>:2330 KSP Residual norm 2.656765381844e-03
Mon Sep 21 15:12:06 2026<stdout>:2331 KSP Residual norm 2.656743043143e-03
Mon Sep 21 15:12:06 2026<stdout>:2332 KSP Residual norm 2.656733246049e-03
Mon Sep 21 15:12:06 2026<stdout>:2333 KSP Residual norm 2.656325295327e-03
Mon Sep 21 15:12:06 2026<stdout>:2334 KSP Residual norm 2.656118127787e-03
Mon Sep 21 15:12:06 2026<stdout>:2335 KSP Residual norm 2.654092209940e-03
Mon Sep 21 15:12:06 2026<stdout>:2336 KSP Residual norm 2.651128612751e-03
Mon Sep 21 15:12:06 2026<stdout>:2337 KSP Residual norm 2.651122865441e-03
Mon Sep 21 15:12:06 2026<stdout>:2338 KSP Residual norm 2.650244483807e-03
Mon Sep 21 15:12:06 2026<stdout>:2339 KSP Residual norm 2.650065997600e-03
Mon Sep 21 15:12:06 2026<stdout>:2340 KSP Residual norm 2.649666752680e-03
Mon Sep 21 15:12:06 2026<stdout>:2341 KSP Residual norm 2.648307545245e-03
Mon Sep 21 15:12:06 2026<stdout>:2342 KSP Residual norm 2.648306748778e-03
Mon Sep 21 15:12:06 2026<stdout>:2343 KSP Residual norm 2.646595900108e-03
Mon Sep 21 15:12:06 2026<stdout>:2344 KSP Residual norm 2.645769743124e-03
Mon Sep 21 15:12:06 2026<stdout>:2345 KSP Residual norm 2.645741048673e-03
Mon Sep 21 15:12:06 2026<stdout>:2346 KSP Residual norm 2.645739112017e-03
Mon Sep 21 15:12:06 2026<stdout>:2347 KSP Residual norm 2.645739070860e-03
Mon Sep 21 15:12:06 2026<stdout>:2348 KSP Residual norm 2.645717627708e-03
Mon Sep 21 15:12:06 2026<stdout>:2349 KSP Residual norm 2.645714950941e-03
Mon Sep 21 15:12:06 2026<stdout>:2350 KSP Residual norm 2.645688832565e-03
Mon Sep 21 15:12:06 2026<stdout>:2351 KSP Residual norm 2.644962679592e-03
Mon Sep 21 15:12:06 2026<stdout>:2352 KSP Residual norm 2.644785418823e-03
Mon Sep 21 15:12:06 2026<stdout>:2353 KSP Residual norm 2.644711125049e-03
Mon Sep 21 15:12:06 2026<stdout>:2354 KSP Residual norm 2.644355024390e-03
Mon Sep 21 15:12:06 2026<stdout>:2355 KSP Residual norm 2.643510596272e-03
Mon Sep 21 15:12:06 2026<stdout>:2356 KSP Residual norm 2.643500445226e-03
Mon Sep 21 15:12:06 2026<stdout>:2357 KSP Residual norm 2.642530228613e-03
Mon Sep 21 15:12:06 2026<stdout>:2358 KSP Residual norm 2.641433064233e-03
Mon Sep 21 15:12:06 2026<stdout>:2359 KSP Residual norm 2.641222360912e-03
Mon Sep 21 15:12:06 2026<stdout>:2360 KSP Residual norm 2.641188771719e-03
Mon Sep 21 15:12:06 2026<stdout>:2361 KSP Residual norm 2.638449645533e-03
Mon Sep 21 15:12:06 2026<stdout>:2362 KSP Residual norm 2.637263724104e-03
Mon Sep 21 15:12:06 2026<stdout>:2363 KSP Residual norm 2.637140194718e-03
Mon Sep 21 15:12:06 2026<stdout>:2364 KSP Residual norm 2.637049522970e-03
Mon Sep 21 15:12:06 2026<stdout>:2365 KSP Residual norm 2.636791842277e-03
Mon Sep 21 15:12:06 2026<stdout>:2366 KSP Residual norm 2.635840194341e-03
Mon Sep 21 15:12:06 2026<stdout>:2367 KSP Residual norm 2.635103071550e-03
Mon Sep 21 15:12:06 2026<stdout>:2368 KSP Residual norm 2.635034208395e-03
Mon Sep 21 15:12:06 2026<stdout>:2369 KSP Residual norm 2.633315460395e-03
Mon Sep 21 15:12:07 2026<stdout>:2370 KSP Residual norm 2.632442693184e-03
Mon Sep 21 15:12:07 2026<stdout>:2371 KSP Residual norm 2.632240149416e-03
Mon Sep 21 15:12:07 2026<stdout>:2372 KSP Residual norm 2.630800438463e-03
Mon Sep 21 15:12:07 2026<stdout>:2373 KSP Residual norm 2.630662284362e-03
Mon Sep 21 15:12:07 2026<stdout>:2374 KSP Residual norm 2.629182628438e-03
Mon Sep 21 15:12:07 2026<stdout>:2375 KSP Residual norm 2.627782633005e-03
Mon Sep 21 15:12:07 2026<stdout>:2376 KSP Residual norm 2.627766919379e-03
Mon Sep 21 15:12:07 2026<stdout>:2377 KSP Residual norm 2.626248936627e-03
Mon Sep 21 15:12:07 2026<stdout>:2378 KSP Residual norm 2.626147758482e-03
Mon Sep 21 15:12:07 2026<stdout>:2379 KSP Residual norm 2.625897854818e-03
Mon Sep 21 15:12:07 2026<stdout>:2380 KSP Residual norm 2.624536516056e-03
Mon Sep 21 15:12:07 2026<stdout>:2381 KSP Residual norm 2.624011762944e-03
Mon Sep 21 15:12:07 2026<stdout>:2382 KSP Residual norm 2.620090024764e-03
Mon Sep 21 15:12:07 2026<stdout>:2383 KSP Residual norm 2.617034054316e-03
Mon Sep 21 15:12:07 2026<stdout>:2384 KSP Residual norm 2.616964546043e-03
Mon Sep 21 15:12:07 2026<stdout>:2385 KSP Residual norm 2.615793852625e-03
Mon Sep 21 15:12:07 2026<stdout>:2386 KSP Residual norm 2.607410882092e-03
Mon Sep 21 15:12:07 2026<stdout>:2387 KSP Residual norm 2.607410870653e-03
Mon Sep 21 15:12:07 2026<stdout>:2388 KSP Residual norm 2.605307078532e-03
Mon Sep 21 15:12:07 2026<stdout>:2389 KSP Residual norm 2.604640545574e-03
Mon Sep 21 15:12:07 2026<stdout>:2390 KSP Residual norm 2.603686499872e-03
Mon Sep 21 15:12:07 2026<stdout>:2391 KSP Residual norm 2.602667578864e-03
Mon Sep 21 15:12:07 2026<stdout>:2392 KSP Residual norm 2.602383471265e-03
Mon Sep 21 15:12:07 2026<stdout>:2393 KSP Residual norm 2.599735525029e-03
Mon Sep 21 15:12:07 2026<stdout>:2394 KSP Residual norm 2.599722823132e-03
Mon Sep 21 15:12:07 2026<stdout>:2395 KSP Residual norm 2.599545931533e-03
Mon Sep 21 15:12:07 2026<stdout>:2396 KSP Residual norm 2.598121848016e-03
Mon Sep 21 15:12:07 2026<stdout>:2397 KSP Residual norm 2.597426303334e-03
Mon Sep 21 15:12:07 2026<stdout>:2398 KSP Residual norm 2.594520354616e-03
Mon Sep 21 15:12:07 2026<stdout>:2399 KSP Residual norm 2.592949640785e-03
Mon Sep 21 15:12:07 2026<stdout>:2400 KSP Residual norm 3.221814155030e-03
Mon Sep 21 15:12:07 2026<stdout>:2401 KSP Residual norm 3.141667661087e-03
Mon Sep 21 15:12:07 2026<stdout>:2402 KSP Residual norm 3.129345419147e-03
Mon Sep 21 15:12:07 2026<stdout>:2403 KSP Residual norm 3.129124292891e-03
Mon Sep 21 15:12:07 2026<stdout>:2404 KSP Residual norm 3.128985177743e-03
Mon Sep 21 15:12:07 2026<stdout>:2405 KSP Residual norm 3.128807901753e-03
Mon Sep 21 15:12:07 2026<stdout>:2406 KSP Residual norm 3.128760028452e-03
Mon Sep 21 15:12:07 2026<stdout>:2407 KSP Residual norm 3.128705224182e-03
Mon Sep 21 15:12:07 2026<stdout>:2408 KSP Residual norm 3.128704153927e-03
Mon Sep 21 15:12:07 2026<stdout>:2409 KSP Residual norm 3.128671125492e-03
Mon Sep 21 15:12:07 2026<stdout>:2410 KSP Residual norm 3.128616349245e-03
Mon Sep 21 15:12:07 2026<stdout>:2411 KSP Residual norm 3.128139457259e-03
Mon Sep 21 15:12:07 2026<stdout>:2412 KSP Residual norm 3.121272992499e-03
Mon Sep 21 15:12:07 2026<stdout>:2413 KSP Residual norm 3.120981528857e-03
Mon Sep 21 15:12:07 2026<stdout>:2414 KSP Residual norm 3.120815805703e-03
Mon Sep 21 15:12:07 2026<stdout>:2415 KSP Residual norm 3.120810148140e-03
Mon Sep 21 15:12:07 2026<stdout>:2416 KSP Residual norm 3.118782194748e-03
Mon Sep 21 15:12:07 2026<stdout>:2417 KSP Residual norm 3.118754740501e-03
Mon Sep 21 15:12:07 2026<stdout>:2418 KSP Residual norm 3.116188606192e-03
Mon Sep 21 15:12:07 2026<stdout>:2419 KSP Residual norm 3.116187120223e-03
Mon Sep 21 15:12:07 2026<stdout>:2420 KSP Residual norm 3.116059004456e-03
Mon Sep 21 15:12:07 2026<stdout>:2421 KSP Residual norm 3.115890879311e-03
Mon Sep 21 15:12:07 2026<stdout>:2422 KSP Residual norm 3.115772389247e-03
Mon Sep 21 15:12:07 2026<stdout>:2423 KSP Residual norm 3.115661458738e-03
Mon Sep 21 15:12:07 2026<stdout>:2424 KSP Residual norm 3.115131738748e-03
Mon Sep 21 15:12:07 2026<stdout>:2425 KSP Residual norm 3.115093509909e-03
Mon Sep 21 15:12:07 2026<stdout>:2426 KSP Residual norm 3.111932422197e-03
Mon Sep 21 15:12:07 2026<stdout>:2427 KSP Residual norm 3.111916577071e-03
Mon Sep 21 15:12:07 2026<stdout>:2428 KSP Residual norm 3.111848268104e-03
Mon Sep 21 15:12:07 2026<stdout>:2429 KSP Residual norm 3.111806504561e-03
Mon Sep 21 15:12:07 2026<stdout>:2430 KSP Residual norm 3.110904146226e-03
Mon Sep 21 15:12:07 2026<stdout>:2431 KSP Residual norm 3.110890058144e-03
Mon Sep 21 15:12:07 2026<stdout>:2432 KSP Residual norm 3.109553604907e-03
Mon Sep 21 15:12:07 2026<stdout>:2433 KSP Residual norm 3.109394639307e-03
Mon Sep 21 15:12:07 2026<stdout>:2434 KSP Residual norm 3.108781621584e-03
Mon Sep 21 15:12:07 2026<stdout>:2435 KSP Residual norm 3.108776988389e-03
Mon Sep 21 15:12:07 2026<stdout>:2436 KSP Residual norm 3.107195765794e-03
Mon Sep 21 15:12:07 2026<stdout>:2437 KSP Residual norm 3.107195762895e-03
Mon Sep 21 15:12:07 2026<stdout>:2438 KSP Residual norm 3.102441768678e-03
Mon Sep 21 15:12:07 2026<stdout>:2439 KSP Residual norm 3.102441204725e-03
Mon Sep 21 15:12:07 2026<stdout>:2440 KSP Residual norm 3.100845997148e-03
Mon Sep 21 15:12:07 2026<stdout>:2441 KSP Residual norm 3.100762298427e-03
Mon Sep 21 15:12:07 2026<stdout>:2442 KSP Residual norm 3.100395573307e-03
Mon Sep 21 15:12:07 2026<stdout>:2443 KSP Residual norm 3.100394957367e-03
Mon Sep 21 15:12:07 2026<stdout>:2444 KSP Residual norm 3.100003866246e-03
Mon Sep 21 15:12:07 2026<stdout>:2445 KSP Residual norm 3.099906459609e-03
Mon Sep 21 15:12:07 2026<stdout>:2446 KSP Residual norm 3.099137276109e-03
Mon Sep 21 15:12:07 2026<stdout>:2447 KSP Residual norm 3.098952226820e-03
Mon Sep 21 15:12:07 2026<stdout>:2448 KSP Residual norm 3.098852721793e-03
Mon Sep 21 15:12:07 2026<stdout>:2449 KSP Residual norm 3.098180478764e-03
Mon Sep 21 15:12:07 2026<stdout>:2450 KSP Residual norm 3.097852351822e-03
Mon Sep 21 15:12:07 2026<stdout>:2451 KSP Residual norm 3.097794191512e-03
Mon Sep 21 15:12:07 2026<stdout>:2452 KSP Residual norm 3.089773571438e-03
Mon Sep 21 15:12:07 2026<stdout>:2453 KSP Residual norm 3.089758679544e-03
Mon Sep 21 15:12:07 2026<stdout>:2454 KSP Residual norm 3.088993543148e-03
Mon Sep 21 15:12:07 2026<stdout>:2455 KSP Residual norm 3.088729486369e-03
Mon Sep 21 15:12:07 2026<stdout>:2456 KSP Residual norm 3.088396374132e-03
Mon Sep 21 15:12:07 2026<stdout>:2457 KSP Residual norm 3.084577056801e-03
Mon Sep 21 15:12:07 2026<stdout>:2458 KSP Residual norm 3.084576818944e-03
Mon Sep 21 15:12:07 2026<stdout>:2459 KSP Residual norm 3.084439051674e-03
Mon Sep 21 15:12:07 2026<stdout>:2460 KSP Residual norm 3.083394524654e-03
Mon Sep 21 15:12:07 2026<stdout>:2461 KSP Residual norm 3.083303587392e-03
Mon Sep 21 15:12:07 2026<stdout>:2462 KSP Residual norm 3.083185521727e-03
Mon Sep 21 15:12:08 2026<stdout>:2463 KSP Residual norm 3.083161073654e-03
Mon Sep 21 15:12:08 2026<stdout>:2464 KSP Residual norm 3.083153660747e-03
Mon Sep 21 15:12:08 2026<stdout>:2465 KSP Residual norm 3.082524351012e-03
Mon Sep 21 15:12:08 2026<stdout>:2466 KSP Residual norm 3.076710766554e-03
Mon Sep 21 15:12:08 2026<stdout>:2467 KSP Residual norm 3.074690069076e-03
Mon Sep 21 15:12:08 2026<stdout>:2468 KSP Residual norm 3.074668474887e-03
Mon Sep 21 15:12:08 2026<stdout>:2469 KSP Residual norm 3.074388440604e-03
Mon Sep 21 15:12:08 2026<stdout>:2470 KSP Residual norm 3.072726825426e-03
Mon Sep 21 15:12:08 2026<stdout>:2471 KSP Residual norm 3.069793979885e-03
Mon Sep 21 15:12:08 2026<stdout>:2472 KSP Residual norm 3.069146821844e-03
Mon Sep 21 15:12:08 2026<stdout>:2473 KSP Residual norm 3.068681857522e-03
Mon Sep 21 15:12:08 2026<stdout>:2474 KSP Residual norm 3.066119621789e-03
Mon Sep 21 15:12:08 2026<stdout>:2475 KSP Residual norm 3.063166311272e-03
Mon Sep 21 15:12:08 2026<stdout>:2476 KSP Residual norm 3.059957759472e-03
Mon Sep 21 15:12:08 2026<stdout>:2477 KSP Residual norm 3.054856220053e-03
Mon Sep 21 15:12:08 2026<stdout>:2478 KSP Residual norm 3.034985205604e-03
Mon Sep 21 15:12:08 2026<stdout>:2479 KSP Residual norm 3.029483219750e-03
Mon Sep 21 15:12:08 2026<stdout>:2480 KSP Residual norm 3.019248029856e-03
Mon Sep 21 15:12:08 2026<stdout>:2481 KSP Residual norm 2.991939294559e-03
Mon Sep 21 15:12:08 2026<stdout>:2482 KSP Residual norm 2.990736929925e-03
Mon Sep 21 15:12:08 2026<stdout>:2483 KSP Residual norm 2.990141275566e-03
Mon Sep 21 15:12:08 2026<stdout>:2484 KSP Residual norm 2.989812159520e-03
Mon Sep 21 15:12:08 2026<stdout>:2485 KSP Residual norm 2.989812067314e-03
Mon Sep 21 15:12:08 2026<stdout>:2486 KSP Residual norm 2.989797272497e-03
Mon Sep 21 15:12:08 2026<stdout>:2487 KSP Residual norm 2.989780348694e-03
Mon Sep 21 15:12:08 2026<stdout>:2488 KSP Residual norm 2.989736654573e-03
Mon Sep 21 15:12:08 2026<stdout>:2489 KSP Residual norm 2.984908600648e-03
Mon Sep 21 15:12:08 2026<stdout>:2490 KSP Residual norm 2.984782329594e-03
Mon Sep 21 15:12:08 2026<stdout>:2491 KSP Residual norm 2.984705114425e-03
Mon Sep 21 15:12:08 2026<stdout>:2492 KSP Residual norm 2.983893774364e-03
Mon Sep 21 15:12:08 2026<stdout>:2493 KSP Residual norm 2.983759404030e-03
Mon Sep 21 15:12:08 2026<stdout>:2494 KSP Residual norm 2.982883485152e-03
Mon Sep 21 15:12:08 2026<stdout>:2495 KSP Residual norm 2.981499041831e-03
Mon Sep 21 15:12:08 2026<stdout>:2496 KSP Residual norm 2.981127895821e-03
Mon Sep 21 15:12:08 2026<stdout>:2497 KSP Residual norm 2.980712624541e-03
Mon Sep 21 15:12:08 2026<stdout>:2498 KSP Residual norm 2.978321985290e-03
Mon Sep 21 15:12:08 2026<stdout>:2499 KSP Residual norm 2.977424850982e-03
Mon Sep 21 15:12:08 2026<stdout>:2500 KSP Residual norm 2.974319469736e-03
Mon Sep 21 15:12:08 2026<stdout>:2501 KSP Residual norm 2.974196539742e-03
Mon Sep 21 15:12:08 2026<stdout>:2502 KSP Residual norm 2.973248356381e-03
Mon Sep 21 15:12:08 2026<stdout>:2503 KSP Residual norm 2.971510519048e-03
Mon Sep 21 15:12:08 2026<stdout>:2504 KSP Residual norm 2.970723235846e-03
Mon Sep 21 15:12:08 2026<stdout>:2505 KSP Residual norm 2.970110932294e-03
Mon Sep 21 15:12:08 2026<stdout>:2506 KSP Residual norm 2.969663412719e-03
Mon Sep 21 15:12:08 2026<stdout>:2507 KSP Residual norm 2.968822797623e-03
Mon Sep 21 15:12:08 2026<stdout>:2508 KSP Residual norm 2.966313472284e-03
Mon Sep 21 15:12:08 2026<stdout>:2509 KSP Residual norm 2.965796256837e-03
Mon Sep 21 15:12:08 2026<stdout>:2510 KSP Residual norm 2.960109705308e-03
Mon Sep 21 15:12:08 2026<stdout>:2511 KSP Residual norm 2.957348636140e-03
Mon Sep 21 15:12:08 2026<stdout>:2512 KSP Residual norm 2.957181905322e-03
Mon Sep 21 15:12:08 2026<stdout>:2513 KSP Residual norm 2.956380704435e-03
Mon Sep 21 15:12:08 2026<stdout>:2514 KSP Residual norm 2.956329365808e-03
Mon Sep 21 15:12:08 2026<stdout>:2515 KSP Residual norm 2.952731580141e-03
Mon Sep 21 15:12:08 2026<stdout>:2516 KSP Residual norm 2.948669837125e-03
Mon Sep 21 15:12:08 2026<stdout>:2517 KSP Residual norm 2.947320131844e-03
Mon Sep 21 15:12:08 2026<stdout>:2518 KSP Residual norm 2.947248230407e-03
Mon Sep 21 15:12:08 2026<stdout>:2519 KSP Residual norm 2.947125141266e-03
Mon Sep 21 15:12:08 2026<stdout>:2520 KSP Residual norm 2.947045829888e-03
Mon Sep 21 15:12:08 2026<stdout>:2521 KSP Residual norm 2.945230954071e-03
Mon Sep 21 15:12:08 2026<stdout>:2522 KSP Residual norm 2.945063246971e-03
Mon Sep 21 15:12:08 2026<stdout>:2523 KSP Residual norm 2.944868196679e-03
Mon Sep 21 15:12:08 2026<stdout>:2524 KSP Residual norm 2.944613927875e-03
Mon Sep 21 15:12:08 2026<stdout>:2525 KSP Residual norm 2.944147700094e-03
Mon Sep 21 15:12:08 2026<stdout>:2526 KSP Residual norm 2.943670492864e-03
Mon Sep 21 15:12:08 2026<stdout>:2527 KSP Residual norm 2.942758257636e-03
Mon Sep 21 15:12:08 2026<stdout>:2528 KSP Residual norm 2.930474463887e-03
Mon Sep 21 15:12:08 2026<stdout>:2529 KSP Residual norm 2.930330699161e-03
Mon Sep 21 15:12:08 2026<stdout>:2530 KSP Residual norm 2.930195668521e-03
Mon Sep 21 15:12:08 2026<stdout>:2531 KSP Residual norm 2.928611640697e-03
Mon Sep 21 15:12:08 2026<stdout>:2532 KSP Residual norm 2.928605327432e-03
Mon Sep 21 15:12:08 2026<stdout>:2533 KSP Residual norm 2.928581442209e-03
Mon Sep 21 15:12:08 2026<stdout>:2534 KSP Residual norm 2.927589019195e-03
Mon Sep 21 15:12:08 2026<stdout>:2535 KSP Residual norm 2.927223433616e-03
Mon Sep 21 15:12:08 2026<stdout>:2536 KSP Residual norm 2.925944847301e-03
Mon Sep 21 15:12:08 2026<stdout>:2537 KSP Residual norm 2.919763028664e-03
Mon Sep 21 15:12:08 2026<stdout>:2538 KSP Residual norm 2.919681209159e-03
Mon Sep 21 15:12:08 2026<stdout>:2539 KSP Residual norm 2.919552618115e-03
Mon Sep 21 15:12:08 2026<stdout>:2540 KSP Residual norm 2.919269418003e-03
Mon Sep 21 15:12:08 2026<stdout>:2541 KSP Residual norm 2.919152957435e-03
Mon Sep 21 15:12:08 2026<stdout>:2542 KSP Residual norm 2.919144113694e-03
Mon Sep 21 15:12:09 2026<stdout>:2543 KSP Residual norm 2.918186350610e-03
Mon Sep 21 15:12:09 2026<stdout>:2544 KSP Residual norm 2.917879285673e-03
Mon Sep 21 15:12:09 2026<stdout>:2545 KSP Residual norm 2.917765945921e-03
Mon Sep 21 15:12:09 2026<stdout>:2546 KSP Residual norm 2.917459844850e-03
Mon Sep 21 15:12:09 2026<stdout>:2547 KSP Residual norm 2.913721831898e-03
Mon Sep 21 15:12:09 2026<stdout>:2548 KSP Residual norm 2.911457439904e-03
Mon Sep 21 15:12:09 2026<stdout>:2549 KSP Residual norm 2.911195955178e-03
Mon Sep 21 15:12:09 2026<stdout>:2550 KSP Residual norm 3.236522718370e-03
Mon Sep 21 15:12:09 2026<stdout>:2551 KSP Residual norm 3.202282958576e-03
Mon Sep 21 15:12:09 2026<stdout>:2552 KSP Residual norm 3.180073736506e-03
Mon Sep 21 15:12:09 2026<stdout>:2553 KSP Residual norm 3.178089266304e-03
Mon Sep 21 15:12:09 2026<stdout>:2554 KSP Residual norm 3.150154245538e-03
Mon Sep 21 15:12:09 2026<stdout>:2555 KSP Residual norm 3.148659773444e-03
Mon Sep 21 15:12:09 2026<stdout>:2556 KSP Residual norm 3.143709538053e-03
Mon Sep 21 15:12:09 2026<stdout>:2557 KSP Residual norm 3.143709235321e-03
Mon Sep 21 15:12:09 2026<stdout>:2558 KSP Residual norm 3.127600113107e-03
Mon Sep 21 15:12:09 2026<stdout>:2559 KSP Residual norm 3.127128835098e-03
Mon Sep 21 15:12:09 2026<stdout>:2560 KSP Residual norm 3.082456412107e-03
Mon Sep 21 15:12:09 2026<stdout>:2561 KSP Residual norm 3.081852772953e-03
Mon Sep 21 15:12:09 2026<stdout>:2562 KSP Residual norm 3.081398931238e-03
Mon Sep 21 15:12:09 2026<stdout>:2563 KSP Residual norm 3.081397506823e-03
Mon Sep 21 15:12:09 2026<stdout>:2564 KSP Residual norm 3.078187349411e-03
Mon Sep 21 15:12:09 2026<stdout>:2565 KSP Residual norm 3.077997006651e-03
Mon Sep 21 15:12:09 2026<stdout>:2566 KSP Residual norm 3.076815816038e-03
Mon Sep 21 15:12:09 2026<stdout>:2567 KSP Residual norm 3.076183578887e-03
Mon Sep 21 15:12:09 2026<stdout>:2568 KSP Residual norm 3.074915105209e-03
Mon Sep 21 15:12:09 2026<stdout>:2569 KSP Residual norm 3.074884427288e-03
Mon Sep 21 15:12:09 2026<stdout>:2570 KSP Residual norm 3.074250741825e-03
Mon Sep 21 15:12:09 2026<stdout>:2571 KSP Residual norm 3.074213430059e-03
Mon Sep 21 15:12:09 2026<stdout>:2572 KSP Residual norm 3.074175218865e-03
Mon Sep 21 15:12:09 2026<stdout>:2573 KSP Residual norm 3.074166354892e-03
Mon Sep 21 15:12:09 2026<stdout>:2574 KSP Residual norm 3.073658592911e-03
Mon Sep 21 15:12:09 2026<stdout>:2575 KSP Residual norm 3.073544825499e-03
Mon Sep 21 15:12:09 2026<stdout>:2576 KSP Residual norm 3.071899875816e-03
Mon Sep 21 15:12:09 2026<stdout>:2577 KSP Residual norm 3.071676866560e-03
Mon Sep 21 15:12:09 2026<stdout>:2578 KSP Residual norm 3.071450811385e-03
Mon Sep 21 15:12:09 2026<stdout>:2579 KSP Residual norm 3.071371814998e-03
Mon Sep 21 15:12:09 2026<stdout>:2580 KSP Residual norm 3.071292196807e-03
Mon Sep 21 15:12:09 2026<stdout>:2581 KSP Residual norm 3.071125512992e-03
Mon Sep 21 15:12:09 2026<stdout>:2582 KSP Residual norm 3.070824292248e-03
Mon Sep 21 15:12:09 2026<stdout>:2583 KSP Residual norm 3.070754629292e-03
Mon Sep 21 15:12:09 2026<stdout>:2584 KSP Residual norm 3.070753501133e-03
Mon Sep 21 15:12:09 2026<stdout>:2585 KSP Residual norm 3.070731062565e-03
Mon Sep 21 15:12:09 2026<stdout>:2586 KSP Residual norm 3.070728338654e-03
Mon Sep 21 15:12:09 2026<stdout>:2587 KSP Residual norm 3.070662542903e-03
Mon Sep 21 15:12:09 2026<stdout>:2588 KSP Residual norm 3.069675126495e-03
Mon Sep 21 15:12:09 2026<stdout>:2589 KSP Residual norm 3.069387851558e-03
Mon Sep 21 15:12:09 2026<stdout>:2590 KSP Residual norm 3.069113593237e-03
Mon Sep 21 15:12:09 2026<stdout>:2591 KSP Residual norm 3.069003945975e-03
Mon Sep 21 15:12:09 2026<stdout>:2592 KSP Residual norm 3.067922418836e-03
Mon Sep 21 15:12:09 2026<stdout>:2593 KSP Residual norm 3.067910105208e-03
Mon Sep 21 15:12:09 2026<stdout>:2594 KSP Residual norm 3.067843902142e-03
Mon Sep 21 15:12:09 2026<stdout>:2595 KSP Residual norm 3.067840777214e-03
Mon Sep 21 15:12:09 2026<stdout>:2596 KSP Residual norm 3.067643395031e-03
Mon Sep 21 15:12:09 2026<stdout>:2597 KSP Residual norm 3.067026662945e-03
Mon Sep 21 15:12:09 2026<stdout>:2598 KSP Residual norm 3.067019051280e-03
Mon Sep 21 15:12:09 2026<stdout>:2599 KSP Residual norm 3.066856933522e-03
Mon Sep 21 15:12:09 2026<stdout>:2600 KSP Residual norm 3.066582170154e-03
Mon Sep 21 15:12:09 2026<stdout>:2601 KSP Residual norm 3.066300675001e-03
Mon Sep 21 15:12:09 2026<stdout>:2602 KSP Residual norm 3.064865626739e-03
Mon Sep 21 15:12:09 2026<stdout>:2603 KSP Residual norm 3.063268672830e-03
Mon Sep 21 15:12:09 2026<stdout>:2604 KSP Residual norm 3.060970645700e-03
Mon Sep 21 15:12:09 2026<stdout>:2605 KSP Residual norm 3.060452996785e-03
Mon Sep 21 15:12:09 2026<stdout>:2606 KSP Residual norm 3.060440081228e-03
Mon Sep 21 15:12:09 2026<stdout>:2607 KSP Residual norm 3.060360673560e-03
Mon Sep 21 15:12:09 2026<stdout>:2608 KSP Residual norm 3.059984724893e-03
Mon Sep 21 15:12:09 2026<stdout>:2609 KSP Residual norm 3.059899877891e-03
Mon Sep 21 15:12:09 2026<stdout>:2610 KSP Residual norm 3.059825153586e-03
Mon Sep 21 15:12:09 2026<stdout>:2611 KSP Residual norm 3.059650209507e-03
Mon Sep 21 15:12:09 2026<stdout>:2612 KSP Residual norm 3.058470300589e-03
Mon Sep 21 15:12:09 2026<stdout>:2613 KSP Residual norm 3.055890822330e-03
Mon Sep 21 15:12:09 2026<stdout>:2614 KSP Residual norm 3.055637320177e-03
Mon Sep 21 15:12:09 2026<stdout>:2615 KSP Residual norm 3.055362827243e-03
Mon Sep 21 15:12:09 2026<stdout>:2616 KSP Residual norm 3.055039661763e-03
Mon Sep 21 15:12:09 2026<stdout>:2617 KSP Residual norm 3.054865093455e-03
Mon Sep 21 15:12:09 2026<stdout>:2618 KSP Residual norm 3.054790554751e-03
Mon Sep 21 15:12:09 2026<stdout>:2619 KSP Residual norm 3.053578932513e-03
Mon Sep 21 15:12:09 2026<stdout>:2620 KSP Residual norm 3.052969100453e-03
Mon Sep 21 15:12:09 2026<stdout>:2621 KSP Residual norm 3.052664547801e-03
Mon Sep 21 15:12:09 2026<stdout>:2622 KSP Residual norm 3.051794775492e-03
Mon Sep 21 15:12:09 2026<stdout>:2623 KSP Residual norm 3.051794313852e-03
Mon Sep 21 15:12:09 2026<stdout>:2624 KSP Residual norm 3.050808223044e-03
Mon Sep 21 15:12:09 2026<stdout>:2625 KSP Residual norm 3.049953376604e-03
Mon Sep 21 15:12:09 2026<stdout>:2626 KSP Residual norm 3.049946757126e-03
Mon Sep 21 15:12:09 2026<stdout>:2627 KSP Residual norm 3.046884536392e-03
Mon Sep 21 15:12:09 2026<stdout>:2628 KSP Residual norm 3.046847243839e-03
Mon Sep 21 15:12:09 2026<stdout>:2629 KSP Residual norm 3.046836336457e-03
Mon Sep 21 15:12:09 2026<stdout>:2630 KSP Residual norm 3.046712441452e-03
Mon Sep 21 15:12:09 2026<stdout>:2631 KSP Residual norm 3.046313633577e-03
Mon Sep 21 15:12:09 2026<stdout>:2632 KSP Residual norm 3.045123248619e-03
Mon Sep 21 15:12:09 2026<stdout>:2633 KSP Residual norm 3.045082109775e-03
Mon Sep 21 15:12:09 2026<stdout>:2634 KSP Residual norm 3.044022144754e-03
Mon Sep 21 15:12:09 2026<stdout>:2635 KSP Residual norm 3.041526872855e-03
Mon Sep 21 15:12:09 2026<stdout>:2636 KSP Residual norm 3.040288040939e-03
Mon Sep 21 15:12:09 2026<stdout>:2637 KSP Residual norm 3.034890254595e-03
Mon Sep 21 15:12:09 2026<stdout>:2638 KSP Residual norm 3.033820676124e-03
Mon Sep 21 15:12:09 2026<stdout>:2639 KSP Residual norm 3.033490822744e-03
Mon Sep 21 15:12:09 2026<stdout>:2640 KSP Residual norm 3.032507534303e-03
Mon Sep 21 15:12:09 2026<stdout>:2641 KSP Residual norm 3.031759228156e-03
Mon Sep 21 15:12:10 2026<stdout>:2642 KSP Residual norm 3.031693809899e-03
Mon Sep 21 15:12:10 2026<stdout>:2643 KSP Residual norm 3.031607098893e-03
Mon Sep 21 15:12:10 2026<stdout>:2644 KSP Residual norm 3.031587897844e-03
Mon Sep 21 15:12:10 2026<stdout>:2645 KSP Residual norm 3.031349523771e-03
Mon Sep 21 15:12:10 2026<stdout>:2646 KSP Residual norm 3.031129617699e-03
Mon Sep 21 15:12:10 2026<stdout>:2647 KSP Residual norm 3.031048343569e-03
Mon Sep 21 15:12:10 2026<stdout>:2648 KSP Residual norm 3.031027803536e-03
Mon Sep 21 15:12:10 2026<stdout>:2649 KSP Residual norm 3.030614310064e-03
Mon Sep 21 15:12:10 2026<stdout>:2650 KSP Residual norm 3.026712686379e-03
Mon Sep 21 15:12:10 2026<stdout>:2651 KSP Residual norm 3.021449904235e-03
Mon Sep 21 15:12:10 2026<stdout>:2652 KSP Residual norm 3.015983045405e-03
Mon Sep 21 15:12:10 2026<stdout>:2653 KSP Residual norm 3.013433774543e-03
Mon Sep 21 15:12:10 2026<stdout>:2654 KSP Residual norm 3.011397527895e-03
Mon Sep 21 15:12:10 2026<stdout>:2655 KSP Residual norm 3.011389202517e-03
Mon Sep 21 15:12:10 2026<stdout>:2656 KSP Residual norm 3.007813842010e-03
Mon Sep 21 15:12:10 2026<stdout>:2657 KSP Residual norm 3.007679552125e-03
Mon Sep 21 15:12:10 2026<stdout>:2658 KSP Residual norm 3.007469037372e-03
Mon Sep 21 15:12:10 2026<stdout>:2659 KSP Residual norm 3.007024508997e-03
Mon Sep 21 15:12:10 2026<stdout>:2660 KSP Residual norm 3.003675605136e-03
Mon Sep 21 15:12:10 2026<stdout>:2661 KSP Residual norm 3.002795046625e-03
Mon Sep 21 15:12:10 2026<stdout>:2662 KSP Residual norm 3.001410692653e-03
Mon Sep 21 15:12:10 2026<stdout>:2663 KSP Residual norm 3.001336919783e-03
Mon Sep 21 15:12:10 2026<stdout>:2664 KSP Residual norm 3.001248345925e-03
Mon Sep 21 15:12:10 2026<stdout>:2665 KSP Residual norm 3.000458256755e-03
Mon Sep 21 15:12:10 2026<stdout>:2666 KSP Residual norm 3.000436797990e-03
Mon Sep 21 15:12:10 2026<stdout>:2667 KSP Residual norm 3.000400098956e-03
Mon Sep 21 15:12:10 2026<stdout>:2668 KSP Residual norm 3.000353300529e-03
Mon Sep 21 15:12:10 2026<stdout>:2669 KSP Residual norm 2.992658428454e-03
Mon Sep 21 15:12:10 2026<stdout>:2670 KSP Residual norm 2.988504339487e-03
Mon Sep 21 15:12:10 2026<stdout>:2671 KSP Residual norm 2.987325540246e-03
Mon Sep 21 15:12:10 2026<stdout>:2672 KSP Residual norm 2.984504187086e-03
Mon Sep 21 15:12:10 2026<stdout>:2673 KSP Residual norm 2.984448867655e-03
Mon Sep 21 15:12:10 2026<stdout>:2674 KSP Residual norm 2.982101129599e-03
Mon Sep 21 15:12:10 2026<stdout>:2675 KSP Residual norm 2.981337303382e-03
Mon Sep 21 15:12:10 2026<stdout>:2676 KSP Residual norm 2.979527684374e-03
Mon Sep 21 15:12:10 2026<stdout>:2677 KSP Residual norm 2.978529429301e-03
Mon Sep 21 15:12:10 2026<stdout>:2678 KSP Residual norm 2.976280176655e-03
Mon Sep 21 15:12:10 2026<stdout>:2679 KSP Residual norm 2.975725900824e-03
Mon Sep 21 15:12:10 2026<stdout>:2680 KSP Residual norm 2.975632730032e-03
Mon Sep 21 15:12:10 2026<stdout>:2681 KSP Residual norm 2.974591796352e-03
Mon Sep 21 15:12:10 2026<stdout>:2682 KSP Residual norm 2.974232654528e-03
Mon Sep 21 15:12:10 2026<stdout>:2683 KSP Residual norm 2.972242869674e-03
Mon Sep 21 15:12:10 2026<stdout>:2684 KSP Residual norm 2.972151601501e-03
Mon Sep 21 15:12:10 2026<stdout>:2685 KSP Residual norm 2.972132929784e-03
Mon Sep 21 15:12:10 2026<stdout>:2686 KSP Residual norm 2.971304379297e-03
Mon Sep 21 15:12:10 2026<stdout>:2687 KSP Residual norm 2.971089806296e-03
Mon Sep 21 15:12:10 2026<stdout>:2688 KSP Residual norm 2.970707618974e-03
Mon Sep 21 15:12:10 2026<stdout>:2689 KSP Residual norm 2.967656817085e-03
Mon Sep 21 15:12:10 2026<stdout>:2690 KSP Residual norm 2.967656271949e-03
Mon Sep 21 15:12:10 2026<stdout>:2691 KSP Residual norm 2.966815444229e-03
Mon Sep 21 15:12:10 2026<stdout>:2692 KSP Residual norm 2.966809059338e-03
Mon Sep 21 15:12:10 2026<stdout>:2693 KSP Residual norm 2.965939864725e-03
Mon Sep 21 15:12:10 2026<stdout>:2694 KSP Residual norm 2.965784188434e-03
Mon Sep 21 15:12:10 2026<stdout>:2695 KSP Residual norm 2.963858676857e-03
Mon Sep 21 15:12:10 2026<stdout>:2696 KSP Residual norm 2.962847735367e-03
Mon Sep 21 15:12:10 2026<stdout>:2697 KSP Residual norm 2.961879577953e-03
Mon Sep 21 15:12:10 2026<stdout>:2698 KSP Residual norm 2.961879188558e-03
Mon Sep 21 15:12:10 2026<stdout>:2699 KSP Residual norm 2.961472734299e-03
Mon Sep 21 15:12:10 2026<stdout>:2700 KSP Residual norm 3.236919261481e-03
Mon Sep 21 15:12:10 2026<stdout>:2701 KSP Residual norm 3.182592068067e-03
Mon Sep 21 15:12:10 2026<stdout>:2702 KSP Residual norm 3.180933327655e-03
Mon Sep 21 15:12:10 2026<stdout>:2703 KSP Residual norm 3.180807536874e-03
Mon Sep 21 15:12:10 2026<stdout>:2704 KSP Residual norm 3.153400629753e-03
Mon Sep 21 15:12:10 2026<stdout>:2705 KSP Residual norm 3.153072724371e-03
Mon Sep 21 15:12:10 2026<stdout>:2706 KSP Residual norm 3.153071175594e-03
Mon Sep 21 15:12:10 2026<stdout>:2707 KSP Residual norm 3.152986748310e-03
Mon Sep 21 15:12:10 2026<stdout>:2708 KSP Residual norm 3.151072748687e-03
Mon Sep 21 15:12:10 2026<stdout>:2709 KSP Residual norm 3.151045494812e-03
Mon Sep 21 15:12:10 2026<stdout>:2710 KSP Residual norm 3.150767231121e-03
Mon Sep 21 15:12:10 2026<stdout>:2711 KSP Residual norm 3.150747875009e-03
Mon Sep 21 15:12:10 2026<stdout>:2712 KSP Residual norm 3.149551591640e-03
Mon Sep 21 15:12:10 2026<stdout>:2713 KSP Residual norm 3.149521423192e-03
Mon Sep 21 15:12:10 2026<stdout>:2714 KSP Residual norm 3.149374539178e-03
Mon Sep 21 15:12:10 2026<stdout>:2715 KSP Residual norm 3.149198565351e-03
Mon Sep 21 15:12:10 2026<stdout>:2716 KSP Residual norm 3.148645497760e-03
Mon Sep 21 15:12:10 2026<stdout>:2717 KSP Residual norm 3.148288149659e-03
Mon Sep 21 15:12:10 2026<stdout>:2718 KSP Residual norm 3.148251301770e-03
Mon Sep 21 15:12:10 2026<stdout>:2719 KSP Residual norm 3.148216537172e-03
Mon Sep 21 15:12:10 2026<stdout>:2720 KSP Residual norm 3.147719096701e-03
Mon Sep 21 15:12:10 2026<stdout>:2721 KSP Residual norm 3.147633301412e-03
Mon Sep 21 15:12:10 2026<stdout>:2722 KSP Residual norm 3.142497809498e-03
Mon Sep 21 15:12:10 2026<stdout>:2723 KSP Residual norm 3.142482297734e-03
Mon Sep 21 15:12:10 2026<stdout>:2724 KSP Residual norm 3.142224347684e-03
Mon Sep 21 15:12:10 2026<stdout>:2725 KSP Residual norm 3.142224257787e-03
Mon Sep 21 15:12:10 2026<stdout>:2726 KSP Residual norm 3.137152898990e-03
Mon Sep 21 15:12:11 2026<stdout>:2727 KSP Residual norm 3.137152079954e-03
Mon Sep 21 15:12:11 2026<stdout>:2728 KSP Residual norm 3.137152022286e-03
Mon Sep 21 15:12:11 2026<stdout>:2729 KSP Residual norm 3.137131665160e-03
Mon Sep 21 15:12:11 2026<stdout>:2730 KSP Residual norm 3.136510336940e-03
Mon Sep 21 15:12:11 2026<stdout>:2731 KSP Residual norm 3.136325199689e-03
Mon Sep 21 15:12:11 2026<stdout>:2732 KSP Residual norm 3.124320387220e-03
Mon Sep 21 15:12:11 2026<stdout>:2733 KSP Residual norm 3.124320300822e-03
Mon Sep 21 15:12:11 2026<stdout>:2734 KSP Residual norm 3.123649363396e-03
Mon Sep 21 15:12:11 2026<stdout>:2735 KSP Residual norm 3.123590983805e-03
Mon Sep 21 15:12:11 2026<stdout>:2736 KSP Residual norm 3.123019193953e-03
Mon Sep 21 15:12:11 2026<stdout>:2737 KSP Residual norm 3.122819926719e-03
Mon Sep 21 15:12:11 2026<stdout>:2738 KSP Residual norm 3.122796992686e-03
Mon Sep 21 15:12:11 2026<stdout>:2739 KSP Residual norm 3.122796952024e-03
Mon Sep 21 15:12:11 2026<stdout>:2740 KSP Residual norm 3.122586233973e-03
Mon Sep 21 15:12:11 2026<stdout>:2741 KSP Residual norm 3.122583597354e-03
Mon Sep 21 15:12:11 2026<stdout>:2742 KSP Residual norm 3.122580778672e-03
Mon Sep 21 15:12:11 2026<stdout>:2743 KSP Residual norm 3.122577171895e-03
Mon Sep 21 15:12:11 2026<stdout>:2744 KSP Residual norm 3.120533030986e-03
Mon Sep 21 15:12:11 2026<stdout>:2745 KSP Residual norm 3.120532063591e-03
Mon Sep 21 15:12:11 2026<stdout>:2746 KSP Residual norm 3.120062922802e-03
Mon Sep 21 15:12:11 2026<stdout>:2747 KSP Residual norm 3.119652813194e-03
Mon Sep 21 15:12:11 2026<stdout>:2748 KSP Residual norm 3.119447437350e-03
Mon Sep 21 15:12:11 2026<stdout>:2749 KSP Residual norm 3.118905710033e-03
Mon Sep 21 15:12:11 2026<stdout>:2750 KSP Residual norm 3.114152328190e-03
Mon Sep 21 15:12:11 2026<stdout>:2751 KSP Residual norm 3.113065513949e-03
Mon Sep 21 15:12:11 2026<stdout>:2752 KSP Residual norm 3.112220335778e-03
Mon Sep 21 15:12:11 2026<stdout>:2753 KSP Residual norm 3.110353063729e-03
Mon Sep 21 15:12:11 2026<stdout>:2754 KSP Residual norm 3.109819086912e-03
Mon Sep 21 15:12:11 2026<stdout>:2755 KSP Residual norm 3.108981527918e-03
Mon Sep 21 15:12:11 2026<stdout>:2756 KSP Residual norm 3.107720382391e-03
Mon Sep 21 15:12:11 2026<stdout>:2757 KSP Residual norm 3.106875584826e-03
Mon Sep 21 15:12:11 2026<stdout>:2758 KSP Residual norm 3.103629516465e-03
Mon Sep 21 15:12:11 2026<stdout>:2759 KSP Residual norm 3.103610587886e-03
Mon Sep 21 15:12:11 2026<stdout>:2760 KSP Residual norm 3.103437671780e-03
Mon Sep 21 15:12:11 2026<stdout>:2761 KSP Residual norm 3.103367604738e-03
Mon Sep 21 15:12:11 2026<stdout>:2762 KSP Residual norm 3.103352230548e-03
Mon Sep 21 15:12:11 2026<stdout>:2763 KSP Residual norm 3.102906203973e-03
Mon Sep 21 15:12:11 2026<stdout>:2764 KSP Residual norm 3.102897579044e-03
Mon Sep 21 15:12:11 2026<stdout>:2765 KSP Residual norm 3.101908584823e-03
Mon Sep 21 15:12:11 2026<stdout>:2766 KSP Residual norm 3.101046167448e-03
Mon Sep 21 15:12:11 2026<stdout>:2767 KSP Residual norm 3.099747854167e-03
Mon Sep 21 15:12:11 2026<stdout>:2768 KSP Residual norm 3.099324263930e-03
Mon Sep 21 15:12:11 2026<stdout>:2769 KSP Residual norm 3.099175437029e-03
Mon Sep 21 15:12:11 2026<stdout>:2770 KSP Residual norm 3.099167141382e-03
Mon Sep 21 15:12:11 2026<stdout>:2771 KSP Residual norm 3.086756851074e-03
Mon Sep 21 15:12:11 2026<stdout>:2772 KSP Residual norm 3.086063983628e-03
Mon Sep 21 15:12:11 2026<stdout>:2773 KSP Residual norm 3.081160993758e-03
Mon Sep 21 15:12:11 2026<stdout>:2774 KSP Residual norm 3.080292369734e-03
Mon Sep 21 15:12:11 2026<stdout>:2775 KSP Residual norm 3.080146007200e-03
Mon Sep 21 15:12:11 2026<stdout>:2776 KSP Residual norm 3.079758402573e-03
Mon Sep 21 15:12:11 2026<stdout>:2777 KSP Residual norm 3.079429254821e-03
Mon Sep 21 15:12:11 2026<stdout>:2778 KSP Residual norm 3.073292376578e-03
Mon Sep 21 15:12:11 2026<stdout>:2779 KSP Residual norm 3.070346880453e-03
Mon Sep 21 15:12:11 2026<stdout>:2780 KSP Residual norm 3.066825789473e-03
Mon Sep 21 15:12:11 2026<stdout>:2781 KSP Residual norm 3.065898739582e-03
Mon Sep 21 15:12:11 2026<stdout>:2782 KSP Residual norm 3.065548932801e-03
Mon Sep 21 15:12:11 2026<stdout>:2783 KSP Residual norm 3.064983738385e-03
Mon Sep 21 15:12:11 2026<stdout>:2784 KSP Residual norm 3.064634270031e-03
Mon Sep 21 15:12:11 2026<stdout>:2785 KSP Residual norm 3.063284775529e-03
Mon Sep 21 15:12:11 2026<stdout>:2786 KSP Residual norm 3.063171981123e-03
Mon Sep 21 15:12:11 2026<stdout>:2787 KSP Residual norm 3.061637323165e-03
Mon Sep 21 15:12:11 2026<stdout>:2788 KSP Residual norm 3.060989190259e-03
Mon Sep 21 15:12:11 2026<stdout>:2789 KSP Residual norm 3.060256496584e-03
Mon Sep 21 15:12:11 2026<stdout>:2790 KSP Residual norm 3.056896860291e-03
Mon Sep 21 15:12:11 2026<stdout>:2791 KSP Residual norm 3.055978802771e-03
Mon Sep 21 15:12:11 2026<stdout>:2792 KSP Residual norm 3.054243308041e-03
Mon Sep 21 15:12:11 2026<stdout>:2793 KSP Residual norm 3.052982985811e-03
Mon Sep 21 15:12:11 2026<stdout>:2794 KSP Residual norm 3.052982789517e-03
Mon Sep 21 15:12:11 2026<stdout>:2795 KSP Residual norm 3.052955481683e-03
Mon Sep 21 15:12:11 2026<stdout>:2796 KSP Residual norm 3.052893749994e-03
Mon Sep 21 15:12:11 2026<stdout>:2797 KSP Residual norm 3.045337062335e-03
Mon Sep 21 15:12:11 2026<stdout>:2798 KSP Residual norm 3.039758559592e-03
Mon Sep 21 15:12:11 2026<stdout>:2799 KSP Residual norm 3.039755634231e-03
Mon Sep 21 15:12:11 2026<stdout>:2800 KSP Residual norm 3.039564823427e-03
Mon Sep 21 15:12:11 2026<stdout>:2801 KSP Residual norm 3.039098428722e-03
Mon Sep 21 15:12:11 2026<stdout>:2802 KSP Residual norm 3.038919260741e-03
Mon Sep 21 15:12:11 2026<stdout>:2803 KSP Residual norm 3.038738558455e-03
Mon Sep 21 15:12:11 2026<stdout>:2804 KSP Residual norm 3.038624893016e-03
Mon Sep 21 15:12:11 2026<stdout>:2805 KSP Residual norm 3.038590010697e-03
Mon Sep 21 15:12:11 2026<stdout>:2806 KSP Residual norm 3.037246954394e-03
Mon Sep 21 15:12:11 2026<stdout>:2807 KSP Residual norm 3.037225164199e-03
Mon Sep 21 15:12:11 2026<stdout>:2808 KSP Residual norm 3.034676528835e-03
Mon Sep 21 15:12:11 2026<stdout>:2809 KSP Residual norm 3.034020892525e-03
Mon Sep 21 15:12:11 2026<stdout>:2810 KSP Residual norm 3.033483147631e-03
Mon Sep 21 15:12:11 2026<stdout>:2811 KSP Residual norm 3.033481110848e-03
Mon Sep 21 15:12:11 2026<stdout>:2812 KSP Residual norm 3.031665202200e-03
Mon Sep 21 15:12:11 2026<stdout>:2813 KSP Residual norm 3.031522821467e-03
Mon Sep 21 15:12:11 2026<stdout>:2814 KSP Residual norm 3.031492314947e-03
Mon Sep 21 15:12:11 2026<stdout>:2815 KSP Residual norm 3.030237196101e-03
Mon Sep 21 15:12:12 2026<stdout>:2816 KSP Residual norm 3.030058547704e-03
Mon Sep 21 15:12:12 2026<stdout>:2817 KSP Residual norm 3.029942839735e-03
Mon Sep 21 15:12:12 2026<stdout>:2818 KSP Residual norm 3.028883419851e-03
Mon Sep 21 15:12:12 2026<stdout>:2819 KSP Residual norm 3.028279063409e-03
Mon Sep 21 15:12:12 2026<stdout>:2820 KSP Residual norm 3.028248740152e-03
Mon Sep 21 15:12:12 2026<stdout>:2821 KSP Residual norm 3.026451081154e-03
Mon Sep 21 15:12:12 2026<stdout>:2822 KSP Residual norm 3.025874971411e-03
Mon Sep 21 15:12:12 2026<stdout>:2823 KSP Residual norm 3.025811964580e-03
Mon Sep 21 15:12:12 2026<stdout>:2824 KSP Residual norm 3.015066633288e-03
Mon Sep 21 15:12:12 2026<stdout>:2825 KSP Residual norm 3.012320340605e-03
Mon Sep 21 15:12:12 2026<stdout>:2826 KSP Residual norm 3.012318982912e-03
Mon Sep 21 15:12:12 2026<stdout>:2827 KSP Residual norm 2.993683215679e-03
Mon Sep 21 15:12:12 2026<stdout>:2828 KSP Residual norm 2.990964414844e-03
Mon Sep 21 15:12:12 2026<stdout>:2829 KSP Residual norm 2.990722368778e-03
Mon Sep 21 15:12:12 2026<stdout>:2830 KSP Residual norm 2.990304188374e-03
Mon Sep 21 15:12:12 2026<stdout>:2831 KSP Residual norm 2.989248065698e-03
Mon Sep 21 15:12:12 2026<stdout>:2832 KSP Residual norm 2.989187879495e-03
Mon Sep 21 15:12:12 2026<stdout>:2833 KSP Residual norm 2.987375554613e-03
Mon Sep 21 15:12:12 2026<stdout>:2834 KSP Residual norm 2.987328830108e-03
Mon Sep 21 15:12:12 2026<stdout>:2835 KSP Residual norm 2.986164356103e-03
Mon Sep 21 15:12:12 2026<stdout>:2836 KSP Residual norm 2.985873333004e-03
Mon Sep 21 15:12:12 2026<stdout>:2837 KSP Residual norm 2.985615657523e-03
Mon Sep 21 15:12:12 2026<stdout>:2838 KSP Residual norm 2.984408472858e-03
Mon Sep 21 15:12:12 2026<stdout>:2839 KSP Residual norm 2.983464734992e-03
Mon Sep 21 15:12:12 2026<stdout>:2840 KSP Residual norm 2.983038107167e-03
Mon Sep 21 15:12:12 2026<stdout>:2841 KSP Residual norm 2.981260529300e-03
Mon Sep 21 15:12:12 2026<stdout>:2842 KSP Residual norm 2.979543913592e-03
Mon Sep 21 15:12:12 2026<stdout>:2843 KSP Residual norm 2.979352895459e-03
Mon Sep 21 15:12:12 2026<stdout>:2844 KSP Residual norm 2.978958831160e-03
Mon Sep 21 15:12:12 2026<stdout>:2845 KSP Residual norm 2.971534210919e-03
Mon Sep 21 15:12:12 2026<stdout>:2846 KSP Residual norm 2.967825314819e-03
Mon Sep 21 15:12:12 2026<stdout>:2847 KSP Residual norm 2.967181183148e-03
Mon Sep 21 15:12:12 2026<stdout>:2848 KSP Residual norm 2.967167647280e-03
Mon Sep 21 15:12:12 2026<stdout>:2849 KSP Residual norm 2.966917223025e-03
Mon Sep 21 15:12:12 2026<stdout>:2850 KSP Residual norm 3.335810054808e-03
Mon Sep 21 15:12:12 2026<stdout>:2851 KSP Residual norm 3.304232743489e-03
Mon Sep 21 15:12:12 2026<stdout>:2852 KSP Residual norm 3.267156926349e-03
Mon Sep 21 15:12:12 2026<stdout>:2853 KSP Residual norm 3.264277869069e-03
Mon Sep 21 15:12:12 2026<stdout>:2854 KSP Residual norm 3.059242940339e-03
Mon Sep 21 15:12:12 2026<stdout>:2855 KSP Residual norm 3.050599039044e-03
Mon Sep 21 15:12:12 2026<stdout>:2856 KSP Residual norm 2.983442789430e-03
Mon Sep 21 15:12:12 2026<stdout>:2857 KSP Residual norm 2.982115759493e-03
Mon Sep 21 15:12:12 2026<stdout>:2858 KSP Residual norm 2.977791855197e-03
Mon Sep 21 15:12:12 2026<stdout>:2859 KSP Residual norm 2.977781275332e-03
Mon Sep 21 15:12:12 2026<stdout>:2860 KSP Residual norm 2.977741900347e-03
Mon Sep 21 15:12:12 2026<stdout>:2861 KSP Residual norm 2.977319064558e-03
Mon Sep 21 15:12:12 2026<stdout>:2862 KSP Residual norm 2.973689212242e-03
Mon Sep 21 15:12:12 2026<stdout>:2863 KSP Residual norm 2.973681299451e-03
Mon Sep 21 15:12:12 2026<stdout>:2864 KSP Residual norm 2.972296871957e-03
Mon Sep 21 15:12:12 2026<stdout>:2865 KSP Residual norm 2.971884364405e-03
Mon Sep 21 15:12:12 2026<stdout>:2866 KSP Residual norm 2.971043252883e-03
Mon Sep 21 15:12:12 2026<stdout>:2867 KSP Residual norm 2.971042356237e-03
Mon Sep 21 15:12:12 2026<stdout>:2868 KSP Residual norm 2.957208088724e-03
Mon Sep 21 15:12:12 2026<stdout>:2869 KSP Residual norm 2.957085929088e-03
Mon Sep 21 15:12:12 2026<stdout>:2870 KSP Residual norm 2.947701317988e-03
Mon Sep 21 15:12:12 2026<stdout>:2871 KSP Residual norm 2.947696799203e-03
Mon Sep 21 15:12:12 2026<stdout>:2872 KSP Residual norm 2.926926342424e-03
Mon Sep 21 15:12:12 2026<stdout>:2873 KSP Residual norm 2.926924996139e-03
Mon Sep 21 15:12:12 2026<stdout>:2874 KSP Residual norm 2.925860497096e-03
Mon Sep 21 15:12:12 2026<stdout>:2875 KSP Residual norm 2.925810937718e-03
Mon Sep 21 15:12:12 2026<stdout>:2876 KSP Residual norm 2.924584529541e-03
Mon Sep 21 15:12:12 2026<stdout>:2877 KSP Residual norm 2.924353343968e-03
Mon Sep 21 15:12:12 2026<stdout>:2878 KSP Residual norm 2.924345545849e-03
Mon Sep 21 15:12:12 2026<stdout>:2879 KSP Residual norm 2.924342060739e-03
Mon Sep 21 15:12:12 2026<stdout>:2880 KSP Residual norm 2.921186166993e-03
Mon Sep 21 15:12:12 2026<stdout>:2881 KSP Residual norm 2.921185155632e-03
Mon Sep 21 15:12:12 2026<stdout>:2882 KSP Residual norm 2.921037486468e-03
Mon Sep 21 15:12:12 2026<stdout>:2883 KSP Residual norm 2.920970517349e-03
Mon Sep 21 15:12:12 2026<stdout>:2884 KSP Residual norm 2.919509330418e-03
Mon Sep 21 15:12:12 2026<stdout>:2885 KSP Residual norm 2.919412587916e-03
Mon Sep 21 15:12:12 2026<stdout>:2886 KSP Residual norm 2.919400451964e-03
Mon Sep 21 15:12:12 2026<stdout>:2887 KSP Residual norm 2.919071531349e-03
Mon Sep 21 15:12:12 2026<stdout>:2888 KSP Residual norm 2.918718205446e-03
Mon Sep 21 15:12:12 2026<stdout>:2889 KSP Residual norm 2.918642314250e-03
Mon Sep 21 15:12:12 2026<stdout>:2890 KSP Residual norm 2.918589223074e-03
Mon Sep 21 15:12:12 2026<stdout>:2891 KSP Residual norm 2.918481165783e-03
Mon Sep 21 15:12:12 2026<stdout>:2892 KSP Residual norm 2.918223649015e-03
Mon Sep 21 15:12:12 2026<stdout>:2893 KSP Residual norm 2.918179449870e-03
Mon Sep 21 15:12:12 2026<stdout>:2894 KSP Residual norm 2.917028663998e-03
Mon Sep 21 15:12:12 2026<stdout>:2895 KSP Residual norm 2.916945093416e-03
Mon Sep 21 15:12:12 2026<stdout>:2896 KSP Residual norm 2.916870520956e-03
Mon Sep 21 15:12:12 2026<stdout>:2897 KSP Residual norm 2.916678820890e-03
Mon Sep 21 15:12:12 2026<stdout>:2898 KSP Residual norm 2.915538067972e-03
Mon Sep 21 15:12:12 2026<stdout>:2899 KSP Residual norm 2.915538044583e-03
Mon Sep 21 15:12:12 2026<stdout>:2900 KSP Residual norm 2.915316557352e-03
Mon Sep 21 15:12:12 2026<stdout>:2901 KSP Residual norm 2.913891223358e-03
Mon Sep 21 15:12:12 2026<stdout>:2902 KSP Residual norm 2.913495846038e-03
Mon Sep 21 15:12:12 2026<stdout>:2903 KSP Residual norm 2.913339043317e-03
Mon Sep 21 15:12:12 2026<stdout>:2904 KSP Residual norm 2.913028238827e-03
Mon Sep 21 15:12:12 2026<stdout>:2905 KSP Residual norm 2.912224799947e-03
Mon Sep 21 15:12:12 2026<stdout>:2906 KSP Residual norm 2.912221546074e-03
Mon Sep 21 15:12:12 2026<stdout>:2907 KSP Residual norm 2.907609348595e-03
Mon Sep 21 15:12:12 2026<stdout>:2908 KSP Residual norm 2.907166820068e-03
Mon Sep 21 15:12:13 2026<stdout>:2909 KSP Residual norm 2.904553207347e-03
Mon Sep 21 15:12:13 2026<stdout>:2910 KSP Residual norm 2.903451013083e-03
Mon Sep 21 15:12:13 2026<stdout>:2911 KSP Residual norm 2.900121168381e-03
Mon Sep 21 15:12:13 2026<stdout>:2912 KSP Residual norm 2.899536693796e-03
Mon Sep 21 15:12:13 2026<stdout>:2913 KSP Residual norm 2.899536561650e-03
Mon Sep 21 15:12:13 2026<stdout>:2914 KSP Residual norm 2.899532971865e-03
Mon Sep 21 15:12:13 2026<stdout>:2915 KSP Residual norm 2.897829105313e-03
Mon Sep 21 15:12:13 2026<stdout>:2916 KSP Residual norm 2.897241887371e-03
Mon Sep 21 15:12:13 2026<stdout>:2917 KSP Residual norm 2.897063888997e-03
Mon Sep 21 15:12:13 2026<stdout>:2918 KSP Residual norm 2.896031460417e-03
Mon Sep 21 15:12:13 2026<stdout>:2919 KSP Residual norm 2.895852303799e-03
Mon Sep 21 15:12:13 2026<stdout>:2920 KSP Residual norm 2.895669656607e-03
Mon Sep 21 15:12:13 2026<stdout>:2921 KSP Residual norm 2.895589182346e-03
Mon Sep 21 15:12:13 2026<stdout>:2922 KSP Residual norm 2.894174792595e-03
Mon Sep 21 15:12:13 2026<stdout>:2923 KSP Residual norm 2.894165369227e-03
Mon Sep 21 15:12:13 2026<stdout>:2924 KSP Residual norm 2.893598710925e-03
Mon Sep 21 15:12:13 2026<stdout>:2925 KSP Residual norm 2.892807418714e-03
Mon Sep 21 15:12:13 2026<stdout>:2926 KSP Residual norm 2.891947580101e-03
Mon Sep 21 15:12:13 2026<stdout>:2927 KSP Residual norm 2.890878529888e-03
Mon Sep 21 15:12:13 2026<stdout>:2928 KSP Residual norm 2.890514642341e-03
Mon Sep 21 15:12:13 2026<stdout>:2929 KSP Residual norm 2.887787843834e-03
Mon Sep 21 15:12:13 2026<stdout>:2930 KSP Residual norm 2.887129409223e-03
Mon Sep 21 15:12:13 2026<stdout>:2931 KSP Residual norm 2.882621615724e-03
Mon Sep 21 15:12:13 2026<stdout>:2932 KSP Residual norm 2.882609921477e-03
Mon Sep 21 15:12:13 2026<stdout>:2933 KSP Residual norm 2.882547977657e-03
Mon Sep 21 15:12:13 2026<stdout>:2934 KSP Residual norm 2.881694961198e-03
Mon Sep 21 15:12:13 2026<stdout>:2935 KSP Residual norm 2.881618267075e-03
Mon Sep 21 15:12:13 2026<stdout>:2936 KSP Residual norm 2.881594661772e-03
Mon Sep 21 15:12:13 2026<stdout>:2937 KSP Residual norm 2.880525354267e-03
Mon Sep 21 15:12:13 2026<stdout>:2938 KSP Residual norm 2.880210539066e-03
Mon Sep 21 15:12:13 2026<stdout>:2939 KSP Residual norm 2.879573025305e-03
Mon Sep 21 15:12:13 2026<stdout>:2940 KSP Residual norm 2.879567841065e-03
Mon Sep 21 15:12:13 2026<stdout>:2941 KSP Residual norm 2.879567806561e-03
Mon Sep 21 15:12:13 2026<stdout>:2942 KSP Residual norm 2.879380779724e-03
Mon Sep 21 15:12:13 2026<stdout>:2943 KSP Residual norm 2.879339089221e-03
Mon Sep 21 15:12:13 2026<stdout>:2944 KSP Residual norm 2.877639063573e-03
Mon Sep 21 15:12:13 2026<stdout>:2945 KSP Residual norm 2.877626898036e-03
Mon Sep 21 15:12:13 2026<stdout>:2946 KSP Residual norm 2.877453647129e-03
Mon Sep 21 15:12:13 2026<stdout>:2947 KSP Residual norm 2.876333363608e-03
Mon Sep 21 15:12:13 2026<stdout>:2948 KSP Residual norm 2.875562246880e-03
Mon Sep 21 15:12:13 2026<stdout>:2949 KSP Residual norm 2.875556086686e-03
Mon Sep 21 15:12:13 2026<stdout>:2950 KSP Residual norm 2.874906574920e-03
Mon Sep 21 15:12:13 2026<stdout>:2951 KSP Residual norm 2.872631161194e-03
Mon Sep 21 15:12:13 2026<stdout>:2952 KSP Residual norm 2.872298654015e-03
Mon Sep 21 15:12:13 2026<stdout>:2953 KSP Residual norm 2.872098848212e-03
Mon Sep 21 15:12:13 2026<stdout>:2954 KSP Residual norm 2.871646965597e-03
Mon Sep 21 15:12:13 2026<stdout>:2955 KSP Residual norm 2.871150245734e-03
Mon Sep 21 15:12:13 2026<stdout>:2956 KSP Residual norm 2.862629188241e-03
Mon Sep 21 15:12:13 2026<stdout>:2957 KSP Residual norm 2.852101267575e-03
Mon Sep 21 15:12:13 2026<stdout>:2958 KSP Residual norm 2.852100472939e-03
Mon Sep 21 15:12:13 2026<stdout>:2959 KSP Residual norm 2.850910807874e-03
Mon Sep 21 15:12:13 2026<stdout>:2960 KSP Residual norm 2.850604792106e-03
Mon Sep 21 15:12:13 2026<stdout>:2961 KSP Residual norm 2.848384147492e-03
Mon Sep 21 15:12:13 2026<stdout>:2962 KSP Residual norm 2.847074214189e-03
Mon Sep 21 15:12:13 2026<stdout>:2963 KSP Residual norm 2.846603809495e-03
Mon Sep 21 15:12:13 2026<stdout>:2964 KSP Residual norm 2.846413430836e-03
Mon Sep 21 15:12:13 2026<stdout>:2965 KSP Residual norm 2.845899655330e-03
Mon Sep 21 15:12:13 2026<stdout>:2966 KSP Residual norm 2.843073816421e-03
Mon Sep 21 15:12:13 2026<stdout>:2967 KSP Residual norm 2.843057062226e-03
Mon Sep 21 15:12:13 2026<stdout>:2968 KSP Residual norm 2.841755331779e-03
Mon Sep 21 15:12:13 2026<stdout>:2969 KSP Residual norm 2.841571914303e-03
Mon Sep 21 15:12:13 2026<stdout>:2970 KSP Residual norm 2.838051127526e-03
Mon Sep 21 15:12:13 2026<stdout>:2971 KSP Residual norm 2.830930028623e-03
Mon Sep 21 15:12:13 2026<stdout>:2972 KSP Residual norm 2.830321464076e-03
Mon Sep 21 15:12:13 2026<stdout>:2973 KSP Residual norm 2.829918284142e-03
Mon Sep 21 15:12:13 2026<stdout>:2974 KSP Residual norm 2.829458795126e-03
Mon Sep 21 15:12:13 2026<stdout>:2975 KSP Residual norm 2.828229108404e-03
Mon Sep 21 15:12:13 2026<stdout>:2976 KSP Residual norm 2.827326811528e-03
Mon Sep 21 15:12:13 2026<stdout>:2977 KSP Residual norm 2.826909560842e-03
Mon Sep 21 15:12:13 2026<stdout>:2978 KSP Residual norm 2.826096306269e-03
Mon Sep 21 15:12:13 2026<stdout>:2979 KSP Residual norm 2.826065273074e-03
Mon Sep 21 15:12:13 2026<stdout>:2980 KSP Residual norm 2.824435299112e-03
Mon Sep 21 15:12:13 2026<stdout>:2981 KSP Residual norm 2.824092627364e-03
Mon Sep 21 15:12:13 2026<stdout>:2982 KSP Residual norm 2.822402361756e-03
Mon Sep 21 15:12:13 2026<stdout>:2983 KSP Residual norm 2.819044244544e-03
Mon Sep 21 15:12:13 2026<stdout>:2984 KSP Residual norm 2.817663742067e-03
Mon Sep 21 15:12:13 2026<stdout>:2985 KSP Residual norm 2.817567866874e-03
Mon Sep 21 15:12:13 2026<stdout>:2986 KSP Residual norm 2.816966334002e-03
Mon Sep 21 15:12:13 2026<stdout>:2987 KSP Residual norm 2.816279257971e-03
Mon Sep 21 15:12:13 2026<stdout>:2988 KSP Residual norm 2.816219430643e-03
Mon Sep 21 15:12:13 2026<stdout>:2989 KSP Residual norm 2.814996461377e-03
Mon Sep 21 15:12:14 2026<stdout>:2990 KSP Residual norm 2.813871176625e-03
Mon Sep 21 15:12:14 2026<stdout>:2991 KSP Residual norm 2.813165558971e-03
Mon Sep 21 15:12:14 2026<stdout>:2992 KSP Residual norm 2.813110321197e-03
Mon Sep 21 15:12:14 2026<stdout>:2993 KSP Residual norm 2.811277821871e-03
Mon Sep 21 15:12:14 2026<stdout>:2994 KSP Residual norm 2.811270060357e-03
Mon Sep 21 15:12:14 2026<stdout>:2995 KSP Residual norm 2.811263410280e-03
Mon Sep 21 15:12:14 2026<stdout>:2996 KSP Residual norm 2.809906422566e-03
Mon Sep 21 15:12:14 2026<stdout>:2997 KSP Residual norm 2.809170612745e-03
Mon Sep 21 15:12:14 2026<stdout>:2998 KSP Residual norm 2.808995285318e-03
Mon Sep 21 15:12:14 2026<stdout>:2999 KSP Residual norm 2.808341337250e-03
Mon Sep 21 15:12:14 2026<stdout>:3000 KSP Residual norm 3.166389201138e-03
Mon Sep 21 15:12:14 2026<stdout>:3001 KSP Residual norm 3.120464643518e-03
Mon Sep 21 15:12:14 2026<stdout>:3002 KSP Residual norm 3.113280599323e-03
Mon Sep 21 15:12:14 2026<stdout>:3003 KSP Residual norm 3.112277580411e-03
Mon Sep 21 15:12:14 2026<stdout>:3004 KSP Residual norm 3.089487140356e-03
Mon Sep 21 15:12:14 2026<stdout>:3005 KSP Residual norm 3.089319903964e-03
Mon Sep 21 15:12:14 2026<stdout>:3006 KSP Residual norm 3.070672218685e-03
Mon Sep 21 15:12:14 2026<stdout>:3007 KSP Residual norm 3.070644358802e-03
Mon Sep 21 15:12:14 2026<stdout>:3008 KSP Residual norm 3.061502450224e-03
Mon Sep 21 15:12:14 2026<stdout>:3009 KSP Residual norm 3.061189747002e-03
Mon Sep 21 15:12:14 2026<stdout>:3010 KSP Residual norm 3.056804704540e-03
Mon Sep 21 15:12:14 2026<stdout>:3011 KSP Residual norm 3.056509053317e-03
Mon Sep 21 15:12:14 2026<stdout>:3012 KSP Residual norm 3.053921247685e-03
Mon Sep 21 15:12:14 2026<stdout>:3013 KSP Residual norm 3.053150869637e-03
Mon Sep 21 15:12:14 2026<stdout>:3014 KSP Residual norm 3.052608510740e-03
Mon Sep 21 15:12:14 2026<stdout>:3015 KSP Residual norm 3.052084247380e-03
Mon Sep 21 15:12:14 2026<stdout>:3016 KSP Residual norm 3.052035074836e-03
Mon Sep 21 15:12:14 2026<stdout>:3017 KSP Residual norm 3.052026384171e-03
Mon Sep 21 15:12:14 2026<stdout>:3018 KSP Residual norm 3.045070153610e-03
Mon Sep 21 15:12:14 2026<stdout>:3019 KSP Residual norm 3.045022792525e-03
Mon Sep 21 15:12:14 2026<stdout>:3020 KSP Residual norm 3.044910842758e-03
Mon Sep 21 15:12:14 2026<stdout>:3021 KSP Residual norm 3.044647247153e-03
Mon Sep 21 15:12:14 2026<stdout>:3022 KSP Residual norm 3.041722685031e-03
Mon Sep 21 15:12:14 2026<stdout>:3023 KSP Residual norm 3.041719099273e-03
Mon Sep 21 15:12:14 2026<stdout>:3024 KSP Residual norm 3.040398989476e-03
Mon Sep 21 15:12:14 2026<stdout>:3025 KSP Residual norm 3.040397552107e-03
Mon Sep 21 15:12:14 2026<stdout>:3026 KSP Residual norm 3.040189491841e-03
Mon Sep 21 15:12:14 2026<stdout>:3027 KSP Residual norm 3.040095241052e-03
Mon Sep 21 15:12:14 2026<stdout>:3028 KSP Residual norm 3.037747658329e-03
Mon Sep 21 15:12:14 2026<stdout>:3029 KSP Residual norm 3.037747524236e-03
Mon Sep 21 15:12:14 2026<stdout>:3030 KSP Residual norm 3.032683148757e-03
Mon Sep 21 15:12:14 2026<stdout>:3031 KSP Residual norm 3.032545891537e-03
Mon Sep 21 15:12:14 2026<stdout>:3032 KSP Residual norm 3.032085437514e-03
Mon Sep 21 15:12:14 2026<stdout>:3033 KSP Residual norm 3.032078454205e-03
Mon Sep 21 15:12:14 2026<stdout>:3034 KSP Residual norm 3.031805575509e-03
Mon Sep 21 15:12:14 2026<stdout>:3035 KSP Residual norm 3.031796237750e-03
Mon Sep 21 15:12:14 2026<stdout>:3036 KSP Residual norm 3.029296082989e-03
Mon Sep 21 15:12:14 2026<stdout>:3037 KSP Residual norm 3.029136950395e-03
Mon Sep 21 15:12:14 2026<stdout>:3038 KSP Residual norm 3.028283090362e-03
Mon Sep 21 15:12:14 2026<stdout>:3039 KSP Residual norm 3.028265134755e-03
Mon Sep 21 15:12:14 2026<stdout>:3040 KSP Residual norm 3.026309371918e-03
Mon Sep 21 15:12:14 2026<stdout>:3041 KSP Residual norm 3.026305639515e-03
Mon Sep 21 15:12:14 2026<stdout>:3042 KSP Residual norm 3.026254002370e-03
Mon Sep 21 15:12:14 2026<stdout>:3043 KSP Residual norm 3.026185911079e-03
Mon Sep 21 15:12:14 2026<stdout>:3044 KSP Residual norm 3.026016253594e-03
Mon Sep 21 15:12:14 2026<stdout>:3045 KSP Residual norm 3.025990552605e-03
Mon Sep 21 15:12:14 2026<stdout>:3046 KSP Residual norm 3.025678175153e-03
Mon Sep 21 15:12:14 2026<stdout>:3047 KSP Residual norm 3.024481979350e-03
Mon Sep 21 15:12:14 2026<stdout>:3048 KSP Residual norm 3.024447612311e-03
Mon Sep 21 15:12:14 2026<stdout>:3049 KSP Residual norm 3.024362446721e-03
Mon Sep 21 15:12:14 2026<stdout>:3050 KSP Residual norm 3.023931676772e-03
Mon Sep 21 15:12:14 2026<stdout>:3051 KSP Residual norm 3.022652879770e-03
Mon Sep 21 15:12:14 2026<stdout>:3052 KSP Residual norm 3.022399597116e-03
Mon Sep 21 15:12:14 2026<stdout>:3053 KSP Residual norm 3.022147726778e-03
Mon Sep 21 15:12:14 2026<stdout>:3054 KSP Residual norm 3.019107946159e-03
Mon Sep 21 15:12:14 2026<stdout>:3055 KSP Residual norm 3.019080532240e-03
Mon Sep 21 15:12:14 2026<stdout>:3056 KSP Residual norm 3.018887118621e-03
Mon Sep 21 15:12:14 2026<stdout>:3057 KSP Residual norm 3.018139424732e-03
Mon Sep 21 15:12:14 2026<stdout>:3058 KSP Residual norm 3.018139234996e-03
Mon Sep 21 15:12:14 2026<stdout>:3059 KSP Residual norm 3.017983242084e-03
Mon Sep 21 15:12:14 2026<stdout>:3060 KSP Residual norm 3.012913061242e-03
Mon Sep 21 15:12:14 2026<stdout>:3061 KSP Residual norm 3.012335112167e-03
Mon Sep 21 15:12:14 2026<stdout>:3062 KSP Residual norm 3.012104327249e-03
Mon Sep 21 15:12:14 2026<stdout>:3063 KSP Residual norm 3.012070593048e-03
Mon Sep 21 15:12:14 2026<stdout>:3064 KSP Residual norm 3.010749525966e-03
Mon Sep 21 15:12:14 2026<stdout>:3065 KSP Residual norm 3.010691649956e-03
Mon Sep 21 15:12:14 2026<stdout>:3066 KSP Residual norm 3.009052149625e-03
Mon Sep 21 15:12:14 2026<stdout>:3067 KSP Residual norm 3.009013514095e-03
Mon Sep 21 15:12:14 2026<stdout>:3068 KSP Residual norm 3.008616916333e-03
Mon Sep 21 15:12:14 2026<stdout>:3069 KSP Residual norm 3.007221368508e-03
Mon Sep 21 15:12:14 2026<stdout>:3070 KSP Residual norm 3.006809712354e-03
Mon Sep 21 15:12:14 2026<stdout>:3071 KSP Residual norm 3.006246371577e-03
Mon Sep 21 15:12:14 2026<stdout>:3072 KSP Residual norm 3.005063300417e-03
Mon Sep 21 15:12:14 2026<stdout>:3073 KSP Residual norm 3.004347295469e-03
Mon Sep 21 15:12:14 2026<stdout>:3074 KSP Residual norm 3.002682891137e-03
Mon Sep 21 15:12:14 2026<stdout>:3075 KSP Residual norm 3.002669719649e-03
Mon Sep 21 15:12:14 2026<stdout>:3076 KSP Residual norm 2.999926576071e-03
Mon Sep 21 15:12:14 2026<stdout>:3077 KSP Residual norm 2.998737818287e-03
Mon Sep 21 15:12:14 2026<stdout>:3078 KSP Residual norm 2.998527619252e-03
Mon Sep 21 15:12:14 2026<stdout>:3079 KSP Residual norm 2.998203104772e-03
Mon Sep 21 15:12:14 2026<stdout>:3080 KSP Residual norm 2.998202265950e-03
Mon Sep 21 15:12:14 2026<stdout>:3081 KSP Residual norm 2.995783435776e-03
Mon Sep 21 15:12:14 2026<stdout>:3082 KSP Residual norm 2.995687483353e-03
Mon Sep 21 15:12:14 2026<stdout>:3083 KSP Residual norm 2.995634521376e-03
Mon Sep 21 15:12:14 2026<stdout>:3084 KSP Residual norm 2.994290559712e-03
Mon Sep 21 15:12:14 2026<stdout>:3085 KSP Residual norm 2.992931708441e-03
Mon Sep 21 15:12:14 2026<stdout>:3086 KSP Residual norm 2.992767026929e-03
Mon Sep 21 15:12:15 2026<stdout>:3087 KSP Residual norm 2.991762024910e-03
Mon Sep 21 15:12:15 2026<stdout>:3088 KSP Residual norm 2.991753860951e-03
Mon Sep 21 15:12:15 2026<stdout>:3089 KSP Residual norm 2.991753827319e-03
Mon Sep 21 15:12:15 2026<stdout>:3090 KSP Residual norm 2.991258133233e-03
Mon Sep 21 15:12:15 2026<stdout>:3091 KSP Residual norm 2.988877629265e-03
Mon Sep 21 15:12:15 2026<stdout>:3092 KSP Residual norm 2.988877131587e-03
Mon Sep 21 15:12:15 2026<stdout>:3093 KSP Residual norm 2.988423722296e-03
Mon Sep 21 15:12:15 2026<stdout>:3094 KSP Residual norm 2.987578278224e-03
Mon Sep 21 15:12:15 2026<stdout>:3095 KSP Residual norm 2.986301948973e-03
Mon Sep 21 15:12:15 2026<stdout>:3096 KSP Residual norm 2.984709454043e-03
Mon Sep 21 15:12:15 2026<stdout>:3097 KSP Residual norm 2.984557154691e-03
Mon Sep 21 15:12:15 2026<stdout>:3098 KSP Residual norm 2.984556908462e-03
Mon Sep 21 15:12:15 2026<stdout>:3099 KSP Residual norm 2.982334972904e-03
Mon Sep 21 15:12:15 2026<stdout>:3100 KSP Residual norm 2.981778224343e-03
Mon Sep 21 15:12:15 2026<stdout>:3101 KSP Residual norm 2.981517245935e-03
Mon Sep 21 15:12:15 2026<stdout>:3102 KSP Residual norm 2.981437167128e-03
Mon Sep 21 15:12:15 2026<stdout>:3103 KSP Residual norm 2.979778161746e-03
Mon Sep 21 15:12:15 2026<stdout>:3104 KSP Residual norm 2.979401696921e-03
Mon Sep 21 15:12:15 2026<stdout>:3105 KSP Residual norm 2.979119228388e-03
Mon Sep 21 15:12:15 2026<stdout>:3106 KSP Residual norm 2.978832669147e-03
Mon Sep 21 15:12:15 2026<stdout>:3107 KSP Residual norm 2.977704336752e-03
Mon Sep 21 15:12:15 2026<stdout>:3108 KSP Residual norm 2.977665705990e-03
Mon Sep 21 15:12:15 2026<stdout>:3109 KSP Residual norm 2.977602205984e-03
Mon Sep 21 15:12:15 2026<stdout>:3110 KSP Residual norm 2.977601624838e-03
Mon Sep 21 15:12:15 2026<stdout>:3111 KSP Residual norm 2.974154255065e-03
Mon Sep 21 15:12:15 2026<stdout>:3112 KSP Residual norm 2.973952332683e-03
Mon Sep 21 15:12:15 2026<stdout>:3113 KSP Residual norm 2.970765624213e-03
Mon Sep 21 15:12:15 2026<stdout>:3114 KSP Residual norm 2.967550103911e-03
Mon Sep 21 15:12:15 2026<stdout>:3115 KSP Residual norm 2.966958547709e-03
Mon Sep 21 15:12:15 2026<stdout>:3116 KSP Residual norm 2.966110400789e-03
Mon Sep 21 15:12:15 2026<stdout>:3117 KSP Residual norm 2.966086827220e-03
Mon Sep 21 15:12:15 2026<stdout>:3118 KSP Residual norm 2.964284007582e-03
Mon Sep 21 15:12:15 2026<stdout>:3119 KSP Residual norm 2.964243922035e-03
Mon Sep 21 15:12:15 2026<stdout>:3120 KSP Residual norm 2.962404985738e-03
Mon Sep 21 15:12:15 2026<stdout>:3121 KSP Residual norm 2.961515947505e-03
Mon Sep 21 15:12:15 2026<stdout>:3122 KSP Residual norm 2.961461047832e-03
Mon Sep 21 15:12:15 2026<stdout>:3123 KSP Residual norm 2.961456373261e-03
Mon Sep 21 15:12:15 2026<stdout>:3124 KSP Residual norm 2.961021997697e-03
Mon Sep 21 15:12:15 2026<stdout>:3125 KSP Residual norm 2.961007888647e-03
Mon Sep 21 15:12:15 2026<stdout>:3126 KSP Residual norm 2.956326116767e-03
Mon Sep 21 15:12:15 2026<stdout>:3127 KSP Residual norm 2.956325857408e-03
Mon Sep 21 15:12:15 2026<stdout>:3128 KSP Residual norm 2.956271474561e-03
Mon Sep 21 15:12:15 2026<stdout>:3129 KSP Residual norm 2.956033894297e-03
Mon Sep 21 15:12:15 2026<stdout>:3130 KSP Residual norm 2.955165886675e-03
Mon Sep 21 15:12:15 2026<stdout>:3131 KSP Residual norm 2.952659570993e-03
Mon Sep 21 15:12:15 2026<stdout>:3132 KSP Residual norm 2.951270919021e-03
Mon Sep 21 15:12:15 2026<stdout>:3133 KSP Residual norm 2.947161012535e-03
Mon Sep 21 15:12:15 2026<stdout>:3134 KSP Residual norm 2.947038606696e-03
Mon Sep 21 15:12:15 2026<stdout>:3135 KSP Residual norm 2.946445166450e-03
Mon Sep 21 15:12:15 2026<stdout>:3136 KSP Residual norm 2.945566529367e-03
Mon Sep 21 15:12:15 2026<stdout>:3137 KSP Residual norm 2.944890925472e-03
Mon Sep 21 15:12:15 2026<stdout>:3138 KSP Residual norm 2.944619421350e-03
Mon Sep 21 15:12:15 2026<stdout>:3139 KSP Residual norm 2.941676451770e-03
Mon Sep 21 15:12:15 2026<stdout>:3140 KSP Residual norm 2.939852657668e-03
Mon Sep 21 15:12:15 2026<stdout>:3141 KSP Residual norm 2.939441685763e-03
Mon Sep 21 15:12:15 2026<stdout>:3142 KSP Residual norm 2.939426732054e-03
Mon Sep 21 15:12:15 2026<stdout>:3143 KSP Residual norm 2.937116806034e-03
Mon Sep 21 15:12:15 2026<stdout>:3144 KSP Residual norm 2.935778636628e-03
Mon Sep 21 15:12:15 2026<stdout>:3145 KSP Residual norm 2.935710756819e-03
Mon Sep 21 15:12:15 2026<stdout>:3146 KSP Residual norm 2.935030402439e-03
Mon Sep 21 15:12:15 2026<stdout>:3147 KSP Residual norm 2.932928391453e-03
Mon Sep 21 15:12:15 2026<stdout>:3148 KSP Residual norm 2.932215862977e-03
Mon Sep 21 15:12:15 2026<stdout>:3149 KSP Residual norm 2.932116192431e-03
Mon Sep 21 15:12:15 2026<stdout>:3150 KSP Residual norm 3.210442978595e-03
Mon Sep 21 15:12:15 2026<stdout>:3151 KSP Residual norm 3.168216776889e-03
Mon Sep 21 15:12:15 2026<stdout>:3152 KSP Residual norm 3.148406395637e-03
Mon Sep 21 15:12:15 2026<stdout>:3153 KSP Residual norm 3.148335316284e-03
Mon Sep 21 15:12:15 2026<stdout>:3154 KSP Residual norm 3.066911681676e-03
Mon Sep 21 15:12:15 2026<stdout>:3155 KSP Residual norm 3.064669928886e-03
Mon Sep 21 15:12:15 2026<stdout>:3156 KSP Residual norm 3.059810159411e-03
Mon Sep 21 15:12:15 2026<stdout>:3157 KSP Residual norm 3.059513116922e-03
Mon Sep 21 15:12:15 2026<stdout>:3158 KSP Residual norm 3.051619177172e-03
Mon Sep 21 15:12:15 2026<stdout>:3159 KSP Residual norm 3.051565507770e-03
Mon Sep 21 15:12:15 2026<stdout>:3160 KSP Residual norm 3.047441122530e-03
Mon Sep 21 15:12:15 2026<stdout>:3161 KSP Residual norm 3.047414718693e-03
Mon Sep 21 15:12:15 2026<stdout>:3162 KSP Residual norm 3.045760285542e-03
Mon Sep 21 15:12:15 2026<stdout>:3163 KSP Residual norm 3.045715438708e-03
Mon Sep 21 15:12:15 2026<stdout>:3164 KSP Residual norm 3.044234420443e-03
Mon Sep 21 15:12:15 2026<stdout>:3165 KSP Residual norm 3.043441208694e-03
Mon Sep 21 15:12:15 2026<stdout>:3166 KSP Residual norm 3.043335843802e-03
Mon Sep 21 15:12:15 2026<stdout>:3167 KSP Residual norm 3.043132874123e-03
Mon Sep 21 15:12:15 2026<stdout>:3168 KSP Residual norm 3.043064860244e-03
Mon Sep 21 15:12:15 2026<stdout>:3169 KSP Residual norm 3.042963731948e-03
Mon Sep 21 15:12:15 2026<stdout>:3170 KSP Residual norm 3.042878098269e-03
Mon Sep 21 15:12:15 2026<stdout>:3171 KSP Residual norm 3.042853763237e-03
Mon Sep 21 15:12:16 2026<stdout>:3172 KSP Residual norm 3.042079015481e-03
Mon Sep 21 15:12:16 2026<stdout>:3173 KSP Residual norm 3.041975169165e-03
Mon Sep 21 15:12:16 2026<stdout>:3174 KSP Residual norm 3.034598970828e-03
Mon Sep 21 15:12:16 2026<stdout>:3175 KSP Residual norm 3.034496126756e-03
Mon Sep 21 15:12:16 2026<stdout>:3176 KSP Residual norm 3.034408675954e-03
Mon Sep 21 15:12:16 2026<stdout>:3177 KSP Residual norm 3.034327736041e-03
Mon Sep 21 15:12:16 2026<stdout>:3178 KSP Residual norm 3.034320622778e-03
Mon Sep 21 15:12:16 2026<stdout>:3179 KSP Residual norm 3.034311351805e-03
Mon Sep 21 15:12:16 2026<stdout>:3180 KSP Residual norm 3.027460183404e-03
Mon Sep 21 15:12:16 2026<stdout>:3181 KSP Residual norm 3.027458872263e-03
Mon Sep 21 15:12:16 2026<stdout>:3182 KSP Residual norm 3.023200542179e-03
Mon Sep 21 15:12:16 2026<stdout>:3183 KSP Residual norm 3.023186637969e-03
Mon Sep 21 15:12:16 2026<stdout>:3184 KSP Residual norm 3.023116255393e-03
Mon Sep 21 15:12:16 2026<stdout>:3185 KSP Residual norm 3.023067045982e-03
Mon Sep 21 15:12:16 2026<stdout>:3186 KSP Residual norm 3.015551529243e-03
Mon Sep 21 15:12:16 2026<stdout>:3187 KSP Residual norm 3.015551252346e-03
Mon Sep 21 15:12:16 2026<stdout>:3188 KSP Residual norm 3.006285342927e-03
Mon Sep 21 15:12:16 2026<stdout>:3189 KSP Residual norm 3.006237051730e-03
Mon Sep 21 15:12:16 2026<stdout>:3190 KSP Residual norm 2.997492596436e-03
Mon Sep 21 15:12:16 2026<stdout>:3191 KSP Residual norm 2.997491476317e-03
Mon Sep 21 15:12:16 2026<stdout>:3192 KSP Residual norm 2.997337336624e-03
Mon Sep 21 15:12:16 2026<stdout>:3193 KSP Residual norm 2.997286495717e-03
Mon Sep 21 15:12:16 2026<stdout>:3194 KSP Residual norm 2.992656144996e-03
Mon Sep 21 15:12:16 2026<stdout>:3195 KSP Residual norm 2.992628034077e-03
Mon Sep 21 15:12:16 2026<stdout>:3196 KSP Residual norm 2.989898113367e-03
Mon Sep 21 15:12:16 2026<stdout>:3197 KSP Residual norm 2.988970606235e-03
Mon Sep 21 15:12:16 2026<stdout>:3198 KSP Residual norm 2.985979922822e-03
Mon Sep 21 15:12:16 2026<stdout>:3199 KSP Residual norm 2.985626667901e-03
Mon Sep 21 15:12:16 2026<stdout>:3200 KSP Residual norm 2.983835560414e-03
Mon Sep 21 15:12:16 2026<stdout>:3201 KSP Residual norm 2.982916489827e-03
Mon Sep 21 15:12:16 2026<stdout>:3202 KSP Residual norm 2.982880166805e-03
Mon Sep 21 15:12:16 2026<stdout>:3203 KSP Residual norm 2.982432696144e-03
Mon Sep 21 15:12:16 2026<stdout>:3204 KSP Residual norm 2.982225031647e-03
Mon Sep 21 15:12:16 2026<stdout>:3205 KSP Residual norm 2.982147787449e-03
Mon Sep 21 15:12:16 2026<stdout>:3206 KSP Residual norm 2.982100585379e-03
Mon Sep 21 15:12:16 2026<stdout>:3207 KSP Residual norm 2.981667448806e-03
Mon Sep 21 15:12:16 2026<stdout>:3208 KSP Residual norm 2.980224098285e-03
Mon Sep 21 15:12:16 2026<stdout>:3209 KSP Residual norm 2.977535678954e-03
Mon Sep 21 15:12:16 2026<stdout>:3210 KSP Residual norm 2.977454656403e-03
Mon Sep 21 15:12:16 2026<stdout>:3211 KSP Residual norm 2.977097189746e-03
Mon Sep 21 15:12:16 2026<stdout>:3212 KSP Residual norm 2.977089290376e-03
Mon Sep 21 15:12:16 2026<stdout>:3213 KSP Residual norm 2.976972845712e-03
Mon Sep 21 15:12:16 2026<stdout>:3214 KSP Residual norm 2.976817837661e-03
Mon Sep 21 15:12:16 2026<stdout>:3215 KSP Residual norm 2.972065478707e-03
Mon Sep 21 15:12:16 2026<stdout>:3216 KSP Residual norm 2.972065299373e-03
Mon Sep 21 15:12:16 2026<stdout>:3217 KSP Residual norm 2.972059413840e-03
Mon Sep 21 15:12:16 2026<stdout>:3218 KSP Residual norm 2.971748873044e-03
Mon Sep 21 15:12:16 2026<stdout>:3219 KSP Residual norm 2.971714636975e-03
Mon Sep 21 15:12:16 2026<stdout>:3220 KSP Residual norm 2.971712962076e-03
Mon Sep 21 15:12:16 2026<stdout>:3221 KSP Residual norm 2.969986144689e-03
Mon Sep 21 15:12:16 2026<stdout>:3222 KSP Residual norm 2.963805302897e-03
Mon Sep 21 15:12:16 2026<stdout>:3223 KSP Residual norm 2.963608538926e-03
Mon Sep 21 15:12:16 2026<stdout>:3224 KSP Residual norm 2.959426411529e-03
Mon Sep 21 15:12:16 2026<stdout>:3225 KSP Residual norm 2.958412396273e-03
Mon Sep 21 15:12:16 2026<stdout>:3226 KSP Residual norm 2.958214421049e-03
Mon Sep 21 15:12:16 2026<stdout>:3227 KSP Residual norm 2.957348220748e-03
Mon Sep 21 15:12:16 2026<stdout>:3228 KSP Residual norm 2.956477123239e-03
Mon Sep 21 15:12:16 2026<stdout>:3229 KSP Residual norm 2.952500515200e-03
Mon Sep 21 15:12:16 2026<stdout>:3230 KSP Residual norm 2.952318141330e-03
Mon Sep 21 15:12:16 2026<stdout>:3231 KSP Residual norm 2.951633934946e-03
Mon Sep 21 15:12:16 2026<stdout>:3232 KSP Residual norm 2.951456458287e-03
Mon Sep 21 15:12:16 2026<stdout>:3233 KSP Residual norm 2.951208456920e-03
Mon Sep 21 15:12:16 2026<stdout>:3234 KSP Residual norm 2.951013661528e-03
Mon Sep 21 15:12:16 2026<stdout>:3235 KSP Residual norm 2.949523653968e-03
Mon Sep 21 15:12:16 2026<stdout>:3236 KSP Residual norm 2.949389224586e-03
Mon Sep 21 15:12:16 2026<stdout>:3237 KSP Residual norm 2.948702194076e-03
Mon Sep 21 15:12:16 2026<stdout>:3238 KSP Residual norm 2.948581649479e-03
Mon Sep 21 15:12:16 2026<stdout>:3239 KSP Residual norm 2.947964923679e-03
Mon Sep 21 15:12:16 2026<stdout>:3240 KSP Residual norm 2.947669945523e-03
Mon Sep 21 15:12:16 2026<stdout>:3241 KSP Residual norm 2.947656625796e-03
Mon Sep 21 15:12:16 2026<stdout>:3242 KSP Residual norm 2.944354170404e-03
Mon Sep 21 15:12:16 2026<stdout>:3243 KSP Residual norm 2.943770462984e-03
Mon Sep 21 15:12:16 2026<stdout>:3244 KSP Residual norm 2.942832801664e-03
Mon Sep 21 15:12:16 2026<stdout>:3245 KSP Residual norm 2.942224011511e-03
Mon Sep 21 15:12:16 2026<stdout>:3246 KSP Residual norm 2.942093063565e-03
Mon Sep 21 15:12:16 2026<stdout>:3247 KSP Residual norm 2.942090525642e-03
Mon Sep 21 15:12:16 2026<stdout>:3248 KSP Residual norm 2.942080959120e-03
Mon Sep 21 15:12:16 2026<stdout>:3249 KSP Residual norm 2.941553910406e-03
Mon Sep 21 15:12:16 2026<stdout>:3250 KSP Residual norm 2.940330355545e-03
Mon Sep 21 15:12:16 2026<stdout>:3251 KSP Residual norm 2.939956469308e-03
Mon Sep 21 15:12:16 2026<stdout>:3252 KSP Residual norm 2.939214875979e-03
Mon Sep 21 15:12:16 2026<stdout>:3253 KSP Residual norm 2.938181140811e-03
Mon Sep 21 15:12:16 2026<stdout>:3254 KSP Residual norm 2.938111029011e-03
Mon Sep 21 15:12:16 2026<stdout>:3255 KSP Residual norm 2.937458785324e-03
Mon Sep 21 15:12:16 2026<stdout>:3256 KSP Residual norm 2.937126600814e-03
Mon Sep 21 15:12:16 2026<stdout>:3257 KSP Residual norm 2.936517368362e-03
Mon Sep 21 15:12:16 2026<stdout>:3258 KSP Residual norm 2.934631093786e-03
Mon Sep 21 15:12:16 2026<stdout>:3259 KSP Residual norm 2.933757117897e-03
Mon Sep 21 15:12:16 2026<stdout>:3260 KSP Residual norm 2.933757043749e-03
Mon Sep 21 15:12:16 2026<stdout>:3261 KSP Residual norm 2.933394111627e-03
Mon Sep 21 15:12:16 2026<stdout>:3262 KSP Residual norm 2.933389594106e-03
Mon Sep 21 15:12:17 2026<stdout>:3263 KSP Residual norm 2.932855438604e-03
Mon Sep 21 15:12:17 2026<stdout>:3264 KSP Residual norm 2.932512883413e-03
Mon Sep 21 15:12:17 2026<stdout>:3265 KSP Residual norm 2.932252376516e-03
Mon Sep 21 15:12:17 2026<stdout>:3266 KSP Residual norm 2.932233369743e-03
Mon Sep 21 15:12:17 2026<stdout>:3267 KSP Residual norm 2.931942747874e-03
Mon Sep 21 15:12:17 2026<stdout>:3268 KSP Residual norm 2.931221730623e-03
Mon Sep 21 15:12:17 2026<stdout>:3269 KSP Residual norm 2.930856056068e-03
Mon Sep 21 15:12:17 2026<stdout>:3270 KSP Residual norm 2.930829022566e-03
Mon Sep 21 15:12:17 2026<stdout>:3271 KSP Residual norm 2.920006860197e-03
Mon Sep 21 15:12:17 2026<stdout>:3272 KSP Residual norm 2.917719649850e-03
Mon Sep 21 15:12:17 2026<stdout>:3273 KSP Residual norm 2.914871713660e-03
Mon Sep 21 15:12:17 2026<stdout>:3274 KSP Residual norm 2.914678697678e-03
Mon Sep 21 15:12:17 2026<stdout>:3275 KSP Residual norm 2.914212738399e-03
Mon Sep 21 15:12:17 2026<stdout>:3276 KSP Residual norm 2.914201979293e-03
Mon Sep 21 15:12:17 2026<stdout>:3277 KSP Residual norm 2.914073504701e-03
Mon Sep 21 15:12:17 2026<stdout>:3278 KSP Residual norm 2.913853793294e-03
Mon Sep 21 15:12:17 2026<stdout>:3279 KSP Residual norm 2.913817670551e-03
Mon Sep 21 15:12:17 2026<stdout>:3280 KSP Residual norm 2.913813681118e-03
Mon Sep 21 15:12:17 2026<stdout>:3281 KSP Residual norm 2.911122271151e-03
Mon Sep 21 15:12:17 2026<stdout>:3282 KSP Residual norm 2.910971088596e-03
Mon Sep 21 15:12:17 2026<stdout>:3283 KSP Residual norm 2.908762422936e-03
Mon Sep 21 15:12:17 2026<stdout>:3284 KSP Residual norm 2.908671341655e-03
Mon Sep 21 15:12:17 2026<stdout>:3285 KSP Residual norm 2.908567701729e-03
Mon Sep 21 15:12:17 2026<stdout>:3286 KSP Residual norm 2.908427346487e-03
Mon Sep 21 15:12:17 2026<stdout>:3287 KSP Residual norm 2.908337002342e-03
Mon Sep 21 15:12:17 2026<stdout>:3288 KSP Residual norm 2.908285346919e-03
Mon Sep 21 15:12:17 2026<stdout>:3289 KSP Residual norm 2.906778394788e-03
Mon Sep 21 15:12:17 2026<stdout>:3290 KSP Residual norm 2.905908420620e-03
Mon Sep 21 15:12:17 2026<stdout>:3291 KSP Residual norm 2.903616180073e-03
Mon Sep 21 15:12:17 2026<stdout>:3292 KSP Residual norm 2.902474366797e-03
Mon Sep 21 15:12:17 2026<stdout>:3293 KSP Residual norm 2.902406431419e-03
Mon Sep 21 15:12:17 2026<stdout>:3294 KSP Residual norm 2.900031122908e-03
Mon Sep 21 15:12:17 2026<stdout>:3295 KSP Residual norm 2.899597904436e-03
Mon Sep 21 15:12:17 2026<stdout>:3296 KSP Residual norm 2.899203793397e-03
Mon Sep 21 15:12:17 2026<stdout>:3297 KSP Residual norm 2.894426693984e-03
Mon Sep 21 15:12:17 2026<stdout>:3298 KSP Residual norm 2.893700957712e-03
Mon Sep 21 15:12:17 2026<stdout>:3299 KSP Residual norm 2.892006209055e-03
Mon Sep 21 15:12:17 2026<stdout>:3300 KSP Residual norm 3.384344502763e-03
Mon Sep 21 15:12:17 2026<stdout>:3301 KSP Residual norm 3.218286365683e-03
Mon Sep 21 15:12:17 2026<stdout>:3302 KSP Residual norm 3.130322272907e-03
Mon Sep 21 15:12:17 2026<stdout>:3303 KSP Residual norm 3.122587572057e-03
Mon Sep 21 15:12:17 2026<stdout>:3304 KSP Residual norm 2.972857308593e-03
Mon Sep 21 15:12:17 2026<stdout>:3305 KSP Residual norm 2.972307220558e-03
Mon Sep 21 15:12:17 2026<stdout>:3306 KSP Residual norm 2.894471023007e-03
Mon Sep 21 15:12:17 2026<stdout>:3307 KSP Residual norm 2.893852094704e-03
Mon Sep 21 15:12:17 2026<stdout>:3308 KSP Residual norm 2.878439098163e-03
Mon Sep 21 15:12:17 2026<stdout>:3309 KSP Residual norm 2.878397767446e-03
Mon Sep 21 15:12:17 2026<stdout>:3310 KSP Residual norm 2.870219037887e-03
Mon Sep 21 15:12:17 2026<stdout>:3311 KSP Residual norm 2.869161028373e-03
Mon Sep 21 15:12:17 2026<stdout>:3312 KSP Residual norm 2.869144505421e-03
Mon Sep 21 15:12:17 2026<stdout>:3313 KSP Residual norm 2.868821627849e-03
Mon Sep 21 15:12:17 2026<stdout>:3314 KSP Residual norm 2.868622261632e-03
Mon Sep 21 15:12:17 2026<stdout>:3315 KSP Residual norm 2.868554309309e-03
Mon Sep 21 15:12:17 2026<stdout>:3316 KSP Residual norm 2.868427184049e-03
Mon Sep 21 15:12:17 2026<stdout>:3317 KSP Residual norm 2.868385446182e-03
Mon Sep 21 15:12:17 2026<stdout>:3318 KSP Residual norm 2.868378331000e-03
Mon Sep 21 15:12:17 2026<stdout>:3319 KSP Residual norm 2.868247171716e-03
Mon Sep 21 15:12:17 2026<stdout>:3320 KSP Residual norm 2.867369798340e-03
Mon Sep 21 15:12:17 2026<stdout>:3321 KSP Residual norm 2.867127590084e-03
Mon Sep 21 15:12:17 2026<stdout>:3322 KSP Residual norm 2.862343738993e-03
Mon Sep 21 15:12:17 2026<stdout>:3323 KSP Residual norm 2.862202923314e-03
Mon Sep 21 15:12:17 2026<stdout>:3324 KSP Residual norm 2.860850549227e-03
Mon Sep 21 15:12:17 2026<stdout>:3325 KSP Residual norm 2.860843908026e-03
Mon Sep 21 15:12:17 2026<stdout>:3326 KSP Residual norm 2.860585512138e-03
Mon Sep 21 15:12:17 2026<stdout>:3327 KSP Residual norm 2.860550589068e-03
Mon Sep 21 15:12:17 2026<stdout>:3328 KSP Residual norm 2.839945317965e-03
Mon Sep 21 15:12:17 2026<stdout>:3329 KSP Residual norm 2.839904714295e-03
Mon Sep 21 15:12:17 2026<stdout>:3330 KSP Residual norm 2.833442668506e-03
Mon Sep 21 15:12:17 2026<stdout>:3331 KSP Residual norm 2.833436676184e-03
Mon Sep 21 15:12:17 2026<stdout>:3332 KSP Residual norm 2.833326735197e-03
Mon Sep 21 15:12:17 2026<stdout>:3333 KSP Residual norm 2.833114969294e-03
Mon Sep 21 15:12:17 2026<stdout>:3334 KSP Residual norm 2.830621906561e-03
Mon Sep 21 15:12:17 2026<stdout>:3335 KSP Residual norm 2.830593457640e-03
Mon Sep 21 15:12:17 2026<stdout>:3336 KSP Residual norm 2.830474664641e-03
Mon Sep 21 15:12:17 2026<stdout>:3337 KSP Residual norm 2.829872836819e-03
Mon Sep 21 15:12:17 2026<stdout>:3338 KSP Residual norm 2.829127809271e-03
Mon Sep 21 15:12:17 2026<stdout>:3339 KSP Residual norm 2.829097645101e-03
Mon Sep 21 15:12:17 2026<stdout>:3340 KSP Residual norm 2.828862912428e-03
Mon Sep 21 15:12:17 2026<stdout>:3341 KSP Residual norm 2.828673075365e-03
Mon Sep 21 15:12:17 2026<stdout>:3342 KSP Residual norm 2.828622910732e-03
Mon Sep 21 15:12:17 2026<stdout>:3343 KSP Residual norm 2.828480418431e-03
Mon Sep 21 15:12:17 2026<stdout>:3344 KSP Residual norm 2.828422195946e-03
Mon Sep 21 15:12:17 2026<stdout>:3345 KSP Residual norm 2.828322934616e-03
Mon Sep 21 15:12:17 2026<stdout>:3346 KSP Residual norm 2.828322718645e-03
Mon Sep 21 15:12:17 2026<stdout>:3347 KSP Residual norm 2.827838833861e-03
Mon Sep 21 15:12:17 2026<stdout>:3348 KSP Residual norm 2.827670682713e-03
Mon Sep 21 15:12:17 2026<stdout>:3349 KSP Residual norm 2.825777220755e-03
Mon Sep 21 15:12:17 2026<stdout>:3350 KSP Residual norm 2.825388696761e-03
Mon Sep 21 15:12:17 2026<stdout>:3351 KSP Residual norm 2.824122772304e-03
Mon Sep 21 15:12:17 2026<stdout>:3352 KSP Residual norm 2.823682043696e-03
Mon Sep 21 15:12:17 2026<stdout>:3353 KSP Residual norm 2.823674944435e-03
Mon Sep 21 15:12:17 2026<stdout>:3354 KSP Residual norm 2.823503061216e-03
Mon Sep 21 15:12:17 2026<stdout>:3355 KSP Residual norm 2.822796788024e-03
Mon Sep 21 15:12:18 2026<stdout>:3356 KSP Residual norm 2.821994381075e-03
Mon Sep 21 15:12:18 2026<stdout>:3357 KSP Residual norm 2.821605767930e-03
Mon Sep 21 15:12:18 2026<stdout>:3358 KSP Residual norm 2.814380746365e-03
Mon Sep 21 15:12:18 2026<stdout>:3359 KSP Residual norm 2.812969521796e-03
Mon Sep 21 15:12:18 2026<stdout>:3360 KSP Residual norm 2.812849619744e-03
Mon Sep 21 15:12:18 2026<stdout>:3361 KSP Residual norm 2.812792418733e-03
Mon Sep 21 15:12:18 2026<stdout>:3362 KSP Residual norm 2.812792383212e-03
Mon Sep 21 15:12:18 2026<stdout>:3363 KSP Residual norm 2.812530182388e-03
Mon Sep 21 15:12:18 2026<stdout>:3364 KSP Residual norm 2.810972023726e-03
Mon Sep 21 15:12:18 2026<stdout>:3365 KSP Residual norm 2.809228427909e-03
Mon Sep 21 15:12:18 2026<stdout>:3366 KSP Residual norm 2.809168880753e-03
Mon Sep 21 15:12:18 2026<stdout>:3367 KSP Residual norm 2.809152676885e-03
Mon Sep 21 15:12:18 2026<stdout>:3368 KSP Residual norm 2.808584373104e-03
Mon Sep 21 15:12:18 2026<stdout>:3369 KSP Residual norm 2.805409846774e-03
Mon Sep 21 15:12:18 2026<stdout>:3370 KSP Residual norm 2.804977521843e-03
Mon Sep 21 15:12:18 2026<stdout>:3371 KSP Residual norm 2.804639666136e-03
Mon Sep 21 15:12:18 2026<stdout>:3372 KSP Residual norm 2.804271644811e-03
Mon Sep 21 15:12:18 2026<stdout>:3373 KSP Residual norm 2.800664806182e-03
Mon Sep 21 15:12:18 2026<stdout>:3374 KSP Residual norm 2.800663843385e-03
Mon Sep 21 15:12:18 2026<stdout>:3375 KSP Residual norm 2.800287959265e-03
Mon Sep 21 15:12:18 2026<stdout>:3376 KSP Residual norm 2.800010287128e-03
Mon Sep 21 15:12:18 2026<stdout>:3377 KSP Residual norm 2.799953859527e-03
Mon Sep 21 15:12:18 2026<stdout>:3378 KSP Residual norm 2.799880355893e-03
Mon Sep 21 15:12:18 2026<stdout>:3379 KSP Residual norm 2.798020084209e-03
Mon Sep 21 15:12:18 2026<stdout>:3380 KSP Residual norm 2.797938567954e-03
Mon Sep 21 15:12:18 2026<stdout>:3381 KSP Residual norm 2.797921190914e-03
Mon Sep 21 15:12:18 2026<stdout>:3382 KSP Residual norm 2.797748146802e-03
Mon Sep 21 15:12:18 2026<stdout>:3383 KSP Residual norm 2.797748063811e-03
Mon Sep 21 15:12:18 2026<stdout>:3384 KSP Residual norm 2.797480078153e-03
Mon Sep 21 15:12:18 2026<stdout>:3385 KSP Residual norm 2.793233537858e-03
Mon Sep 21 15:12:18 2026<stdout>:3386 KSP Residual norm 2.789374067900e-03
Mon Sep 21 15:12:18 2026<stdout>:3387 KSP Residual norm 2.789311191027e-03
Mon Sep 21 15:12:18 2026<stdout>:3388 KSP Residual norm 2.789306242252e-03
Mon Sep 21 15:12:18 2026<stdout>:3389 KSP Residual norm 2.789081723291e-03
Mon Sep 21 15:12:18 2026<stdout>:3390 KSP Residual norm 2.789049170583e-03
Mon Sep 21 15:12:18 2026<stdout>:3391 KSP Residual norm 2.789049157035e-03
Mon Sep 21 15:12:18 2026<stdout>:3392 KSP Residual norm 2.784835794572e-03
Mon Sep 21 15:12:18 2026<stdout>:3393 KSP Residual norm 2.783734982288e-03
Mon Sep 21 15:12:18 2026<stdout>:3394 KSP Residual norm 2.773897933842e-03
Mon Sep 21 15:12:18 2026<stdout>:3395 KSP Residual norm 2.773777785140e-03
Mon Sep 21 15:12:18 2026<stdout>:3396 KSP Residual norm 2.772606928907e-03
Mon Sep 21 15:12:18 2026<stdout>:3397 KSP Residual norm 2.772208759175e-03
Mon Sep 21 15:12:18 2026<stdout>:3398 KSP Residual norm 2.767054817286e-03
Mon Sep 21 15:12:18 2026<stdout>:3399 KSP Residual norm 2.766988978919e-03
Mon Sep 21 15:12:18 2026<stdout>:3400 KSP Residual norm 2.766754624407e-03
Mon Sep 21 15:12:18 2026<stdout>:3401 KSP Residual norm 2.766689776977e-03
Mon Sep 21 15:12:18 2026<stdout>:3402 KSP Residual norm 2.765930608296e-03
Mon Sep 21 15:12:18 2026<stdout>:3403 KSP Residual norm 2.765348865766e-03
Mon Sep 21 15:12:18 2026<stdout>:3404 KSP Residual norm 2.765334288790e-03
Mon Sep 21 15:12:18 2026<stdout>:3405 KSP Residual norm 2.765219369840e-03
Mon Sep 21 15:12:18 2026<stdout>:3406 KSP Residual norm 2.765132104460e-03
Mon Sep 21 15:12:18 2026<stdout>:3407 KSP Residual norm 2.762111717456e-03
Mon Sep 21 15:12:18 2026<stdout>:3408 KSP Residual norm 2.761946550555e-03
Mon Sep 21 15:12:18 2026<stdout>:3409 KSP Residual norm 2.761667634335e-03
Mon Sep 21 15:12:18 2026<stdout>:3410 KSP Residual norm 2.761267897660e-03
Mon Sep 21 15:12:18 2026<stdout>:3411 KSP Residual norm 2.760922753124e-03
Mon Sep 21 15:12:18 2026<stdout>:3412 KSP Residual norm 2.759937499324e-03
Mon Sep 21 15:12:18 2026<stdout>:3413 KSP Residual norm 2.759673473580e-03
Mon Sep 21 15:12:18 2026<stdout>:3414 KSP Residual norm 2.759656279933e-03
Mon Sep 21 15:12:18 2026<stdout>:3415 KSP Residual norm 2.759362006159e-03
Mon Sep 21 15:12:18 2026<stdout>:3416 KSP Residual norm 2.759361162551e-03
Mon Sep 21 15:12:18 2026<stdout>:3417 KSP Residual norm 2.759296961735e-03
Mon Sep 21 15:12:18 2026<stdout>:3418 KSP Residual norm 2.755847133010e-03
Mon Sep 21 15:12:18 2026<stdout>:3419 KSP Residual norm 2.754531896183e-03
Mon Sep 21 15:12:18 2026<stdout>:3420 KSP Residual norm 2.753577466475e-03
Mon Sep 21 15:12:18 2026<stdout>:3421 KSP Residual norm 2.753135801564e-03
Mon Sep 21 15:12:18 2026<stdout>:3422 KSP Residual norm 2.752380617304e-03
Mon Sep 21 15:12:18 2026<stdout>:3423 KSP Residual norm 2.744873184558e-03
Mon Sep 21 15:12:18 2026<stdout>:3424 KSP Residual norm 2.738775098066e-03
Mon Sep 21 15:12:18 2026<stdout>:3425 KSP Residual norm 2.738503832142e-03
Mon Sep 21 15:12:18 2026<stdout>:3426 KSP Residual norm 2.738027003948e-03
Mon Sep 21 15:12:18 2026<stdout>:3427 KSP Residual norm 2.737072761574e-03
Mon Sep 21 15:12:18 2026<stdout>:3428 KSP Residual norm 2.736396092051e-03
Mon Sep 21 15:12:18 2026<stdout>:3429 KSP Residual norm 2.736315617528e-03
Mon Sep 21 15:12:18 2026<stdout>:3430 KSP Residual norm 2.735813517595e-03
Mon Sep 21 15:12:18 2026<stdout>:3431 KSP Residual norm 2.735245705918e-03
Mon Sep 21 15:12:18 2026<stdout>:3432 KSP Residual norm 2.732307763383e-03
Mon Sep 21 15:12:18 2026<stdout>:3433 KSP Residual norm 2.732267057444e-03
Mon Sep 21 15:12:18 2026<stdout>:3434 KSP Residual norm 2.732245550439e-03
Mon Sep 21 15:12:18 2026<stdout>:3435 KSP Residual norm 2.731478127548e-03
Mon Sep 21 15:12:18 2026<stdout>:3436 KSP Residual norm 2.730599799176e-03
Mon Sep 21 15:12:18 2026<stdout>:3437 KSP Residual norm 2.730245945176e-03
Mon Sep 21 15:12:19 2026<stdout>:3438 KSP Residual norm 2.730244018866e-03
Mon Sep 21 15:12:19 2026<stdout>:3439 KSP Residual norm 2.729391581495e-03
Mon Sep 21 15:12:19 2026<stdout>:3440 KSP Residual norm 2.729273429332e-03
Mon Sep 21 15:12:19 2026<stdout>:3441 KSP Residual norm 2.726877053541e-03
Mon Sep 21 15:12:19 2026<stdout>:3442 KSP Residual norm 2.726707661426e-03
Mon Sep 21 15:12:19 2026<stdout>:3443 KSP Residual norm 2.726647729299e-03
Mon Sep 21 15:12:19 2026<stdout>:3444 KSP Residual norm 2.726097182017e-03
Mon Sep 21 15:12:19 2026<stdout>:3445 KSP Residual norm 2.723786181175e-03
Mon Sep 21 15:12:19 2026<stdout>:3446 KSP Residual norm 2.723763677985e-03
Mon Sep 21 15:12:19 2026<stdout>:3447 KSP Residual norm 2.723489239528e-03
Mon Sep 21 15:12:19 2026<stdout>:3448 KSP Residual norm 2.723279523537e-03
Mon Sep 21 15:12:19 2026<stdout>:3449 KSP Residual norm 2.721910618598e-03
Mon Sep 21 15:12:19 2026<stdout>:3450 KSP Residual norm 3.333657865698e-03
Mon Sep 21 15:12:19 2026<stdout>:3451 KSP Residual norm 3.266341593293e-03
Mon Sep 21 15:12:19 2026<stdout>:3452 KSP Residual norm 3.260371307510e-03
Mon Sep 21 15:12:19 2026<stdout>:3453 KSP Residual norm 3.258242511853e-03
Mon Sep 21 15:12:19 2026<stdout>:3454 KSP Residual norm 3.235760293239e-03
Mon Sep 21 15:12:19 2026<stdout>:3455 KSP Residual norm 3.235470207986e-03
Mon Sep 21 15:12:19 2026<stdout>:3456 KSP Residual norm 3.220083981215e-03
Mon Sep 21 15:12:19 2026<stdout>:3457 KSP Residual norm 3.220072823786e-03
Mon Sep 21 15:12:19 2026<stdout>:3458 KSP Residual norm 3.219645293312e-03
Mon Sep 21 15:12:19 2026<stdout>:3459 KSP Residual norm 3.219589299586e-03
Mon Sep 21 15:12:19 2026<stdout>:3460 KSP Residual norm 3.187780746493e-03
Mon Sep 21 15:12:19 2026<stdout>:3461 KSP Residual norm 3.187283117012e-03
Mon Sep 21 15:12:19 2026<stdout>:3462 KSP Residual norm 3.186645204872e-03
Mon Sep 21 15:12:19 2026<stdout>:3463 KSP Residual norm 3.186645063107e-03
Mon Sep 21 15:12:19 2026<stdout>:3464 KSP Residual norm 3.102011966726e-03
Mon Sep 21 15:12:19 2026<stdout>:3465 KSP Residual norm 3.101767372778e-03
Mon Sep 21 15:12:19 2026<stdout>:3466 KSP Residual norm 3.095209416437e-03
Mon Sep 21 15:12:19 2026<stdout>:3467 KSP Residual norm 3.095194712124e-03
Mon Sep 21 15:12:19 2026<stdout>:3468 KSP Residual norm 3.095154290177e-03
Mon Sep 21 15:12:19 2026<stdout>:3469 KSP Residual norm 3.095102474177e-03
Mon Sep 21 15:12:19 2026<stdout>:3470 KSP Residual norm 3.094140665317e-03
Mon Sep 21 15:12:19 2026<stdout>:3471 KSP Residual norm 3.094056816580e-03
Mon Sep 21 15:12:19 2026<stdout>:3472 KSP Residual norm 3.090269939978e-03
Mon Sep 21 15:12:19 2026<stdout>:3473 KSP Residual norm 3.090159197951e-03
Mon Sep 21 15:12:19 2026<stdout>:3474 KSP Residual norm 3.084717651440e-03
Mon Sep 21 15:12:19 2026<stdout>:3475 KSP Residual norm 3.084716982759e-03
Mon Sep 21 15:12:19 2026<stdout>:3476 KSP Residual norm 3.079825042815e-03
Mon Sep 21 15:12:19 2026<stdout>:3477 KSP Residual norm 3.079748054360e-03
Mon Sep 21 15:12:19 2026<stdout>:3478 KSP Residual norm 3.079190833301e-03
Mon Sep 21 15:12:19 2026<stdout>:3479 KSP Residual norm 3.079022230940e-03
Mon Sep 21 15:12:19 2026<stdout>:3480 KSP Residual norm 3.078906208242e-03
Mon Sep 21 15:12:19 2026<stdout>:3481 KSP Residual norm 3.078804854434e-03
Mon Sep 21 15:12:19 2026<stdout>:3482 KSP Residual norm 3.076957573622e-03
Mon Sep 21 15:12:19 2026<stdout>:3483 KSP Residual norm 3.076525321193e-03
Mon Sep 21 15:12:19 2026<stdout>:3484 KSP Residual norm 3.073813173912e-03
Mon Sep 21 15:12:19 2026<stdout>:3485 KSP Residual norm 3.073756580235e-03
Mon Sep 21 15:12:19 2026<stdout>:3486 KSP Residual norm 3.073582617708e-03
Mon Sep 21 15:12:19 2026<stdout>:3487 KSP Residual norm 3.073442338306e-03
Mon Sep 21 15:12:19 2026<stdout>:3488 KSP Residual norm 3.072584225573e-03
Mon Sep 21 15:12:19 2026<stdout>:3489 KSP Residual norm 3.072282668164e-03
Mon Sep 21 15:12:19 2026<stdout>:3490 KSP Residual norm 3.071053193422e-03
Mon Sep 21 15:12:19 2026<stdout>:3491 KSP Residual norm 3.071011987224e-03
Mon Sep 21 15:12:19 2026<stdout>:3492 KSP Residual norm 3.071003665379e-03
Mon Sep 21 15:12:19 2026<stdout>:3493 KSP Residual norm 3.071001548939e-03
Mon Sep 21 15:12:19 2026<stdout>:3494 KSP Residual norm 3.070766857642e-03
Mon Sep 21 15:12:19 2026<stdout>:3495 KSP Residual norm 3.070725603562e-03
Mon Sep 21 15:12:19 2026<stdout>:3496 KSP Residual norm 3.065432821688e-03
Mon Sep 21 15:12:19 2026<stdout>:3497 KSP Residual norm 3.065431267741e-03
Mon Sep 21 15:12:19 2026<stdout>:3498 KSP Residual norm 3.065346092550e-03
Mon Sep 21 15:12:19 2026<stdout>:3499 KSP Residual norm 3.064635334044e-03
Mon Sep 21 15:12:19 2026<stdout>:3500 KSP Residual norm 3.063635759351e-03
Mon Sep 21 15:12:19 2026<stdout>:3501 KSP Residual norm 3.063442036517e-03
Mon Sep 21 15:12:19 2026<stdout>:3502 KSP Residual norm 3.063419672907e-03
Mon Sep 21 15:12:19 2026<stdout>:3503 KSP Residual norm 3.063164444645e-03
Mon Sep 21 15:12:19 2026<stdout>:3504 KSP Residual norm 3.059261865867e-03
Mon Sep 21 15:12:19 2026<stdout>:3505 KSP Residual norm 3.059261716205e-03
Mon Sep 21 15:12:19 2026<stdout>:3506 KSP Residual norm 3.059248988811e-03
Mon Sep 21 15:12:19 2026<stdout>:3507 KSP Residual norm 3.055818203903e-03
Mon Sep 21 15:12:19 2026<stdout>:3508 KSP Residual norm 3.055794654943e-03
Mon Sep 21 15:12:19 2026<stdout>:3509 KSP Residual norm 3.055254141198e-03
Mon Sep 21 15:12:19 2026<stdout>:3510 KSP Residual norm 3.054819034898e-03
Mon Sep 21 15:12:19 2026<stdout>:3511 KSP Residual norm 3.054403931571e-03
Mon Sep 21 15:12:19 2026<stdout>:3512 KSP Residual norm 3.046094697731e-03
Mon Sep 21 15:12:19 2026<stdout>:3513 KSP Residual norm 3.039567805594e-03
Mon Sep 21 15:12:19 2026<stdout>:3514 KSP Residual norm 3.039281281411e-03
Mon Sep 21 15:12:19 2026<stdout>:3515 KSP Residual norm 3.037834358578e-03
Mon Sep 21 15:12:19 2026<stdout>:3516 KSP Residual norm 3.037567443134e-03
Mon Sep 21 15:12:19 2026<stdout>:3517 KSP Residual norm 3.037144142241e-03
Mon Sep 21 15:12:19 2026<stdout>:3518 KSP Residual norm 3.037144131918e-03
Mon Sep 21 15:12:19 2026<stdout>:3519 KSP Residual norm 3.035650530139e-03
Mon Sep 21 15:12:19 2026<stdout>:3520 KSP Residual norm 3.035649576974e-03
Mon Sep 21 15:12:19 2026<stdout>:3521 KSP Residual norm 3.034447080532e-03
Mon Sep 21 15:12:19 2026<stdout>:3522 KSP Residual norm 3.032363518495e-03
Mon Sep 21 15:12:19 2026<stdout>:3523 KSP Residual norm 3.032138186316e-03
Mon Sep 21 15:12:19 2026<stdout>:3524 KSP Residual norm 3.032001654161e-03
Mon Sep 21 15:12:19 2026<stdout>:3525 KSP Residual norm 3.031902313385e-03
Mon Sep 21 15:12:19 2026<stdout>:3526 KSP Residual norm 3.031428655396e-03
Mon Sep 21 15:12:19 2026<stdout>:3527 KSP Residual norm 3.030433349213e-03
Mon Sep 21 15:12:19 2026<stdout>:3528 KSP Residual norm 3.030406070135e-03
Mon Sep 21 15:12:19 2026<stdout>:3529 KSP Residual norm 3.029946422971e-03
Mon Sep 21 15:12:19 2026<stdout>:3530 KSP Residual norm 3.029172272760e-03
Mon Sep 21 15:12:19 2026<stdout>:3531 KSP Residual norm 3.029002480826e-03
Mon Sep 21 15:12:19 2026<stdout>:3532 KSP Residual norm 3.028407965271e-03
Mon Sep 21 15:12:19 2026<stdout>:3533 KSP Residual norm 3.027288497926e-03
Mon Sep 21 15:12:19 2026<stdout>:3534 KSP Residual norm 3.025234468165e-03
Mon Sep 21 15:12:20 2026<stdout>:3535 KSP Residual norm 3.024486639199e-03
Mon Sep 21 15:12:20 2026<stdout>:3536 KSP Residual norm 3.023394113684e-03
Mon Sep 21 15:12:20 2026<stdout>:3537 KSP Residual norm 3.022470053196e-03
Mon Sep 21 15:12:20 2026<stdout>:3538 KSP Residual norm 3.022356868364e-03
Mon Sep 21 15:12:20 2026<stdout>:3539 KSP Residual norm 3.022319234403e-03
Mon Sep 21 15:12:20 2026<stdout>:3540 KSP Residual norm 3.019010721471e-03
Mon Sep 21 15:12:20 2026<stdout>:3541 KSP Residual norm 3.002879266316e-03
Mon Sep 21 15:12:20 2026<stdout>:3542 KSP Residual norm 3.002792989117e-03
Mon Sep 21 15:12:20 2026<stdout>:3543 KSP Residual norm 3.002262060438e-03
Mon Sep 21 15:12:20 2026<stdout>:3544 KSP Residual norm 3.002155270401e-03
Mon Sep 21 15:12:20 2026<stdout>:3545 KSP Residual norm 3.001310708301e-03
Mon Sep 21 15:12:20 2026<stdout>:3546 KSP Residual norm 3.000011008858e-03
Mon Sep 21 15:12:20 2026<stdout>:3547 KSP Residual norm 2.993680874171e-03
Mon Sep 21 15:12:20 2026<stdout>:3548 KSP Residual norm 2.991434165828e-03
Mon Sep 21 15:12:20 2026<stdout>:3549 KSP Residual norm 2.991426815724e-03
Mon Sep 21 15:12:20 2026<stdout>:3550 KSP Residual norm 2.991398441037e-03
Mon Sep 21 15:12:20 2026<stdout>:3551 KSP Residual norm 2.989837365466e-03
Mon Sep 21 15:12:20 2026<stdout>:3552 KSP Residual norm 2.989835357956e-03
Mon Sep 21 15:12:20 2026<stdout>:3553 KSP Residual norm 2.987950581207e-03
Mon Sep 21 15:12:20 2026<stdout>:3554 KSP Residual norm 2.986439614478e-03
Mon Sep 21 15:12:20 2026<stdout>:3555 KSP Residual norm 2.986341723608e-03
Mon Sep 21 15:12:20 2026<stdout>:3556 KSP Residual norm 2.982491417463e-03
Mon Sep 21 15:12:20 2026<stdout>:3557 KSP Residual norm 2.978891784822e-03
Mon Sep 21 15:12:20 2026<stdout>:3558 KSP Residual norm 2.978457328289e-03
Mon Sep 21 15:12:20 2026<stdout>:3559 KSP Residual norm 2.977693683086e-03
Mon Sep 21 15:12:20 2026<stdout>:3560 KSP Residual norm 2.975992532571e-03
Mon Sep 21 15:12:20 2026<stdout>:3561 KSP Residual norm 2.975992111832e-03
Mon Sep 21 15:12:20 2026<stdout>:3562 KSP Residual norm 2.975860854695e-03
Mon Sep 21 15:12:20 2026<stdout>:3563 KSP Residual norm 2.974866506076e-03
Mon Sep 21 15:12:20 2026<stdout>:3564 KSP Residual norm 2.972954525687e-03
Mon Sep 21 15:12:20 2026<stdout>:3565 KSP Residual norm 2.970332903264e-03
Mon Sep 21 15:12:20 2026<stdout>:3566 KSP Residual norm 2.967574855130e-03
Mon Sep 21 15:12:20 2026<stdout>:3567 KSP Residual norm 2.966832555880e-03
Mon Sep 21 15:12:20 2026<stdout>:3568 KSP Residual norm 2.963576760611e-03
Mon Sep 21 15:12:20 2026<stdout>:3569 KSP Residual norm 2.960546927568e-03
Mon Sep 21 15:12:20 2026<stdout>:3570 KSP Residual norm 2.960404472034e-03
Mon Sep 21 15:12:20 2026<stdout>:3571 KSP Residual norm 2.960321078956e-03
Mon Sep 21 15:12:20 2026<stdout>:3572 KSP Residual norm 2.960282373184e-03
Mon Sep 21 15:12:20 2026<stdout>:3573 KSP Residual norm 2.960269778033e-03
Mon Sep 21 15:12:20 2026<stdout>:3574 KSP Residual norm 2.960269472806e-03
Mon Sep 21 15:12:20 2026<stdout>:3575 KSP Residual norm 2.960117559739e-03
Mon Sep 21 15:12:20 2026<stdout>:3576 KSP Residual norm 2.960082838396e-03
Mon Sep 21 15:12:20 2026<stdout>:3577 KSP Residual norm 2.960076260311e-03
Mon Sep 21 15:12:20 2026<stdout>:3578 KSP Residual norm 2.959988782851e-03
Mon Sep 21 15:12:20 2026<stdout>:3579 KSP Residual norm 2.945902554635e-03
Mon Sep 21 15:12:20 2026<stdout>:3580 KSP Residual norm 2.945369959484e-03
Mon Sep 21 15:12:20 2026<stdout>:3581 KSP Residual norm 2.943585233528e-03
Mon Sep 21 15:12:20 2026<stdout>:3582 KSP Residual norm 2.943093132555e-03
Mon Sep 21 15:12:20 2026<stdout>:3583 KSP Residual norm 2.941810986750e-03
Mon Sep 21 15:12:20 2026<stdout>:3584 KSP Residual norm 2.941803418285e-03
Mon Sep 21 15:12:20 2026<stdout>:3585 KSP Residual norm 2.941736396851e-03
Mon Sep 21 15:12:20 2026<stdout>:3586 KSP Residual norm 2.938853384419e-03
Mon Sep 21 15:12:20 2026<stdout>:3587 KSP Residual norm 2.938636732718e-03
Mon Sep 21 15:12:20 2026<stdout>:3588 KSP Residual norm 2.937942110662e-03
Mon Sep 21 15:12:20 2026<stdout>:3589 KSP Residual norm 2.937404579942e-03
Mon Sep 21 15:12:20 2026<stdout>:3590 KSP Residual norm 2.936058127460e-03
Mon Sep 21 15:12:20 2026<stdout>:3591 KSP Residual norm 2.935232637952e-03
Mon Sep 21 15:12:20 2026<stdout>:3592 KSP Residual norm 2.933439590198e-03
Mon Sep 21 15:12:20 2026<stdout>:3593 KSP Residual norm 2.933410221031e-03
Mon Sep 21 15:12:20 2026<stdout>:3594 KSP Residual norm 2.933051389468e-03
Mon Sep 21 15:12:20 2026<stdout>:3595 KSP Residual norm 2.932719717382e-03
Mon Sep 21 15:12:20 2026<stdout>:3596 KSP Residual norm 2.930839254745e-03
Mon Sep 21 15:12:20 2026<stdout>:3597 KSP Residual norm 2.929083738691e-03
Mon Sep 21 15:12:20 2026<stdout>:3598 KSP Residual norm 2.929043931956e-03
Mon Sep 21 15:12:20 2026<stdout>:3599 KSP Residual norm 2.928990198165e-03
Mon Sep 21 15:12:20 2026<stdout>:3600 KSP Residual norm 3.455690921308e-03
Mon Sep 21 15:12:20 2026<stdout>:3601 KSP Residual norm 3.367973049563e-03
Mon Sep 21 15:12:20 2026<stdout>:3602 KSP Residual norm 3.239617700605e-03
Mon Sep 21 15:12:20 2026<stdout>:3603 KSP Residual norm 3.232850802910e-03
Mon Sep 21 15:12:20 2026<stdout>:3604 KSP Residual norm 3.176714118463e-03
Mon Sep 21 15:12:20 2026<stdout>:3605 KSP Residual norm 3.176490812377e-03
Mon Sep 21 15:12:20 2026<stdout>:3606 KSP Residual norm 3.175983114459e-03
Mon Sep 21 15:12:20 2026<stdout>:3607 KSP Residual norm 3.175899674492e-03
Mon Sep 21 15:12:20 2026<stdout>:3608 KSP Residual norm 3.174678147383e-03
Mon Sep 21 15:12:20 2026<stdout>:3609 KSP Residual norm 3.174643743571e-03
Mon Sep 21 15:12:20 2026<stdout>:3610 KSP Residual norm 3.171599249336e-03
Mon Sep 21 15:12:20 2026<stdout>:3611 KSP Residual norm 3.171596841968e-03
Mon Sep 21 15:12:20 2026<stdout>:3612 KSP Residual norm 3.171525407912e-03
Mon Sep 21 15:12:20 2026<stdout>:3613 KSP Residual norm 3.171513849836e-03
Mon Sep 21 15:12:20 2026<stdout>:3614 KSP Residual norm 3.162787474078e-03
Mon Sep 21 15:12:20 2026<stdout>:3615 KSP Residual norm 3.162737099724e-03
Mon Sep 21 15:12:20 2026<stdout>:3616 KSP Residual norm 3.159588699101e-03
Mon Sep 21 15:12:20 2026<stdout>:3617 KSP Residual norm 3.159560024689e-03
Mon Sep 21 15:12:20 2026<stdout>:3618 KSP Residual norm 3.159138989840e-03
Mon Sep 21 15:12:21 2026<stdout>:3619 KSP Residual norm 3.159085424974e-03
Mon Sep 21 15:12:21 2026<stdout>:3620 KSP Residual norm 3.156986690375e-03
Mon Sep 21 15:12:21 2026<stdout>:3621 KSP Residual norm 3.156850798711e-03
Mon Sep 21 15:12:21 2026<stdout>:3622 KSP Residual norm 3.154876590526e-03
Mon Sep 21 15:12:21 2026<stdout>:3623 KSP Residual norm 3.154844201478e-03
Mon Sep 21 15:12:21 2026<stdout>:3624 KSP Residual norm 3.152673898732e-03
Mon Sep 21 15:12:21 2026<stdout>:3625 KSP Residual norm 3.152571937583e-03
Mon Sep 21 15:12:21 2026<stdout>:3626 KSP Residual norm 3.151962979917e-03
Mon Sep 21 15:12:21 2026<stdout>:3627 KSP Residual norm 3.151935852980e-03
Mon Sep 21 15:12:21 2026<stdout>:3628 KSP Residual norm 3.136191058346e-03
Mon Sep 21 15:12:21 2026<stdout>:3629 KSP Residual norm 3.136033443210e-03
Mon Sep 21 15:12:21 2026<stdout>:3630 KSP Residual norm 3.124117900346e-03
Mon Sep 21 15:12:21 2026<stdout>:3631 KSP Residual norm 3.123900379471e-03
Mon Sep 21 15:12:21 2026<stdout>:3632 KSP Residual norm 3.118699078974e-03
Mon Sep 21 15:12:21 2026<stdout>:3633 KSP Residual norm 3.118612769710e-03
Mon Sep 21 15:12:21 2026<stdout>:3634 KSP Residual norm 3.088036206466e-03
Mon Sep 21 15:12:21 2026<stdout>:3635 KSP Residual norm 3.088029906489e-03
Mon Sep 21 15:12:21 2026<stdout>:3636 KSP Residual norm 3.087861184422e-03
Mon Sep 21 15:12:21 2026<stdout>:3637 KSP Residual norm 3.087785553857e-03
Mon Sep 21 15:12:21 2026<stdout>:3638 KSP Residual norm 3.086593211146e-03
Mon Sep 21 15:12:21 2026<stdout>:3639 KSP Residual norm 3.086496223660e-03
Mon Sep 21 15:12:21 2026<stdout>:3640 KSP Residual norm 3.086476102220e-03
Mon Sep 21 15:12:21 2026<stdout>:3641 KSP Residual norm 3.086473929803e-03
Mon Sep 21 15:12:21 2026<stdout>:3642 KSP Residual norm 3.085740084719e-03
Mon Sep 21 15:12:21 2026<stdout>:3643 KSP Residual norm 3.085544201709e-03
Mon Sep 21 15:12:21 2026<stdout>:3644 KSP Residual norm 3.085105463175e-03
Mon Sep 21 15:12:21 2026<stdout>:3645 KSP Residual norm 3.084898419869e-03
Mon Sep 21 15:12:21 2026<stdout>:3646 KSP Residual norm 3.083941903510e-03
Mon Sep 21 15:12:21 2026<stdout>:3647 KSP Residual norm 3.080084341848e-03
Mon Sep 21 15:12:21 2026<stdout>:3648 KSP Residual norm 3.078864313297e-03
Mon Sep 21 15:12:21 2026<stdout>:3649 KSP Residual norm 3.070283422345e-03
Mon Sep 21 15:12:21 2026<stdout>:3650 KSP Residual norm 3.067813708466e-03
Mon Sep 21 15:12:21 2026<stdout>:3651 KSP Residual norm 3.066944693169e-03
Mon Sep 21 15:12:21 2026<stdout>:3652 KSP Residual norm 3.066219554350e-03
Mon Sep 21 15:12:21 2026<stdout>:3653 KSP Residual norm 3.064034819821e-03
Mon Sep 21 15:12:21 2026<stdout>:3654 KSP Residual norm 3.062413687860e-03
Mon Sep 21 15:12:21 2026<stdout>:3655 KSP Residual norm 3.062405858751e-03
Mon Sep 21 15:12:21 2026<stdout>:3656 KSP Residual norm 3.062357921884e-03
Mon Sep 21 15:12:21 2026<stdout>:3657 KSP Residual norm 3.061245271474e-03
Mon Sep 21 15:12:21 2026<stdout>:3658 KSP Residual norm 3.061040021165e-03
Mon Sep 21 15:12:21 2026<stdout>:3659 KSP Residual norm 3.060487136388e-03
Mon Sep 21 15:12:21 2026<stdout>:3660 KSP Residual norm 3.060458387686e-03
Mon Sep 21 15:12:21 2026<stdout>:3661 KSP Residual norm 3.054968513481e-03
Mon Sep 21 15:12:21 2026<stdout>:3662 KSP Residual norm 3.054882630352e-03
Mon Sep 21 15:12:21 2026<stdout>:3663 KSP Residual norm 3.052670542292e-03
Mon Sep 21 15:12:21 2026<stdout>:3664 KSP Residual norm 3.052476449725e-03
Mon Sep 21 15:12:21 2026<stdout>:3665 KSP Residual norm 3.052215114253e-03
Mon Sep 21 15:12:21 2026<stdout>:3666 KSP Residual norm 3.051846066978e-03
Mon Sep 21 15:12:21 2026<stdout>:3667 KSP Residual norm 3.051829750525e-03
Mon Sep 21 15:12:21 2026<stdout>:3668 KSP Residual norm 3.050877785367e-03
Mon Sep 21 15:12:21 2026<stdout>:3669 KSP Residual norm 3.049698297176e-03
Mon Sep 21 15:12:21 2026<stdout>:3670 KSP Residual norm 3.048112620998e-03
Mon Sep 21 15:12:21 2026<stdout>:3671 KSP Residual norm 3.046368748293e-03
Mon Sep 21 15:12:21 2026<stdout>:3672 KSP Residual norm 3.046363362980e-03
Mon Sep 21 15:12:21 2026<stdout>:3673 KSP Residual norm 3.046081382769e-03
Mon Sep 21 15:12:21 2026<stdout>:3674 KSP Residual norm 3.045957283742e-03
Mon Sep 21 15:12:21 2026<stdout>:3675 KSP Residual norm 3.043307801398e-03
Mon Sep 21 15:12:21 2026<stdout>:3676 KSP Residual norm 3.040079341351e-03
Mon Sep 21 15:12:21 2026<stdout>:3677 KSP Residual norm 3.038015763459e-03
Mon Sep 21 15:12:21 2026<stdout>:3678 KSP Residual norm 3.037926553477e-03
Mon Sep 21 15:12:21 2026<stdout>:3679 KSP Residual norm 3.037250029962e-03
Mon Sep 21 15:12:21 2026<stdout>:3680 KSP Residual norm 3.034620686184e-03
Mon Sep 21 15:12:21 2026<stdout>:3681 KSP Residual norm 3.034462521466e-03
Mon Sep 21 15:12:21 2026<stdout>:3682 KSP Residual norm 3.030761641755e-03
Mon Sep 21 15:12:21 2026<stdout>:3683 KSP Residual norm 3.030618303404e-03
Mon Sep 21 15:12:21 2026<stdout>:3684 KSP Residual norm 3.028883982984e-03
Mon Sep 21 15:12:21 2026<stdout>:3685 KSP Residual norm 3.028730122820e-03
Mon Sep 21 15:12:21 2026<stdout>:3686 KSP Residual norm 3.027566313082e-03
Mon Sep 21 15:12:21 2026<stdout>:3687 KSP Residual norm 3.027555405151e-03
Mon Sep 21 15:12:21 2026<stdout>:3688 KSP Residual norm 3.027547834404e-03
Mon Sep 21 15:12:21 2026<stdout>:3689 KSP Residual norm 3.026186937059e-03
Mon Sep 21 15:12:21 2026<stdout>:3690 KSP Residual norm 3.026119477095e-03
Mon Sep 21 15:12:21 2026<stdout>:3691 KSP Residual norm 3.026082716805e-03
Mon Sep 21 15:12:21 2026<stdout>:3692 KSP Residual norm 3.026011398508e-03
Mon Sep 21 15:12:21 2026<stdout>:3693 KSP Residual norm 3.024799145284e-03
Mon Sep 21 15:12:21 2026<stdout>:3694 KSP Residual norm 3.023407268261e-03
Mon Sep 21 15:12:21 2026<stdout>:3695 KSP Residual norm 3.022710350527e-03
Mon Sep 21 15:12:21 2026<stdout>:3696 KSP Residual norm 3.022497972824e-03
Mon Sep 21 15:12:21 2026<stdout>:3697 KSP Residual norm 3.022480004820e-03
Mon Sep 21 15:12:21 2026<stdout>:3698 KSP Residual norm 3.020005751595e-03
Mon Sep 21 15:12:21 2026<stdout>:3699 KSP Residual norm 3.019969971313e-03
Mon Sep 21 15:12:21 2026<stdout>:3700 KSP Residual norm 3.018165017693e-03
Mon Sep 21 15:12:21 2026<stdout>:3701 KSP Residual norm 3.017362638882e-03
Mon Sep 21 15:12:21 2026<stdout>:3702 KSP Residual norm 3.013725948107e-03
Mon Sep 21 15:12:21 2026<stdout>:3703 KSP Residual norm 3.013186473995e-03
Mon Sep 21 15:12:21 2026<stdout>:3704 KSP Residual norm 3.007347641703e-03
Mon Sep 21 15:12:21 2026<stdout>:3705 KSP Residual norm 3.007278037327e-03
Mon Sep 21 15:12:21 2026<stdout>:3706 KSP Residual norm 3.007273812158e-03
Mon Sep 21 15:12:21 2026<stdout>:3707 KSP Residual norm 3.007263200732e-03
Mon Sep 21 15:12:21 2026<stdout>:3708 KSP Residual norm 3.004734530183e-03
Mon Sep 21 15:12:21 2026<stdout>:3709 KSP Residual norm 3.004727318213e-03
Mon Sep 21 15:12:21 2026<stdout>:3710 KSP Residual norm 3.004701275904e-03
Mon Sep 21 15:12:22 2026<stdout>:3711 KSP Residual norm 3.004615235675e-03
Mon Sep 21 15:12:22 2026<stdout>:3712 KSP Residual norm 3.004323334961e-03
Mon Sep 21 15:12:22 2026<stdout>:3713 KSP Residual norm 3.003618707376e-03
Mon Sep 21 15:12:22 2026<stdout>:3714 KSP Residual norm 3.003360026076e-03
Mon Sep 21 15:12:22 2026<stdout>:3715 KSP Residual norm 3.003330930364e-03
Mon Sep 21 15:12:22 2026<stdout>:3716 KSP Residual norm 3.000813545973e-03
Mon Sep 21 15:12:22 2026<stdout>:3717 KSP Residual norm 2.993775623475e-03
Mon Sep 21 15:12:22 2026<stdout>:3718 KSP Residual norm 2.993577267504e-03
Mon Sep 21 15:12:22 2026<stdout>:3719 KSP Residual norm 2.993563932381e-03
Mon Sep 21 15:12:22 2026<stdout>:3720 KSP Residual norm 2.993021769800e-03
Mon Sep 21 15:12:22 2026<stdout>:3721 KSP Residual norm 2.988488873723e-03
Mon Sep 21 15:12:22 2026<stdout>:3722 KSP Residual norm 2.986845762428e-03
Mon Sep 21 15:12:22 2026<stdout>:3723 KSP Residual norm 2.986593084229e-03
Mon Sep 21 15:12:22 2026<stdout>:3724 KSP Residual norm 2.982549485234e-03
Mon Sep 21 15:12:22 2026<stdout>:3725 KSP Residual norm 2.982491060436e-03
Mon Sep 21 15:12:22 2026<stdout>:3726 KSP Residual norm 2.981813812144e-03
Mon Sep 21 15:12:22 2026<stdout>:3727 KSP Residual norm 2.981709955988e-03
Mon Sep 21 15:12:22 2026<stdout>:3728 KSP Residual norm 2.981002339033e-03
Mon Sep 21 15:12:22 2026<stdout>:3729 KSP Residual norm 2.980479671583e-03
Mon Sep 21 15:12:22 2026<stdout>:3730 KSP Residual norm 2.980476704883e-03
Mon Sep 21 15:12:22 2026<stdout>:3731 KSP Residual norm 2.979924825406e-03
Mon Sep 21 15:12:22 2026<stdout>:3732 KSP Residual norm 2.979593735433e-03
Mon Sep 21 15:12:22 2026<stdout>:3733 KSP Residual norm 2.978959859070e-03
Mon Sep 21 15:12:22 2026<stdout>:3734 KSP Residual norm 2.978933843150e-03
Mon Sep 21 15:12:22 2026<stdout>:3735 KSP Residual norm 2.978667350458e-03
Mon Sep 21 15:12:22 2026<stdout>:3736 KSP Residual norm 2.977802145996e-03
Mon Sep 21 15:12:22 2026<stdout>:3737 KSP Residual norm 2.977588895944e-03
Mon Sep 21 15:12:22 2026<stdout>:3738 KSP Residual norm 2.977460113226e-03
Mon Sep 21 15:12:22 2026<stdout>:3739 KSP Residual norm 2.976724999773e-03
Mon Sep 21 15:12:22 2026<stdout>:3740 KSP Residual norm 2.976461818053e-03
Mon Sep 21 15:12:22 2026<stdout>:3741 KSP Residual norm 2.972875239923e-03
Mon Sep 21 15:12:22 2026<stdout>:3742 KSP Residual norm 2.970511591300e-03
Mon Sep 21 15:12:22 2026<stdout>:3743 KSP Residual norm 2.970472614431e-03
Mon Sep 21 15:12:22 2026<stdout>:3744 KSP Residual norm 2.970258484851e-03
Mon Sep 21 15:12:22 2026<stdout>:3745 KSP Residual norm 2.970063896085e-03
Mon Sep 21 15:12:22 2026<stdout>:3746 KSP Residual norm 2.969409688737e-03
Mon Sep 21 15:12:22 2026<stdout>:3747 KSP Residual norm 2.969404401815e-03
Mon Sep 21 15:12:22 2026<stdout>:3748 KSP Residual norm 2.967589209249e-03
Mon Sep 21 15:12:22 2026<stdout>:3749 KSP Residual norm 2.965807319092e-03
Mon Sep 21 15:12:22 2026<stdout>:3750 KSP Residual norm 3.377878031462e-03
Mon Sep 21 15:12:22 2026<stdout>:3751 KSP Residual norm 3.349315317303e-03
Mon Sep 21 15:12:22 2026<stdout>:3752 KSP Residual norm 3.278822818727e-03
Mon Sep 21 15:12:22 2026<stdout>:3753 KSP Residual norm 3.270279443407e-03
Mon Sep 21 15:12:22 2026<stdout>:3754 KSP Residual norm 3.270007147061e-03
Mon Sep 21 15:12:22 2026<stdout>:3755 KSP Residual norm 3.270003883473e-03
Mon Sep 21 15:12:22 2026<stdout>:3756 KSP Residual norm 3.267250786931e-03
Mon Sep 21 15:12:22 2026<stdout>:3757 KSP Residual norm 3.265275392968e-03
Mon Sep 21 15:12:22 2026<stdout>:3758 KSP Residual norm 3.262929728285e-03
Mon Sep 21 15:12:22 2026<stdout>:3759 KSP Residual norm 3.261594710745e-03
Mon Sep 21 15:12:22 2026<stdout>:3760 KSP Residual norm 3.259363789559e-03
Mon Sep 21 15:12:22 2026<stdout>:3761 KSP Residual norm 3.259322462927e-03
Mon Sep 21 15:12:22 2026<stdout>:3762 KSP Residual norm 3.257202415327e-03
Mon Sep 21 15:12:22 2026<stdout>:3763 KSP Residual norm 3.256905223861e-03
Mon Sep 21 15:12:22 2026<stdout>:3764 KSP Residual norm 3.208125134973e-03
Mon Sep 21 15:12:22 2026<stdout>:3765 KSP Residual norm 3.207698367811e-03
Mon Sep 21 15:12:22 2026<stdout>:3766 KSP Residual norm 3.178554537151e-03
Mon Sep 21 15:12:22 2026<stdout>:3767 KSP Residual norm 3.178546093237e-03
Mon Sep 21 15:12:22 2026<stdout>:3768 KSP Residual norm 3.161110740640e-03
Mon Sep 21 15:12:22 2026<stdout>:3769 KSP Residual norm 3.161110618301e-03
Mon Sep 21 15:12:22 2026<stdout>:3770 KSP Residual norm 3.159341738038e-03
Mon Sep 21 15:12:22 2026<stdout>:3771 KSP Residual norm 3.159341488359e-03
Mon Sep 21 15:12:22 2026<stdout>:3772 KSP Residual norm 3.155380646824e-03
Mon Sep 21 15:12:22 2026<stdout>:3773 KSP Residual norm 3.155269790478e-03
Mon Sep 21 15:12:22 2026<stdout>:3774 KSP Residual norm 3.152886434006e-03
Mon Sep 21 15:12:22 2026<stdout>:3775 KSP Residual norm 3.152862362484e-03
Mon Sep 21 15:12:22 2026<stdout>:3776 KSP Residual norm 3.152256516941e-03
Mon Sep 21 15:12:22 2026<stdout>:3777 KSP Residual norm 3.152171040050e-03
Mon Sep 21 15:12:22 2026<stdout>:3778 KSP Residual norm 3.151438445177e-03
Mon Sep 21 15:12:22 2026<stdout>:3779 KSP Residual norm 3.151298454827e-03
Mon Sep 21 15:12:22 2026<stdout>:3780 KSP Residual norm 3.148729538485e-03
Mon Sep 21 15:12:22 2026<stdout>:3781 KSP Residual norm 3.148538151498e-03
Mon Sep 21 15:12:22 2026<stdout>:3782 KSP Residual norm 3.147929985693e-03
Mon Sep 21 15:12:22 2026<stdout>:3783 KSP Residual norm 3.147915877789e-03
Mon Sep 21 15:12:22 2026<stdout>:3784 KSP Residual norm 3.146743974588e-03
Mon Sep 21 15:12:22 2026<stdout>:3785 KSP Residual norm 3.146690336322e-03
Mon Sep 21 15:12:22 2026<stdout>:3786 KSP Residual norm 3.146299910358e-03
Mon Sep 21 15:12:22 2026<stdout>:3787 KSP Residual norm 3.146151519920e-03
Mon Sep 21 15:12:22 2026<stdout>:3788 KSP Residual norm 3.146149691333e-03
Mon Sep 21 15:12:22 2026<stdout>:3789 KSP Residual norm 3.146061192713e-03
Mon Sep 21 15:12:22 2026<stdout>:3790 KSP Residual norm 3.145835681231e-03
Mon Sep 21 15:12:22 2026<stdout>:3791 KSP Residual norm 3.145834219638e-03
Mon Sep 21 15:12:22 2026<stdout>:3792 KSP Residual norm 3.144554273883e-03
Mon Sep 21 15:12:22 2026<stdout>:3793 KSP Residual norm 3.144447927032e-03
Mon Sep 21 15:12:22 2026<stdout>:3794 KSP Residual norm 3.144445551918e-03
Mon Sep 21 15:12:22 2026<stdout>:3795 KSP Residual norm 3.144443415102e-03
Mon Sep 21 15:12:22 2026<stdout>:3796 KSP Residual norm 3.142130463253e-03
Mon Sep 21 15:12:22 2026<stdout>:3797 KSP Residual norm 3.136263624612e-03
Mon Sep 21 15:12:22 2026<stdout>:3798 KSP Residual norm 3.134746626821e-03
Mon Sep 21 15:12:22 2026<stdout>:3799 KSP Residual norm 3.134653694775e-03
Mon Sep 21 15:12:22 2026<stdout>:3800 KSP Residual norm 3.134002432853e-03
Mon Sep 21 15:12:22 2026<stdout>:3801 KSP Residual norm 3.133348127197e-03
Mon Sep 21 15:12:23 2026<stdout>:3802 KSP Residual norm 3.133047242154e-03
Mon Sep 21 15:12:23 2026<stdout>:3803 KSP Residual norm 3.132193261508e-03
Mon Sep 21 15:12:23 2026<stdout>:3804 KSP Residual norm 3.122713410818e-03
Mon Sep 21 15:12:23 2026<stdout>:3805 KSP Residual norm 3.120082089747e-03
Mon Sep 21 15:12:23 2026<stdout>:3806 KSP Residual norm 3.119888797463e-03
Mon Sep 21 15:12:23 2026<stdout>:3807 KSP Residual norm 3.119498735720e-03
Mon Sep 21 15:12:23 2026<stdout>:3808 KSP Residual norm 3.119455113591e-03
Mon Sep 21 15:12:23 2026<stdout>:3809 KSP Residual norm 3.119443220162e-03
Mon Sep 21 15:12:23 2026<stdout>:3810 KSP Residual norm 3.118388101532e-03
Mon Sep 21 15:12:23 2026<stdout>:3811 KSP Residual norm 3.116380320863e-03
Mon Sep 21 15:12:23 2026<stdout>:3812 KSP Residual norm 3.115985894742e-03
Mon Sep 21 15:12:23 2026<stdout>:3813 KSP Residual norm 3.114399761664e-03
Mon Sep 21 15:12:23 2026<stdout>:3814 KSP Residual norm 3.114399321564e-03
Mon Sep 21 15:12:23 2026<stdout>:3815 KSP Residual norm 3.114283723986e-03
Mon Sep 21 15:12:23 2026<stdout>:3816 KSP Residual norm 3.114269757498e-03
Mon Sep 21 15:12:23 2026<stdout>:3817 KSP Residual norm 3.114157349188e-03
Mon Sep 21 15:12:23 2026<stdout>:3818 KSP Residual norm 3.114091490681e-03
Mon Sep 21 15:12:23 2026<stdout>:3819 KSP Residual norm 3.113515988765e-03
Mon Sep 21 15:12:23 2026<stdout>:3820 KSP Residual norm 3.111882215617e-03
Mon Sep 21 15:12:23 2026<stdout>:3821 KSP Residual norm 3.106953360584e-03
Mon Sep 21 15:12:23 2026<stdout>:3822 KSP Residual norm 3.106204743688e-03
Mon Sep 21 15:12:23 2026<stdout>:3823 KSP Residual norm 3.105734595161e-03
Mon Sep 21 15:12:23 2026<stdout>:3824 KSP Residual norm 3.103491751378e-03
Mon Sep 21 15:12:23 2026<stdout>:3825 KSP Residual norm 3.103462299744e-03
Mon Sep 21 15:12:23 2026<stdout>:3826 KSP Residual norm 3.099460452139e-03
Mon Sep 21 15:12:23 2026<stdout>:3827 KSP Residual norm 3.097950975939e-03
Mon Sep 21 15:12:23 2026<stdout>:3828 KSP Residual norm 3.094702013535e-03
Mon Sep 21 15:12:23 2026<stdout>:3829 KSP Residual norm 3.094487936196e-03
Mon Sep 21 15:12:23 2026<stdout>:3830 KSP Residual norm 3.092865591223e-03
Mon Sep 21 15:12:23 2026<stdout>:3831 KSP Residual norm 3.091046435336e-03
Mon Sep 21 15:12:23 2026<stdout>:3832 KSP Residual norm 3.089328951057e-03
Mon Sep 21 15:12:23 2026<stdout>:3833 KSP Residual norm 3.089252423882e-03
Mon Sep 21 15:12:23 2026<stdout>:3834 KSP Residual norm 3.089241352289e-03
Mon Sep 21 15:12:23 2026<stdout>:3835 KSP Residual norm 3.088939712176e-03
Mon Sep 21 15:12:23 2026<stdout>:3836 KSP Residual norm 3.088937571408e-03
Mon Sep 21 15:12:23 2026<stdout>:3837 KSP Residual norm 3.088835536543e-03
Mon Sep 21 15:12:23 2026<stdout>:3838 KSP Residual norm 3.088478609232e-03
Mon Sep 21 15:12:23 2026<stdout>:3839 KSP Residual norm 3.088210850703e-03
Mon Sep 21 15:12:23 2026<stdout>:3840 KSP Residual norm 3.087555063876e-03
Mon Sep 21 15:12:23 2026<stdout>:3841 KSP Residual norm 3.087197882534e-03
Mon Sep 21 15:12:23 2026<stdout>:3842 KSP Residual norm 3.087033118597e-03
Mon Sep 21 15:12:23 2026<stdout>:3843 KSP Residual norm 3.085276011910e-03
Mon Sep 21 15:12:23 2026<stdout>:3844 KSP Residual norm 3.078215737788e-03
Mon Sep 21 15:12:23 2026<stdout>:3845 KSP Residual norm 3.078102716945e-03
Mon Sep 21 15:12:23 2026<stdout>:3846 KSP Residual norm 3.078046614017e-03
Mon Sep 21 15:12:23 2026<stdout>:3847 KSP Residual norm 3.077982511710e-03
Mon Sep 21 15:12:23 2026<stdout>:3848 KSP Residual norm 3.077890246730e-03
Mon Sep 21 15:12:23 2026<stdout>:3849 KSP Residual norm 3.077755859531e-03
Mon Sep 21 15:12:23 2026<stdout>:3850 KSP Residual norm 3.077195327935e-03
Mon Sep 21 15:12:23 2026<stdout>:3851 KSP Residual norm 3.076943727740e-03
Mon Sep 21 15:12:23 2026<stdout>:3852 KSP Residual norm 3.075539490029e-03
Mon Sep 21 15:12:23 2026<stdout>:3853 KSP Residual norm 3.073138127632e-03
Mon Sep 21 15:12:23 2026<stdout>:3854 KSP Residual norm 3.070403848726e-03
Mon Sep 21 15:12:23 2026<stdout>:3855 KSP Residual norm 3.069853759059e-03
Mon Sep 21 15:12:23 2026<stdout>:3856 KSP Residual norm 3.067007814366e-03
Mon Sep 21 15:12:23 2026<stdout>:3857 KSP Residual norm 3.065351325720e-03
Mon Sep 21 15:12:23 2026<stdout>:3858 KSP Residual norm 3.064341587470e-03
Mon Sep 21 15:12:23 2026<stdout>:3859 KSP Residual norm 3.064130483007e-03
Mon Sep 21 15:12:23 2026<stdout>:3860 KSP Residual norm 3.060216772182e-03
Mon Sep 21 15:12:23 2026<stdout>:3861 KSP Residual norm 3.059946346274e-03
Mon Sep 21 15:12:23 2026<stdout>:3862 KSP Residual norm 3.059688290643e-03
Mon Sep 21 15:12:23 2026<stdout>:3863 KSP Residual norm 3.059448500459e-03
Mon Sep 21 15:12:23 2026<stdout>:3864 KSP Residual norm 3.059203203845e-03
Mon Sep 21 15:12:23 2026<stdout>:3865 KSP Residual norm 3.059069220717e-03
Mon Sep 21 15:12:23 2026<stdout>:3866 KSP Residual norm 3.058082871149e-03
Mon Sep 21 15:12:23 2026<stdout>:3867 KSP Residual norm 3.057648766681e-03
Mon Sep 21 15:12:23 2026<stdout>:3868 KSP Residual norm 3.057588998708e-03
Mon Sep 21 15:12:23 2026<stdout>:3869 KSP Residual norm 3.057044972613e-03
Mon Sep 21 15:12:23 2026<stdout>:3870 KSP Residual norm 3.056257749945e-03
Mon Sep 21 15:12:23 2026<stdout>:3871 KSP Residual norm 3.055559750587e-03
Mon Sep 21 15:12:23 2026<stdout>:3872 KSP Residual norm 3.054835537904e-03
Mon Sep 21 15:12:23 2026<stdout>:3873 KSP Residual norm 3.054693146109e-03
Mon Sep 21 15:12:23 2026<stdout>:3874 KSP Residual norm 3.052834865516e-03
Mon Sep 21 15:12:23 2026<stdout>:3875 KSP Residual norm 3.051632319597e-03
Mon Sep 21 15:12:23 2026<stdout>:3876 KSP Residual norm 3.051100838109e-03
Mon Sep 21 15:12:23 2026<stdout>:3877 KSP Residual norm 3.050901765529e-03
Mon Sep 21 15:12:23 2026<stdout>:3878 KSP Residual norm 3.048992095821e-03
Mon Sep 21 15:12:23 2026<stdout>:3879 KSP Residual norm 3.048989470467e-03
Mon Sep 21 15:12:23 2026<stdout>:3880 KSP Residual norm 3.047215989674e-03
Mon Sep 21 15:12:23 2026<stdout>:3881 KSP Residual norm 3.047170120677e-03
Mon Sep 21 15:12:23 2026<stdout>:3882 KSP Residual norm 3.047165569369e-03
Mon Sep 21 15:12:23 2026<stdout>:3883 KSP Residual norm 3.044260763351e-03
Mon Sep 21 15:12:23 2026<stdout>:3884 KSP Residual norm 3.044188750206e-03
Mon Sep 21 15:12:24 2026<stdout>:3885 KSP Residual norm 3.041597822505e-03
Mon Sep 21 15:12:24 2026<stdout>:3886 KSP Residual norm 3.041449301757e-03
Mon Sep 21 15:12:24 2026<stdout>:3887 KSP Residual norm 3.041432928436e-03
Mon Sep 21 15:12:24 2026<stdout>:3888 KSP Residual norm 3.041389985371e-03
Mon Sep 21 15:12:24 2026<stdout>:3889 KSP Residual norm 3.040959259200e-03
Mon Sep 21 15:12:24 2026<stdout>:3890 KSP Residual norm 3.040512991531e-03
Mon Sep 21 15:12:24 2026<stdout>:3891 KSP Residual norm 3.039250643085e-03
Mon Sep 21 15:12:24 2026<stdout>:3892 KSP Residual norm 3.038446098848e-03
Mon Sep 21 15:12:24 2026<stdout>:3893 KSP Residual norm 3.037610496887e-03
Mon Sep 21 15:12:24 2026<stdout>:3894 KSP Residual norm 3.036866720766e-03
Mon Sep 21 15:12:24 2026<stdout>:3895 KSP Residual norm 3.036387849084e-03
Mon Sep 21 15:12:24 2026<stdout>:3896 KSP Residual norm 3.035372795088e-03
Mon Sep 21 15:12:24 2026<stdout>:3897 KSP Residual norm 3.035302793424e-03
Mon Sep 21 15:12:24 2026<stdout>:3898 KSP Residual norm 3.035270858001e-03
Mon Sep 21 15:12:24 2026<stdout>:3899 KSP Residual norm 3.031526321561e-03
Mon Sep 21 15:12:24 2026<stdout>:3900 KSP Residual norm 3.465568371565e-03
Mon Sep 21 15:12:24 2026<stdout>:3901 KSP Residual norm 3.246416481978e-03
Mon Sep 21 15:12:24 2026<stdout>:3902 KSP Residual norm 3.168596004761e-03
Mon Sep 21 15:12:24 2026<stdout>:3903 KSP Residual norm 3.156199523564e-03
Mon Sep 21 15:12:24 2026<stdout>:3904 KSP Residual norm 3.152887385666e-03
Mon Sep 21 15:12:24 2026<stdout>:3905 KSP Residual norm 3.152886202798e-03
Mon Sep 21 15:12:24 2026<stdout>:3906 KSP Residual norm 2.991625988503e-03
Mon Sep 21 15:12:24 2026<stdout>:3907 KSP Residual norm 2.990475678772e-03
Mon Sep 21 15:12:24 2026<stdout>:3908 KSP Residual norm 2.978657435591e-03
Mon Sep 21 15:12:24 2026<stdout>:3909 KSP Residual norm 2.977935528597e-03
Mon Sep 21 15:12:24 2026<stdout>:3910 KSP Residual norm 2.960278646277e-03
Mon Sep 21 15:12:24 2026<stdout>:3911 KSP Residual norm 2.959787497034e-03
Mon Sep 21 15:12:24 2026<stdout>:3912 KSP Residual norm 2.959608887894e-03
Mon Sep 21 15:12:24 2026<stdout>:3913 KSP Residual norm 2.959592525949e-03
Mon Sep 21 15:12:24 2026<stdout>:3914 KSP Residual norm 2.952745759957e-03
Mon Sep 21 15:12:24 2026<stdout>:3915 KSP Residual norm 2.952743897538e-03
Mon Sep 21 15:12:24 2026<stdout>:3916 KSP Residual norm 2.952614068289e-03
Mon Sep 21 15:12:24 2026<stdout>:3917 KSP Residual norm 2.952609232380e-03
Mon Sep 21 15:12:24 2026<stdout>:3918 KSP Residual norm 2.952560364421e-03
Mon Sep 21 15:12:24 2026<stdout>:3919 KSP Residual norm 2.952529902560e-03
Mon Sep 21 15:12:24 2026<stdout>:3920 KSP Residual norm 2.948273279337e-03
Mon Sep 21 15:12:24 2026<stdout>:3921 KSP Residual norm 2.948211234720e-03
Mon Sep 21 15:12:24 2026<stdout>:3922 KSP Residual norm 2.947827586987e-03
Mon Sep 21 15:12:24 2026<stdout>:3923 KSP Residual norm 2.947811381617e-03
Mon Sep 21 15:12:24 2026<stdout>:3924 KSP Residual norm 2.946767672575e-03
Mon Sep 21 15:12:24 2026<stdout>:3925 KSP Residual norm 2.946740682564e-03
Mon Sep 21 15:12:24 2026<stdout>:3926 KSP Residual norm 2.944325200459e-03
Mon Sep 21 15:12:24 2026<stdout>:3927 KSP Residual norm 2.944238649141e-03
Mon Sep 21 15:12:24 2026<stdout>:3928 KSP Residual norm 2.944108340811e-03
Mon Sep 21 15:12:24 2026<stdout>:3929 KSP Residual norm 2.943703300752e-03
Mon Sep 21 15:12:24 2026<stdout>:3930 KSP Residual norm 2.943312481726e-03
Mon Sep 21 15:12:24 2026<stdout>:3931 KSP Residual norm 2.943204486900e-03
Mon Sep 21 15:12:24 2026<stdout>:3932 KSP Residual norm 2.936330204056e-03
Mon Sep 21 15:12:24 2026<stdout>:3933 KSP Residual norm 2.935966958316e-03
Mon Sep 21 15:12:24 2026<stdout>:3934 KSP Residual norm 2.934313480235e-03
Mon Sep 21 15:12:24 2026<stdout>:3935 KSP Residual norm 2.934306728944e-03
Mon Sep 21 15:12:24 2026<stdout>:3936 KSP Residual norm 2.930962778539e-03
Mon Sep 21 15:12:24 2026<stdout>:3937 KSP Residual norm 2.930608907292e-03
Mon Sep 21 15:12:24 2026<stdout>:3938 KSP Residual norm 2.929729098805e-03
Mon Sep 21 15:12:24 2026<stdout>:3939 KSP Residual norm 2.929529304170e-03
Mon Sep 21 15:12:24 2026<stdout>:3940 KSP Residual norm 2.916218582419e-03
Mon Sep 21 15:12:24 2026<stdout>:3941 KSP Residual norm 2.916199866078e-03
Mon Sep 21 15:12:24 2026<stdout>:3942 KSP Residual norm 2.914365200981e-03
Mon Sep 21 15:12:24 2026<stdout>:3943 KSP Residual norm 2.914358882296e-03
Mon Sep 21 15:12:24 2026<stdout>:3944 KSP Residual norm 2.901225894370e-03
Mon Sep 21 15:12:24 2026<stdout>:3945 KSP Residual norm 2.901040326675e-03
Mon Sep 21 15:12:24 2026<stdout>:3946 KSP Residual norm 2.900366281213e-03
Mon Sep 21 15:12:24 2026<stdout>:3947 KSP Residual norm 2.896730050953e-03
Mon Sep 21 15:12:24 2026<stdout>:3948 KSP Residual norm 2.893405706074e-03
Mon Sep 21 15:12:24 2026<stdout>:3949 KSP Residual norm 2.893382788725e-03
Mon Sep 21 15:12:24 2026<stdout>:3950 KSP Residual norm 2.892679830844e-03
Mon Sep 21 15:12:24 2026<stdout>:3951 KSP Residual norm 2.892604479900e-03
Mon Sep 21 15:12:24 2026<stdout>:3952 KSP Residual norm 2.889375874802e-03
Mon Sep 21 15:12:24 2026<stdout>:3953 KSP Residual norm 2.889363955105e-03
Mon Sep 21 15:12:24 2026<stdout>:3954 KSP Residual norm 2.889359389997e-03
Mon Sep 21 15:12:24 2026<stdout>:3955 KSP Residual norm 2.884220476483e-03
Mon Sep 21 15:12:24 2026<stdout>:3956 KSP Residual norm 2.883289095864e-03
Mon Sep 21 15:12:24 2026<stdout>:3957 KSP Residual norm 2.882837248155e-03
Mon Sep 21 15:12:24 2026<stdout>:3958 KSP Residual norm 2.882461502426e-03
Mon Sep 21 15:12:24 2026<stdout>:3959 KSP Residual norm 2.881127193265e-03
Mon Sep 21 15:12:24 2026<stdout>:3960 KSP Residual norm 2.880896366992e-03
Mon Sep 21 15:12:24 2026<stdout>:3961 KSP Residual norm 2.877988209589e-03
Mon Sep 21 15:12:24 2026<stdout>:3962 KSP Residual norm 2.877732272704e-03
Mon Sep 21 15:12:24 2026<stdout>:3963 KSP Residual norm 2.877726447927e-03
Mon Sep 21 15:12:24 2026<stdout>:3964 KSP Residual norm 2.875228655447e-03
Mon Sep 21 15:12:24 2026<stdout>:3965 KSP Residual norm 2.875157483571e-03
Mon Sep 21 15:12:24 2026<stdout>:3966 KSP Residual norm 2.873783322604e-03
Mon Sep 21 15:12:24 2026<stdout>:3967 KSP Residual norm 2.873758705082e-03
Mon Sep 21 15:12:24 2026<stdout>:3968 KSP Residual norm 2.873738967837e-03
Mon Sep 21 15:12:24 2026<stdout>:3969 KSP Residual norm 2.873689352602e-03
Mon Sep 21 15:12:24 2026<stdout>:3970 KSP Residual norm 2.873012621436e-03
Mon Sep 21 15:12:24 2026<stdout>:3971 KSP Residual norm 2.872826993440e-03
Mon Sep 21 15:12:24 2026<stdout>:3972 KSP Residual norm 2.872256705961e-03
Mon Sep 21 15:12:24 2026<stdout>:3973 KSP Residual norm 2.868790570718e-03
Mon Sep 21 15:12:24 2026<stdout>:3974 KSP Residual norm 2.868776558573e-03
Mon Sep 21 15:12:24 2026<stdout>:3975 KSP Residual norm 2.868137219189e-03
Mon Sep 21 15:12:24 2026<stdout>:3976 KSP Residual norm 2.867493739135e-03
Mon Sep 21 15:12:24 2026<stdout>:3977 KSP Residual norm 2.861881584182e-03
Mon Sep 21 15:12:24 2026<stdout>:3978 KSP Residual norm 2.861581721546e-03
Mon Sep 21 15:12:24 2026<stdout>:3979 KSP Residual norm 2.854416321188e-03
Mon Sep 21 15:12:24 2026<stdout>:3980 KSP Residual norm 2.851630313581e-03
Mon Sep 21 15:12:25 2026<stdout>:3981 KSP Residual norm 2.851059326125e-03
Mon Sep 21 15:12:25 2026<stdout>:3982 KSP Residual norm 2.847062197902e-03
Mon Sep 21 15:12:25 2026<stdout>:3983 KSP Residual norm 2.845110547430e-03
Mon Sep 21 15:12:25 2026<stdout>:3984 KSP Residual norm 2.844937797355e-03
Mon Sep 21 15:12:25 2026<stdout>:3985 KSP Residual norm 2.843796001822e-03
Mon Sep 21 15:12:25 2026<stdout>:3986 KSP Residual norm 2.843324390758e-03
Mon Sep 21 15:12:25 2026<stdout>:3987 KSP Residual norm 2.841801792601e-03
Mon Sep 21 15:12:25 2026<stdout>:3988 KSP Residual norm 2.840647439691e-03
Mon Sep 21 15:12:25 2026<stdout>:3989 KSP Residual norm 2.836580739492e-03
Mon Sep 21 15:12:25 2026<stdout>:3990 KSP Residual norm 2.836545517735e-03
Mon Sep 21 15:12:25 2026<stdout>:3991 KSP Residual norm 2.827363664087e-03
Mon Sep 21 15:12:25 2026<stdout>:3992 KSP Residual norm 2.822609851969e-03
Mon Sep 21 15:12:25 2026<stdout>:3993 KSP Residual norm 2.822609851723e-03
Mon Sep 21 15:12:25 2026<stdout>:3994 KSP Residual norm 2.820663668029e-03
Mon Sep 21 15:12:25 2026<stdout>:3995 KSP Residual norm 2.820616926948e-03
Mon Sep 21 15:12:25 2026<stdout>:3996 KSP Residual norm 2.820133583932e-03
Mon Sep 21 15:12:25 2026<stdout>:3997 KSP Residual norm 2.819319073724e-03
Mon Sep 21 15:12:25 2026<stdout>:3998 KSP Residual norm 2.818981650284e-03
Mon Sep 21 15:12:25 2026<stdout>:3999 KSP Residual norm 2.802313295354e-03
Mon Sep 21 15:12:25 2026<stdout>:4000 KSP Residual norm 2.799776873105e-03
Mon Sep 21 15:12:25 2026<stdout>:4001 KSP Residual norm 2.799771816727e-03
Mon Sep 21 15:12:25 2026<stdout>:4002 KSP Residual norm 2.799765474393e-03
Mon Sep 21 15:12:25 2026<stdout>:4003 KSP Residual norm 2.799087689845e-03
Mon Sep 21 15:12:25 2026<stdout>:4004 KSP Residual norm 2.798778324102e-03
Mon Sep 21 15:12:25 2026<stdout>:4005 KSP Residual norm 2.798642264142e-03
Mon Sep 21 15:12:25 2026<stdout>:4006 KSP Residual norm 2.793365189027e-03
Mon Sep 21 15:12:25 2026<stdout>:4007 KSP Residual norm 2.771110784261e-03
Mon Sep 21 15:12:25 2026<stdout>:4008 KSP Residual norm 2.764581028796e-03
Mon Sep 21 15:12:25 2026<stdout>:4009 KSP Residual norm 2.764580509222e-03
Mon Sep 21 15:12:25 2026<stdout>:4010 KSP Residual norm 2.764542511371e-03
Mon Sep 21 15:12:25 2026<stdout>:4011 KSP Residual norm 2.763926513086e-03
Mon Sep 21 15:12:25 2026<stdout>:4012 KSP Residual norm 2.763653997588e-03
Mon Sep 21 15:12:25 2026<stdout>:4013 KSP Residual norm 2.762494177463e-03
Mon Sep 21 15:12:25 2026<stdout>:4014 KSP Residual norm 2.762283093765e-03
Mon Sep 21 15:12:25 2026<stdout>:4015 KSP Residual norm 2.759616633206e-03
Mon Sep 21 15:12:25 2026<stdout>:4016 KSP Residual norm 2.758453357049e-03
Mon Sep 21 15:12:25 2026<stdout>:4017 KSP Residual norm 2.758297773601e-03
Mon Sep 21 15:12:25 2026<stdout>:4018 KSP Residual norm 2.755450896746e-03
Mon Sep 21 15:12:25 2026<stdout>:4019 KSP Residual norm 2.754522991202e-03
Mon Sep 21 15:12:25 2026<stdout>:4020 KSP Residual norm 2.753545012168e-03
Mon Sep 21 15:12:25 2026<stdout>:4021 KSP Residual norm 2.753200528601e-03
Mon Sep 21 15:12:25 2026<stdout>:4022 KSP Residual norm 2.751312817327e-03
Mon Sep 21 15:12:25 2026<stdout>:4023 KSP Residual norm 2.748204340120e-03
Mon Sep 21 15:12:25 2026<stdout>:4024 KSP Residual norm 2.746050439937e-03
Mon Sep 21 15:12:25 2026<stdout>:4025 KSP Residual norm 2.731363622013e-03
Mon Sep 21 15:12:25 2026<stdout>:4026 KSP Residual norm 2.730317369811e-03
Mon Sep 21 15:12:25 2026<stdout>:4027 KSP Residual norm 2.726057132996e-03
Mon Sep 21 15:12:25 2026<stdout>:4028 KSP Residual norm 2.712168459871e-03
Mon Sep 21 15:12:25 2026<stdout>:4029 KSP Residual norm 2.711899015393e-03
Mon Sep 21 15:12:25 2026<stdout>:4030 KSP Residual norm 2.710418485264e-03
Mon Sep 21 15:12:25 2026<stdout>:4031 KSP Residual norm 2.707555116655e-03
Mon Sep 21 15:12:25 2026<stdout>:4032 KSP Residual norm 2.706946747034e-03
Mon Sep 21 15:12:25 2026<stdout>:4033 KSP Residual norm 2.703403348972e-03
Mon Sep 21 15:12:25 2026<stdout>:4034 KSP Residual norm 2.703401618619e-03
Mon Sep 21 15:12:25 2026<stdout>:4035 KSP Residual norm 2.688892388480e-03
Mon Sep 21 15:12:25 2026<stdout>:4036 KSP Residual norm 2.682217606801e-03
Mon Sep 21 15:12:25 2026<stdout>:4037 KSP Residual norm 2.681705376032e-03
Mon Sep 21 15:12:25 2026<stdout>:4038 KSP Residual norm 2.681033616122e-03
Mon Sep 21 15:12:25 2026<stdout>:4039 KSP Residual norm 2.678965227739e-03
Mon Sep 21 15:12:25 2026<stdout>:4040 KSP Residual norm 2.678046871978e-03
Mon Sep 21 15:12:25 2026<stdout>:4041 KSP Residual norm 2.676493565338e-03
Mon Sep 21 15:12:25 2026<stdout>:4042 KSP Residual norm 2.676459625325e-03
Mon Sep 21 15:12:25 2026<stdout>:4043 KSP Residual norm 2.671418285941e-03
Mon Sep 21 15:12:25 2026<stdout>:4044 KSP Residual norm 2.671303026107e-03
Mon Sep 21 15:12:25 2026<stdout>:4045 KSP Residual norm 2.670964522040e-03
Mon Sep 21 15:12:25 2026<stdout>:4046 KSP Residual norm 2.669929065518e-03
Mon Sep 21 15:12:25 2026<stdout>:4047 KSP Residual norm 2.667580443764e-03
Mon Sep 21 15:12:25 2026<stdout>:4048 KSP Residual norm 2.667166527661e-03
Mon Sep 21 15:12:25 2026<stdout>:4049 KSP Residual norm 2.662219411894e-03
Mon Sep 21 15:12:25 2026<stdout>:4050 KSP Residual norm 3.395244090904e-03
Mon Sep 21 15:12:25 2026<stdout>:4051 KSP Residual norm 3.343367692886e-03
Mon Sep 21 15:12:25 2026<stdout>:4052 KSP Residual norm 3.269135909490e-03
Mon Sep 21 15:12:25 2026<stdout>:4053 KSP Residual norm 3.242688565365e-03
Mon Sep 21 15:12:25 2026<stdout>:4054 KSP Residual norm 3.227785764334e-03
Mon Sep 21 15:12:25 2026<stdout>:4055 KSP Residual norm 3.226778997325e-03
Mon Sep 21 15:12:25 2026<stdout>:4056 KSP Residual norm 3.226528920669e-03
Mon Sep 21 15:12:25 2026<stdout>:4057 KSP Residual norm 3.226528488307e-03
Mon Sep 21 15:12:25 2026<stdout>:4058 KSP Residual norm 3.226497419607e-03
Mon Sep 21 15:12:25 2026<stdout>:4059 KSP Residual norm 3.226460444999e-03
Mon Sep 21 15:12:25 2026<stdout>:4060 KSP Residual norm 3.225364372935e-03
Mon Sep 21 15:12:25 2026<stdout>:4061 KSP Residual norm 3.225350402840e-03
Mon Sep 21 15:12:26 2026<stdout>:4062 KSP Residual norm 3.217584470900e-03
Mon Sep 21 15:12:26 2026<stdout>:4063 KSP Residual norm 3.216750366486e-03
Mon Sep 21 15:12:26 2026<stdout>:4064 KSP Residual norm 3.215232772332e-03
Mon Sep 21 15:12:26 2026<stdout>:4065 KSP Residual norm 3.214627041082e-03
Mon Sep 21 15:12:26 2026<stdout>:4066 KSP Residual norm 3.214489639242e-03
Mon Sep 21 15:12:26 2026<stdout>:4067 KSP Residual norm 3.214227017621e-03
Mon Sep 21 15:12:26 2026<stdout>:4068 KSP Residual norm 3.212612502517e-03
Mon Sep 21 15:12:26 2026<stdout>:4069 KSP Residual norm 3.212590328234e-03
Mon Sep 21 15:12:26 2026<stdout>:4070 KSP Residual norm 3.211626348845e-03
Mon Sep 21 15:12:26 2026<stdout>:4071 KSP Residual norm 3.211322819869e-03
Mon Sep 21 15:12:26 2026<stdout>:4072 KSP Residual norm 3.210867986547e-03
Mon Sep 21 15:12:26 2026<stdout>:4073 KSP Residual norm 3.210866337204e-03
Mon Sep 21 15:12:26 2026<stdout>:4074 KSP Residual norm 3.210862097433e-03
Mon Sep 21 15:12:26 2026<stdout>:4075 KSP Residual norm 3.210846167575e-03
Mon Sep 21 15:12:26 2026<stdout>:4076 KSP Residual norm 3.198277763204e-03
Mon Sep 21 15:12:26 2026<stdout>:4077 KSP Residual norm 3.198198101083e-03
Mon Sep 21 15:12:26 2026<stdout>:4078 KSP Residual norm 3.184512902275e-03
Mon Sep 21 15:12:26 2026<stdout>:4079 KSP Residual norm 3.184277653640e-03
Mon Sep 21 15:12:26 2026<stdout>:4080 KSP Residual norm 3.180866388629e-03
Mon Sep 21 15:12:26 2026<stdout>:4081 KSP Residual norm 3.180738884723e-03
Mon Sep 21 15:12:26 2026<stdout>:4082 KSP Residual norm 3.178851163021e-03
Mon Sep 21 15:12:26 2026<stdout>:4083 KSP Residual norm 3.178766694903e-03
Mon Sep 21 15:12:26 2026<stdout>:4084 KSP Residual norm 3.175542371080e-03
Mon Sep 21 15:12:26 2026<stdout>:4085 KSP Residual norm 3.175215689416e-03
Mon Sep 21 15:12:26 2026<stdout>:4086 KSP Residual norm 3.175211642355e-03
Mon Sep 21 15:12:26 2026<stdout>:4087 KSP Residual norm 3.175203573901e-03
Mon Sep 21 15:12:26 2026<stdout>:4088 KSP Residual norm 3.172281685713e-03
Mon Sep 21 15:12:26 2026<stdout>:4089 KSP Residual norm 3.172263716350e-03
Mon Sep 21 15:12:26 2026<stdout>:4090 KSP Residual norm 3.160631604014e-03
Mon Sep 21 15:12:26 2026<stdout>:4091 KSP Residual norm 3.160601870709e-03
Mon Sep 21 15:12:26 2026<stdout>:4092 KSP Residual norm 3.159333845578e-03
Mon Sep 21 15:12:26 2026<stdout>:4093 KSP Residual norm 3.158897905280e-03
Mon Sep 21 15:12:26 2026<stdout>:4094 KSP Residual norm 3.158812633475e-03
Mon Sep 21 15:12:26 2026<stdout>:4095 KSP Residual norm 3.158575851784e-03
Mon Sep 21 15:12:26 2026<stdout>:4096 KSP Residual norm 3.157958790690e-03
Mon Sep 21 15:12:26 2026<stdout>:4097 KSP Residual norm 3.156164224659e-03
Mon Sep 21 15:12:26 2026<stdout>:4098 KSP Residual norm 3.155822162802e-03
Mon Sep 21 15:12:26 2026<stdout>:4099 KSP Residual norm 3.155719094575e-03
Mon Sep 21 15:12:26 2026<stdout>:4100 KSP Residual norm 3.154440879982e-03
Mon Sep 21 15:12:26 2026<stdout>:4101 KSP Residual norm 3.154101230781e-03
Mon Sep 21 15:12:26 2026<stdout>:4102 KSP Residual norm 3.153903424721e-03
Mon Sep 21 15:12:26 2026<stdout>:4103 KSP Residual norm 3.151991014377e-03
Mon Sep 21 15:12:26 2026<stdout>:4104 KSP Residual norm 3.151876189097e-03
Mon Sep 21 15:12:26 2026<stdout>:4105 KSP Residual norm 3.151874636871e-03
Mon Sep 21 15:12:26 2026<stdout>:4106 KSP Residual norm 3.150581260269e-03
Mon Sep 21 15:12:26 2026<stdout>:4107 KSP Residual norm 3.148442691710e-03
Mon Sep 21 15:12:26 2026<stdout>:4108 KSP Residual norm 3.147605950134e-03
Mon Sep 21 15:12:26 2026<stdout>:4109 KSP Residual norm 3.144490288344e-03
Mon Sep 21 15:12:26 2026<stdout>:4110 KSP Residual norm 3.142747572635e-03
Mon Sep 21 15:12:26 2026<stdout>:4111 KSP Residual norm 3.142544159550e-03
Mon Sep 21 15:12:26 2026<stdout>:4112 KSP Residual norm 3.142316261787e-03
Mon Sep 21 15:12:26 2026<stdout>:4113 KSP Residual norm 3.141559910508e-03
Mon Sep 21 15:12:26 2026<stdout>:4114 KSP Residual norm 3.141008612418e-03
Mon Sep 21 15:12:26 2026<stdout>:4115 KSP Residual norm 3.140902025268e-03
Mon Sep 21 15:12:26 2026<stdout>:4116 KSP Residual norm 3.139822957136e-03
Mon Sep 21 15:12:26 2026<stdout>:4117 KSP Residual norm 3.139737472533e-03
Mon Sep 21 15:12:26 2026<stdout>:4118 KSP Residual norm 3.134194047759e-03
Mon Sep 21 15:12:26 2026<stdout>:4119 KSP Residual norm 3.134193910544e-03
Mon Sep 21 15:12:26 2026<stdout>:4120 KSP Residual norm 3.134191067596e-03
Mon Sep 21 15:12:26 2026<stdout>:4121 KSP Residual norm 3.134122407335e-03
Mon Sep 21 15:12:26 2026<stdout>:4122 KSP Residual norm 3.134122139029e-03
Mon Sep 21 15:12:26 2026<stdout>:4123 KSP Residual norm 3.134122129674e-03
Mon Sep 21 15:12:26 2026<stdout>:4124 KSP Residual norm 3.134061206619e-03
Mon Sep 21 15:12:26 2026<stdout>:4125 KSP Residual norm 3.133420626173e-03
Mon Sep 21 15:12:26 2026<stdout>:4126 KSP Residual norm 3.130309744114e-03
Mon Sep 21 15:12:26 2026<stdout>:4127 KSP Residual norm 3.129107960239e-03
Mon Sep 21 15:12:26 2026<stdout>:4128 KSP Residual norm 3.126305934953e-03
Mon Sep 21 15:12:26 2026<stdout>:4129 KSP Residual norm 3.126303780324e-03
Mon Sep 21 15:12:26 2026<stdout>:4130 KSP Residual norm 3.125562553098e-03
Mon Sep 21 15:12:26 2026<stdout>:4131 KSP Residual norm 3.125507348476e-03
Mon Sep 21 15:12:26 2026<stdout>:4132 KSP Residual norm 3.123889418613e-03
Mon Sep 21 15:12:26 2026<stdout>:4133 KSP Residual norm 3.123568317292e-03
Mon Sep 21 15:12:26 2026<stdout>:4134 KSP Residual norm 3.123120554331e-03
Mon Sep 21 15:12:26 2026<stdout>:4135 KSP Residual norm 3.123101956599e-03
Mon Sep 21 15:12:26 2026<stdout>:4136 KSP Residual norm 3.122966303292e-03
Mon Sep 21 15:12:26 2026<stdout>:4137 KSP Residual norm 3.122753496241e-03
Mon Sep 21 15:12:26 2026<stdout>:4138 KSP Residual norm 3.118102737694e-03
Mon Sep 21 15:12:26 2026<stdout>:4139 KSP Residual norm 3.118098272870e-03
Mon Sep 21 15:12:26 2026<stdout>:4140 KSP Residual norm 3.117917474668e-03
Mon Sep 21 15:12:26 2026<stdout>:4141 KSP Residual norm 3.117888786096e-03
Mon Sep 21 15:12:26 2026<stdout>:4142 KSP Residual norm 3.117483516469e-03
Mon Sep 21 15:12:26 2026<stdout>:4143 KSP Residual norm 3.115545865287e-03
Mon Sep 21 15:12:26 2026<stdout>:4144 KSP Residual norm 3.111538991678e-03
Mon Sep 21 15:12:26 2026<stdout>:4145 KSP Residual norm 3.110920311275e-03
Mon Sep 21 15:12:26 2026<stdout>:4146 KSP Residual norm 3.110339520417e-03
Mon Sep 21 15:12:26 2026<stdout>:4147 KSP Residual norm 3.107592603988e-03
Mon Sep 21 15:12:26 2026<stdout>:4148 KSP Residual norm 3.107568336745e-03
Mon Sep 21 15:12:26 2026<stdout>:4149 KSP Residual norm 3.103979560368e-03
Mon Sep 21 15:12:26 2026<stdout>:4150 KSP Residual norm 3.103787122133e-03
Mon Sep 21 15:12:26 2026<stdout>:4151 KSP Residual norm 3.103759264775e-03
Mon Sep 21 15:12:26 2026<stdout>:4152 KSP Residual norm 3.103145823191e-03
Mon Sep 21 15:12:26 2026<stdout>:4153 KSP Residual norm 3.102234862035e-03
Mon Sep 21 15:12:26 2026<stdout>:4154 KSP Residual norm 3.102030588831e-03
Mon Sep 21 15:12:26 2026<stdout>:4155 KSP Residual norm 3.099124139874e-03
Mon Sep 21 15:12:26 2026<stdout>:4156 KSP Residual norm 3.095914952513e-03
Mon Sep 21 15:12:27 2026<stdout>:4157 KSP Residual norm 3.093790680142e-03
Mon Sep 21 15:12:27 2026<stdout>:4158 KSP Residual norm 3.092395307453e-03
Mon Sep 21 15:12:27 2026<stdout>:4159 KSP Residual norm 3.091497366741e-03
Mon Sep 21 15:12:27 2026<stdout>:4160 KSP Residual norm 3.082055674641e-03
Mon Sep 21 15:12:27 2026<stdout>:4161 KSP Residual norm 3.075978726152e-03
Mon Sep 21 15:12:27 2026<stdout>:4162 KSP Residual norm 3.071407833144e-03
Mon Sep 21 15:12:27 2026<stdout>:4163 KSP Residual norm 3.071293816434e-03
Mon Sep 21 15:12:27 2026<stdout>:4164 KSP Residual norm 3.070261612339e-03
Mon Sep 21 15:12:27 2026<stdout>:4165 KSP Residual norm 3.069366925657e-03
Mon Sep 21 15:12:27 2026<stdout>:4166 KSP Residual norm 3.068650763956e-03
Mon Sep 21 15:12:27 2026<stdout>:4167 KSP Residual norm 3.068385588134e-03
Mon Sep 21 15:12:27 2026<stdout>:4168 KSP Residual norm 3.068385550998e-03
Mon Sep 21 15:12:27 2026<stdout>:4169 KSP Residual norm 3.068306278712e-03
Mon Sep 21 15:12:27 2026<stdout>:4170 KSP Residual norm 3.068287228555e-03
Mon Sep 21 15:12:27 2026<stdout>:4171 KSP Residual norm 3.068108242614e-03
Mon Sep 21 15:12:27 2026<stdout>:4172 KSP Residual norm 3.066111722204e-03
Mon Sep 21 15:12:27 2026<stdout>:4173 KSP Residual norm 3.064416277677e-03
Mon Sep 21 15:12:27 2026<stdout>:4174 KSP Residual norm 3.064204198672e-03
Mon Sep 21 15:12:27 2026<stdout>:4175 KSP Residual norm 3.063258949761e-03
Mon Sep 21 15:12:27 2026<stdout>:4176 KSP Residual norm 3.062273744695e-03
Mon Sep 21 15:12:27 2026<stdout>:4177 KSP Residual norm 3.062054379291e-03
Mon Sep 21 15:12:27 2026<stdout>:4178 KSP Residual norm 3.058778692539e-03
Mon Sep 21 15:12:27 2026<stdout>:4179 KSP Residual norm 3.056054838189e-03
Mon Sep 21 15:12:27 2026<stdout>:4180 KSP Residual norm 3.055188617411e-03
Mon Sep 21 15:12:27 2026<stdout>:4181 KSP Residual norm 3.054955988478e-03
Mon Sep 21 15:12:27 2026<stdout>:4182 KSP Residual norm 3.054172167443e-03
Mon Sep 21 15:12:27 2026<stdout>:4183 KSP Residual norm 3.054165703256e-03
Mon Sep 21 15:12:27 2026<stdout>:4184 KSP Residual norm 3.053554337789e-03
Mon Sep 21 15:12:27 2026<stdout>:4185 KSP Residual norm 3.053328206159e-03
Mon Sep 21 15:12:27 2026<stdout>:4186 KSP Residual norm 3.052984565816e-03
Mon Sep 21 15:12:27 2026<stdout>:4187 KSP Residual norm 3.052930229191e-03
Mon Sep 21 15:12:27 2026<stdout>:4188 KSP Residual norm 3.052807417317e-03
Mon Sep 21 15:12:27 2026<stdout>:4189 KSP Residual norm 3.052055150690e-03
Mon Sep 21 15:12:27 2026<stdout>:4190 KSP Residual norm 3.051424724559e-03
Mon Sep 21 15:12:27 2026<stdout>:4191 KSP Residual norm 3.051294385409e-03
Mon Sep 21 15:12:27 2026<stdout>:4192 KSP Residual norm 3.050341769203e-03
Mon Sep 21 15:12:27 2026<stdout>:4193 KSP Residual norm 3.049795652636e-03
Mon Sep 21 15:12:27 2026<stdout>:4194 KSP Residual norm 3.048505029098e-03
Mon Sep 21 15:12:27 2026<stdout>:4195 KSP Residual norm 3.044433523713e-03
Mon Sep 21 15:12:27 2026<stdout>:4196 KSP Residual norm 3.043587298503e-03
Mon Sep 21 15:12:27 2026<stdout>:4197 KSP Residual norm 3.043331484557e-03
Mon Sep 21 15:12:27 2026<stdout>:4198 KSP Residual norm 3.042748526270e-03
Mon Sep 21 15:12:27 2026<stdout>:4199 KSP Residual norm 3.042305100906e-03
Mon Sep 21 15:12:27 2026<stdout>:4200 KSP Residual norm 3.474347225097e-03
Mon Sep 21 15:12:27 2026<stdout>:4201 KSP Residual norm 3.277851503989e-03
Mon Sep 21 15:12:27 2026<stdout>:4202 KSP Residual norm 3.277807973430e-03
Mon Sep 21 15:12:27 2026<stdout>:4203 KSP Residual norm 3.277807915101e-03
Mon Sep 21 15:12:27 2026<stdout>:4204 KSP Residual norm 3.277400871312e-03
Mon Sep 21 15:12:27 2026<stdout>:4205 KSP Residual norm 3.275388517353e-03
Mon Sep 21 15:12:27 2026<stdout>:4206 KSP Residual norm 3.275330457262e-03
Mon Sep 21 15:12:27 2026<stdout>:4207 KSP Residual norm 3.275076409890e-03
Mon Sep 21 15:12:27 2026<stdout>:4208 KSP Residual norm 3.273920677981e-03
Mon Sep 21 15:12:27 2026<stdout>:4209 KSP Residual norm 3.273309772574e-03
Mon Sep 21 15:12:27 2026<stdout>:4210 KSP Residual norm 3.272764767828e-03
Mon Sep 21 15:12:27 2026<stdout>:4211 KSP Residual norm 3.272748831825e-03
Mon Sep 21 15:12:27 2026<stdout>:4212 KSP Residual norm 3.272596572008e-03
Mon Sep 21 15:12:27 2026<stdout>:4213 KSP Residual norm 3.272581408758e-03
Mon Sep 21 15:12:27 2026<stdout>:4214 KSP Residual norm 3.272524428471e-03
Mon Sep 21 15:12:27 2026<stdout>:4215 KSP Residual norm 3.272223663194e-03
Mon Sep 21 15:12:27 2026<stdout>:4216 KSP Residual norm 3.262967758663e-03
Mon Sep 21 15:12:27 2026<stdout>:4217 KSP Residual norm 3.262913269016e-03
Mon Sep 21 15:12:27 2026<stdout>:4218 KSP Residual norm 3.257323188286e-03
Mon Sep 21 15:12:27 2026<stdout>:4219 KSP Residual norm 3.257250370116e-03
Mon Sep 21 15:12:27 2026<stdout>:4220 KSP Residual norm 3.193319823714e-03
Mon Sep 21 15:12:27 2026<stdout>:4221 KSP Residual norm 3.193301974925e-03
Mon Sep 21 15:12:27 2026<stdout>:4222 KSP Residual norm 3.139383440104e-03
Mon Sep 21 15:12:27 2026<stdout>:4223 KSP Residual norm 3.139283353208e-03
Mon Sep 21 15:12:27 2026<stdout>:4224 KSP Residual norm 3.123476458222e-03
Mon Sep 21 15:12:27 2026<stdout>:4225 KSP Residual norm 3.123418929373e-03
Mon Sep 21 15:12:27 2026<stdout>:4226 KSP Residual norm 3.116800667362e-03
Mon Sep 21 15:12:27 2026<stdout>:4227 KSP Residual norm 3.116711527525e-03
Mon Sep 21 15:12:27 2026<stdout>:4228 KSP Residual norm 3.110773845551e-03
Mon Sep 21 15:12:27 2026<stdout>:4229 KSP Residual norm 3.110559670462e-03
Mon Sep 21 15:12:27 2026<stdout>:4230 KSP Residual norm 3.078227882848e-03
Mon Sep 21 15:12:27 2026<stdout>:4231 KSP Residual norm 3.078226692471e-03
Mon Sep 21 15:12:27 2026<stdout>:4232 KSP Residual norm 3.076431126219e-03
Mon Sep 21 15:12:27 2026<stdout>:4233 KSP Residual norm 3.076390594165e-03
Mon Sep 21 15:12:27 2026<stdout>:4234 KSP Residual norm 3.061011010688e-03
Mon Sep 21 15:12:27 2026<stdout>:4235 KSP Residual norm 3.060957027799e-03
Mon Sep 21 15:12:27 2026<stdout>:4236 KSP Residual norm 3.055220868623e-03
Mon Sep 21 15:12:27 2026<stdout>:4237 KSP Residual norm 3.055203272282e-03
Mon Sep 21 15:12:27 2026<stdout>:4238 KSP Residual norm 3.052171423577e-03
Mon Sep 21 15:12:27 2026<stdout>:4239 KSP Residual norm 3.052068103547e-03
Mon Sep 21 15:12:27 2026<stdout>:4240 KSP Residual norm 3.052068102331e-03
Mon Sep 21 15:12:27 2026<stdout>:4241 KSP Residual norm 3.052008768791e-03
Mon Sep 21 15:12:27 2026<stdout>:4242 KSP Residual norm 3.011540255126e-03
Mon Sep 21 15:12:27 2026<stdout>:4243 KSP Residual norm 3.011470452643e-03
Mon Sep 21 15:12:27 2026<stdout>:4244 KSP Residual norm 3.011470257612e-03
Mon Sep 21 15:12:27 2026<stdout>:4245 KSP Residual norm 3.011428026591e-03
Mon Sep 21 15:12:27 2026<stdout>:4246 KSP Residual norm 3.010914225167e-03
Mon Sep 21 15:12:27 2026<stdout>:4247 KSP Residual norm 3.010304711475e-03
Mon Sep 21 15:12:28 2026<stdout>:4248 KSP Residual norm 3.009309096431e-03
Mon Sep 21 15:12:28 2026<stdout>:4249 KSP Residual norm 3.008584995326e-03
Mon Sep 21 15:12:28 2026<stdout>:4250 KSP Residual norm 3.008584114936e-03
Mon Sep 21 15:12:28 2026<stdout>:4251 KSP Residual norm 3.001128250302e-03
Mon Sep 21 15:12:28 2026<stdout>:4252 KSP Residual norm 3.000188222032e-03
Mon Sep 21 15:12:28 2026<stdout>:4253 KSP Residual norm 2.997881276633e-03
Mon Sep 21 15:12:28 2026<stdout>:4254 KSP Residual norm 2.993847783656e-03
Mon Sep 21 15:12:28 2026<stdout>:4255 KSP Residual norm 2.992913381922e-03
Mon Sep 21 15:12:28 2026<stdout>:4256 KSP Residual norm 2.992041631887e-03
Mon Sep 21 15:12:28 2026<stdout>:4257 KSP Residual norm 2.990113058947e-03
Mon Sep 21 15:12:28 2026<stdout>:4258 KSP Residual norm 2.989470180609e-03
Mon Sep 21 15:12:28 2026<stdout>:4259 KSP Residual norm 2.986368393760e-03
Mon Sep 21 15:12:28 2026<stdout>:4260 KSP Residual norm 2.980360053324e-03
Mon Sep 21 15:12:28 2026<stdout>:4261 KSP Residual norm 2.979992271986e-03
Mon Sep 21 15:12:28 2026<stdout>:4262 KSP Residual norm 2.979372070659e-03
Mon Sep 21 15:12:28 2026<stdout>:4263 KSP Residual norm 2.979096940389e-03
Mon Sep 21 15:12:28 2026<stdout>:4264 KSP Residual norm 2.965814891055e-03
Mon Sep 21 15:12:28 2026<stdout>:4265 KSP Residual norm 2.965811525256e-03
Mon Sep 21 15:12:28 2026<stdout>:4266 KSP Residual norm 2.960503979704e-03
Mon Sep 21 15:12:28 2026<stdout>:4267 KSP Residual norm 2.959369179494e-03
Mon Sep 21 15:12:28 2026<stdout>:4268 KSP Residual norm 2.958114634124e-03
Mon Sep 21 15:12:28 2026<stdout>:4269 KSP Residual norm 2.957153539206e-03
Mon Sep 21 15:12:28 2026<stdout>:4270 KSP Residual norm 2.956959452881e-03
Mon Sep 21 15:12:28 2026<stdout>:4271 KSP Residual norm 2.955270949572e-03
Mon Sep 21 15:12:28 2026<stdout>:4272 KSP Residual norm 2.954586719919e-03
Mon Sep 21 15:12:28 2026<stdout>:4273 KSP Residual norm 2.951599673922e-03
Mon Sep 21 15:12:28 2026<stdout>:4274 KSP Residual norm 2.951560655537e-03
Mon Sep 21 15:12:28 2026<stdout>:4275 KSP Residual norm 2.933537878283e-03
Mon Sep 21 15:12:28 2026<stdout>:4276 KSP Residual norm 2.933535196304e-03
Mon Sep 21 15:12:28 2026<stdout>:4277 KSP Residual norm 2.933464916674e-03
Mon Sep 21 15:12:28 2026<stdout>:4278 KSP Residual norm 2.931254364506e-03
Mon Sep 21 15:12:28 2026<stdout>:4279 KSP Residual norm 2.931233230370e-03
Mon Sep 21 15:12:28 2026<stdout>:4280 KSP Residual norm 2.931219476281e-03
Mon Sep 21 15:12:28 2026<stdout>:4281 KSP Residual norm 2.923967370940e-03
Mon Sep 21 15:12:28 2026<stdout>:4282 KSP Residual norm 2.923585750687e-03
Mon Sep 21 15:12:28 2026<stdout>:4283 KSP Residual norm 2.923585589978e-03
Mon Sep 21 15:12:28 2026<stdout>:4284 KSP Residual norm 2.920215229899e-03
Mon Sep 21 15:12:28 2026<stdout>:4285 KSP Residual norm 2.919463395885e-03
Mon Sep 21 15:12:28 2026<stdout>:4286 KSP Residual norm 2.918614711294e-03
Mon Sep 21 15:12:28 2026<stdout>:4287 KSP Residual norm 2.914900194448e-03
Mon Sep 21 15:12:28 2026<stdout>:4288 KSP Residual norm 2.906702613727e-03
Mon Sep 21 15:12:28 2026<stdout>:4289 KSP Residual norm 2.902163057216e-03
Mon Sep 21 15:12:28 2026<stdout>:4290 KSP Residual norm 2.901205303327e-03
Mon Sep 21 15:12:28 2026<stdout>:4291 KSP Residual norm 2.898231643196e-03
Mon Sep 21 15:12:28 2026<stdout>:4292 KSP Residual norm 2.891086863051e-03
Mon Sep 21 15:12:28 2026<stdout>:4293 KSP Residual norm 2.889380046294e-03
Mon Sep 21 15:12:28 2026<stdout>:4294 KSP Residual norm 2.889340781944e-03
Mon Sep 21 15:12:28 2026<stdout>:4295 KSP Residual norm 2.888554425539e-03
Mon Sep 21 15:12:28 2026<stdout>:4296 KSP Residual norm 2.887496730628e-03
Mon Sep 21 15:12:28 2026<stdout>:4297 KSP Residual norm 2.887287568916e-03
Mon Sep 21 15:12:28 2026<stdout>:4298 KSP Residual norm 2.886476924474e-03
Mon Sep 21 15:12:28 2026<stdout>:4299 KSP Residual norm 2.879005108118e-03
Mon Sep 21 15:12:28 2026<stdout>:4300 KSP Residual norm 2.877807184356e-03
Mon Sep 21 15:12:28 2026<stdout>:4301 KSP Residual norm 2.877060381088e-03
Mon Sep 21 15:12:28 2026<stdout>:4302 KSP Residual norm 2.876358319285e-03
Mon Sep 21 15:12:28 2026<stdout>:4303 KSP Residual norm 2.875615531082e-03
Mon Sep 21 15:12:28 2026<stdout>:4304 KSP Residual norm 2.874732390914e-03
Mon Sep 21 15:12:28 2026<stdout>:4305 KSP Residual norm 2.874205809018e-03
Mon Sep 21 15:12:28 2026<stdout>:4306 KSP Residual norm 2.873404053689e-03
Mon Sep 21 15:12:28 2026<stdout>:4307 KSP Residual norm 2.872679876012e-03
Mon Sep 21 15:12:28 2026<stdout>:4308 KSP Residual norm 2.872539812792e-03
Mon Sep 21 15:12:28 2026<stdout>:4309 KSP Residual norm 2.871197609476e-03
Mon Sep 21 15:12:28 2026<stdout>:4310 KSP Residual norm 2.871080835762e-03
Mon Sep 21 15:12:28 2026<stdout>:4311 KSP Residual norm 2.871037675197e-03
Mon Sep 21 15:12:28 2026<stdout>:4312 KSP Residual norm 2.870637998240e-03
Mon Sep 21 15:12:28 2026<stdout>:4313 KSP Residual norm 2.870632309918e-03
Mon Sep 21 15:12:28 2026<stdout>:4314 KSP Residual norm 2.870603360020e-03
Mon Sep 21 15:12:28 2026<stdout>:4315 KSP Residual norm 2.869515145544e-03
Mon Sep 21 15:12:28 2026<stdout>:4316 KSP Residual norm 2.867076494532e-03
Mon Sep 21 15:12:28 2026<stdout>:4317 KSP Residual norm 2.866878566744e-03
Mon Sep 21 15:12:28 2026<stdout>:4318 KSP Residual norm 2.866399519449e-03
Mon Sep 21 15:12:28 2026<stdout>:4319 KSP Residual norm 2.865770172157e-03
Mon Sep 21 15:12:28 2026<stdout>:4320 KSP Residual norm 2.865322091061e-03
Mon Sep 21 15:12:28 2026<stdout>:4321 KSP Residual norm 2.863329980905e-03
Mon Sep 21 15:12:28 2026<stdout>:4322 KSP Residual norm 2.861396845978e-03
Mon Sep 21 15:12:28 2026<stdout>:4323 KSP Residual norm 2.861351155121e-03
Mon Sep 21 15:12:28 2026<stdout>:4324 KSP Residual norm 2.859627923802e-03
Mon Sep 21 15:12:28 2026<stdout>:4325 KSP Residual norm 2.857024011997e-03
Mon Sep 21 15:12:28 2026<stdout>:4326 KSP Residual norm 2.855827456280e-03
Mon Sep 21 15:12:28 2026<stdout>:4327 KSP Residual norm 2.854045421234e-03
Mon Sep 21 15:12:28 2026<stdout>:4328 KSP Residual norm 2.845819694201e-03
Mon Sep 21 15:12:28 2026<stdout>:4329 KSP Residual norm 2.845520639950e-03
Mon Sep 21 15:12:28 2026<stdout>:4330 KSP Residual norm 2.845465152767e-03
Mon Sep 21 15:12:29 2026<stdout>:4331 KSP Residual norm 2.845463602474e-03
Mon Sep 21 15:12:29 2026<stdout>:4332 KSP Residual norm 2.841365156719e-03
Mon Sep 21 15:12:29 2026<stdout>:4333 KSP Residual norm 2.840508566171e-03
Mon Sep 21 15:12:29 2026<stdout>:4334 KSP Residual norm 2.839339463329e-03
Mon Sep 21 15:12:29 2026<stdout>:4335 KSP Residual norm 2.839287430681e-03
Mon Sep 21 15:12:29 2026<stdout>:4336 KSP Residual norm 2.835729634781e-03
Mon Sep 21 15:12:29 2026<stdout>:4337 KSP Residual norm 2.835209022189e-03
Mon Sep 21 15:12:29 2026<stdout>:4338 KSP Residual norm 2.834708067467e-03
Mon Sep 21 15:12:29 2026<stdout>:4339 KSP Residual norm 2.833719221500e-03
Mon Sep 21 15:12:29 2026<stdout>:4340 KSP Residual norm 2.833613828455e-03
Mon Sep 21 15:12:29 2026<stdout>:4341 KSP Residual norm 2.833574636545e-03
Mon Sep 21 15:12:29 2026<stdout>:4342 KSP Residual norm 2.833146893676e-03
Mon Sep 21 15:12:29 2026<stdout>:4343 KSP Residual norm 2.828156049012e-03
Mon Sep 21 15:12:29 2026<stdout>:4344 KSP Residual norm 2.827968464416e-03
Mon Sep 21 15:12:29 2026<stdout>:4345 KSP Residual norm 2.826274593318e-03
Mon Sep 21 15:12:29 2026<stdout>:4346 KSP Residual norm 2.826150949992e-03
Mon Sep 21 15:12:29 2026<stdout>:4347 KSP Residual norm 2.825838733499e-03
Mon Sep 21 15:12:29 2026<stdout>:4348 KSP Residual norm 2.825323865524e-03
Mon Sep 21 15:12:29 2026<stdout>:4349 KSP Residual norm 2.824495051654e-03
Mon Sep 21 15:12:29 2026<stdout>:4350 KSP Residual norm 3.437380186710e-03
Mon Sep 21 15:12:29 2026<stdout>:4351 KSP Residual norm 3.373006980004e-03
Mon Sep 21 15:12:29 2026<stdout>:4352 KSP Residual norm 3.365057729231e-03
Mon Sep 21 15:12:29 2026<stdout>:4353 KSP Residual norm 3.363941207644e-03
Mon Sep 21 15:12:29 2026<stdout>:4354 KSP Residual norm 3.355161594865e-03
Mon Sep 21 15:12:29 2026<stdout>:4355 KSP Residual norm 3.355142890218e-03
Mon Sep 21 15:12:29 2026<stdout>:4356 KSP Residual norm 3.349619723376e-03
Mon Sep 21 15:12:29 2026<stdout>:4357 KSP Residual norm 3.349517825039e-03
Mon Sep 21 15:12:29 2026<stdout>:4358 KSP Residual norm 3.333954230176e-03
Mon Sep 21 15:12:29 2026<stdout>:4359 KSP Residual norm 3.330811527697e-03
Mon Sep 21 15:12:29 2026<stdout>:4360 KSP Residual norm 3.323486645736e-03
Mon Sep 21 15:12:29 2026<stdout>:4361 KSP Residual norm 3.322926883229e-03
Mon Sep 21 15:12:29 2026<stdout>:4362 KSP Residual norm 3.278085124813e-03
Mon Sep 21 15:12:29 2026<stdout>:4363 KSP Residual norm 3.277286273621e-03
Mon Sep 21 15:12:29 2026<stdout>:4364 KSP Residual norm 3.271030651554e-03
Mon Sep 21 15:12:29 2026<stdout>:4365 KSP Residual norm 3.270948595753e-03
Mon Sep 21 15:12:29 2026<stdout>:4366 KSP Residual norm 3.267874203948e-03
Mon Sep 21 15:12:29 2026<stdout>:4367 KSP Residual norm 3.267789217626e-03
Mon Sep 21 15:12:29 2026<stdout>:4368 KSP Residual norm 3.252556418232e-03
Mon Sep 21 15:12:29 2026<stdout>:4369 KSP Residual norm 3.252454272224e-03
Mon Sep 21 15:12:29 2026<stdout>:4370 KSP Residual norm 3.250425177658e-03
Mon Sep 21 15:12:29 2026<stdout>:4371 KSP Residual norm 3.250393230189e-03
Mon Sep 21 15:12:29 2026<stdout>:4372 KSP Residual norm 3.247696646755e-03
Mon Sep 21 15:12:29 2026<stdout>:4373 KSP Residual norm 3.247495798410e-03
Mon Sep 21 15:12:29 2026<stdout>:4374 KSP Residual norm 3.247313105294e-03
Mon Sep 21 15:12:29 2026<stdout>:4375 KSP Residual norm 3.246916884171e-03
Mon Sep 21 15:12:29 2026<stdout>:4376 KSP Residual norm 3.246240669191e-03
Mon Sep 21 15:12:29 2026<stdout>:4377 KSP Residual norm 3.246072450760e-03
Mon Sep 21 15:12:29 2026<stdout>:4378 KSP Residual norm 3.245947481598e-03
Mon Sep 21 15:12:29 2026<stdout>:4379 KSP Residual norm 3.245945706751e-03
Mon Sep 21 15:12:29 2026<stdout>:4380 KSP Residual norm 3.233493843761e-03
Mon Sep 21 15:12:29 2026<stdout>:4381 KSP Residual norm 3.233493409167e-03
Mon Sep 21 15:12:29 2026<stdout>:4382 KSP Residual norm 3.233162616788e-03
Mon Sep 21 15:12:29 2026<stdout>:4383 KSP Residual norm 3.233162601581e-03
Mon Sep 21 15:12:29 2026<stdout>:4384 KSP Residual norm 3.233154795616e-03
Mon Sep 21 15:12:29 2026<stdout>:4385 KSP Residual norm 3.233080366643e-03
Mon Sep 21 15:12:29 2026<stdout>:4386 KSP Residual norm 3.232014660245e-03
Mon Sep 21 15:12:29 2026<stdout>:4387 KSP Residual norm 3.231892659948e-03
Mon Sep 21 15:12:29 2026<stdout>:4388 KSP Residual norm 3.231630897202e-03
Mon Sep 21 15:12:29 2026<stdout>:4389 KSP Residual norm 3.231614664930e-03
Mon Sep 21 15:12:29 2026<stdout>:4390 KSP Residual norm 3.227082657312e-03
Mon Sep 21 15:12:29 2026<stdout>:4391 KSP Residual norm 3.226988948952e-03
Mon Sep 21 15:12:29 2026<stdout>:4392 KSP Residual norm 3.226583246206e-03
Mon Sep 21 15:12:29 2026<stdout>:4393 KSP Residual norm 3.226310115563e-03
Mon Sep 21 15:12:29 2026<stdout>:4394 KSP Residual norm 3.222293379799e-03
Mon Sep 21 15:12:29 2026<stdout>:4395 KSP Residual norm 3.222228724366e-03
Mon Sep 21 15:12:29 2026<stdout>:4396 KSP Residual norm 3.218615837222e-03
Mon Sep 21 15:12:29 2026<stdout>:4397 KSP Residual norm 3.129994051972e-03
Mon Sep 21 15:12:29 2026<stdout>:4398 KSP Residual norm 3.129821265711e-03
Mon Sep 21 15:12:29 2026<stdout>:4399 KSP Residual norm 3.129517115802e-03
Mon Sep 21 15:12:29 2026<stdout>:4400 KSP Residual norm 3.128982617239e-03
Mon Sep 21 15:12:29 2026<stdout>:4401 KSP Residual norm 3.128840704050e-03
Mon Sep 21 15:12:29 2026<stdout>:4402 KSP Residual norm 3.128840323025e-03
Mon Sep 21 15:12:29 2026<stdout>:4403 KSP Residual norm 3.127263271882e-03
Mon Sep 21 15:12:29 2026<stdout>:4404 KSP Residual norm 3.125855317976e-03
Mon Sep 21 15:12:29 2026<stdout>:4405 KSP Residual norm 3.125759057129e-03
Mon Sep 21 15:12:29 2026<stdout>:4406 KSP Residual norm 3.125487795181e-03
Mon Sep 21 15:12:29 2026<stdout>:4407 KSP Residual norm 3.125011341702e-03
Mon Sep 21 15:12:29 2026<stdout>:4408 KSP Residual norm 3.124975322364e-03
Mon Sep 21 15:12:29 2026<stdout>:4409 KSP Residual norm 3.122836695373e-03
Mon Sep 21 15:12:29 2026<stdout>:4410 KSP Residual norm 3.120985156774e-03
Mon Sep 21 15:12:29 2026<stdout>:4411 KSP Residual norm 3.120522758095e-03
Mon Sep 21 15:12:29 2026<stdout>:4412 KSP Residual norm 3.117890592591e-03
Mon Sep 21 15:12:29 2026<stdout>:4413 KSP Residual norm 3.113310438295e-03
Mon Sep 21 15:12:29 2026<stdout>:4414 KSP Residual norm 3.100851237859e-03
Mon Sep 21 15:12:29 2026<stdout>:4415 KSP Residual norm 3.100604991294e-03
Mon Sep 21 15:12:29 2026<stdout>:4416 KSP Residual norm 3.099314500809e-03
Mon Sep 21 15:12:29 2026<stdout>:4417 KSP Residual norm 3.094551265245e-03
Mon Sep 21 15:12:29 2026<stdout>:4418 KSP Residual norm 3.086024589753e-03
Mon Sep 21 15:12:29 2026<stdout>:4419 KSP Residual norm 3.085441781647e-03
Mon Sep 21 15:12:29 2026<stdout>:4420 KSP Residual norm 3.084208104146e-03
Mon Sep 21 15:12:29 2026<stdout>:4421 KSP Residual norm 3.079402246027e-03
Mon Sep 21 15:12:29 2026<stdout>:4422 KSP Residual norm 3.078288717689e-03
Mon Sep 21 15:12:29 2026<stdout>:4423 KSP Residual norm 3.076695572196e-03
Mon Sep 21 15:12:29 2026<stdout>:4424 KSP Residual norm 3.074864217114e-03
Mon Sep 21 15:12:29 2026<stdout>:4425 KSP Residual norm 3.074649972095e-03
Mon Sep 21 15:12:29 2026<stdout>:4426 KSP Residual norm 3.073564535025e-03
Mon Sep 21 15:12:30 2026<stdout>:4427 KSP Residual norm 3.072264365871e-03
Mon Sep 21 15:12:30 2026<stdout>:4428 KSP Residual norm 3.070711675531e-03
Mon Sep 21 15:12:30 2026<stdout>:4429 KSP Residual norm 3.068995639333e-03
Mon Sep 21 15:12:30 2026<stdout>:4430 KSP Residual norm 3.062723686440e-03
Mon Sep 21 15:12:30 2026<stdout>:4431 KSP Residual norm 3.057978266054e-03
Mon Sep 21 15:12:30 2026<stdout>:4432 KSP Residual norm 3.044156365316e-03
Mon Sep 21 15:12:30 2026<stdout>:4433 KSP Residual norm 3.041453965558e-03
Mon Sep 21 15:12:30 2026<stdout>:4434 KSP Residual norm 3.041145824108e-03
Mon Sep 21 15:12:30 2026<stdout>:4435 KSP Residual norm 3.041145610949e-03
Mon Sep 21 15:12:30 2026<stdout>:4436 KSP Residual norm 3.041028084334e-03
Mon Sep 21 15:12:30 2026<stdout>:4437 KSP Residual norm 3.040981065561e-03
Mon Sep 21 15:12:30 2026<stdout>:4438 KSP Residual norm 3.040980503861e-03
Mon Sep 21 15:12:30 2026<stdout>:4439 KSP Residual norm 3.040944316797e-03
Mon Sep 21 15:12:30 2026<stdout>:4440 KSP Residual norm 3.039503690573e-03
Mon Sep 21 15:12:30 2026<stdout>:4441 KSP Residual norm 3.038691057061e-03
Mon Sep 21 15:12:30 2026<stdout>:4442 KSP Residual norm 3.037491267593e-03
Mon Sep 21 15:12:30 2026<stdout>:4443 KSP Residual norm 3.037164812616e-03
Mon Sep 21 15:12:30 2026<stdout>:4444 KSP Residual norm 3.033391323568e-03
Mon Sep 21 15:12:30 2026<stdout>:4445 KSP Residual norm 3.032215956478e-03
Mon Sep 21 15:12:30 2026<stdout>:4446 KSP Residual norm 3.031370959742e-03
Mon Sep 21 15:12:30 2026<stdout>:4447 KSP Residual norm 3.031326098310e-03
Mon Sep 21 15:12:30 2026<stdout>:4448 KSP Residual norm 3.031255628407e-03
Mon Sep 21 15:12:30 2026<stdout>:4449 KSP Residual norm 3.030428931348e-03
Mon Sep 21 15:12:30 2026<stdout>:4450 KSP Residual norm 3.029985686261e-03
Mon Sep 21 15:12:30 2026<stdout>:4451 KSP Residual norm 3.029676096247e-03
Mon Sep 21 15:12:30 2026<stdout>:4452 KSP Residual norm 3.029620621091e-03
Mon Sep 21 15:12:30 2026<stdout>:4453 KSP Residual norm 3.029363184768e-03
Mon Sep 21 15:12:30 2026<stdout>:4454 KSP Residual norm 3.028188204501e-03
Mon Sep 21 15:12:30 2026<stdout>:4455 KSP Residual norm 3.027526233168e-03
Mon Sep 21 15:12:30 2026<stdout>:4456 KSP Residual norm 3.023998479453e-03
Mon Sep 21 15:12:30 2026<stdout>:4457 KSP Residual norm 3.023826113135e-03
Mon Sep 21 15:12:30 2026<stdout>:4458 KSP Residual norm 3.023497147425e-03
Mon Sep 21 15:12:30 2026<stdout>:4459 KSP Residual norm 3.022453178946e-03
Mon Sep 21 15:12:30 2026<stdout>:4460 KSP Residual norm 3.022147132851e-03
Mon Sep 21 15:12:30 2026<stdout>:4461 KSP Residual norm 3.021809904367e-03
Mon Sep 21 15:12:30 2026<stdout>:4462 KSP Residual norm 3.021660464748e-03
Mon Sep 21 15:12:30 2026<stdout>:4463 KSP Residual norm 3.020120228266e-03
Mon Sep 21 15:12:30 2026<stdout>:4464 KSP Residual norm 3.019941925228e-03
Mon Sep 21 15:12:30 2026<stdout>:4465 KSP Residual norm 3.019795066731e-03
Mon Sep 21 15:12:30 2026<stdout>:4466 KSP Residual norm 3.019752060287e-03
Mon Sep 21 15:12:30 2026<stdout>:4467 KSP Residual norm 3.019680167983e-03
Mon Sep 21 15:12:30 2026<stdout>:4468 KSP Residual norm 3.019645970869e-03
Mon Sep 21 15:12:30 2026<stdout>:4469 KSP Residual norm 3.018916728519e-03
Mon Sep 21 15:12:30 2026<stdout>:4470 KSP Residual norm 3.018617401483e-03
Mon Sep 21 15:12:30 2026<stdout>:4471 KSP Residual norm 3.017802765638e-03
Mon Sep 21 15:12:30 2026<stdout>:4472 KSP Residual norm 3.013757908864e-03
Mon Sep 21 15:12:30 2026<stdout>:4473 KSP Residual norm 3.012715737715e-03
Mon Sep 21 15:12:30 2026<stdout>:4474 KSP Residual norm 3.011707589007e-03
Mon Sep 21 15:12:30 2026<stdout>:4475 KSP Residual norm 3.011095023581e-03
Mon Sep 21 15:12:30 2026<stdout>:4476 KSP Residual norm 3.009771068053e-03
Mon Sep 21 15:12:30 2026<stdout>:4477 KSP Residual norm 3.009703384674e-03
Mon Sep 21 15:12:30 2026<stdout>:4478 KSP Residual norm 3.009563035747e-03
Mon Sep 21 15:12:30 2026<stdout>:4479 KSP Residual norm 3.009076137273e-03
Mon Sep 21 15:12:30 2026<stdout>:4480 KSP Residual norm 3.007566416340e-03
Mon Sep 21 15:12:30 2026<stdout>:4481 KSP Residual norm 3.006742183505e-03
Mon Sep 21 15:12:30 2026<stdout>:4482 KSP Residual norm 3.006724657381e-03
Mon Sep 21 15:12:30 2026<stdout>:4483 KSP Residual norm 3.005202406028e-03
Mon Sep 21 15:12:30 2026<stdout>:4484 KSP Residual norm 3.000204499841e-03
Mon Sep 21 15:12:30 2026<stdout>:4485 KSP Residual norm 3.000145047195e-03
Mon Sep 21 15:12:30 2026<stdout>:4486 KSP Residual norm 3.000094420882e-03
Mon Sep 21 15:12:30 2026<stdout>:4487 KSP Residual norm 3.000080633409e-03
Mon Sep 21 15:12:30 2026<stdout>:4488 KSP Residual norm 2.999824108034e-03
Mon Sep 21 15:12:30 2026<stdout>:4489 KSP Residual norm 2.998720345520e-03
Mon Sep 21 15:12:30 2026<stdout>:4490 KSP Residual norm 2.996015535569e-03
Mon Sep 21 15:12:30 2026<stdout>:4491 KSP Residual norm 2.995986499608e-03
Mon Sep 21 15:12:30 2026<stdout>:4492 KSP Residual norm 2.991869469872e-03
Mon Sep 21 15:12:30 2026<stdout>:4493 KSP Residual norm 2.991303513982e-03
Mon Sep 21 15:12:30 2026<stdout>:4494 KSP Residual norm 2.990911800717e-03
Mon Sep 21 15:12:30 2026<stdout>:4495 KSP Residual norm 2.990897975117e-03
Mon Sep 21 15:12:30 2026<stdout>:4496 KSP Residual norm 2.989732597875e-03
Mon Sep 21 15:12:30 2026<stdout>:4497 KSP Residual norm 2.989668929960e-03
Mon Sep 21 15:12:30 2026<stdout>:4498 KSP Residual norm 2.987491829225e-03
Mon Sep 21 15:12:30 2026<stdout>:4499 KSP Residual norm 2.987366706528e-03
Mon Sep 21 15:12:30 2026<stdout>:4500 KSP Residual norm 3.557697666616e-03
Mon Sep 21 15:12:30 2026<stdout>:4501 KSP Residual norm 3.480304884881e-03
Mon Sep 21 15:12:30 2026<stdout>:4502 KSP Residual norm 3.478076254802e-03
Mon Sep 21 15:12:30 2026<stdout>:4503 KSP Residual norm 3.477957416802e-03
Mon Sep 21 15:12:30 2026<stdout>:4504 KSP Residual norm 3.472109890356e-03
Mon Sep 21 15:12:30 2026<stdout>:4505 KSP Residual norm 3.472087796887e-03
Mon Sep 21 15:12:30 2026<stdout>:4506 KSP Residual norm 3.468246192116e-03
Mon Sep 21 15:12:31 2026<stdout>:4507 KSP Residual norm 3.468118238448e-03
Mon Sep 21 15:12:31 2026<stdout>:4508 KSP Residual norm 3.463324963131e-03
Mon Sep 21 15:12:31 2026<stdout>:4509 KSP Residual norm 3.463217611766e-03
Mon Sep 21 15:12:31 2026<stdout>:4510 KSP Residual norm 3.460809249827e-03
Mon Sep 21 15:12:31 2026<stdout>:4511 KSP Residual norm 3.460704072114e-03
Mon Sep 21 15:12:31 2026<stdout>:4512 KSP Residual norm 3.460245882973e-03
Mon Sep 21 15:12:31 2026<stdout>:4513 KSP Residual norm 3.460240908350e-03
Mon Sep 21 15:12:31 2026<stdout>:4514 KSP Residual norm 3.456591790238e-03
Mon Sep 21 15:12:31 2026<stdout>:4515 KSP Residual norm 3.456323707768e-03
Mon Sep 21 15:12:31 2026<stdout>:4516 KSP Residual norm 3.448185871580e-03
Mon Sep 21 15:12:31 2026<stdout>:4517 KSP Residual norm 3.447950135562e-03
Mon Sep 21 15:12:31 2026<stdout>:4518 KSP Residual norm 3.445236706216e-03
Mon Sep 21 15:12:31 2026<stdout>:4519 KSP Residual norm 3.445206947661e-03
Mon Sep 21 15:12:31 2026<stdout>:4520 KSP Residual norm 3.426576013975e-03
Mon Sep 21 15:12:31 2026<stdout>:4521 KSP Residual norm 3.426544551980e-03
Mon Sep 21 15:12:31 2026<stdout>:4522 KSP Residual norm 3.421314857124e-03
Mon Sep 21 15:12:31 2026<stdout>:4523 KSP Residual norm 3.421314526941e-03
Mon Sep 21 15:12:31 2026<stdout>:4524 KSP Residual norm 3.415264567001e-03
Mon Sep 21 15:12:31 2026<stdout>:4525 KSP Residual norm 3.414066806332e-03
Mon Sep 21 15:12:31 2026<stdout>:4526 KSP Residual norm 3.413890068199e-03
Mon Sep 21 15:12:31 2026<stdout>:4527 KSP Residual norm 3.413877214817e-03
Mon Sep 21 15:12:31 2026<stdout>:4528 KSP Residual norm 3.407070008693e-03
Mon Sep 21 15:12:31 2026<stdout>:4529 KSP Residual norm 3.407059359882e-03
Mon Sep 21 15:12:31 2026<stdout>:4530 KSP Residual norm 3.404687293216e-03
Mon Sep 21 15:12:31 2026<stdout>:4531 KSP Residual norm 3.404449440649e-03
Mon Sep 21 15:12:31 2026<stdout>:4532 KSP Residual norm 3.390965638155e-03
Mon Sep 21 15:12:31 2026<stdout>:4533 KSP Residual norm 3.390844369018e-03
Mon Sep 21 15:12:31 2026<stdout>:4534 KSP Residual norm 3.390456644734e-03
Mon Sep 21 15:12:31 2026<stdout>:4535 KSP Residual norm 3.390446570614e-03
Mon Sep 21 15:12:31 2026<stdout>:4536 KSP Residual norm 3.384338081799e-03
Mon Sep 21 15:12:31 2026<stdout>:4537 KSP Residual norm 3.384336129317e-03
Mon Sep 21 15:12:31 2026<stdout>:4538 KSP Residual norm 3.384118580854e-03
Mon Sep 21 15:12:31 2026<stdout>:4539 KSP Residual norm 3.384086634255e-03
Mon Sep 21 15:12:31 2026<stdout>:4540 KSP Residual norm 3.384058608735e-03
Mon Sep 21 15:12:31 2026<stdout>:4541 KSP Residual norm 3.384013439276e-03
Mon Sep 21 15:12:31 2026<stdout>:4542 KSP Residual norm 3.383454396378e-03
Mon Sep 21 15:12:31 2026<stdout>:4543 KSP Residual norm 3.383154928195e-03
Mon Sep 21 15:12:31 2026<stdout>:4544 KSP Residual norm 3.380549615803e-03
Mon Sep 21 15:12:31 2026<stdout>:4545 KSP Residual norm 3.380548762795e-03
Mon Sep 21 15:12:31 2026<stdout>:4546 KSP Residual norm 3.380499646454e-03
Mon Sep 21 15:12:31 2026<stdout>:4547 KSP Residual norm 3.380104557779e-03
Mon Sep 21 15:12:31 2026<stdout>:4548 KSP Residual norm 3.379631196261e-03
Mon Sep 21 15:12:31 2026<stdout>:4549 KSP Residual norm 3.379611695644e-03
Mon Sep 21 15:12:31 2026<stdout>:4550 KSP Residual norm 3.376139787343e-03
Mon Sep 21 15:12:31 2026<stdout>:4551 KSP Residual norm 3.373437623630e-03
Mon Sep 21 15:12:31 2026<stdout>:4552 KSP Residual norm 3.372967068105e-03
Mon Sep 21 15:12:31 2026<stdout>:4553 KSP Residual norm 3.372870724071e-03
Mon Sep 21 15:12:31 2026<stdout>:4554 KSP Residual norm 3.372229175342e-03
Mon Sep 21 15:12:31 2026<stdout>:4555 KSP Residual norm 3.372156000168e-03
Mon Sep 21 15:12:31 2026<stdout>:4556 KSP Residual norm 3.371786408101e-03
Mon Sep 21 15:12:31 2026<stdout>:4557 KSP Residual norm 3.371744672152e-03
Mon Sep 21 15:12:31 2026<stdout>:4558 KSP Residual norm 3.371738113318e-03
Mon Sep 21 15:12:31 2026<stdout>:4559 KSP Residual norm 3.371656101992e-03
Mon Sep 21 15:12:31 2026<stdout>:4560 KSP Residual norm 3.371048439076e-03
Mon Sep 21 15:12:31 2026<stdout>:4561 KSP Residual norm 3.370875586451e-03
Mon Sep 21 15:12:31 2026<stdout>:4562 KSP Residual norm 3.369509419448e-03
Mon Sep 21 15:12:31 2026<stdout>:4563 KSP Residual norm 3.369508942646e-03
Mon Sep 21 15:12:31 2026<stdout>:4564 KSP Residual norm 3.368462622140e-03
Mon Sep 21 15:12:31 2026<stdout>:4565 KSP Residual norm 3.368058276734e-03
Mon Sep 21 15:12:31 2026<stdout>:4566 KSP Residual norm 3.367579913476e-03
Mon Sep 21 15:12:31 2026<stdout>:4567 KSP Residual norm 3.367563171262e-03
Mon Sep 21 15:12:31 2026<stdout>:4568 KSP Residual norm 3.367457596231e-03
Mon Sep 21 15:12:31 2026<stdout>:4569 KSP Residual norm 3.367175106159e-03
Mon Sep 21 15:12:31 2026<stdout>:4570 KSP Residual norm 3.364978431778e-03
Mon Sep 21 15:12:31 2026<stdout>:4571 KSP Residual norm 3.364810608080e-03
Mon Sep 21 15:12:31 2026<stdout>:4572 KSP Residual norm 3.364770485091e-03
Mon Sep 21 15:12:31 2026<stdout>:4573 KSP Residual norm 3.364519513607e-03
Mon Sep 21 15:12:31 2026<stdout>:4574 KSP Residual norm 3.364340850570e-03
Mon Sep 21 15:12:31 2026<stdout>:4575 KSP Residual norm 3.364209241664e-03
Mon Sep 21 15:12:31 2026<stdout>:4576 KSP Residual norm 3.361416155211e-03
Mon Sep 21 15:12:31 2026<stdout>:4577 KSP Residual norm 3.359823736042e-03
Mon Sep 21 15:12:31 2026<stdout>:4578 KSP Residual norm 3.359819022139e-03
Mon Sep 21 15:12:31 2026<stdout>:4579 KSP Residual norm 3.358523430755e-03
Mon Sep 21 15:12:31 2026<stdout>:4580 KSP Residual norm 3.358157739561e-03
Mon Sep 21 15:12:31 2026<stdout>:4581 KSP Residual norm 3.358008223658e-03
Mon Sep 21 15:12:31 2026<stdout>:4582 KSP Residual norm 3.357825422397e-03
Mon Sep 21 15:12:31 2026<stdout>:4583 KSP Residual norm 3.354811746928e-03
Mon Sep 21 15:12:31 2026<stdout>:4584 KSP Residual norm 3.354026965578e-03
Mon Sep 21 15:12:31 2026<stdout>:4585 KSP Residual norm 3.353289530348e-03
Mon Sep 21 15:12:31 2026<stdout>:4586 KSP Residual norm 3.351085126514e-03
Mon Sep 21 15:12:31 2026<stdout>:4587 KSP Residual norm 3.351084942560e-03
Mon Sep 21 15:12:31 2026<stdout>:4588 KSP Residual norm 3.351050870508e-03
Mon Sep 21 15:12:31 2026<stdout>:4589 KSP Residual norm 3.345696141469e-03
Mon Sep 21 15:12:31 2026<stdout>:4590 KSP Residual norm 3.345681290486e-03
Mon Sep 21 15:12:31 2026<stdout>:4591 KSP Residual norm 3.343784832052e-03
Mon Sep 21 15:12:31 2026<stdout>:4592 KSP Residual norm 3.343737089120e-03
Mon Sep 21 15:12:31 2026<stdout>:4593 KSP Residual norm 3.341864815764e-03
Mon Sep 21 15:12:31 2026<stdout>:4594 KSP Residual norm 3.340653794428e-03
Mon Sep 21 15:12:31 2026<stdout>:4595 KSP Residual norm 3.340500576614e-03
Mon Sep 21 15:12:31 2026<stdout>:4596 KSP Residual norm 3.340201806977e-03
Mon Sep 21 15:12:31 2026<stdout>:4597 KSP Residual norm 3.339441454389e-03
Mon Sep 21 15:12:31 2026<stdout>:4598 KSP Residual norm 3.338276516756e-03
Mon Sep 21 15:12:31 2026<stdout>:4599 KSP Residual norm 3.334553817860e-03
Mon Sep 21 15:12:31 2026<stdout>:4600 KSP Residual norm 3.334248632390e-03
Mon Sep 21 15:12:31 2026<stdout>:4601 KSP Residual norm 3.332715177333e-03
Mon Sep 21 15:12:31 2026<stdout>:4602 KSP Residual norm 3.332709263135e-03
Mon Sep 21 15:12:31 2026<stdout>:4603 KSP Residual norm 3.331334620060e-03
Mon Sep 21 15:12:32 2026<stdout>:4604 KSP Residual norm 3.320875600373e-03
Mon Sep 21 15:12:32 2026<stdout>:4605 KSP Residual norm 3.320641949131e-03
Mon Sep 21 15:12:32 2026<stdout>:4606 KSP Residual norm 3.320640660089e-03
Mon Sep 21 15:12:32 2026<stdout>:4607 KSP Residual norm 3.320627008704e-03
Mon Sep 21 15:12:32 2026<stdout>:4608 KSP Residual norm 3.319759462024e-03
Mon Sep 21 15:12:32 2026<stdout>:4609 KSP Residual norm 3.319747742054e-03
Mon Sep 21 15:12:32 2026<stdout>:4610 KSP Residual norm 3.319247913070e-03
Mon Sep 21 15:12:32 2026<stdout>:4611 KSP Residual norm 3.319131415018e-03
Mon Sep 21 15:12:32 2026<stdout>:4612 KSP Residual norm 3.318805678077e-03
Mon Sep 21 15:12:32 2026<stdout>:4613 KSP Residual norm 3.318025523238e-03
Mon Sep 21 15:12:32 2026<stdout>:4614 KSP Residual norm 3.315771482724e-03
Mon Sep 21 15:12:32 2026<stdout>:4615 KSP Residual norm 3.315771373658e-03
Mon Sep 21 15:12:32 2026<stdout>:4616 KSP Residual norm 3.315526927271e-03
Mon Sep 21 15:12:32 2026<stdout>:4617 KSP Residual norm 3.312234595857e-03
Mon Sep 21 15:12:32 2026<stdout>:4618 KSP Residual norm 3.308842347565e-03
Mon Sep 21 15:12:32 2026<stdout>:4619 KSP Residual norm 3.307741883325e-03
Mon Sep 21 15:12:32 2026<stdout>:4620 KSP Residual norm 3.307355752341e-03
Mon Sep 21 15:12:32 2026<stdout>:4621 KSP Residual norm 3.306475298760e-03
Mon Sep 21 15:12:32 2026<stdout>:4622 KSP Residual norm 3.306465174399e-03
Mon Sep 21 15:12:32 2026<stdout>:4623 KSP Residual norm 3.306249806213e-03
Mon Sep 21 15:12:32 2026<stdout>:4624 KSP Residual norm 3.297046536720e-03
Mon Sep 21 15:12:32 2026<stdout>:4625 KSP Residual norm 3.296155767197e-03
Mon Sep 21 15:12:32 2026<stdout>:4626 KSP Residual norm 3.296148638462e-03
Mon Sep 21 15:12:32 2026<stdout>:4627 KSP Residual norm 3.296064552597e-03
Mon Sep 21 15:12:32 2026<stdout>:4628 KSP Residual norm 3.294178815262e-03
Mon Sep 21 15:12:32 2026<stdout>:4629 KSP Residual norm 3.294178445441e-03
Mon Sep 21 15:12:32 2026<stdout>:4630 KSP Residual norm 3.294175723711e-03
Mon Sep 21 15:12:32 2026<stdout>:4631 KSP Residual norm 3.293506866048e-03
Mon Sep 21 15:12:32 2026<stdout>:4632 KSP Residual norm 3.291306044460e-03
Mon Sep 21 15:12:32 2026<stdout>:4633 KSP Residual norm 3.290141149510e-03
Mon Sep 21 15:12:32 2026<stdout>:4634 KSP Residual norm 3.289531242384e-03
Mon Sep 21 15:12:32 2026<stdout>:4635 KSP Residual norm 3.289530785697e-03
Mon Sep 21 15:12:32 2026<stdout>:4636 KSP Residual norm 3.289512459357e-03
Mon Sep 21 15:12:32 2026<stdout>:4637 KSP Residual norm 3.289065711587e-03
Mon Sep 21 15:12:32 2026<stdout>:4638 KSP Residual norm 3.288994812082e-03
Mon Sep 21 15:12:32 2026<stdout>:4639 KSP Residual norm 3.288968343179e-03
Mon Sep 21 15:12:32 2026<stdout>:4640 KSP Residual norm 3.285838987818e-03
Mon Sep 21 15:12:32 2026<stdout>:4641 KSP Residual norm 3.285837349483e-03
Mon Sep 21 15:12:32 2026<stdout>:4642 KSP Residual norm 3.284633743162e-03
Mon Sep 21 15:12:32 2026<stdout>:4643 KSP Residual norm 3.284270664917e-03
Mon Sep 21 15:12:32 2026<stdout>:4644 KSP Residual norm 3.283610377791e-03
Mon Sep 21 15:12:32 2026<stdout>:4645 KSP Residual norm 3.283329258863e-03
Mon Sep 21 15:12:32 2026<stdout>:4646 KSP Residual norm 3.283301996073e-03
Mon Sep 21 15:12:32 2026<stdout>:4647 KSP Residual norm 3.283270523920e-03
Mon Sep 21 15:12:32 2026<stdout>:4648 KSP Residual norm 3.283264780868e-03
Mon Sep 21 15:12:32 2026<stdout>:4649 KSP Residual norm 3.281809154625e-03
Mon Sep 21 15:12:32 2026<stdout>:4650 KSP Residual norm 3.586931912814e-03
Mon Sep 21 15:12:32 2026<stdout>:4651 KSP Residual norm 3.539666133260e-03
Mon Sep 21 15:12:32 2026<stdout>:4652 KSP Residual norm 3.526795629533e-03
Mon Sep 21 15:12:32 2026<stdout>:4653 KSP Residual norm 3.522841394579e-03
Mon Sep 21 15:12:32 2026<stdout>:4654 KSP Residual norm 3.517689411569e-03
Mon Sep 21 15:12:32 2026<stdout>:4655 KSP Residual norm 3.517683700539e-03
Mon Sep 21 15:12:32 2026<stdout>:4656 KSP Residual norm 3.500762757406e-03
Mon Sep 21 15:12:32 2026<stdout>:4657 KSP Residual norm 3.500651729007e-03
Mon Sep 21 15:12:32 2026<stdout>:4658 KSP Residual norm 3.473446392531e-03
Mon Sep 21 15:12:32 2026<stdout>:4659 KSP Residual norm 3.471486715759e-03
Mon Sep 21 15:12:32 2026<stdout>:4660 KSP Residual norm 3.471022287670e-03
Mon Sep 21 15:12:32 2026<stdout>:4661 KSP Residual norm 3.471017014029e-03
Mon Sep 21 15:12:32 2026<stdout>:4662 KSP Residual norm 3.461867659695e-03
Mon Sep 21 15:12:32 2026<stdout>:4663 KSP Residual norm 3.461827144331e-03
Mon Sep 21 15:12:32 2026<stdout>:4664 KSP Residual norm 3.461647106632e-03
Mon Sep 21 15:12:32 2026<stdout>:4665 KSP Residual norm 3.461576211828e-03
Mon Sep 21 15:12:32 2026<stdout>:4666 KSP Residual norm 3.460013486012e-03
Mon Sep 21 15:12:32 2026<stdout>:4667 KSP Residual norm 3.459860470209e-03
Mon Sep 21 15:12:32 2026<stdout>:4668 KSP Residual norm 3.459836355592e-03
Mon Sep 21 15:12:32 2026<stdout>:4669 KSP Residual norm 3.459698364319e-03
Mon Sep 21 15:12:32 2026<stdout>:4670 KSP Residual norm 3.459319823499e-03
Mon Sep 21 15:12:32 2026<stdout>:4671 KSP Residual norm 3.459210085512e-03
Mon Sep 21 15:12:32 2026<stdout>:4672 KSP Residual norm 3.458698831259e-03
Mon Sep 21 15:12:32 2026<stdout>:4673 KSP Residual norm 3.458544426972e-03
Mon Sep 21 15:12:32 2026<stdout>:4674 KSP Residual norm 3.455087424705e-03
Mon Sep 21 15:12:32 2026<stdout>:4675 KSP Residual norm 3.454857550854e-03
Mon Sep 21 15:12:32 2026<stdout>:4676 KSP Residual norm 3.454857321736e-03
Mon Sep 21 15:12:32 2026<stdout>:4677 KSP Residual norm 3.454747002119e-03
Mon Sep 21 15:12:32 2026<stdout>:4678 KSP Residual norm 3.452555452419e-03
Mon Sep 21 15:12:32 2026<stdout>:4679 KSP Residual norm 3.452549111519e-03
Mon Sep 21 15:12:32 2026<stdout>:4680 KSP Residual norm 3.451242973685e-03
Mon Sep 21 15:12:32 2026<stdout>:4681 KSP Residual norm 3.451168106434e-03
Mon Sep 21 15:12:32 2026<stdout>:4682 KSP Residual norm 3.450864790235e-03
Mon Sep 21 15:12:32 2026<stdout>:4683 KSP Residual norm 3.450771873607e-03
Mon Sep 21 15:12:32 2026<stdout>:4684 KSP Residual norm 3.450708770822e-03
Mon Sep 21 15:12:32 2026<stdout>:4685 KSP Residual norm 3.450680627527e-03
Mon Sep 21 15:12:32 2026<stdout>:4686 KSP Residual norm 3.450669147534e-03
Mon Sep 21 15:12:32 2026<stdout>:4687 KSP Residual norm 3.450651880920e-03
Mon Sep 21 15:12:32 2026<stdout>:4688 KSP Residual norm 3.444643834924e-03
Mon Sep 21 15:12:32 2026<stdout>:4689 KSP Residual norm 3.444617860336e-03
Mon Sep 21 15:12:32 2026<stdout>:4690 KSP Residual norm 3.412680553835e-03
Mon Sep 21 15:12:32 2026<stdout>:4691 KSP Residual norm 3.412564516712e-03
Mon Sep 21 15:12:32 2026<stdout>:4692 KSP Residual norm 3.411657462200e-03
Mon Sep 21 15:12:32 2026<stdout>:4693 KSP Residual norm 3.411631559224e-03
Mon Sep 21 15:12:33 2026<stdout>:4694 KSP Residual norm 3.406086696589e-03
Mon Sep 21 15:12:33 2026<stdout>:4695 KSP Residual norm 3.406081992034e-03
Mon Sep 21 15:12:33 2026<stdout>:4696 KSP Residual norm 3.402137657475e-03
Mon Sep 21 15:12:33 2026<stdout>:4697 KSP Residual norm 3.399952385096e-03
Mon Sep 21 15:12:33 2026<stdout>:4698 KSP Residual norm 3.399944673070e-03
Mon Sep 21 15:12:33 2026<stdout>:4699 KSP Residual norm 3.398183409748e-03
Mon Sep 21 15:12:33 2026<stdout>:4700 KSP Residual norm 3.397965520416e-03
Mon Sep 21 15:12:33 2026<stdout>:4701 KSP Residual norm 3.397585666875e-03
Mon Sep 21 15:12:33 2026<stdout>:4702 KSP Residual norm 3.397395400358e-03
Mon Sep 21 15:12:33 2026<stdout>:4703 KSP Residual norm 3.397101076603e-03
Mon Sep 21 15:12:33 2026<stdout>:4704 KSP Residual norm 3.396908879557e-03
Mon Sep 21 15:12:33 2026<stdout>:4705 KSP Residual norm 3.393516502586e-03
Mon Sep 21 15:12:33 2026<stdout>:4706 KSP Residual norm 3.393452165325e-03
Mon Sep 21 15:12:33 2026<stdout>:4707 KSP Residual norm 3.393011528588e-03
Mon Sep 21 15:12:33 2026<stdout>:4708 KSP Residual norm 3.392885546305e-03
Mon Sep 21 15:12:33 2026<stdout>:4709 KSP Residual norm 3.390513624285e-03
Mon Sep 21 15:12:33 2026<stdout>:4710 KSP Residual norm 3.390511319986e-03
Mon Sep 21 15:12:33 2026<stdout>:4711 KSP Residual norm 3.390121011900e-03
Mon Sep 21 15:12:33 2026<stdout>:4712 KSP Residual norm 3.388129518061e-03
Mon Sep 21 15:12:33 2026<stdout>:4713 KSP Residual norm 3.382966544192e-03
Mon Sep 21 15:12:33 2026<stdout>:4714 KSP Residual norm 3.381836307817e-03
Mon Sep 21 15:12:33 2026<stdout>:4715 KSP Residual norm 3.377759378837e-03
Mon Sep 21 15:12:33 2026<stdout>:4716 KSP Residual norm 3.377729888051e-03
Mon Sep 21 15:12:33 2026<stdout>:4717 KSP Residual norm 3.377702757354e-03
Mon Sep 21 15:12:33 2026<stdout>:4718 KSP Residual norm 3.377436252363e-03
Mon Sep 21 15:12:33 2026<stdout>:4719 KSP Residual norm 3.376503902767e-03
Mon Sep 21 15:12:33 2026<stdout>:4720 KSP Residual norm 3.376503219108e-03
Mon Sep 21 15:12:33 2026<stdout>:4721 KSP Residual norm 3.376272300357e-03
Mon Sep 21 15:12:33 2026<stdout>:4722 KSP Residual norm 3.376215591347e-03
Mon Sep 21 15:12:33 2026<stdout>:4723 KSP Residual norm 3.376065491297e-03
Mon Sep 21 15:12:33 2026<stdout>:4724 KSP Residual norm 3.375398948835e-03
Mon Sep 21 15:12:33 2026<stdout>:4725 KSP Residual norm 3.375356811398e-03
Mon Sep 21 15:12:33 2026<stdout>:4726 KSP Residual norm 3.375247335663e-03
Mon Sep 21 15:12:33 2026<stdout>:4727 KSP Residual norm 3.374477954809e-03
Mon Sep 21 15:12:33 2026<stdout>:4728 KSP Residual norm 3.371934661542e-03
Mon Sep 21 15:12:33 2026<stdout>:4729 KSP Residual norm 3.370333492421e-03
Mon Sep 21 15:12:33 2026<stdout>:4730 KSP Residual norm 3.365790611243e-03
Mon Sep 21 15:12:33 2026<stdout>:4731 KSP Residual norm 3.365656402362e-03
Mon Sep 21 15:12:33 2026<stdout>:4732 KSP Residual norm 3.365653046336e-03
Mon Sep 21 15:12:33 2026<stdout>:4733 KSP Residual norm 3.365604197304e-03
Mon Sep 21 15:12:33 2026<stdout>:4734 KSP Residual norm 3.362393094707e-03
Mon Sep 21 15:12:33 2026<stdout>:4735 KSP Residual norm 3.362249454019e-03
Mon Sep 21 15:12:33 2026<stdout>:4736 KSP Residual norm 3.362248429449e-03
Mon Sep 21 15:12:33 2026<stdout>:4737 KSP Residual norm 3.362038469348e-03
Mon Sep 21 15:12:33 2026<stdout>:4738 KSP Residual norm 3.362023890387e-03
Mon Sep 21 15:12:33 2026<stdout>:4739 KSP Residual norm 3.358455492319e-03
Mon Sep 21 15:12:33 2026<stdout>:4740 KSP Residual norm 3.356492201316e-03
Mon Sep 21 15:12:33 2026<stdout>:4741 KSP Residual norm 3.356239099776e-03
Mon Sep 21 15:12:33 2026<stdout>:4742 KSP Residual norm 3.354863308729e-03
Mon Sep 21 15:12:33 2026<stdout>:4743 KSP Residual norm 3.354325794734e-03
Mon Sep 21 15:12:33 2026<stdout>:4744 KSP Residual norm 3.353604250850e-03
Mon Sep 21 15:12:33 2026<stdout>:4745 KSP Residual norm 3.353428845247e-03
Mon Sep 21 15:12:33 2026<stdout>:4746 KSP Residual norm 3.352474023193e-03
Mon Sep 21 15:12:33 2026<stdout>:4747 KSP Residual norm 3.352465042670e-03
Mon Sep 21 15:12:33 2026<stdout>:4748 KSP Residual norm 3.352449874700e-03
Mon Sep 21 15:12:33 2026<stdout>:4749 KSP Residual norm 3.352425965397e-03
Mon Sep 21 15:12:33 2026<stdout>:4750 KSP Residual norm 3.348629435394e-03
Mon Sep 21 15:12:33 2026<stdout>:4751 KSP Residual norm 3.348614769777e-03
Mon Sep 21 15:12:33 2026<stdout>:4752 KSP Residual norm 3.347995812830e-03
Mon Sep 21 15:12:33 2026<stdout>:4753 KSP Residual norm 3.345449900813e-03
Mon Sep 21 15:12:33 2026<stdout>:4754 KSP Residual norm 3.344437726039e-03
Mon Sep 21 15:12:33 2026<stdout>:4755 KSP Residual norm 3.344157950532e-03
Mon Sep 21 15:12:33 2026<stdout>:4756 KSP Residual norm 3.344144542199e-03
Mon Sep 21 15:12:33 2026<stdout>:4757 KSP Residual norm 3.341633916145e-03
Mon Sep 21 15:12:33 2026<stdout>:4758 KSP Residual norm 3.341558086715e-03
Mon Sep 21 15:12:33 2026<stdout>:4759 KSP Residual norm 3.341210188800e-03
Mon Sep 21 15:12:33 2026<stdout>:4760 KSP Residual norm 3.340760502238e-03
Mon Sep 21 15:12:33 2026<stdout>:4761 KSP Residual norm 3.339265967888e-03
Mon Sep 21 15:12:33 2026<stdout>:4762 KSP Residual norm 3.339262086369e-03
Mon Sep 21 15:12:33 2026<stdout>:4763 KSP Residual norm 3.338774250423e-03
Mon Sep 21 15:12:33 2026<stdout>:4764 KSP Residual norm 3.336575144189e-03
Mon Sep 21 15:12:33 2026<stdout>:4765 KSP Residual norm 3.335920408648e-03
Mon Sep 21 15:12:33 2026<stdout>:4766 KSP Residual norm 3.321943094081e-03
Mon Sep 21 15:12:33 2026<stdout>:4767 KSP Residual norm 3.314561246262e-03
Mon Sep 21 15:12:33 2026<stdout>:4768 KSP Residual norm 3.311832971168e-03
Mon Sep 21 15:12:33 2026<stdout>:4769 KSP Residual norm 3.309892524832e-03
Mon Sep 21 15:12:33 2026<stdout>:4770 KSP Residual norm 3.307796271310e-03
Mon Sep 21 15:12:33 2026<stdout>:4771 KSP Residual norm 3.307518861712e-03
Mon Sep 21 15:12:33 2026<stdout>:4772 KSP Residual norm 3.285740459591e-03
Mon Sep 21 15:12:33 2026<stdout>:4773 KSP Residual norm 3.282671480139e-03
Mon Sep 21 15:12:33 2026<stdout>:4774 KSP Residual norm 3.279975246685e-03
Mon Sep 21 15:12:33 2026<stdout>:4775 KSP Residual norm 3.279525629737e-03
Mon Sep 21 15:12:33 2026<stdout>:4776 KSP Residual norm 3.276471979307e-03
Mon Sep 21 15:12:33 2026<stdout>:4777 KSP Residual norm 3.272738786842e-03
Mon Sep 21 15:12:33 2026<stdout>:4778 KSP Residual norm 3.267918519032e-03
Mon Sep 21 15:12:34 2026<stdout>:4779 KSP Residual norm 3.263196885958e-03
Mon Sep 21 15:12:34 2026<stdout>:4780 KSP Residual norm 3.262974365931e-03
Mon Sep 21 15:12:34 2026<stdout>:4781 KSP Residual norm 3.262307456144e-03
Mon Sep 21 15:12:34 2026<stdout>:4782 KSP Residual norm 3.262307370908e-03
Mon Sep 21 15:12:34 2026<stdout>:4783 KSP Residual norm 3.260714466145e-03
Mon Sep 21 15:12:34 2026<stdout>:4784 KSP Residual norm 3.260678318238e-03
Mon Sep 21 15:12:34 2026<stdout>:4785 KSP Residual norm 3.260463400318e-03
Mon Sep 21 15:12:34 2026<stdout>:4786 KSP Residual norm 3.255874344667e-03
Mon Sep 21 15:12:34 2026<stdout>:4787 KSP Residual norm 3.253728016209e-03
Mon Sep 21 15:12:34 2026<stdout>:4788 KSP Residual norm 3.253228090246e-03
Mon Sep 21 15:12:34 2026<stdout>:4789 KSP Residual norm 3.253224527159e-03
Mon Sep 21 15:12:34 2026<stdout>:4790 KSP Residual norm 3.252545226680e-03
Mon Sep 21 15:12:34 2026<stdout>:4791 KSP Residual norm 3.252404836353e-03
Mon Sep 21 15:12:34 2026<stdout>:4792 KSP Residual norm 3.252324994266e-03
Mon Sep 21 15:12:34 2026<stdout>:4793 KSP Residual norm 3.252305411890e-03
Mon Sep 21 15:12:34 2026<stdout>:4794 KSP Residual norm 3.251968683308e-03
Mon Sep 21 15:12:34 2026<stdout>:4795 KSP Residual norm 3.251860682118e-03
Mon Sep 21 15:12:34 2026<stdout>:4796 KSP Residual norm 3.251721148901e-03
Mon Sep 21 15:12:34 2026<stdout>:4797 KSP Residual norm 3.249686677601e-03
Mon Sep 21 15:12:34 2026<stdout>:4798 KSP Residual norm 3.236151485703e-03
Mon Sep 21 15:12:34 2026<stdout>:4799 KSP Residual norm 3.235342462021e-03
Mon Sep 21 15:12:34 2026<stdout>:4800 KSP Residual norm 3.573705597219e-03
Mon Sep 21 15:12:34 2026<stdout>:4801 KSP Residual norm 3.528780641528e-03
Mon Sep 21 15:12:34 2026<stdout>:4802 KSP Residual norm 3.481085275184e-03
Mon Sep 21 15:12:34 2026<stdout>:4803 KSP Residual norm 3.474553900583e-03
Mon Sep 21 15:12:34 2026<stdout>:4804 KSP Residual norm 3.452427462355e-03
Mon Sep 21 15:12:34 2026<stdout>:4805 KSP Residual norm 3.445682753795e-03
Mon Sep 21 15:12:34 2026<stdout>:4806 KSP Residual norm 3.432277872754e-03
Mon Sep 21 15:12:34 2026<stdout>:4807 KSP Residual norm 3.432046590681e-03
Mon Sep 21 15:12:34 2026<stdout>:4808 KSP Residual norm 3.430046609475e-03
Mon Sep 21 15:12:34 2026<stdout>:4809 KSP Residual norm 3.428853359393e-03
Mon Sep 21 15:12:34 2026<stdout>:4810 KSP Residual norm 3.428850873321e-03
Mon Sep 21 15:12:34 2026<stdout>:4811 KSP Residual norm 3.428767969393e-03
Mon Sep 21 15:12:34 2026<stdout>:4812 KSP Residual norm 3.428655045734e-03
Mon Sep 21 15:12:34 2026<stdout>:4813 KSP Residual norm 3.428504121483e-03
Mon Sep 21 15:12:34 2026<stdout>:4814 KSP Residual norm 3.425602433938e-03
Mon Sep 21 15:12:34 2026<stdout>:4815 KSP Residual norm 3.425593800492e-03
Mon Sep 21 15:12:34 2026<stdout>:4816 KSP Residual norm 3.417929020002e-03
Mon Sep 21 15:12:34 2026<stdout>:4817 KSP Residual norm 3.417823685330e-03
Mon Sep 21 15:12:34 2026<stdout>:4818 KSP Residual norm 3.417705703670e-03
Mon Sep 21 15:12:34 2026<stdout>:4819 KSP Residual norm 3.417589160131e-03
Mon Sep 21 15:12:34 2026<stdout>:4820 KSP Residual norm 3.415103852600e-03
Mon Sep 21 15:12:34 2026<stdout>:4821 KSP Residual norm 3.415103093197e-03
Mon Sep 21 15:12:34 2026<stdout>:4822 KSP Residual norm 3.411024728428e-03
Mon Sep 21 15:12:34 2026<stdout>:4823 KSP Residual norm 3.410952353596e-03
Mon Sep 21 15:12:34 2026<stdout>:4824 KSP Residual norm 3.407885287373e-03
Mon Sep 21 15:12:34 2026<stdout>:4825 KSP Residual norm 3.407885253861e-03
Mon Sep 21 15:12:34 2026<stdout>:4826 KSP Residual norm 3.379808706934e-03
Mon Sep 21 15:12:34 2026<stdout>:4827 KSP Residual norm 3.379734249718e-03
Mon Sep 21 15:12:34 2026<stdout>:4828 KSP Residual norm 3.374931498831e-03
Mon Sep 21 15:12:34 2026<stdout>:4829 KSP Residual norm 3.374689640840e-03
Mon Sep 21 15:12:34 2026<stdout>:4830 KSP Residual norm 3.338220198748e-03
Mon Sep 21 15:12:34 2026<stdout>:4831 KSP Residual norm 3.338093556014e-03
Mon Sep 21 15:12:34 2026<stdout>:4832 KSP Residual norm 3.334918828929e-03
Mon Sep 21 15:12:34 2026<stdout>:4833 KSP Residual norm 3.334858574424e-03
Mon Sep 21 15:12:34 2026<stdout>:4834 KSP Residual norm 3.334847805734e-03
Mon Sep 21 15:12:34 2026<stdout>:4835 KSP Residual norm 3.334241597727e-03
Mon Sep 21 15:12:34 2026<stdout>:4836 KSP Residual norm 3.334158291729e-03
Mon Sep 21 15:12:34 2026<stdout>:4837 KSP Residual norm 3.334067985193e-03
Mon Sep 21 15:12:34 2026<stdout>:4838 KSP Residual norm 3.333888701250e-03
Mon Sep 21 15:12:34 2026<stdout>:4839 KSP Residual norm 3.333411925533e-03
Mon Sep 21 15:12:34 2026<stdout>:4840 KSP Residual norm 3.333223274662e-03
Mon Sep 21 15:12:34 2026<stdout>:4841 KSP Residual norm 3.333166053699e-03
Mon Sep 21 15:12:34 2026<stdout>:4842 KSP Residual norm 3.332917099219e-03
Mon Sep 21 15:12:34 2026<stdout>:4843 KSP Residual norm 3.332884131408e-03
Mon Sep 21 15:12:34 2026<stdout>:4844 KSP Residual norm 3.330789957208e-03
Mon Sep 21 15:12:34 2026<stdout>:4845 KSP Residual norm 3.330785636512e-03
Mon Sep 21 15:12:34 2026<stdout>:4846 KSP Residual norm 3.329958554707e-03
Mon Sep 21 15:12:34 2026<stdout>:4847 KSP Residual norm 3.329890462542e-03
Mon Sep 21 15:12:34 2026<stdout>:4848 KSP Residual norm 3.326925715789e-03
Mon Sep 21 15:12:34 2026<stdout>:4849 KSP Residual norm 3.326243207008e-03
Mon Sep 21 15:12:34 2026<stdout>:4850 KSP Residual norm 3.325375854251e-03
Mon Sep 21 15:12:34 2026<stdout>:4851 KSP Residual norm 3.324833820146e-03
Mon Sep 21 15:12:34 2026<stdout>:4852 KSP Residual norm 3.324141496363e-03
Mon Sep 21 15:12:34 2026<stdout>:4853 KSP Residual norm 3.323709579613e-03
Mon Sep 21 15:12:34 2026<stdout>:4854 KSP Residual norm 3.322713539980e-03
Mon Sep 21 15:12:34 2026<stdout>:4855 KSP Residual norm 3.322540099417e-03
Mon Sep 21 15:12:34 2026<stdout>:4856 KSP Residual norm 3.317614098184e-03
Mon Sep 21 15:12:34 2026<stdout>:4857 KSP Residual norm 3.317436115143e-03
Mon Sep 21 15:12:34 2026<stdout>:4858 KSP Residual norm 3.317435062750e-03
Mon Sep 21 15:12:34 2026<stdout>:4859 KSP Residual norm 3.317434571779e-03
Mon Sep 21 15:12:34 2026<stdout>:4860 KSP Residual norm 3.314456230410e-03
Mon Sep 21 15:12:34 2026<stdout>:4861 KSP Residual norm 3.313011797180e-03
Mon Sep 21 15:12:34 2026<stdout>:4862 KSP Residual norm 3.312726550860e-03
Mon Sep 21 15:12:34 2026<stdout>:4863 KSP Residual norm 3.312725346270e-03
Mon Sep 21 15:12:34 2026<stdout>:4864 KSP Residual norm 3.312388599527e-03
Mon Sep 21 15:12:34 2026<stdout>:4865 KSP Residual norm 3.305406408001e-03
Mon Sep 21 15:12:34 2026<stdout>:4866 KSP Residual norm 3.304754381372e-03
Mon Sep 21 15:12:34 2026<stdout>:4867 KSP Residual norm 3.302120597569e-03
Mon Sep 21 15:12:34 2026<stdout>:4868 KSP Residual norm 3.299113566406e-03
Mon Sep 21 15:12:34 2026<stdout>:4869 KSP Residual norm 3.299056942730e-03
Mon Sep 21 15:12:34 2026<stdout>:4870 KSP Residual norm 3.298171599600e-03
Mon Sep 21 15:12:34 2026<stdout>:4871 KSP Residual norm 3.294780589708e-03
Mon Sep 21 15:12:34 2026<stdout>:4872 KSP Residual norm 3.294411482009e-03
Mon Sep 21 15:12:34 2026<stdout>:4873 KSP Residual norm 3.292672562010e-03
Mon Sep 21 15:12:35 2026<stdout>:4874 KSP Residual norm 3.292473043368e-03
Mon Sep 21 15:12:35 2026<stdout>:4875 KSP Residual norm 3.287627978165e-03
Mon Sep 21 15:12:35 2026<stdout>:4876 KSP Residual norm 3.287464082359e-03
Mon Sep 21 15:12:35 2026<stdout>:4877 KSP Residual norm 3.287295953167e-03
Mon Sep 21 15:12:35 2026<stdout>:4878 KSP Residual norm 3.286887629542e-03
Mon Sep 21 15:12:35 2026<stdout>:4879 KSP Residual norm 3.286884436445e-03
Mon Sep 21 15:12:35 2026<stdout>:4880 KSP Residual norm 3.286878619776e-03
Mon Sep 21 15:12:35 2026<stdout>:4881 KSP Residual norm 3.282031573904e-03
Mon Sep 21 15:12:35 2026<stdout>:4882 KSP Residual norm 3.281961009834e-03
Mon Sep 21 15:12:35 2026<stdout>:4883 KSP Residual norm 3.277046688687e-03
Mon Sep 21 15:12:35 2026<stdout>:4884 KSP Residual norm 3.276672311473e-03
Mon Sep 21 15:12:35 2026<stdout>:4885 KSP Residual norm 3.276664585221e-03
Mon Sep 21 15:12:35 2026<stdout>:4886 KSP Residual norm 3.276663004729e-03
Mon Sep 21 15:12:35 2026<stdout>:4887 KSP Residual norm 3.276057048208e-03
Mon Sep 21 15:12:35 2026<stdout>:4888 KSP Residual norm 3.274436852355e-03
Mon Sep 21 15:12:35 2026<stdout>:4889 KSP Residual norm 3.274416134131e-03
Mon Sep 21 15:12:35 2026<stdout>:4890 KSP Residual norm 3.274415922365e-03
Mon Sep 21 15:12:35 2026<stdout>:4891 KSP Residual norm 3.274367894757e-03
Mon Sep 21 15:12:35 2026<stdout>:4892 KSP Residual norm 3.274296658953e-03
Mon Sep 21 15:12:35 2026<stdout>:4893 KSP Residual norm 3.274254061154e-03
Mon Sep 21 15:12:35 2026<stdout>:4894 KSP Residual norm 3.273658520171e-03
Mon Sep 21 15:12:35 2026<stdout>:4895 KSP Residual norm 3.273526838587e-03
Mon Sep 21 15:12:35 2026<stdout>:4896 KSP Residual norm 3.273065054479e-03
Mon Sep 21 15:12:35 2026<stdout>:4897 KSP Residual norm 3.273041283305e-03
Mon Sep 21 15:12:35 2026<stdout>:4898 KSP Residual norm 3.272510927043e-03
Mon Sep 21 15:12:35 2026<stdout>:4899 KSP Residual norm 3.268163291091e-03
Mon Sep 21 15:12:35 2026<stdout>:4900 KSP Residual norm 3.268105837117e-03
Mon Sep 21 15:12:35 2026<stdout>:4901 KSP Residual norm 3.267958277227e-03
Mon Sep 21 15:12:35 2026<stdout>:4902 KSP Residual norm 3.267943644399e-03
Mon Sep 21 15:12:35 2026<stdout>:4903 KSP Residual norm 3.267860497835e-03
Mon Sep 21 15:12:35 2026<stdout>:4904 KSP Residual norm 3.267686599812e-03
Mon Sep 21 15:12:35 2026<stdout>:4905 KSP Residual norm 3.267648533936e-03
Mon Sep 21 15:12:35 2026<stdout>:4906 KSP Residual norm 3.267055925079e-03
Mon Sep 21 15:12:35 2026<stdout>:4907 KSP Residual norm 3.266468449102e-03
Mon Sep 21 15:12:35 2026<stdout>:4908 KSP Residual norm 3.264783166974e-03
Mon Sep 21 15:12:35 2026<stdout>:4909 KSP Residual norm 3.264771542369e-03
Mon Sep 21 15:12:35 2026<stdout>:4910 KSP Residual norm 3.263350349315e-03
Mon Sep 21 15:12:35 2026<stdout>:4911 KSP Residual norm 3.259744233814e-03
Mon Sep 21 15:12:35 2026<stdout>:4912 KSP Residual norm 3.258706195882e-03
Mon Sep 21 15:12:35 2026<stdout>:4913 KSP Residual norm 3.258347609917e-03
Mon Sep 21 15:12:35 2026<stdout>:4914 KSP Residual norm 3.258328232454e-03
Mon Sep 21 15:12:35 2026<stdout>:4915 KSP Residual norm 3.258326751607e-03
Mon Sep 21 15:12:35 2026<stdout>:4916 KSP Residual norm 3.256695656342e-03
Mon Sep 21 15:12:35 2026<stdout>:4917 KSP Residual norm 3.256614333838e-03
Mon Sep 21 15:12:35 2026<stdout>:4918 KSP Residual norm 3.256085548342e-03
Mon Sep 21 15:12:35 2026<stdout>:4919 KSP Residual norm 3.255906516981e-03
Mon Sep 21 15:12:35 2026<stdout>:4920 KSP Residual norm 3.255792735010e-03
Mon Sep 21 15:12:35 2026<stdout>:4921 KSP Residual norm 3.255666087004e-03
Mon Sep 21 15:12:35 2026<stdout>:4922 KSP Residual norm 3.254349594555e-03
Mon Sep 21 15:12:35 2026<stdout>:4923 KSP Residual norm 3.253045777077e-03
Mon Sep 21 15:12:35 2026<stdout>:4924 KSP Residual norm 3.252972399857e-03
Mon Sep 21 15:12:35 2026<stdout>:4925 KSP Residual norm 3.252603114365e-03
Mon Sep 21 15:12:35 2026<stdout>:4926 KSP Residual norm 3.252052893479e-03
Mon Sep 21 15:12:35 2026<stdout>:4927 KSP Residual norm 3.249774623018e-03
Mon Sep 21 15:12:35 2026<stdout>:4928 KSP Residual norm 3.249611253151e-03
Mon Sep 21 15:12:35 2026<stdout>:4929 KSP Residual norm 3.247916878638e-03
Mon Sep 21 15:12:35 2026<stdout>:4930 KSP Residual norm 3.245153847500e-03
Mon Sep 21 15:12:35 2026<stdout>:4931 KSP Residual norm 3.245133922080e-03
Mon Sep 21 15:12:35 2026<stdout>:4932 KSP Residual norm 3.244936269435e-03
Mon Sep 21 15:12:35 2026<stdout>:4933 KSP Residual norm 3.240592623720e-03
Mon Sep 21 15:12:35 2026<stdout>:4934 KSP Residual norm 3.233757150769e-03
Mon Sep 21 15:12:35 2026<stdout>:4935 KSP Residual norm 3.232958433843e-03
Mon Sep 21 15:12:35 2026<stdout>:4936 KSP Residual norm 3.232957622210e-03
Mon Sep 21 15:12:35 2026<stdout>:4937 KSP Residual norm 3.232344595639e-03
Mon Sep 21 15:12:35 2026<stdout>:4938 KSP Residual norm 3.231503155867e-03
Mon Sep 21 15:12:35 2026<stdout>:4939 KSP Residual norm 3.231153071816e-03
Mon Sep 21 15:12:35 2026<stdout>:4940 KSP Residual norm 3.230513156985e-03
Mon Sep 21 15:12:35 2026<stdout>:4941 KSP Residual norm 3.230498761916e-03
Mon Sep 21 15:12:35 2026<stdout>:4942 KSP Residual norm 3.230296685177e-03
Mon Sep 21 15:12:35 2026<stdout>:4943 KSP Residual norm 3.228262188588e-03
Mon Sep 21 15:12:35 2026<stdout>:4944 KSP Residual norm 3.228098905260e-03
Mon Sep 21 15:12:35 2026<stdout>:4945 KSP Residual norm 3.227941983824e-03
Mon Sep 21 15:12:35 2026<stdout>:4946 KSP Residual norm 3.227008936064e-03
Mon Sep 21 15:12:35 2026<stdout>:4947 KSP Residual norm 3.222636760042e-03
Mon Sep 21 15:12:35 2026<stdout>:4948 KSP Residual norm 3.220326375720e-03
Mon Sep 21 15:12:35 2026<stdout>:4949 KSP Residual norm 3.219529201244e-03
Mon Sep 21 15:12:35 2026<stdout>:4950 KSP Residual norm 3.718528615855e-03
Mon Sep 21 15:12:36 2026<stdout>:4951 KSP Residual norm 3.409945982124e-03
Mon Sep 21 15:12:36 2026<stdout>:4952 KSP Residual norm 2.883246933752e-03
Mon Sep 21 15:12:36 2026<stdout>:4953 KSP Residual norm 2.845175498674e-03
Mon Sep 21 15:12:36 2026<stdout>:4954 KSP Residual norm 2.844644998146e-03
Mon Sep 21 15:12:36 2026<stdout>:4955 KSP Residual norm 2.844173125157e-03
Mon Sep 21 15:12:36 2026<stdout>:4956 KSP Residual norm 2.815132775914e-03
Mon Sep 21 15:12:36 2026<stdout>:4957 KSP Residual norm 2.813988859372e-03
Mon Sep 21 15:12:36 2026<stdout>:4958 KSP Residual norm 2.813980508972e-03
Mon Sep 21 15:12:36 2026<stdout>:4959 KSP Residual norm 2.813924955706e-03
Mon Sep 21 15:12:36 2026<stdout>:4960 KSP Residual norm 2.813533151583e-03
Mon Sep 21 15:12:36 2026<stdout>:4961 KSP Residual norm 2.813530868609e-03
Mon Sep 21 15:12:36 2026<stdout>:4962 KSP Residual norm 2.802424253958e-03
Mon Sep 21 15:12:36 2026<stdout>:4963 KSP Residual norm 2.802033690082e-03
Mon Sep 21 15:12:36 2026<stdout>:4964 KSP Residual norm 2.793314587854e-03
Mon Sep 21 15:12:36 2026<stdout>:4965 KSP Residual norm 2.793310887798e-03
Mon Sep 21 15:12:36 2026<stdout>:4966 KSP Residual norm 2.778302531600e-03
Mon Sep 21 15:12:36 2026<stdout>:4967 KSP Residual norm 2.778302109958e-03
Mon Sep 21 15:12:36 2026<stdout>:4968 KSP Residual norm 2.765008706445e-03
Mon Sep 21 15:12:36 2026<stdout>:4969 KSP Residual norm 2.764934024646e-03
Mon Sep 21 15:12:36 2026<stdout>:4970 KSP Residual norm 2.762027574913e-03
Mon Sep 21 15:12:36 2026<stdout>:4971 KSP Residual norm 2.761943977998e-03
Mon Sep 21 15:12:36 2026<stdout>:4972 KSP Residual norm 2.761943259407e-03
Mon Sep 21 15:12:36 2026<stdout>:4973 KSP Residual norm 2.761728459927e-03
Mon Sep 21 15:12:36 2026<stdout>:4974 KSP Residual norm 2.759256806503e-03
Mon Sep 21 15:12:36 2026<stdout>:4975 KSP Residual norm 2.759157562381e-03
Mon Sep 21 15:12:36 2026<stdout>:4976 KSP Residual norm 2.759155107738e-03
Mon Sep 21 15:12:36 2026<stdout>:4977 KSP Residual norm 2.759108482173e-03
Mon Sep 21 15:12:36 2026<stdout>:4978 KSP Residual norm 2.757426784268e-03
Mon Sep 21 15:12:36 2026<stdout>:4979 KSP Residual norm 2.756611604664e-03
Mon Sep 21 15:12:36 2026<stdout>:4980 KSP Residual norm 2.745345665807e-03
Mon Sep 21 15:12:36 2026<stdout>:4981 KSP Residual norm 2.745335924109e-03
Mon Sep 21 15:12:36 2026<stdout>:4982 KSP Residual norm 2.744094521884e-03
Mon Sep 21 15:12:36 2026<stdout>:4983 KSP Residual norm 2.744042298179e-03
Mon Sep 21 15:12:36 2026<stdout>:4984 KSP Residual norm 2.744041209917e-03
Mon Sep 21 15:12:36 2026<stdout>:4985 KSP Residual norm 2.744041056350e-03
Mon Sep 21 15:12:36 2026<stdout>:4986 KSP Residual norm 2.744032263986e-03
Mon Sep 21 15:12:36 2026<stdout>:4987 KSP Residual norm 2.744031244131e-03
Mon Sep 21 15:12:36 2026<stdout>:4988 KSP Residual norm 2.740985957565e-03
Mon Sep 21 15:12:36 2026<stdout>:4989 KSP Residual norm 2.740921718734e-03
Mon Sep 21 15:12:36 2026<stdout>:4990 KSP Residual norm 2.740875789618e-03
Mon Sep 21 15:12:36 2026<stdout>:4991 KSP Residual norm 2.740855271929e-03
Mon Sep 21 15:12:36 2026<stdout>:4992 KSP Residual norm 2.737753863623e-03
Mon Sep 21 15:12:36 2026<stdout>:4993 KSP Residual norm 2.737486815193e-03
Mon Sep 21 15:12:36 2026<stdout>:4994 KSP Residual norm 2.737214487297e-03
Mon Sep 21 15:12:36 2026<stdout>:4995 KSP Residual norm 2.737099778231e-03
Mon Sep 21 15:12:36 2026<stdout>:4996 KSP Residual norm 2.736970649435e-03
Mon Sep 21 15:12:36 2026<stdout>:4997 KSP Residual norm 2.736961768888e-03
Mon Sep 21 15:12:36 2026<stdout>:4998 KSP Residual norm 2.736819210025e-03
Mon Sep 21 15:12:36 2026<stdout>:4999 KSP Residual norm 2.734596078713e-03
Mon Sep 21 15:12:36 2026<stdout>:5000 KSP Residual norm 2.732693018934e-03
Mon Sep 21 15:12:36 2026<stdout>:5001 KSP Residual norm 2.732685589008e-03
Mon Sep 21 15:12:36 2026<stdout>:5002 KSP Residual norm 2.732231588050e-03
Mon Sep 21 15:12:36 2026<stdout>:5003 KSP Residual norm 2.730867729951e-03
Mon Sep 21 15:12:36 2026<stdout>:5004 KSP Residual norm 2.729979336179e-03
Mon Sep 21 15:12:36 2026<stdout>:5005 KSP Residual norm 2.729162376566e-03
Mon Sep 21 15:12:36 2026<stdout>:5006 KSP Residual norm 2.729075803265e-03
Mon Sep 21 15:12:36 2026<stdout>:5007 KSP Residual norm 2.720942760077e-03
Mon Sep 21 15:12:36 2026<stdout>:5008 KSP Residual norm 2.714104973927e-03
Mon Sep 21 15:12:36 2026<stdout>:5009 KSP Residual norm 2.710014086073e-03
Mon Sep 21 15:12:36 2026<stdout>:5010 KSP Residual norm 2.710012234741e-03
Mon Sep 21 15:12:36 2026<stdout>:5011 KSP Residual norm 2.707704353421e-03
Mon Sep 21 15:12:36 2026<stdout>:5012 KSP Residual norm 2.707610164091e-03
Mon Sep 21 15:12:36 2026<stdout>:5013 KSP Residual norm 2.707407321241e-03
Mon Sep 21 15:12:36 2026<stdout>:5014 KSP Residual norm 2.707111550235e-03
Mon Sep 21 15:12:36 2026<stdout>:5015 KSP Residual norm 2.707103499361e-03
Mon Sep 21 15:12:36 2026<stdout>:5016 KSP Residual norm 2.707094268382e-03
Mon Sep 21 15:12:36 2026<stdout>:5017 KSP Residual norm 2.703755585992e-03
Mon Sep 21 15:12:36 2026<stdout>:5018 KSP Residual norm 2.703570626705e-03
Mon Sep 21 15:12:36 2026<stdout>:5019 KSP Residual norm 2.700809174942e-03
Mon Sep 21 15:12:36 2026<stdout>:5020 KSP Residual norm 2.700726806225e-03
Mon Sep 21 15:12:36 2026<stdout>:5021 KSP Residual norm 2.699975932075e-03
Mon Sep 21 15:12:36 2026<stdout>:5022 KSP Residual norm 2.698704553445e-03
Mon Sep 21 15:12:36 2026<stdout>:5023 KSP Residual norm 2.698498843444e-03
Mon Sep 21 15:12:36 2026<stdout>:5024 KSP Residual norm 2.697379463743e-03
Mon Sep 21 15:12:36 2026<stdout>:5025 KSP Residual norm 2.697005052595e-03
Mon Sep 21 15:12:36 2026<stdout>:5026 KSP Residual norm 2.693631419853e-03
Mon Sep 21 15:12:36 2026<stdout>:5027 KSP Residual norm 2.684640506400e-03
Mon Sep 21 15:12:36 2026<stdout>:5028 KSP Residual norm 2.683289812905e-03
Mon Sep 21 15:12:36 2026<stdout>:5029 KSP Residual norm 2.682385105852e-03
Mon Sep 21 15:12:36 2026<stdout>:5030 KSP Residual norm 2.681590857993e-03
Mon Sep 21 15:12:36 2026<stdout>:5031 KSP Residual norm 2.681128195554e-03
Mon Sep 21 15:12:36 2026<stdout>:5032 KSP Residual norm 2.680814722719e-03
Mon Sep 21 15:12:36 2026<stdout>:5033 KSP Residual norm 2.680302388544e-03
Mon Sep 21 15:12:36 2026<stdout>:5034 KSP Residual norm 2.679841373158e-03
Mon Sep 21 15:12:36 2026<stdout>:5035 KSP Residual norm 2.679475613912e-03
Mon Sep 21 15:12:36 2026<stdout>:5036 KSP Residual norm 2.679442472748e-03
Mon Sep 21 15:12:36 2026<stdout>:5037 KSP Residual norm 2.670203020025e-03
Mon Sep 21 15:12:36 2026<stdout>:5038 KSP Residual norm 2.659208897431e-03
Mon Sep 21 15:12:36 2026<stdout>:5039 KSP Residual norm 2.658669119686e-03
Mon Sep 21 15:12:36 2026<stdout>:5040 KSP Residual norm 2.658584092973e-03
Mon Sep 21 15:12:36 2026<stdout>:5041 KSP Residual norm 2.658438860926e-03
Mon Sep 21 15:12:36 2026<stdout>:5042 KSP Residual norm 2.658438159160e-03
Mon Sep 21 15:12:36 2026<stdout>:5043 KSP Residual norm 2.657415128580e-03
Mon Sep 21 15:12:36 2026<stdout>:5044 KSP Residual norm 2.657138768027e-03
Mon Sep 21 15:12:36 2026<stdout>:5045 KSP Residual norm 2.656480192570e-03
Mon Sep 21 15:12:36 2026<stdout>:5046 KSP Residual norm 2.655029345070e-03
Mon Sep 21 15:12:36 2026<stdout>:5047 KSP Residual norm 2.654354502545e-03
Mon Sep 21 15:12:36 2026<stdout>:5048 KSP Residual norm 2.653865976900e-03
Mon Sep 21 15:12:36 2026<stdout>:5049 KSP Residual norm 2.653385167700e-03
Mon Sep 21 15:12:37 2026<stdout>:5050 KSP Residual norm 2.653190144487e-03
Mon Sep 21 15:12:37 2026<stdout>:5051 KSP Residual norm 2.651225964100e-03
Mon Sep 21 15:12:37 2026<stdout>:5052 KSP Residual norm 2.650927296619e-03
Mon Sep 21 15:12:37 2026<stdout>:5053 KSP Residual norm 2.649422891300e-03
Mon Sep 21 15:12:37 2026<stdout>:5054 KSP Residual norm 2.644216369011e-03
Mon Sep 21 15:12:37 2026<stdout>:5055 KSP Residual norm 2.637131749825e-03
Mon Sep 21 15:12:37 2026<stdout>:5056 KSP Residual norm 2.631866285619e-03
Mon Sep 21 15:12:37 2026<stdout>:5057 KSP Residual norm 2.631349100938e-03
Mon Sep 21 15:12:37 2026<stdout>:5058 KSP Residual norm 2.628021651971e-03
Mon Sep 21 15:12:37 2026<stdout>:5059 KSP Residual norm 2.626132218114e-03
Mon Sep 21 15:12:37 2026<stdout>:5060 KSP Residual norm 2.625943029328e-03
Mon Sep 21 15:12:37 2026<stdout>:5061 KSP Residual norm 2.618138217895e-03
Mon Sep 21 15:12:37 2026<stdout>:5062 KSP Residual norm 2.616219509413e-03
Mon Sep 21 15:12:37 2026<stdout>:5063 KSP Residual norm 2.616205772698e-03
Mon Sep 21 15:12:37 2026<stdout>:5064 KSP Residual norm 2.616203015026e-03
Mon Sep 21 15:12:37 2026<stdout>:5065 KSP Residual norm 2.610308856567e-03
Mon Sep 21 15:12:37 2026<stdout>:5066 KSP Residual norm 2.608438484687e-03
Mon Sep 21 15:12:37 2026<stdout>:5067 KSP Residual norm 2.607851663673e-03
Mon Sep 21 15:12:37 2026<stdout>:5068 KSP Residual norm 2.607707763315e-03
Mon Sep 21 15:12:37 2026<stdout>:5069 KSP Residual norm 2.604973059840e-03
Mon Sep 21 15:12:37 2026<stdout>:5070 KSP Residual norm 2.604707671242e-03
Mon Sep 21 15:12:37 2026<stdout>:5071 KSP Residual norm 2.604607480538e-03
Mon Sep 21 15:12:37 2026<stdout>:5072 KSP Residual norm 2.604582317464e-03
Mon Sep 21 15:12:37 2026<stdout>:5073 KSP Residual norm 2.604203367531e-03
Mon Sep 21 15:12:37 2026<stdout>:5074 KSP Residual norm 2.603593090483e-03
Mon Sep 21 15:12:37 2026<stdout>:5075 KSP Residual norm 2.603417663365e-03
Mon Sep 21 15:12:37 2026<stdout>:5076 KSP Residual norm 2.602348665595e-03
Mon Sep 21 15:12:37 2026<stdout>:5077 KSP Residual norm 2.600517948156e-03
Mon Sep 21 15:12:37 2026<stdout>:5078 KSP Residual norm 2.600404589590e-03
Mon Sep 21 15:12:37 2026<stdout>:5079 KSP Residual norm 2.600365204108e-03
Mon Sep 21 15:12:37 2026<stdout>:5080 KSP Residual norm 2.599329930755e-03
Mon Sep 21 15:12:37 2026<stdout>:5081 KSP Residual norm 2.598806925691e-03
Mon Sep 21 15:12:37 2026<stdout>:5082 KSP Residual norm 2.597866866596e-03
Mon Sep 21 15:12:37 2026<stdout>:5083 KSP Residual norm 2.597399811790e-03
Mon Sep 21 15:12:37 2026<stdout>:5084 KSP Residual norm 2.597316954397e-03
Mon Sep 21 15:12:37 2026<stdout>:5085 KSP Residual norm 2.597080786479e-03
Mon Sep 21 15:12:37 2026<stdout>:5086 KSP Residual norm 2.595724884432e-03
Mon Sep 21 15:12:37 2026<stdout>:5087 KSP Residual norm 2.590668429124e-03
Mon Sep 21 15:12:37 2026<stdout>:5088 KSP Residual norm 2.587036999035e-03
Mon Sep 21 15:12:37 2026<stdout>:5089 KSP Residual norm 2.583977409834e-03
Mon Sep 21 15:12:37 2026<stdout>:5090 KSP Residual norm 2.583868089331e-03
Mon Sep 21 15:12:37 2026<stdout>:5091 KSP Residual norm 2.583813668258e-03
Mon Sep 21 15:12:37 2026<stdout>:5092 KSP Residual norm 2.583066143311e-03
Mon Sep 21 15:12:37 2026<stdout>:5093 KSP Residual norm 2.581463604577e-03
Mon Sep 21 15:12:37 2026<stdout>:5094 KSP Residual norm 2.581152043954e-03
Mon Sep 21 15:12:37 2026<stdout>:5095 KSP Residual norm 2.580485655075e-03
Mon Sep 21 15:12:37 2026<stdout>:5096 KSP Residual norm 2.579964129537e-03
Mon Sep 21 15:12:37 2026<stdout>:5097 KSP Residual norm 2.579678767509e-03
Mon Sep 21 15:12:37 2026<stdout>:5098 KSP Residual norm 2.579562148525e-03
Mon Sep 21 15:12:37 2026<stdout>:5099 KSP Residual norm 2.575977617894e-03
Mon Sep 21 15:12:37 2026<stdout>:5100 KSP Residual norm 3.509968502805e-03
Mon Sep 21 15:12:37 2026<stdout>:5101 KSP Residual norm 3.475424125099e-03
Mon Sep 21 15:12:37 2026<stdout>:5102 KSP Residual norm 3.385692457276e-03
Mon Sep 21 15:12:37 2026<stdout>:5103 KSP Residual norm 3.375214158744e-03
Mon Sep 21 15:12:37 2026<stdout>:5104 KSP Residual norm 3.347787513075e-03
Mon Sep 21 15:12:37 2026<stdout>:5105 KSP Residual norm 3.346313991311e-03
Mon Sep 21 15:12:37 2026<stdout>:5106 KSP Residual norm 3.326440644770e-03
Mon Sep 21 15:12:37 2026<stdout>:5107 KSP Residual norm 3.325946253678e-03
Mon Sep 21 15:12:37 2026<stdout>:5108 KSP Residual norm 3.314867368464e-03
Mon Sep 21 15:12:37 2026<stdout>:5109 KSP Residual norm 3.313546879397e-03
Mon Sep 21 15:12:37 2026<stdout>:5110 KSP Residual norm 3.307778643902e-03
Mon Sep 21 15:12:37 2026<stdout>:5111 KSP Residual norm 3.307751138889e-03
Mon Sep 21 15:12:37 2026<stdout>:5112 KSP Residual norm 3.307543315132e-03
Mon Sep 21 15:12:37 2026<stdout>:5113 KSP Residual norm 3.307435162264e-03
Mon Sep 21 15:12:37 2026<stdout>:5114 KSP Residual norm 3.281247161959e-03
Mon Sep 21 15:12:37 2026<stdout>:5115 KSP Residual norm 3.280916696032e-03
Mon Sep 21 15:12:37 2026<stdout>:5116 KSP Residual norm 3.280913121487e-03
Mon Sep 21 15:12:37 2026<stdout>:5117 KSP Residual norm 3.280912341361e-03
Mon Sep 21 15:12:37 2026<stdout>:5118 KSP Residual norm 3.280004582889e-03
Mon Sep 21 15:12:37 2026<stdout>:5119 KSP Residual norm 3.279990247957e-03
Mon Sep 21 15:12:37 2026<stdout>:5120 KSP Residual norm 3.279982445215e-03
Mon Sep 21 15:12:37 2026<stdout>:5121 KSP Residual norm 3.279943132259e-03
Mon Sep 21 15:12:37 2026<stdout>:5122 KSP Residual norm 3.279934500967e-03
Mon Sep 21 15:12:37 2026<stdout>:5123 KSP Residual norm 3.279929021323e-03
Mon Sep 21 15:12:37 2026<stdout>:5124 KSP Residual norm 3.279928861755e-03
Mon Sep 21 15:12:37 2026<stdout>:5125 KSP Residual norm 3.279919347231e-03
Mon Sep 21 15:12:37 2026<stdout>:5126 KSP Residual norm 3.279270971596e-03
Mon Sep 21 15:12:37 2026<stdout>:5127 KSP Residual norm 3.279228437119e-03
Mon Sep 21 15:12:37 2026<stdout>:5128 KSP Residual norm 3.278868203282e-03
Mon Sep 21 15:12:37 2026<stdout>:5129 KSP Residual norm 3.278793381208e-03
Mon Sep 21 15:12:37 2026<stdout>:5130 KSP Residual norm 3.274160401722e-03
Mon Sep 21 15:12:37 2026<stdout>:5131 KSP Residual norm 3.273690840954e-03
Mon Sep 21 15:12:37 2026<stdout>:5132 KSP Residual norm 3.273660448029e-03
Mon Sep 21 15:12:37 2026<stdout>:5133 KSP Residual norm 3.273631988201e-03
Mon Sep 21 15:12:37 2026<stdout>:5134 KSP Residual norm 3.273114899442e-03
Mon Sep 21 15:12:37 2026<stdout>:5135 KSP Residual norm 3.272998000568e-03
Mon Sep 21 15:12:37 2026<stdout>:5136 KSP Residual norm 3.272780640718e-03
Mon Sep 21 15:12:37 2026<stdout>:5137 KSP Residual norm 3.272369637511e-03
Mon Sep 21 15:12:37 2026<stdout>:5138 KSP Residual norm 3.267168541251e-03
Mon Sep 21 15:12:38 2026<stdout>:5139 KSP Residual norm 3.267146085843e-03
Mon Sep 21 15:12:38 2026<stdout>:5140 KSP Residual norm 3.261691370766e-03
Mon Sep 21 15:12:38 2026<stdout>:5141 KSP Residual norm 3.261476440573e-03
Mon Sep 21 15:12:38 2026<stdout>:5142 KSP Residual norm 3.253872438148e-03
Mon Sep 21 15:12:38 2026<stdout>:5143 KSP Residual norm 3.253867060427e-03
Mon Sep 21 15:12:38 2026<stdout>:5144 KSP Residual norm 3.253810592086e-03
Mon Sep 21 15:12:38 2026<stdout>:5145 KSP Residual norm 3.253756104286e-03
Mon Sep 21 15:12:38 2026<stdout>:5146 KSP Residual norm 3.235503763933e-03
Mon Sep 21 15:12:38 2026<stdout>:5147 KSP Residual norm 3.234104694019e-03
Mon Sep 21 15:12:38 2026<stdout>:5148 KSP Residual norm 3.233827323867e-03
Mon Sep 21 15:12:38 2026<stdout>:5149 KSP Residual norm 3.233357522416e-03
Mon Sep 21 15:12:38 2026<stdout>:5150 KSP Residual norm 3.233091251910e-03
Mon Sep 21 15:12:38 2026<stdout>:5151 KSP Residual norm 3.232513299476e-03
Mon Sep 21 15:12:38 2026<stdout>:5152 KSP Residual norm 3.232029366939e-03
Mon Sep 21 15:12:38 2026<stdout>:5153 KSP Residual norm 3.226570512723e-03
Mon Sep 21 15:12:38 2026<stdout>:5154 KSP Residual norm 3.226448557193e-03
Mon Sep 21 15:12:38 2026<stdout>:5155 KSP Residual norm 3.223454009978e-03
Mon Sep 21 15:12:38 2026<stdout>:5156 KSP Residual norm 3.218554207790e-03
Mon Sep 21 15:12:38 2026<stdout>:5157 KSP Residual norm 3.217862490211e-03
Mon Sep 21 15:12:38 2026<stdout>:5158 KSP Residual norm 3.211270772246e-03
Mon Sep 21 15:12:38 2026<stdout>:5159 KSP Residual norm 3.210294691009e-03
Mon Sep 21 15:12:38 2026<stdout>:5160 KSP Residual norm 3.210190237956e-03
Mon Sep 21 15:12:38 2026<stdout>:5161 KSP Residual norm 3.208570556541e-03
Mon Sep 21 15:12:38 2026<stdout>:5162 KSP Residual norm 3.207678135389e-03
Mon Sep 21 15:12:38 2026<stdout>:5163 KSP Residual norm 3.201426465042e-03
Mon Sep 21 15:12:38 2026<stdout>:5164 KSP Residual norm 3.198413557055e-03
Mon Sep 21 15:12:38 2026<stdout>:5165 KSP Residual norm 3.197876765783e-03
Mon Sep 21 15:12:38 2026<stdout>:5166 KSP Residual norm 3.195340392787e-03
Mon Sep 21 15:12:38 2026<stdout>:5167 KSP Residual norm 3.195332890265e-03
Mon Sep 21 15:12:38 2026<stdout>:5168 KSP Residual norm 3.195314227651e-03
Mon Sep 21 15:12:38 2026<stdout>:5169 KSP Residual norm 3.191576452878e-03
Mon Sep 21 15:12:38 2026<stdout>:5170 KSP Residual norm 3.188317622789e-03
Mon Sep 21 15:12:38 2026<stdout>:5171 KSP Residual norm 3.187688506058e-03
Mon Sep 21 15:12:38 2026<stdout>:5172 KSP Residual norm 3.187598378739e-03
Mon Sep 21 15:12:38 2026<stdout>:5173 KSP Residual norm 3.185453719489e-03
Mon Sep 21 15:12:38 2026<stdout>:5174 KSP Residual norm 3.183113998501e-03
Mon Sep 21 15:12:38 2026<stdout>:5175 KSP Residual norm 3.182898107352e-03
Mon Sep 21 15:12:38 2026<stdout>:5176 KSP Residual norm 3.182889275431e-03
Mon Sep 21 15:12:38 2026<stdout>:5177 KSP Residual norm 3.181832506086e-03
Mon Sep 21 15:12:38 2026<stdout>:5178 KSP Residual norm 3.181711194887e-03
Mon Sep 21 15:12:38 2026<stdout>:5179 KSP Residual norm 3.181668540003e-03
Mon Sep 21 15:12:38 2026<stdout>:5180 KSP Residual norm 3.177840114446e-03
Mon Sep 21 15:12:38 2026<stdout>:5181 KSP Residual norm 3.177164278425e-03
Mon Sep 21 15:12:38 2026<stdout>:5182 KSP Residual norm 3.176712695438e-03
Mon Sep 21 15:12:38 2026<stdout>:5183 KSP Residual norm 3.176681075648e-03
Mon Sep 21 15:12:38 2026<stdout>:5184 KSP Residual norm 3.174441590144e-03
Mon Sep 21 15:12:38 2026<stdout>:5185 KSP Residual norm 3.173359131271e-03
Mon Sep 21 15:12:38 2026<stdout>:5186 KSP Residual norm 3.172820418689e-03
Mon Sep 21 15:12:38 2026<stdout>:5187 KSP Residual norm 3.172496303263e-03
Mon Sep 21 15:12:38 2026<stdout>:5188 KSP Residual norm 3.168943005679e-03
Mon Sep 21 15:12:38 2026<stdout>:5189 KSP Residual norm 3.166309177480e-03
Mon Sep 21 15:12:38 2026<stdout>:5190 KSP Residual norm 3.162499239442e-03
Mon Sep 21 15:12:38 2026<stdout>:5191 KSP Residual norm 3.162479263916e-03
Mon Sep 21 15:12:38 2026<stdout>:5192 KSP Residual norm 3.162479152075e-03
Mon Sep 21 15:12:38 2026<stdout>:5193 KSP Residual norm 3.161207602926e-03
Mon Sep 21 15:12:38 2026<stdout>:5194 KSP Residual norm 3.160758478608e-03
Mon Sep 21 15:12:38 2026<stdout>:5195 KSP Residual norm 3.159299341503e-03
Mon Sep 21 15:12:38 2026<stdout>:5196 KSP Residual norm 3.159287352198e-03
Mon Sep 21 15:12:38 2026<stdout>:5197 KSP Residual norm 3.127934255600e-03
Mon Sep 21 15:12:38 2026<stdout>:5198 KSP Residual norm 3.112207623118e-03
Mon Sep 21 15:12:38 2026<stdout>:5199 KSP Residual norm 3.109503544919e-03
Mon Sep 21 15:12:38 2026<stdout>:5200 KSP Residual norm 3.109109009895e-03
Mon Sep 21 15:12:38 2026<stdout>:5201 KSP Residual norm 3.109080499567e-03
Mon Sep 21 15:12:38 2026<stdout>:5202 KSP Residual norm 3.107497584429e-03
Mon Sep 21 15:12:38 2026<stdout>:5203 KSP Residual norm 3.107359619222e-03
Mon Sep 21 15:12:38 2026<stdout>:5204 KSP Residual norm 3.107096478762e-03
Mon Sep 21 15:12:38 2026<stdout>:5205 KSP Residual norm 3.105705886354e-03
Mon Sep 21 15:12:38 2026<stdout>:5206 KSP Residual norm 3.105689542747e-03
Mon Sep 21 15:12:38 2026<stdout>:5207 KSP Residual norm 3.105678784909e-03
Mon Sep 21 15:12:38 2026<stdout>:5208 KSP Residual norm 3.105534381026e-03
Mon Sep 21 15:12:38 2026<stdout>:5209 KSP Residual norm 3.105528041852e-03
Mon Sep 21 15:12:38 2026<stdout>:5210 KSP Residual norm 3.105513785473e-03
Mon Sep 21 15:12:38 2026<stdout>:5211 KSP Residual norm 3.104838822065e-03
Mon Sep 21 15:12:38 2026<stdout>:5212 KSP Residual norm 3.104742393339e-03
Mon Sep 21 15:12:38 2026<stdout>:5213 KSP Residual norm 3.104634070685e-03
Mon Sep 21 15:12:38 2026<stdout>:5214 KSP Residual norm 3.099891599447e-03
Mon Sep 21 15:12:38 2026<stdout>:5215 KSP Residual norm 3.099173630770e-03
Mon Sep 21 15:12:38 2026<stdout>:5216 KSP Residual norm 3.098436259769e-03
Mon Sep 21 15:12:38 2026<stdout>:5217 KSP Residual norm 3.097929615717e-03
Mon Sep 21 15:12:38 2026<stdout>:5218 KSP Residual norm 3.097341256953e-03
Mon Sep 21 15:12:38 2026<stdout>:5219 KSP Residual norm 3.096346322727e-03
Mon Sep 21 15:12:38 2026<stdout>:5220 KSP Residual norm 3.094923436279e-03
Mon Sep 21 15:12:38 2026<stdout>:5221 KSP Residual norm 3.086785609840e-03
Mon Sep 21 15:12:38 2026<stdout>:5222 KSP Residual norm 3.085994127991e-03
Mon Sep 21 15:12:38 2026<stdout>:5223 KSP Residual norm 3.084380295404e-03
Mon Sep 21 15:12:38 2026<stdout>:5224 KSP Residual norm 3.084378919908e-03
Mon Sep 21 15:12:39 2026<stdout>:5225 KSP Residual norm 3.082880473164e-03
Mon Sep 21 15:12:39 2026<stdout>:5226 KSP Residual norm 3.078746340065e-03
Mon Sep 21 15:12:39 2026<stdout>:5227 KSP Residual norm 3.078746288887e-03
Mon Sep 21 15:12:39 2026<stdout>:5228 KSP Residual norm 3.076045183600e-03
Mon Sep 21 15:12:39 2026<stdout>:5229 KSP Residual norm 3.075622370947e-03
Mon Sep 21 15:12:39 2026<stdout>:5230 KSP Residual norm 3.075601911353e-03
Mon Sep 21 15:12:39 2026<stdout>:5231 KSP Residual norm 3.075080120380e-03
Mon Sep 21 15:12:39 2026<stdout>:5232 KSP Residual norm 3.074969840991e-03
Mon Sep 21 15:12:39 2026<stdout>:5233 KSP Residual norm 3.074822476389e-03
Mon Sep 21 15:12:39 2026<stdout>:5234 KSP Residual norm 3.074118080307e-03
Mon Sep 21 15:12:39 2026<stdout>:5235 KSP Residual norm 3.074115130135e-03
Mon Sep 21 15:12:39 2026<stdout>:5236 KSP Residual norm 3.073793861901e-03
Mon Sep 21 15:12:39 2026<stdout>:5237 KSP Residual norm 3.073716684169e-03
Mon Sep 21 15:12:39 2026<stdout>:5238 KSP Residual norm 3.073293769081e-03
Mon Sep 21 15:12:39 2026<stdout>:5239 KSP Residual norm 3.072136292168e-03
Mon Sep 21 15:12:39 2026<stdout>:5240 KSP Residual norm 3.071078414243e-03
Mon Sep 21 15:12:39 2026<stdout>:5241 KSP Residual norm 3.070802513572e-03
Mon Sep 21 15:12:39 2026<stdout>:5242 KSP Residual norm 3.069418780055e-03
Mon Sep 21 15:12:39 2026<stdout>:5243 KSP Residual norm 3.068901489377e-03
Mon Sep 21 15:12:39 2026<stdout>:5244 KSP Residual norm 3.068440074087e-03
Mon Sep 21 15:12:39 2026<stdout>:5245 KSP Residual norm 3.066913456763e-03
Mon Sep 21 15:12:39 2026<stdout>:5246 KSP Residual norm 3.066815294295e-03
Mon Sep 21 15:12:39 2026<stdout>:5247 KSP Residual norm 3.066699778437e-03
Mon Sep 21 15:12:39 2026<stdout>:5248 KSP Residual norm 3.066427004108e-03
Mon Sep 21 15:12:39 2026<stdout>:5249 KSP Residual norm 3.062706799236e-03
Mon Sep 21 15:12:39 2026<stdout>:5250 KSP Residual norm 3.657017168609e-03
Mon Sep 21 15:12:39 2026<stdout>:5251 KSP Residual norm 3.346624685022e-03
Mon Sep 21 15:12:39 2026<stdout>:5252 KSP Residual norm 3.339905759641e-03
Mon Sep 21 15:12:39 2026<stdout>:5253 KSP Residual norm 3.339090786428e-03
Mon Sep 21 15:12:39 2026<stdout>:5254 KSP Residual norm 2.855205634074e-03
Mon Sep 21 15:12:39 2026<stdout>:5255 KSP Residual norm 2.846705000041e-03
Mon Sep 21 15:12:39 2026<stdout>:5256 KSP Residual norm 2.809025377923e-03
Mon Sep 21 15:12:39 2026<stdout>:5257 KSP Residual norm 2.806824087180e-03
Mon Sep 21 15:12:39 2026<stdout>:5258 KSP Residual norm 2.795357429831e-03
Mon Sep 21 15:12:39 2026<stdout>:5259 KSP Residual norm 2.794788497799e-03
Mon Sep 21 15:12:39 2026<stdout>:5260 KSP Residual norm 2.794772764315e-03
Mon Sep 21 15:12:39 2026<stdout>:5261 KSP Residual norm 2.794772761638e-03
Mon Sep 21 15:12:39 2026<stdout>:5262 KSP Residual norm 2.787550615166e-03
Mon Sep 21 15:12:39 2026<stdout>:5263 KSP Residual norm 2.787147611315e-03
Mon Sep 21 15:12:39 2026<stdout>:5264 KSP Residual norm 2.770467169626e-03
Mon Sep 21 15:12:39 2026<stdout>:5265 KSP Residual norm 2.770463563866e-03
Mon Sep 21 15:12:39 2026<stdout>:5266 KSP Residual norm 2.759774595765e-03
Mon Sep 21 15:12:39 2026<stdout>:5267 KSP Residual norm 2.759714798567e-03
Mon Sep 21 15:12:39 2026<stdout>:5268 KSP Residual norm 2.753887670879e-03
Mon Sep 21 15:12:39 2026<stdout>:5269 KSP Residual norm 2.753762928269e-03
Mon Sep 21 15:12:39 2026<stdout>:5270 KSP Residual norm 2.753544433191e-03
Mon Sep 21 15:12:39 2026<stdout>:5271 KSP Residual norm 2.753380568351e-03
Mon Sep 21 15:12:39 2026<stdout>:5272 KSP Residual norm 2.751823282380e-03
Mon Sep 21 15:12:39 2026<stdout>:5273 KSP Residual norm 2.751710188493e-03
Mon Sep 21 15:12:39 2026<stdout>:5274 KSP Residual norm 2.748980411982e-03
Mon Sep 21 15:12:39 2026<stdout>:5275 KSP Residual norm 2.748977351024e-03
Mon Sep 21 15:12:39 2026<stdout>:5276 KSP Residual norm 2.747910165759e-03
Mon Sep 21 15:12:39 2026<stdout>:5277 KSP Residual norm 2.747781163719e-03
Mon Sep 21 15:12:39 2026<stdout>:5278 KSP Residual norm 2.747423043540e-03
Mon Sep 21 15:12:39 2026<stdout>:5279 KSP Residual norm 2.747109030839e-03
Mon Sep 21 15:12:39 2026<stdout>:5280 KSP Residual norm 2.747005867722e-03
Mon Sep 21 15:12:39 2026<stdout>:5281 KSP Residual norm 2.746840529114e-03
Mon Sep 21 15:12:39 2026<stdout>:5282 KSP Residual norm 2.735929836837e-03
Mon Sep 21 15:12:39 2026<stdout>:5283 KSP Residual norm 2.735924286172e-03
Mon Sep 21 15:12:39 2026<stdout>:5284 KSP Residual norm 2.734152465155e-03
Mon Sep 21 15:12:39 2026<stdout>:5285 KSP Residual norm 2.734133889599e-03
Mon Sep 21 15:12:39 2026<stdout>:5286 KSP Residual norm 2.734125788464e-03
Mon Sep 21 15:12:39 2026<stdout>:5287 KSP Residual norm 2.734028104552e-03
Mon Sep 21 15:12:39 2026<stdout>:5288 KSP Residual norm 2.732776570466e-03
Mon Sep 21 15:12:39 2026<stdout>:5289 KSP Residual norm 2.732758429861e-03
Mon Sep 21 15:12:39 2026<stdout>:5290 KSP Residual norm 2.727776187004e-03
Mon Sep 21 15:12:39 2026<stdout>:5291 KSP Residual norm 2.727775231527e-03
Mon Sep 21 15:12:39 2026<stdout>:5292 KSP Residual norm 2.719636238499e-03
Mon Sep 21 15:12:39 2026<stdout>:5293 KSP Residual norm 2.719605593438e-03
Mon Sep 21 15:12:39 2026<stdout>:5294 KSP Residual norm 2.719509520863e-03
Mon Sep 21 15:12:39 2026<stdout>:5295 KSP Residual norm 2.719469469293e-03
Mon Sep 21 15:12:39 2026<stdout>:5296 KSP Residual norm 2.718461806215e-03
Mon Sep 21 15:12:39 2026<stdout>:5297 KSP Residual norm 2.718057143768e-03
Mon Sep 21 15:12:39 2026<stdout>:5298 KSP Residual norm 2.717718938319e-03
Mon Sep 21 15:12:39 2026<stdout>:5299 KSP Residual norm 2.717527522966e-03
Mon Sep 21 15:12:39 2026<stdout>:5300 KSP Residual norm 2.717514551618e-03
Mon Sep 21 15:12:39 2026<stdout>:5301 KSP Residual norm 2.717004019842e-03
Mon Sep 21 15:12:39 2026<stdout>:5302 KSP Residual norm 2.709591802966e-03
Mon Sep 21 15:12:39 2026<stdout>:5303 KSP Residual norm 2.709059942514e-03
Mon Sep 21 15:12:39 2026<stdout>:5304 KSP Residual norm 2.700376931265e-03
Mon Sep 21 15:12:39 2026<stdout>:5305 KSP Residual norm 2.694413645918e-03
Mon Sep 21 15:12:39 2026<stdout>:5306 KSP Residual norm 2.693613755942e-03
Mon Sep 21 15:12:39 2026<stdout>:5307 KSP Residual norm 2.693314895762e-03
Mon Sep 21 15:12:39 2026<stdout>:5308 KSP Residual norm 2.692020696009e-03
Mon Sep 21 15:12:39 2026<stdout>:5309 KSP Residual norm 2.691992823260e-03
Mon Sep 21 15:12:39 2026<stdout>:5310 KSP Residual norm 2.689660662797e-03
Mon Sep 21 15:12:39 2026<stdout>:5311 KSP Residual norm 2.689492057981e-03
Mon Sep 21 15:12:39 2026<stdout>:5312 KSP Residual norm 2.689310861707e-03
Mon Sep 21 15:12:39 2026<stdout>:5313 KSP Residual norm 2.689268728133e-03
Mon Sep 21 15:12:39 2026<stdout>:5314 KSP Residual norm 2.684327310628e-03
Mon Sep 21 15:12:39 2026<stdout>:5315 KSP Residual norm 2.684275349753e-03
Mon Sep 21 15:12:39 2026<stdout>:5316 KSP Residual norm 2.684015298922e-03
Mon Sep 21 15:12:39 2026<stdout>:5317 KSP Residual norm 2.683199334307e-03
Mon Sep 21 15:12:39 2026<stdout>:5318 KSP Residual norm 2.683005925229e-03
Mon Sep 21 15:12:39 2026<stdout>:5319 KSP Residual norm 2.682567124202e-03
Mon Sep 21 15:12:40 2026<stdout>:5320 KSP Residual norm 2.682234153974e-03
Mon Sep 21 15:12:40 2026<stdout>:5321 KSP Residual norm 2.682033760202e-03
Mon Sep 21 15:12:40 2026<stdout>:5322 KSP Residual norm 2.682001938692e-03
Mon Sep 21 15:12:40 2026<stdout>:5323 KSP Residual norm 2.682000657161e-03
Mon Sep 21 15:12:40 2026<stdout>:5324 KSP Residual norm 2.681977363972e-03
Mon Sep 21 15:12:40 2026<stdout>:5325 KSP Residual norm 2.681565472910e-03
Mon Sep 21 15:12:40 2026<stdout>:5326 KSP Residual norm 2.681455506818e-03
Mon Sep 21 15:12:40 2026<stdout>:5327 KSP Residual norm 2.681375186050e-03
Mon Sep 21 15:12:40 2026<stdout>:5328 KSP Residual norm 2.681186332569e-03
Mon Sep 21 15:12:40 2026<stdout>:5329 KSP Residual norm 2.679893687240e-03
Mon Sep 21 15:12:40 2026<stdout>:5330 KSP Residual norm 2.679145657235e-03
Mon Sep 21 15:12:40 2026<stdout>:5331 KSP Residual norm 2.676947843831e-03
Mon Sep 21 15:12:40 2026<stdout>:5332 KSP Residual norm 2.676252585481e-03
Mon Sep 21 15:12:40 2026<stdout>:5333 KSP Residual norm 2.669571666061e-03
Mon Sep 21 15:12:40 2026<stdout>:5334 KSP Residual norm 2.669329753500e-03
Mon Sep 21 15:12:40 2026<stdout>:5335 KSP Residual norm 2.669234288682e-03
Mon Sep 21 15:12:40 2026<stdout>:5336 KSP Residual norm 2.666779445866e-03
Mon Sep 21 15:12:40 2026<stdout>:5337 KSP Residual norm 2.665038020234e-03
Mon Sep 21 15:12:40 2026<stdout>:5338 KSP Residual norm 2.665037914918e-03
Mon Sep 21 15:12:40 2026<stdout>:5339 KSP Residual norm 2.665004261108e-03
Mon Sep 21 15:12:40 2026<stdout>:5340 KSP Residual norm 2.664811349917e-03
Mon Sep 21 15:12:40 2026<stdout>:5341 KSP Residual norm 2.657845450864e-03
Mon Sep 21 15:12:40 2026<stdout>:5342 KSP Residual norm 2.657795771022e-03
Mon Sep 21 15:12:40 2026<stdout>:5343 KSP Residual norm 2.657763479595e-03
Mon Sep 21 15:12:40 2026<stdout>:5344 KSP Residual norm 2.656787373072e-03
Mon Sep 21 15:12:40 2026<stdout>:5345 KSP Residual norm 2.656315295384e-03
Mon Sep 21 15:12:40 2026<stdout>:5346 KSP Residual norm 2.656305870419e-03
Mon Sep 21 15:12:40 2026<stdout>:5347 KSP Residual norm 2.654845801138e-03
Mon Sep 21 15:12:40 2026<stdout>:5348 KSP Residual norm 2.653996945399e-03
Mon Sep 21 15:12:40 2026<stdout>:5349 KSP Residual norm 2.643285795763e-03
Mon Sep 21 15:12:40 2026<stdout>:5350 KSP Residual norm 2.641311449411e-03
Mon Sep 21 15:12:40 2026<stdout>:5351 KSP Residual norm 2.641244004750e-03
Mon Sep 21 15:12:40 2026<stdout>:5352 KSP Residual norm 2.641182030294e-03
Mon Sep 21 15:12:40 2026<stdout>:5353 KSP Residual norm 2.641138155926e-03
Mon Sep 21 15:12:40 2026<stdout>:5354 KSP Residual norm 2.640376559821e-03
Mon Sep 21 15:12:40 2026<stdout>:5355 KSP Residual norm 2.640324562811e-03
Mon Sep 21 15:12:40 2026<stdout>:5356 KSP Residual norm 2.636650120512e-03
Mon Sep 21 15:12:40 2026<stdout>:5357 KSP Residual norm 2.636650098477e-03
Mon Sep 21 15:12:40 2026<stdout>:5358 KSP Residual norm 2.636330716871e-03
Mon Sep 21 15:12:40 2026<stdout>:5359 KSP Residual norm 2.636102176419e-03
Mon Sep 21 15:12:40 2026<stdout>:5360 KSP Residual norm 2.635703996689e-03
Mon Sep 21 15:12:40 2026<stdout>:5361 KSP Residual norm 2.635557885515e-03
Mon Sep 21 15:12:40 2026<stdout>:5362 KSP Residual norm 2.618140134438e-03
Mon Sep 21 15:12:40 2026<stdout>:5363 KSP Residual norm 2.616807010450e-03
Mon Sep 21 15:12:40 2026<stdout>:5364 KSP Residual norm 2.616137610987e-03
Mon Sep 21 15:12:40 2026<stdout>:5365 KSP Residual norm 2.616102163635e-03
Mon Sep 21 15:12:40 2026<stdout>:5366 KSP Residual norm 2.615688845198e-03
Mon Sep 21 15:12:40 2026<stdout>:5367 KSP Residual norm 2.614459277567e-03
Mon Sep 21 15:12:40 2026<stdout>:5368 KSP Residual norm 2.607080829721e-03
Mon Sep 21 15:12:40 2026<stdout>:5369 KSP Residual norm 2.604916341385e-03
Mon Sep 21 15:12:40 2026<stdout>:5370 KSP Residual norm 2.602711789762e-03
Mon Sep 21 15:12:40 2026<stdout>:5371 KSP Residual norm 2.602492109715e-03
Mon Sep 21 15:12:40 2026<stdout>:5372 KSP Residual norm 2.597761863364e-03
Mon Sep 21 15:12:40 2026<stdout>:5373 KSP Residual norm 2.597757147271e-03
Mon Sep 21 15:12:40 2026<stdout>:5374 KSP Residual norm 2.597361334603e-03
Mon Sep 21 15:12:40 2026<stdout>:5375 KSP Residual norm 2.597045310178e-03
Mon Sep 21 15:12:40 2026<stdout>:5376 KSP Residual norm 2.595769959600e-03
Mon Sep 21 15:12:40 2026<stdout>:5377 KSP Residual norm 2.595225671364e-03
Mon Sep 21 15:12:40 2026<stdout>:5378 KSP Residual norm 2.595034793327e-03
Mon Sep 21 15:12:40 2026<stdout>:5379 KSP Residual norm 2.594668672435e-03
Mon Sep 21 15:12:40 2026<stdout>:5380 KSP Residual norm 2.594639579389e-03
Mon Sep 21 15:12:40 2026<stdout>:5381 KSP Residual norm 2.593842263149e-03
Mon Sep 21 15:12:40 2026<stdout>:5382 KSP Residual norm 2.593764526235e-03
Mon Sep 21 15:12:40 2026<stdout>:5383 KSP Residual norm 2.593486376895e-03
Mon Sep 21 15:12:40 2026<stdout>:5384 KSP Residual norm 2.592050734327e-03
Mon Sep 21 15:12:40 2026<stdout>:5385 KSP Residual norm 2.590336353307e-03
Mon Sep 21 15:12:40 2026<stdout>:5386 KSP Residual norm 2.590200120690e-03
Mon Sep 21 15:12:40 2026<stdout>:5387 KSP Residual norm 2.590138383392e-03
Mon Sep 21 15:12:40 2026<stdout>:5388 KSP Residual norm 2.587975222680e-03
Mon Sep 21 15:12:40 2026<stdout>:5389 KSP Residual norm 2.586696644716e-03
Mon Sep 21 15:12:40 2026<stdout>:5390 KSP Residual norm 2.586239515468e-03
Mon Sep 21 15:12:40 2026<stdout>:5391 KSP Residual norm 2.575975045238e-03
Mon Sep 21 15:12:40 2026<stdout>:5392 KSP Residual norm 2.574922503802e-03
Mon Sep 21 15:12:40 2026<stdout>:5393 KSP Residual norm 2.571596397728e-03
Mon Sep 21 15:12:40 2026<stdout>:5394 KSP Residual norm 2.571176786991e-03
Mon Sep 21 15:12:40 2026<stdout>:5395 KSP Residual norm 2.571085439496e-03
Mon Sep 21 15:12:40 2026<stdout>:5396 KSP Residual norm 2.571085036366e-03
Mon Sep 21 15:12:40 2026<stdout>:5397 KSP Residual norm 2.570939333771e-03
Mon Sep 21 15:12:41 2026<stdout>:5398 KSP Residual norm 2.570938326851e-03
Mon Sep 21 15:12:41 2026<stdout>:5399 KSP Residual norm 2.570887391885e-03
Mon Sep 21 15:12:41 2026<stdout>:5400 KSP Residual norm 3.793185062071e-03
Mon Sep 21 15:12:41 2026<stdout>:5401 KSP Residual norm 3.524486340891e-03
Mon Sep 21 15:12:41 2026<stdout>:5402 KSP Residual norm 3.306996064110e-03
Mon Sep 21 15:12:41 2026<stdout>:5403 KSP Residual norm 3.297911408329e-03
Mon Sep 21 15:12:41 2026<stdout>:5404 KSP Residual norm 3.284668454664e-03
Mon Sep 21 15:12:41 2026<stdout>:5405 KSP Residual norm 3.284656099154e-03
Mon Sep 21 15:12:41 2026<stdout>:5406 KSP Residual norm 3.265455536292e-03
Mon Sep 21 15:12:41 2026<stdout>:5407 KSP Residual norm 3.265433913244e-03
Mon Sep 21 15:12:41 2026<stdout>:5408 KSP Residual norm 3.247038360758e-03
Mon Sep 21 15:12:41 2026<stdout>:5409 KSP Residual norm 3.246304759620e-03
Mon Sep 21 15:12:41 2026<stdout>:5410 KSP Residual norm 3.202505990437e-03
Mon Sep 21 15:12:41 2026<stdout>:5411 KSP Residual norm 3.201510091916e-03
Mon Sep 21 15:12:41 2026<stdout>:5412 KSP Residual norm 3.187724713379e-03
Mon Sep 21 15:12:41 2026<stdout>:5413 KSP Residual norm 3.187724398614e-03
Mon Sep 21 15:12:41 2026<stdout>:5414 KSP Residual norm 3.174386737930e-03
Mon Sep 21 15:12:41 2026<stdout>:5415 KSP Residual norm 3.174381078048e-03
Mon Sep 21 15:12:41 2026<stdout>:5416 KSP Residual norm 3.173505619226e-03
Mon Sep 21 15:12:41 2026<stdout>:5417 KSP Residual norm 3.173493197361e-03
Mon Sep 21 15:12:41 2026<stdout>:5418 KSP Residual norm 3.169695393820e-03
Mon Sep 21 15:12:41 2026<stdout>:5419 KSP Residual norm 3.169681709681e-03
Mon Sep 21 15:12:41 2026<stdout>:5420 KSP Residual norm 3.168329506896e-03
Mon Sep 21 15:12:41 2026<stdout>:5421 KSP Residual norm 3.168329341839e-03
Mon Sep 21 15:12:41 2026<stdout>:5422 KSP Residual norm 3.168087023028e-03
Mon Sep 21 15:12:41 2026<stdout>:5423 KSP Residual norm 3.168068700878e-03
Mon Sep 21 15:12:41 2026<stdout>:5424 KSP Residual norm 3.166667012345e-03
Mon Sep 21 15:12:41 2026<stdout>:5425 KSP Residual norm 3.166666877885e-03
Mon Sep 21 15:12:41 2026<stdout>:5426 KSP Residual norm 3.163851784264e-03
Mon Sep 21 15:12:41 2026<stdout>:5427 KSP Residual norm 3.163844649471e-03
Mon Sep 21 15:12:41 2026<stdout>:5428 KSP Residual norm 3.159087639401e-03
Mon Sep 21 15:12:41 2026<stdout>:5429 KSP Residual norm 3.158975726296e-03
Mon Sep 21 15:12:41 2026<stdout>:5430 KSP Residual norm 3.158594550131e-03
Mon Sep 21 15:12:41 2026<stdout>:5431 KSP Residual norm 3.158580822169e-03
Mon Sep 21 15:12:41 2026<stdout>:5432 KSP Residual norm 3.158265235735e-03
Mon Sep 21 15:12:41 2026<stdout>:5433 KSP Residual norm 3.158256461492e-03
Mon Sep 21 15:12:41 2026<stdout>:5434 KSP Residual norm 3.158224658292e-03
Mon Sep 21 15:12:41 2026<stdout>:5435 KSP Residual norm 3.157967418041e-03
Mon Sep 21 15:12:41 2026<stdout>:5436 KSP Residual norm 3.149005997399e-03
Mon Sep 21 15:12:41 2026<stdout>:5437 KSP Residual norm 3.148905077678e-03
Mon Sep 21 15:12:41 2026<stdout>:5438 KSP Residual norm 3.147437351603e-03
Mon Sep 21 15:12:41 2026<stdout>:5439 KSP Residual norm 3.147319668094e-03
Mon Sep 21 15:12:41 2026<stdout>:5440 KSP Residual norm 3.144955509421e-03
Mon Sep 21 15:12:41 2026<stdout>:5441 KSP Residual norm 3.144884814316e-03
Mon Sep 21 15:12:41 2026<stdout>:5442 KSP Residual norm 3.144805469976e-03
Mon Sep 21 15:12:41 2026<stdout>:5443 KSP Residual norm 3.144796371639e-03
Mon Sep 21 15:12:41 2026<stdout>:5444 KSP Residual norm 3.144308427239e-03
Mon Sep 21 15:12:41 2026<stdout>:5445 KSP Residual norm 3.144305596036e-03
Mon Sep 21 15:12:41 2026<stdout>:5446 KSP Residual norm 3.142686302012e-03
Mon Sep 21 15:12:41 2026<stdout>:5447 KSP Residual norm 3.136584228433e-03
Mon Sep 21 15:12:41 2026<stdout>:5448 KSP Residual norm 3.136072236361e-03
Mon Sep 21 15:12:41 2026<stdout>:5449 KSP Residual norm 3.127230414993e-03
Mon Sep 21 15:12:41 2026<stdout>:5450 KSP Residual norm 3.126948079584e-03
Mon Sep 21 15:12:41 2026<stdout>:5451 KSP Residual norm 3.125964502137e-03
Mon Sep 21 15:12:41 2026<stdout>:5452 KSP Residual norm 3.124425926702e-03
Mon Sep 21 15:12:41 2026<stdout>:5453 KSP Residual norm 3.118760357979e-03
Mon Sep 21 15:12:41 2026<stdout>:5454 KSP Residual norm 3.118756763301e-03
Mon Sep 21 15:12:41 2026<stdout>:5455 KSP Residual norm 3.116766314717e-03
Mon Sep 21 15:12:41 2026<stdout>:5456 KSP Residual norm 3.114702301583e-03
Mon Sep 21 15:12:41 2026<stdout>:5457 KSP Residual norm 3.113942532366e-03
Mon Sep 21 15:12:41 2026<stdout>:5458 KSP Residual norm 3.113863432407e-03
Mon Sep 21 15:12:41 2026<stdout>:5459 KSP Residual norm 3.113520515599e-03
Mon Sep 21 15:12:41 2026<stdout>:5460 KSP Residual norm 3.113512104981e-03
Mon Sep 21 15:12:41 2026<stdout>:5461 KSP Residual norm 3.112993281335e-03
Mon Sep 21 15:12:41 2026<stdout>:5462 KSP Residual norm 3.111889511182e-03
Mon Sep 21 15:12:41 2026<stdout>:5463 KSP Residual norm 3.111303027389e-03
Mon Sep 21 15:12:41 2026<stdout>:5464 KSP Residual norm 3.111276003988e-03
Mon Sep 21 15:12:41 2026<stdout>:5465 KSP Residual norm 3.111011099913e-03
Mon Sep 21 15:12:41 2026<stdout>:5466 KSP Residual norm 3.092988744154e-03
Mon Sep 21 15:12:41 2026<stdout>:5467 KSP Residual norm 3.092172509727e-03
Mon Sep 21 15:12:41 2026<stdout>:5468 KSP Residual norm 3.091268719987e-03
Mon Sep 21 15:12:41 2026<stdout>:5469 KSP Residual norm 3.091197113770e-03
Mon Sep 21 15:12:41 2026<stdout>:5470 KSP Residual norm 3.082138280621e-03
Mon Sep 21 15:12:41 2026<stdout>:5471 KSP Residual norm 3.082138065040e-03
Mon Sep 21 15:12:41 2026<stdout>:5472 KSP Residual norm 3.082120268143e-03
Mon Sep 21 15:12:41 2026<stdout>:5473 KSP Residual norm 3.080117667621e-03
Mon Sep 21 15:12:41 2026<stdout>:5474 KSP Residual norm 3.078238682662e-03
Mon Sep 21 15:12:41 2026<stdout>:5475 KSP Residual norm 3.076894148855e-03
Mon Sep 21 15:12:41 2026<stdout>:5476 KSP Residual norm 3.060900844751e-03
Mon Sep 21 15:12:41 2026<stdout>:5477 KSP Residual norm 3.058340611998e-03
Mon Sep 21 15:12:41 2026<stdout>:5478 KSP Residual norm 3.050722995189e-03
Mon Sep 21 15:12:41 2026<stdout>:5479 KSP Residual norm 3.050718738439e-03
Mon Sep 21 15:12:41 2026<stdout>:5480 KSP Residual norm 3.050289205243e-03
Mon Sep 21 15:12:41 2026<stdout>:5481 KSP Residual norm 3.048683842595e-03
Mon Sep 21 15:12:41 2026<stdout>:5482 KSP Residual norm 3.048476684623e-03
Mon Sep 21 15:12:41 2026<stdout>:5483 KSP Residual norm 3.047443975879e-03
Mon Sep 21 15:12:41 2026<stdout>:5484 KSP Residual norm 3.047223860527e-03
Mon Sep 21 15:12:41 2026<stdout>:5485 KSP Residual norm 3.046048898938e-03
Mon Sep 21 15:12:41 2026<stdout>:5486 KSP Residual norm 3.043908241041e-03
Mon Sep 21 15:12:41 2026<stdout>:5487 KSP Residual norm 3.043753952773e-03
Mon Sep 21 15:12:41 2026<stdout>:5488 KSP Residual norm 3.039683517449e-03
Mon Sep 21 15:12:41 2026<stdout>:5489 KSP Residual norm 3.039498373535e-03
Mon Sep 21 15:12:41 2026<stdout>:5490 KSP Residual norm 3.039470260297e-03
Mon Sep 21 15:12:41 2026<stdout>:5491 KSP Residual norm 3.038482458858e-03
Mon Sep 21 15:12:41 2026<stdout>:5492 KSP Residual norm 3.037474369986e-03
Mon Sep 21 15:12:41 2026<stdout>:5493 KSP Residual norm 3.037402882318e-03
Mon Sep 21 15:12:41 2026<stdout>:5494 KSP Residual norm 3.034622934702e-03
Mon Sep 21 15:12:41 2026<stdout>:5495 KSP Residual norm 3.027044830273e-03
Mon Sep 21 15:12:41 2026<stdout>:5496 KSP Residual norm 3.026187412005e-03
Mon Sep 21 15:12:42 2026<stdout>:5497 KSP Residual norm 3.025853939164e-03
Mon Sep 21 15:12:42 2026<stdout>:5498 KSP Residual norm 3.025339549330e-03
Mon Sep 21 15:12:42 2026<stdout>:5499 KSP Residual norm 3.019832245016e-03
Mon Sep 21 15:12:42 2026<stdout>:5500 KSP Residual norm 3.016695291596e-03
Mon Sep 21 15:12:42 2026<stdout>:5501 KSP Residual norm 3.015643512521e-03
Mon Sep 21 15:12:42 2026<stdout>:5502 KSP Residual norm 3.015486301352e-03
Mon Sep 21 15:12:42 2026<stdout>:5503 KSP Residual norm 3.012772499944e-03
Mon Sep 21 15:12:42 2026<stdout>:5504 KSP Residual norm 3.012694100870e-03
Mon Sep 21 15:12:42 2026<stdout>:5505 KSP Residual norm 3.012646083128e-03
Mon Sep 21 15:12:42 2026<stdout>:5506 KSP Residual norm 3.012645512911e-03
Mon Sep 21 15:12:42 2026<stdout>:5507 KSP Residual norm 3.012575090109e-03
Mon Sep 21 15:12:42 2026<stdout>:5508 KSP Residual norm 3.011973543595e-03
Mon Sep 21 15:12:42 2026<stdout>:5509 KSP Residual norm 3.011692441255e-03
Mon Sep 21 15:12:42 2026<stdout>:5510 KSP Residual norm 3.011691264656e-03
Mon Sep 21 15:12:42 2026<stdout>:5511 KSP Residual norm 3.010671479613e-03
Mon Sep 21 15:12:42 2026<stdout>:5512 KSP Residual norm 3.006456429649e-03
Mon Sep 21 15:12:42 2026<stdout>:5513 KSP Residual norm 3.006414612293e-03
Mon Sep 21 15:12:42 2026<stdout>:5514 KSP Residual norm 3.005374880467e-03
Mon Sep 21 15:12:42 2026<stdout>:5515 KSP Residual norm 3.003352409943e-03
Mon Sep 21 15:12:42 2026<stdout>:5516 KSP Residual norm 2.997655526814e-03
Mon Sep 21 15:12:42 2026<stdout>:5517 KSP Residual norm 2.995514584754e-03
Mon Sep 21 15:12:42 2026<stdout>:5518 KSP Residual norm 2.994641293485e-03
Mon Sep 21 15:12:42 2026<stdout>:5519 KSP Residual norm 2.994545399301e-03
Mon Sep 21 15:12:42 2026<stdout>:5520 KSP Residual norm 2.982022987541e-03
Mon Sep 21 15:12:42 2026<stdout>:5521 KSP Residual norm 2.981281069946e-03
Mon Sep 21 15:12:42 2026<stdout>:5522 KSP Residual norm 2.979905877934e-03
Mon Sep 21 15:12:42 2026<stdout>:5523 KSP Residual norm 2.974054765096e-03
Mon Sep 21 15:12:42 2026<stdout>:5524 KSP Residual norm 2.973907955092e-03
Mon Sep 21 15:12:42 2026<stdout>:5525 KSP Residual norm 2.966334877018e-03
Mon Sep 21 15:12:42 2026<stdout>:5526 KSP Residual norm 2.966313265939e-03
Mon Sep 21 15:12:42 2026<stdout>:5527 KSP Residual norm 2.966187577247e-03
Mon Sep 21 15:12:42 2026<stdout>:5528 KSP Residual norm 2.962076045632e-03
Mon Sep 21 15:12:42 2026<stdout>:5529 KSP Residual norm 2.961807263614e-03
Mon Sep 21 15:12:42 2026<stdout>:5530 KSP Residual norm 2.960814296755e-03
Mon Sep 21 15:12:42 2026<stdout>:5531 KSP Residual norm 2.960326808251e-03
Mon Sep 21 15:12:42 2026<stdout>:5532 KSP Residual norm 2.960281474105e-03
Mon Sep 21 15:12:42 2026<stdout>:5533 KSP Residual norm 2.959764863110e-03
Mon Sep 21 15:12:42 2026<stdout>:5534 KSP Residual norm 2.958917344866e-03
Mon Sep 21 15:12:42 2026<stdout>:5535 KSP Residual norm 2.952881237626e-03
Mon Sep 21 15:12:42 2026<stdout>:5536 KSP Residual norm 2.949102833890e-03
Mon Sep 21 15:12:42 2026<stdout>:5537 KSP Residual norm 2.949099172989e-03
Mon Sep 21 15:12:42 2026<stdout>:5538 KSP Residual norm 2.947340321900e-03
Mon Sep 21 15:12:42 2026<stdout>:5539 KSP Residual norm 2.946400826693e-03
Mon Sep 21 15:12:42 2026<stdout>:5540 KSP Residual norm 2.944252113828e-03
Mon Sep 21 15:12:42 2026<stdout>:5541 KSP Residual norm 2.943303794175e-03
Mon Sep 21 15:12:42 2026<stdout>:5542 KSP Residual norm 2.939701511144e-03
Mon Sep 21 15:12:42 2026<stdout>:5543 KSP Residual norm 2.928945874776e-03
Mon Sep 21 15:12:42 2026<stdout>:5544 KSP Residual norm 2.927872632294e-03
Mon Sep 21 15:12:42 2026<stdout>:5545 KSP Residual norm 2.925685093335e-03
Mon Sep 21 15:12:42 2026<stdout>:5546 KSP Residual norm 2.925648169884e-03
Mon Sep 21 15:12:42 2026<stdout>:5547 KSP Residual norm 2.925643516005e-03
Mon Sep 21 15:12:42 2026<stdout>:5548 KSP Residual norm 2.924751089420e-03
Mon Sep 21 15:12:42 2026<stdout>:5549 KSP Residual norm 2.924751057673e-03
Mon Sep 21 15:12:42 2026<stdout>:5550 KSP Residual norm 3.755812844745e-03
Mon Sep 21 15:12:42 2026<stdout>:5551 KSP Residual norm 3.589567036908e-03
Mon Sep 21 15:12:42 2026<stdout>:5552 KSP Residual norm 3.546143379856e-03
Mon Sep 21 15:12:42 2026<stdout>:5553 KSP Residual norm 3.540447800716e-03
Mon Sep 21 15:12:42 2026<stdout>:5554 KSP Residual norm 3.510974642030e-03
Mon Sep 21 15:12:42 2026<stdout>:5555 KSP Residual norm 3.507701602601e-03
Mon Sep 21 15:12:42 2026<stdout>:5556 KSP Residual norm 3.503482671790e-03
Mon Sep 21 15:12:42 2026<stdout>:5557 KSP Residual norm 3.503417116042e-03
Mon Sep 21 15:12:42 2026<stdout>:5558 KSP Residual norm 3.502926543379e-03
Mon Sep 21 15:12:42 2026<stdout>:5559 KSP Residual norm 3.502922777249e-03
Mon Sep 21 15:12:42 2026<stdout>:5560 KSP Residual norm 3.502853300258e-03
Mon Sep 21 15:12:42 2026<stdout>:5561 KSP Residual norm 3.502818760691e-03
Mon Sep 21 15:12:42 2026<stdout>:5562 KSP Residual norm 3.497531970886e-03
Mon Sep 21 15:12:42 2026<stdout>:5563 KSP Residual norm 3.497531062472e-03
Mon Sep 21 15:12:42 2026<stdout>:5564 KSP Residual norm 3.497099385161e-03
Mon Sep 21 15:12:42 2026<stdout>:5565 KSP Residual norm 3.497078617731e-03
Mon Sep 21 15:12:42 2026<stdout>:5566 KSP Residual norm 3.493779753126e-03
Mon Sep 21 15:12:42 2026<stdout>:5567 KSP Residual norm 3.493654779179e-03
Mon Sep 21 15:12:42 2026<stdout>:5568 KSP Residual norm 3.482363523068e-03
Mon Sep 21 15:12:42 2026<stdout>:5569 KSP Residual norm 3.482268646412e-03
Mon Sep 21 15:12:42 2026<stdout>:5570 KSP Residual norm 3.482106093471e-03
Mon Sep 21 15:12:42 2026<stdout>:5571 KSP Residual norm 3.482071917149e-03
Mon Sep 21 15:12:42 2026<stdout>:5572 KSP Residual norm 3.473573408663e-03
Mon Sep 21 15:12:42 2026<stdout>:5573 KSP Residual norm 3.473561367064e-03
Mon Sep 21 15:12:42 2026<stdout>:5574 KSP Residual norm 3.472342440217e-03
Mon Sep 21 15:12:42 2026<stdout>:5575 KSP Residual norm 3.472292056886e-03
Mon Sep 21 15:12:42 2026<stdout>:5576 KSP Residual norm 3.452541189799e-03
Mon Sep 21 15:12:42 2026<stdout>:5577 KSP Residual norm 3.452315892709e-03
Mon Sep 21 15:12:42 2026<stdout>:5578 KSP Residual norm 3.452075961145e-03
Mon Sep 21 15:12:42 2026<stdout>:5579 KSP Residual norm 3.451918281692e-03
Mon Sep 21 15:12:42 2026<stdout>:5580 KSP Residual norm 3.450263364275e-03
Mon Sep 21 15:12:42 2026<stdout>:5581 KSP Residual norm 3.450173777650e-03
Mon Sep 21 15:12:42 2026<stdout>:5582 KSP Residual norm 3.446805519919e-03
Mon Sep 21 15:12:42 2026<stdout>:5583 KSP Residual norm 3.446704860073e-03
Mon Sep 21 15:12:43 2026<stdout>:5584 KSP Residual norm 3.446328214476e-03
Mon Sep 21 15:12:43 2026<stdout>:5585 KSP Residual norm 3.446325545299e-03
Mon Sep 21 15:12:43 2026<stdout>:5586 KSP Residual norm 3.445481294983e-03
Mon Sep 21 15:12:43 2026<stdout>:5587 KSP Residual norm 3.445465269646e-03
Mon Sep 21 15:12:43 2026<stdout>:5588 KSP Residual norm 3.444645064736e-03
Mon Sep 21 15:12:43 2026<stdout>:5589 KSP Residual norm 3.444554377944e-03
Mon Sep 21 15:12:43 2026<stdout>:5590 KSP Residual norm 3.444310560260e-03
Mon Sep 21 15:12:43 2026<stdout>:5591 KSP Residual norm 3.444286792612e-03
Mon Sep 21 15:12:43 2026<stdout>:5592 KSP Residual norm 3.431675384435e-03
Mon Sep 21 15:12:43 2026<stdout>:5593 KSP Residual norm 3.431669515141e-03
Mon Sep 21 15:12:43 2026<stdout>:5594 KSP Residual norm 3.431394833425e-03
Mon Sep 21 15:12:43 2026<stdout>:5595 KSP Residual norm 3.431290511044e-03
Mon Sep 21 15:12:43 2026<stdout>:5596 KSP Residual norm 3.428270763141e-03
Mon Sep 21 15:12:43 2026<stdout>:5597 KSP Residual norm 3.427725094744e-03
Mon Sep 21 15:12:43 2026<stdout>:5598 KSP Residual norm 3.427554528823e-03
Mon Sep 21 15:12:43 2026<stdout>:5599 KSP Residual norm 3.425870110033e-03
Mon Sep 21 15:12:43 2026<stdout>:5600 KSP Residual norm 3.425703313013e-03
Mon Sep 21 15:12:43 2026<stdout>:5601 KSP Residual norm 3.425644721722e-03
Mon Sep 21 15:12:43 2026<stdout>:5602 KSP Residual norm 3.423254098936e-03
Mon Sep 21 15:12:43 2026<stdout>:5603 KSP Residual norm 3.421716082343e-03
Mon Sep 21 15:12:43 2026<stdout>:5604 KSP Residual norm 3.417730538139e-03
Mon Sep 21 15:12:43 2026<stdout>:5605 KSP Residual norm 3.417717065270e-03
Mon Sep 21 15:12:43 2026<stdout>:5606 KSP Residual norm 3.417468032140e-03
Mon Sep 21 15:12:43 2026<stdout>:5607 KSP Residual norm 3.415844105232e-03
Mon Sep 21 15:12:43 2026<stdout>:5608 KSP Residual norm 3.415842768569e-03
Mon Sep 21 15:12:43 2026<stdout>:5609 KSP Residual norm 3.415309857039e-03
Mon Sep 21 15:12:43 2026<stdout>:5610 KSP Residual norm 3.415192930927e-03
Mon Sep 21 15:12:43 2026<stdout>:5611 KSP Residual norm 3.414813243281e-03
Mon Sep 21 15:12:43 2026<stdout>:5612 KSP Residual norm 3.414180626017e-03
Mon Sep 21 15:12:43 2026<stdout>:5613 KSP Residual norm 3.413749979133e-03
Mon Sep 21 15:12:43 2026<stdout>:5614 KSP Residual norm 3.413204731969e-03
Mon Sep 21 15:12:43 2026<stdout>:5615 KSP Residual norm 3.412949589195e-03
Mon Sep 21 15:12:43 2026<stdout>:5616 KSP Residual norm 3.412612450054e-03
Mon Sep 21 15:12:43 2026<stdout>:5617 KSP Residual norm 3.411082492006e-03
Mon Sep 21 15:12:43 2026<stdout>:5618 KSP Residual norm 3.407702268083e-03
Mon Sep 21 15:12:43 2026<stdout>:5619 KSP Residual norm 3.407092866597e-03
Mon Sep 21 15:12:43 2026<stdout>:5620 KSP Residual norm 3.405791339507e-03
Mon Sep 21 15:12:43 2026<stdout>:5621 KSP Residual norm 3.405666074992e-03
Mon Sep 21 15:12:43 2026<stdout>:5622 KSP Residual norm 3.405143361274e-03
Mon Sep 21 15:12:43 2026<stdout>:5623 KSP Residual norm 3.405063909096e-03
Mon Sep 21 15:12:43 2026<stdout>:5624 KSP Residual norm 3.405063578516e-03
Mon Sep 21 15:12:43 2026<stdout>:5625 KSP Residual norm 3.405002824324e-03
Mon Sep 21 15:12:43 2026<stdout>:5626 KSP Residual norm 3.404941112844e-03
Mon Sep 21 15:12:43 2026<stdout>:5627 KSP Residual norm 3.404807429852e-03
Mon Sep 21 15:12:43 2026<stdout>:5628 KSP Residual norm 3.404806070437e-03
Mon Sep 21 15:12:43 2026<stdout>:5629 KSP Residual norm 3.404626894985e-03
Mon Sep 21 15:12:43 2026<stdout>:5630 KSP Residual norm 3.404625036614e-03
Mon Sep 21 15:12:43 2026<stdout>:5631 KSP Residual norm 3.404035234614e-03
Mon Sep 21 15:12:43 2026<stdout>:5632 KSP Residual norm 3.402552061047e-03
Mon Sep 21 15:12:43 2026<stdout>:5633 KSP Residual norm 3.402476738926e-03
Mon Sep 21 15:12:43 2026<stdout>:5634 KSP Residual norm 3.402347913296e-03
Mon Sep 21 15:12:43 2026<stdout>:5635 KSP Residual norm 3.401942596754e-03
Mon Sep 21 15:12:43 2026<stdout>:5636 KSP Residual norm 3.401888037336e-03
Mon Sep 21 15:12:43 2026<stdout>:5637 KSP Residual norm 3.401232018795e-03
Mon Sep 21 15:12:43 2026<stdout>:5638 KSP Residual norm 3.401203814624e-03
Mon Sep 21 15:12:43 2026<stdout>:5639 KSP Residual norm 3.400681566287e-03
Mon Sep 21 15:12:43 2026<stdout>:5640 KSP Residual norm 3.396453754745e-03
Mon Sep 21 15:12:43 2026<stdout>:5641 KSP Residual norm 3.392106464405e-03
Mon Sep 21 15:12:43 2026<stdout>:5642 KSP Residual norm 3.387442070275e-03
Mon Sep 21 15:12:43 2026<stdout>:5643 KSP Residual norm 3.383296786748e-03
Mon Sep 21 15:12:43 2026<stdout>:5644 KSP Residual norm 3.382235440963e-03
Mon Sep 21 15:12:43 2026<stdout>:5645 KSP Residual norm 3.372187901688e-03
Mon Sep 21 15:12:43 2026<stdout>:5646 KSP Residual norm 3.372151164114e-03
Mon Sep 21 15:12:43 2026<stdout>:5647 KSP Residual norm 3.359579749286e-03
Mon Sep 21 15:12:43 2026<stdout>:5648 KSP Residual norm 3.359045262838e-03
Mon Sep 21 15:12:43 2026<stdout>:5649 KSP Residual norm 3.356771575613e-03
Mon Sep 21 15:12:43 2026<stdout>:5650 KSP Residual norm 3.356757045916e-03
Mon Sep 21 15:12:43 2026<stdout>:5651 KSP Residual norm 3.356729434056e-03
Mon Sep 21 15:12:43 2026<stdout>:5652 KSP Residual norm 3.354253858711e-03
Mon Sep 21 15:12:43 2026<stdout>:5653 KSP Residual norm 3.354129607649e-03
Mon Sep 21 15:12:43 2026<stdout>:5654 KSP Residual norm 3.351533687580e-03
Mon Sep 21 15:12:43 2026<stdout>:5655 KSP Residual norm 3.350807011883e-03
Mon Sep 21 15:12:43 2026<stdout>:5656 KSP Residual norm 3.348531642923e-03
Mon Sep 21 15:12:43 2026<stdout>:5657 KSP Residual norm 3.337305098907e-03
Mon Sep 21 15:12:43 2026<stdout>:5658 KSP Residual norm 3.334287651101e-03
Mon Sep 21 15:12:43 2026<stdout>:5659 KSP Residual norm 3.333744713105e-03
Mon Sep 21 15:12:43 2026<stdout>:5660 KSP Residual norm 3.332542341588e-03
Mon Sep 21 15:12:43 2026<stdout>:5661 KSP Residual norm 3.331304516152e-03
Mon Sep 21 15:12:43 2026<stdout>:5662 KSP Residual norm 3.331259733179e-03
Mon Sep 21 15:12:43 2026<stdout>:5663 KSP Residual norm 3.329635226067e-03
Mon Sep 21 15:12:43 2026<stdout>:5664 KSP Residual norm 3.327063087712e-03
Mon Sep 21 15:12:43 2026<stdout>:5665 KSP Residual norm 3.327029902810e-03
Mon Sep 21 15:12:43 2026<stdout>:5666 KSP Residual norm 3.325894529662e-03
Mon Sep 21 15:12:43 2026<stdout>:5667 KSP Residual norm 3.322243384168e-03
Mon Sep 21 15:12:43 2026<stdout>:5668 KSP Residual norm 3.316635583256e-03
Mon Sep 21 15:12:43 2026<stdout>:5669 KSP Residual norm 3.313554694834e-03
Mon Sep 21 15:12:43 2026<stdout>:5670 KSP Residual norm 3.309828723118e-03
Mon Sep 21 15:12:43 2026<stdout>:5671 KSP Residual norm 3.307871220622e-03
Mon Sep 21 15:12:44 2026<stdout>:5672 KSP Residual norm 3.307713010728e-03
Mon Sep 21 15:12:44 2026<stdout>:5673 KSP Residual norm 3.307669104426e-03
Mon Sep 21 15:12:44 2026<stdout>:5674 KSP Residual norm 3.304460101381e-03
Mon Sep 21 15:12:44 2026<stdout>:5675 KSP Residual norm 3.302097740049e-03
Mon Sep 21 15:12:44 2026<stdout>:5676 KSP Residual norm 3.302085264269e-03
Mon Sep 21 15:12:44 2026<stdout>:5677 KSP Residual norm 3.301412117644e-03
Mon Sep 21 15:12:44 2026<stdout>:5678 KSP Residual norm 3.301181754491e-03
Mon Sep 21 15:12:44 2026<stdout>:5679 KSP Residual norm 3.299376233819e-03
Mon Sep 21 15:12:44 2026<stdout>:5680 KSP Residual norm 3.299141539018e-03
Mon Sep 21 15:12:44 2026<stdout>:5681 KSP Residual norm 3.298933304534e-03
Mon Sep 21 15:12:44 2026<stdout>:5682 KSP Residual norm 3.293651118685e-03
Mon Sep 21 15:12:44 2026<stdout>:5683 KSP Residual norm 3.292599122088e-03
Mon Sep 21 15:12:44 2026<stdout>:5684 KSP Residual norm 3.292323841354e-03
Mon Sep 21 15:12:44 2026<stdout>:5685 KSP Residual norm 3.291747910899e-03
Mon Sep 21 15:12:44 2026<stdout>:5686 KSP Residual norm 3.289368617031e-03
Mon Sep 21 15:12:44 2026<stdout>:5687 KSP Residual norm 3.286956259452e-03
Mon Sep 21 15:12:44 2026<stdout>:5688 KSP Residual norm 3.286234031842e-03
Mon Sep 21 15:12:44 2026<stdout>:5689 KSP Residual norm 3.286140556955e-03
Mon Sep 21 15:12:44 2026<stdout>:5690 KSP Residual norm 3.284550936319e-03
Mon Sep 21 15:12:44 2026<stdout>:5691 KSP Residual norm 3.284481745436e-03
Mon Sep 21 15:12:44 2026<stdout>:5692 KSP Residual norm 3.284318646622e-03
Mon Sep 21 15:12:44 2026<stdout>:5693 KSP Residual norm 3.279856464095e-03
Mon Sep 21 15:12:44 2026<stdout>:5694 KSP Residual norm 3.279480545152e-03
Mon Sep 21 15:12:44 2026<stdout>:5695 KSP Residual norm 3.279382902882e-03
Mon Sep 21 15:12:44 2026<stdout>:5696 KSP Residual norm 3.276324491912e-03
Mon Sep 21 15:12:44 2026<stdout>:5697 KSP Residual norm 3.273269371377e-03
Mon Sep 21 15:12:44 2026<stdout>:5698 KSP Residual norm 3.271745319570e-03
Mon Sep 21 15:12:44 2026<stdout>:5699 KSP Residual norm 3.271382179998e-03
Mon Sep 21 15:12:44 2026<stdout>:5700 KSP Residual norm 3.927785831928e-03
Mon Sep 21 15:12:44 2026<stdout>:5701 KSP Residual norm 3.731530520997e-03
Mon Sep 21 15:12:44 2026<stdout>:5702 KSP Residual norm 3.731250584895e-03
Mon Sep 21 15:12:44 2026<stdout>:5703 KSP Residual norm 3.731250574555e-03
Mon Sep 21 15:12:44 2026<stdout>:5704 KSP Residual norm 3.301815371490e-03
Mon Sep 21 15:12:44 2026<stdout>:5705 KSP Residual norm 3.290987490915e-03
Mon Sep 21 15:12:44 2026<stdout>:5706 KSP Residual norm 3.290981665480e-03
Mon Sep 21 15:12:44 2026<stdout>:5707 KSP Residual norm 3.290947199020e-03
Mon Sep 21 15:12:44 2026<stdout>:5708 KSP Residual norm 3.290199937936e-03
Mon Sep 21 15:12:44 2026<stdout>:5709 KSP Residual norm 3.290199105851e-03
Mon Sep 21 15:12:44 2026<stdout>:5710 KSP Residual norm 3.289522862208e-03
Mon Sep 21 15:12:44 2026<stdout>:5711 KSP Residual norm 3.289502172997e-03
Mon Sep 21 15:12:44 2026<stdout>:5712 KSP Residual norm 3.289482908540e-03
Mon Sep 21 15:12:44 2026<stdout>:5713 KSP Residual norm 3.289305403028e-03
Mon Sep 21 15:12:44 2026<stdout>:5714 KSP Residual norm 3.288926263785e-03
Mon Sep 21 15:12:44 2026<stdout>:5715 KSP Residual norm 3.288617938075e-03
Mon Sep 21 15:12:44 2026<stdout>:5716 KSP Residual norm 3.288616867947e-03
Mon Sep 21 15:12:44 2026<stdout>:5717 KSP Residual norm 3.288511949701e-03
Mon Sep 21 15:12:44 2026<stdout>:5718 KSP Residual norm 3.284140924708e-03
Mon Sep 21 15:12:44 2026<stdout>:5719 KSP Residual norm 3.283847285992e-03
Mon Sep 21 15:12:44 2026<stdout>:5720 KSP Residual norm 3.281344706425e-03
Mon Sep 21 15:12:44 2026<stdout>:5721 KSP Residual norm 3.281340440833e-03
Mon Sep 21 15:12:44 2026<stdout>:5722 KSP Residual norm 3.279355949566e-03
Mon Sep 21 15:12:44 2026<stdout>:5723 KSP Residual norm 3.279355879925e-03
Mon Sep 21 15:12:44 2026<stdout>:5724 KSP Residual norm 3.273081259928e-03
Mon Sep 21 15:12:44 2026<stdout>:5725 KSP Residual norm 3.273002682088e-03
Mon Sep 21 15:12:44 2026<stdout>:5726 KSP Residual norm 3.272068947926e-03
Mon Sep 21 15:12:44 2026<stdout>:5727 KSP Residual norm 3.272061552595e-03
Mon Sep 21 15:12:44 2026<stdout>:5728 KSP Residual norm 3.271856048617e-03
Mon Sep 21 15:12:44 2026<stdout>:5729 KSP Residual norm 3.271548416441e-03
Mon Sep 21 15:12:44 2026<stdout>:5730 KSP Residual norm 3.270726906731e-03
Mon Sep 21 15:12:44 2026<stdout>:5731 KSP Residual norm 3.270682967001e-03
Mon Sep 21 15:12:44 2026<stdout>:5732 KSP Residual norm 3.266200483844e-03
Mon Sep 21 15:12:44 2026<stdout>:5733 KSP Residual norm 3.266148281509e-03
Mon Sep 21 15:12:44 2026<stdout>:5734 KSP Residual norm 3.265264537456e-03
Mon Sep 21 15:12:44 2026<stdout>:5735 KSP Residual norm 3.265027180295e-03
Mon Sep 21 15:12:44 2026<stdout>:5736 KSP Residual norm 3.260957591891e-03
Mon Sep 21 15:12:44 2026<stdout>:5737 KSP Residual norm 3.260900569507e-03
Mon Sep 21 15:12:44 2026<stdout>:5738 KSP Residual norm 3.260251218963e-03
Mon Sep 21 15:12:44 2026<stdout>:5739 KSP Residual norm 3.259980341576e-03
Mon Sep 21 15:12:44 2026<stdout>:5740 KSP Residual norm 3.254785494858e-03
Mon Sep 21 15:12:44 2026<stdout>:5741 KSP Residual norm 3.254667794450e-03
Mon Sep 21 15:12:44 2026<stdout>:5742 KSP Residual norm 3.254492102616e-03
Mon Sep 21 15:12:44 2026<stdout>:5743 KSP Residual norm 3.254297265151e-03
Mon Sep 21 15:12:44 2026<stdout>:5744 KSP Residual norm 3.252839611297e-03
Mon Sep 21 15:12:44 2026<stdout>:5745 KSP Residual norm 3.252767521224e-03
Mon Sep 21 15:12:44 2026<stdout>:5746 KSP Residual norm 3.252013259635e-03
Mon Sep 21 15:12:44 2026<stdout>:5747 KSP Residual norm 3.248008503148e-03
Mon Sep 21 15:12:44 2026<stdout>:5748 KSP Residual norm 3.235376200369e-03
Mon Sep 21 15:12:44 2026<stdout>:5749 KSP Residual norm 3.233869857034e-03
Mon Sep 21 15:12:44 2026<stdout>:5750 KSP Residual norm 3.233467619613e-03
Mon Sep 21 15:12:44 2026<stdout>:5751 KSP Residual norm 3.228652583871e-03
Mon Sep 21 15:12:44 2026<stdout>:5752 KSP Residual norm 3.228525839709e-03
Mon Sep 21 15:12:44 2026<stdout>:5753 KSP Residual norm 3.227357101113e-03
Mon Sep 21 15:12:44 2026<stdout>:5754 KSP Residual norm 3.226863353460e-03
Mon Sep 21 15:12:44 2026<stdout>:5755 KSP Residual norm 3.226854867978e-03
Mon Sep 21 15:12:44 2026<stdout>:5756 KSP Residual norm 3.225432444744e-03
Mon Sep 21 15:12:44 2026<stdout>:5757 KSP Residual norm 3.221564056688e-03
Mon Sep 21 15:12:44 2026<stdout>:5758 KSP Residual norm 3.220891771644e-03
Mon Sep 21 15:12:44 2026<stdout>:5759 KSP Residual norm 3.220822402017e-03
Mon Sep 21 15:12:44 2026<stdout>:5760 KSP Residual norm 3.220489348456e-03
Mon Sep 21 15:12:44 2026<stdout>:5761 KSP Residual norm 3.219606094280e-03
Mon Sep 21 15:12:44 2026<stdout>:5762 KSP Residual norm 3.219457816392e-03
Mon Sep 21 15:12:44 2026<stdout>:5763 KSP Residual norm 3.217931352420e-03
Mon Sep 21 15:12:44 2026<stdout>:5764 KSP Residual norm 3.217843653318e-03
Mon Sep 21 15:12:44 2026<stdout>:5765 KSP Residual norm 3.217599578562e-03
Mon Sep 21 15:12:45 2026<stdout>:5766 KSP Residual norm 3.214724317610e-03
Mon Sep 21 15:12:45 2026<stdout>:5767 KSP Residual norm 3.213885561828e-03
Mon Sep 21 15:12:45 2026<stdout>:5768 KSP Residual norm 3.209899615313e-03
Mon Sep 21 15:12:45 2026<stdout>:5769 KSP Residual norm 3.207637687859e-03
Mon Sep 21 15:12:45 2026<stdout>:5770 KSP Residual norm 3.202627542354e-03
Mon Sep 21 15:12:45 2026<stdout>:5771 KSP Residual norm 3.199406845945e-03
Mon Sep 21 15:12:45 2026<stdout>:5772 KSP Residual norm 3.199026025250e-03
Mon Sep 21 15:12:45 2026<stdout>:5773 KSP Residual norm 3.198366071522e-03
Mon Sep 21 15:12:45 2026<stdout>:5774 KSP Residual norm 3.198022452220e-03
Mon Sep 21 15:12:45 2026<stdout>:5775 KSP Residual norm 3.197975995251e-03
Mon Sep 21 15:12:45 2026<stdout>:5776 KSP Residual norm 3.195590438898e-03
Mon Sep 21 15:12:45 2026<stdout>:5777 KSP Residual norm 3.195384785466e-03
Mon Sep 21 15:12:45 2026<stdout>:5778 KSP Residual norm 3.194911995420e-03
Mon Sep 21 15:12:45 2026<stdout>:5779 KSP Residual norm 3.184780880459e-03
Mon Sep 21 15:12:45 2026<stdout>:5780 KSP Residual norm 3.183281375566e-03
Mon Sep 21 15:12:45 2026<stdout>:5781 KSP Residual norm 3.177748924579e-03
Mon Sep 21 15:12:45 2026<stdout>:5782 KSP Residual norm 3.177142214778e-03
Mon Sep 21 15:12:45 2026<stdout>:5783 KSP Residual norm 3.176954164163e-03
Mon Sep 21 15:12:45 2026<stdout>:5784 KSP Residual norm 3.176823552433e-03
Mon Sep 21 15:12:45 2026<stdout>:5785 KSP Residual norm 3.176758864473e-03
Mon Sep 21 15:12:45 2026<stdout>:5786 KSP Residual norm 3.175477298627e-03
Mon Sep 21 15:12:45 2026<stdout>:5787 KSP Residual norm 3.173309757442e-03
Mon Sep 21 15:12:45 2026<stdout>:5788 KSP Residual norm 3.170593124300e-03
Mon Sep 21 15:12:45 2026<stdout>:5789 KSP Residual norm 3.170593071839e-03
Mon Sep 21 15:12:45 2026<stdout>:5790 KSP Residual norm 3.170345878277e-03
Mon Sep 21 15:12:45 2026<stdout>:5791 KSP Residual norm 3.169840244768e-03
Mon Sep 21 15:12:45 2026<stdout>:5792 KSP Residual norm 3.169840106886e-03
Mon Sep 21 15:12:45 2026<stdout>:5793 KSP Residual norm 3.169079580405e-03
Mon Sep 21 15:12:45 2026<stdout>:5794 KSP Residual norm 3.164146170594e-03
Mon Sep 21 15:12:45 2026<stdout>:5795 KSP Residual norm 3.140314920110e-03
Mon Sep 21 15:12:45 2026<stdout>:5796 KSP Residual norm 3.140273246718e-03
Mon Sep 21 15:12:45 2026<stdout>:5797 KSP Residual norm 3.140267738383e-03
Mon Sep 21 15:12:45 2026<stdout>:5798 KSP Residual norm 3.139961585320e-03
Mon Sep 21 15:12:45 2026<stdout>:5799 KSP Residual norm 3.139779954392e-03
Mon Sep 21 15:12:45 2026<stdout>:5800 KSP Residual norm 3.138068973205e-03
Mon Sep 21 15:12:45 2026<stdout>:5801 KSP Residual norm 3.136342261016e-03
Mon Sep 21 15:12:45 2026<stdout>:5802 KSP Residual norm 3.136020216369e-03
Mon Sep 21 15:12:45 2026<stdout>:5803 KSP Residual norm 3.135260706647e-03
Mon Sep 21 15:12:45 2026<stdout>:5804 KSP Residual norm 3.134524278561e-03
Mon Sep 21 15:12:45 2026<stdout>:5805 KSP Residual norm 3.134453210366e-03
Mon Sep 21 15:12:45 2026<stdout>:5806 KSP Residual norm 3.133552729355e-03
Mon Sep 21 15:12:45 2026<stdout>:5807 KSP Residual norm 3.131950943890e-03
Mon Sep 21 15:12:45 2026<stdout>:5808 KSP Residual norm 3.129303155528e-03
Mon Sep 21 15:12:45 2026<stdout>:5809 KSP Residual norm 3.128399305137e-03
Mon Sep 21 15:12:45 2026<stdout>:5810 KSP Residual norm 3.128210598359e-03
Mon Sep 21 15:12:45 2026<stdout>:5811 KSP Residual norm 3.128186212427e-03
Mon Sep 21 15:12:45 2026<stdout>:5812 KSP Residual norm 3.125674433076e-03
Mon Sep 21 15:12:45 2026<stdout>:5813 KSP Residual norm 3.123275693537e-03
Mon Sep 21 15:12:45 2026<stdout>:5814 KSP Residual norm 3.123248285377e-03
Mon Sep 21 15:12:45 2026<stdout>:5815 KSP Residual norm 3.122157506656e-03
Mon Sep 21 15:12:45 2026<stdout>:5816 KSP Residual norm 3.122152639094e-03
Mon Sep 21 15:12:45 2026<stdout>:5817 KSP Residual norm 3.122075625362e-03
Mon Sep 21 15:12:45 2026<stdout>:5818 KSP Residual norm 3.121476283019e-03
Mon Sep 21 15:12:45 2026<stdout>:5819 KSP Residual norm 3.121222361864e-03
Mon Sep 21 15:12:45 2026<stdout>:5820 KSP Residual norm 3.121216369487e-03
Mon Sep 21 15:12:45 2026<stdout>:5821 KSP Residual norm 3.120250272101e-03
Mon Sep 21 15:12:45 2026<stdout>:5822 KSP Residual norm 3.120011561178e-03
Mon Sep 21 15:12:45 2026<stdout>:5823 KSP Residual norm 3.118901450148e-03
Mon Sep 21 15:12:45 2026<stdout>:5824 KSP Residual norm 3.118210132243e-03
Mon Sep 21 15:12:45 2026<stdout>:5825 KSP Residual norm 3.117716914186e-03
Mon Sep 21 15:12:45 2026<stdout>:5826 KSP Residual norm 3.117327482951e-03
Mon Sep 21 15:12:45 2026<stdout>:5827 KSP Residual norm 3.117001616985e-03
Mon Sep 21 15:12:45 2026<stdout>:5828 KSP Residual norm 3.111206880820e-03
Mon Sep 21 15:12:45 2026<stdout>:5829 KSP Residual norm 3.109226037494e-03
Mon Sep 21 15:12:45 2026<stdout>:5830 KSP Residual norm 3.108938999311e-03
Mon Sep 21 15:12:45 2026<stdout>:5831 KSP Residual norm 3.108789873679e-03
Mon Sep 21 15:12:45 2026<stdout>:5832 KSP Residual norm 3.102378637964e-03
Mon Sep 21 15:12:45 2026<stdout>:5833 KSP Residual norm 3.099929058572e-03
Mon Sep 21 15:12:45 2026<stdout>:5834 KSP Residual norm 3.099768079848e-03
Mon Sep 21 15:12:45 2026<stdout>:5835 KSP Residual norm 3.099290136080e-03
Mon Sep 21 15:12:45 2026<stdout>:5836 KSP Residual norm 3.099099695108e-03
Mon Sep 21 15:12:45 2026<stdout>:5837 KSP Residual norm 3.098001355666e-03
Mon Sep 21 15:12:45 2026<stdout>:5838 KSP Residual norm 3.096534786315e-03
Mon Sep 21 15:12:45 2026<stdout>:5839 KSP Residual norm 3.096148350048e-03
Mon Sep 21 15:12:45 2026<stdout>:5840 KSP Residual norm 3.096051359290e-03
Mon Sep 21 15:12:45 2026<stdout>:5841 KSP Residual norm 3.087309522637e-03
Mon Sep 21 15:12:45 2026<stdout>:5842 KSP Residual norm 3.086466855889e-03
Mon Sep 21 15:12:45 2026<stdout>:5843 KSP Residual norm 3.079301433173e-03
Mon Sep 21 15:12:45 2026<stdout>:5844 KSP Residual norm 3.078735335852e-03
Mon Sep 21 15:12:45 2026<stdout>:5845 KSP Residual norm 3.078123648052e-03
Mon Sep 21 15:12:46 2026<stdout>:5846 KSP Residual norm 3.076773505119e-03
Mon Sep 21 15:12:46 2026<stdout>:5847 KSP Residual norm 3.074031270671e-03
Mon Sep 21 15:12:46 2026<stdout>:5848 KSP Residual norm 3.074013480175e-03
Mon Sep 21 15:12:46 2026<stdout>:5849 KSP Residual norm 3.072747317209e-03
Mon Sep 21 15:12:46 2026<stdout>:5850 KSP Residual norm 3.988397638782e-03
Mon Sep 21 15:12:46 2026<stdout>:5851 KSP Residual norm 3.879112588096e-03
Mon Sep 21 15:12:46 2026<stdout>:5852 KSP Residual norm 3.878878190350e-03
Mon Sep 21 15:12:46 2026<stdout>:5853 KSP Residual norm 3.878727606510e-03
Mon Sep 21 15:12:46 2026<stdout>:5854 KSP Residual norm 3.877686469098e-03
Mon Sep 21 15:12:46 2026<stdout>:5855 KSP Residual norm 3.877586156028e-03
Mon Sep 21 15:12:46 2026<stdout>:5856 KSP Residual norm 3.873289460181e-03
Mon Sep 21 15:12:46 2026<stdout>:5857 KSP Residual norm 3.873264136986e-03
Mon Sep 21 15:12:46 2026<stdout>:5858 KSP Residual norm 3.870937348896e-03
Mon Sep 21 15:12:46 2026<stdout>:5859 KSP Residual norm 3.870937165252e-03
Mon Sep 21 15:12:46 2026<stdout>:5860 KSP Residual norm 3.870376909147e-03
Mon Sep 21 15:12:46 2026<stdout>:5861 KSP Residual norm 3.870372264521e-03
Mon Sep 21 15:12:46 2026<stdout>:5862 KSP Residual norm 3.865202915810e-03
Mon Sep 21 15:12:46 2026<stdout>:5863 KSP Residual norm 3.865202700372e-03
Mon Sep 21 15:12:46 2026<stdout>:5864 KSP Residual norm 3.865018011040e-03
Mon Sep 21 15:12:46 2026<stdout>:5865 KSP Residual norm 3.864951780131e-03
Mon Sep 21 15:12:46 2026<stdout>:5866 KSP Residual norm 3.850437805217e-03
Mon Sep 21 15:12:46 2026<stdout>:5867 KSP Residual norm 3.850410507273e-03
Mon Sep 21 15:12:46 2026<stdout>:5868 KSP Residual norm 3.841334261306e-03
Mon Sep 21 15:12:46 2026<stdout>:5869 KSP Residual norm 3.841334189047e-03
Mon Sep 21 15:12:46 2026<stdout>:5870 KSP Residual norm 3.839309508548e-03
Mon Sep 21 15:12:46 2026<stdout>:5871 KSP Residual norm 3.839175127964e-03
Mon Sep 21 15:12:46 2026<stdout>:5872 KSP Residual norm 3.834995173989e-03
Mon Sep 21 15:12:46 2026<stdout>:5873 KSP Residual norm 3.834857447728e-03
Mon Sep 21 15:12:46 2026<stdout>:5874 KSP Residual norm 3.832204600763e-03
Mon Sep 21 15:12:46 2026<stdout>:5875 KSP Residual norm 3.831669243452e-03
Mon Sep 21 15:12:46 2026<stdout>:5876 KSP Residual norm 3.830724669415e-03
Mon Sep 21 15:12:46 2026<stdout>:5877 KSP Residual norm 3.830697943978e-03
Mon Sep 21 15:12:46 2026<stdout>:5878 KSP Residual norm 3.828263694164e-03
Mon Sep 21 15:12:46 2026<stdout>:5879 KSP Residual norm 3.828204602036e-03
Mon Sep 21 15:12:46 2026<stdout>:5880 KSP Residual norm 3.824175077528e-03
Mon Sep 21 15:12:46 2026<stdout>:5881 KSP Residual norm 3.824076289576e-03
Mon Sep 21 15:12:46 2026<stdout>:5882 KSP Residual norm 3.824037483062e-03
Mon Sep 21 15:12:46 2026<stdout>:5883 KSP Residual norm 3.823981943436e-03
Mon Sep 21 15:12:46 2026<stdout>:5884 KSP Residual norm 3.823908543895e-03
Mon Sep 21 15:12:46 2026<stdout>:5885 KSP Residual norm 3.823535453086e-03
Mon Sep 21 15:12:46 2026<stdout>:5886 KSP Residual norm 3.821118813627e-03
Mon Sep 21 15:12:46 2026<stdout>:5887 KSP Residual norm 3.821078904378e-03
Mon Sep 21 15:12:46 2026<stdout>:5888 KSP Residual norm 3.820229614236e-03
Mon Sep 21 15:12:46 2026<stdout>:5889 KSP Residual norm 3.820206629274e-03
Mon Sep 21 15:12:46 2026<stdout>:5890 KSP Residual norm 3.818994973965e-03
Mon Sep 21 15:12:46 2026<stdout>:5891 KSP Residual norm 3.818992085142e-03
Mon Sep 21 15:12:46 2026<stdout>:5892 KSP Residual norm 3.817436623291e-03
Mon Sep 21 15:12:46 2026<stdout>:5893 KSP Residual norm 3.817421883453e-03
Mon Sep 21 15:12:46 2026<stdout>:5894 KSP Residual norm 3.810014741241e-03
Mon Sep 21 15:12:46 2026<stdout>:5895 KSP Residual norm 3.809989917637e-03
Mon Sep 21 15:12:46 2026<stdout>:5896 KSP Residual norm 3.808404004278e-03
Mon Sep 21 15:12:46 2026<stdout>:5897 KSP Residual norm 3.808186137514e-03
Mon Sep 21 15:12:46 2026<stdout>:5898 KSP Residual norm 3.808103100009e-03
Mon Sep 21 15:12:46 2026<stdout>:5899 KSP Residual norm 3.802281185334e-03
Mon Sep 21 15:12:46 2026<stdout>:5900 KSP Residual norm 3.802236297377e-03
Mon Sep 21 15:12:46 2026<stdout>:5901 KSP Residual norm 3.800744833250e-03
Mon Sep 21 15:12:46 2026<stdout>:5902 KSP Residual norm 3.791130063675e-03
Mon Sep 21 15:12:46 2026<stdout>:5903 KSP Residual norm 3.791122472693e-03
Mon Sep 21 15:12:46 2026<stdout>:5904 KSP Residual norm 3.784087016659e-03
Mon Sep 21 15:12:46 2026<stdout>:5905 KSP Residual norm 3.782264773773e-03
Mon Sep 21 15:12:46 2026<stdout>:5906 KSP Residual norm 3.780957054854e-03
Mon Sep 21 15:12:46 2026<stdout>:5907 KSP Residual norm 3.780408965856e-03
Mon Sep 21 15:12:46 2026<stdout>:5908 KSP Residual norm 3.779241972882e-03
Mon Sep 21 15:12:46 2026<stdout>:5909 KSP Residual norm 3.779158159366e-03
Mon Sep 21 15:12:46 2026<stdout>:5910 KSP Residual norm 3.777703266564e-03
Mon Sep 21 15:12:46 2026<stdout>:5911 KSP Residual norm 3.773530338865e-03
Mon Sep 21 15:12:46 2026<stdout>:5912 KSP Residual norm 3.773233071936e-03
Mon Sep 21 15:12:46 2026<stdout>:5913 KSP Residual norm 3.772726994567e-03
Mon Sep 21 15:12:46 2026<stdout>:5914 KSP Residual norm 3.771712170709e-03
Mon Sep 21 15:12:46 2026<stdout>:5915 KSP Residual norm 3.770622128555e-03
Mon Sep 21 15:12:46 2026<stdout>:5916 KSP Residual norm 3.766728436039e-03
Mon Sep 21 15:12:46 2026<stdout>:5917 KSP Residual norm 3.765695137492e-03
Mon Sep 21 15:12:46 2026<stdout>:5918 KSP Residual norm 3.762936314085e-03
Mon Sep 21 15:12:46 2026<stdout>:5919 KSP Residual norm 3.762851534240e-03
Mon Sep 21 15:12:46 2026<stdout>:5920 KSP Residual norm 3.762552865423e-03
Mon Sep 21 15:12:46 2026<stdout>:5921 KSP Residual norm 3.761271010050e-03
Mon Sep 21 15:12:46 2026<stdout>:5922 KSP Residual norm 3.752219830823e-03
Mon Sep 21 15:12:46 2026<stdout>:5923 KSP Residual norm 3.749086366443e-03
Mon Sep 21 15:12:46 2026<stdout>:5924 KSP Residual norm 3.748822222426e-03
Mon Sep 21 15:12:46 2026<stdout>:5925 KSP Residual norm 3.748815309569e-03
Mon Sep 21 15:12:46 2026<stdout>:5926 KSP Residual norm 3.747960865004e-03
Mon Sep 21 15:12:46 2026<stdout>:5927 KSP Residual norm 3.747668584263e-03
Mon Sep 21 15:12:46 2026<stdout>:5928 KSP Residual norm 3.745917081837e-03
Mon Sep 21 15:12:46 2026<stdout>:5929 KSP Residual norm 3.745508529174e-03
Mon Sep 21 15:12:46 2026<stdout>:5930 KSP Residual norm 3.742456097685e-03
Mon Sep 21 15:12:46 2026<stdout>:5931 KSP Residual norm 3.740692425510e-03
Mon Sep 21 15:12:46 2026<stdout>:5932 KSP Residual norm 3.731585338805e-03
Mon Sep 21 15:12:46 2026<stdout>:5933 KSP Residual norm 3.726198562751e-03
Mon Sep 21 15:12:46 2026<stdout>:5934 KSP Residual norm 3.721441959983e-03
Mon Sep 21 15:12:46 2026<stdout>:5935 KSP Residual norm 3.721234389520e-03
Mon Sep 21 15:12:46 2026<stdout>:5936 KSP Residual norm 3.721170261607e-03
Mon Sep 21 15:12:46 2026<stdout>:5937 KSP Residual norm 3.720855522824e-03
Mon Sep 21 15:12:46 2026<stdout>:5938 KSP Residual norm 3.718074248422e-03
Mon Sep 21 15:12:46 2026<stdout>:5939 KSP Residual norm 3.717242789007e-03
Mon Sep 21 15:12:46 2026<stdout>:5940 KSP Residual norm 3.716561164939e-03
Mon Sep 21 15:12:46 2026<stdout>:5941 KSP Residual norm 3.716422058290e-03
Mon Sep 21 15:12:46 2026<stdout>:5942 KSP Residual norm 3.715950821049e-03
Mon Sep 21 15:12:46 2026<stdout>:5943 KSP Residual norm 3.715950778247e-03
Mon Sep 21 15:12:46 2026<stdout>:5944 KSP Residual norm 3.712582572458e-03
Mon Sep 21 15:12:47 2026<stdout>:5945 KSP Residual norm 3.712413687763e-03
Mon Sep 21 15:12:47 2026<stdout>:5946 KSP Residual norm 3.712399307899e-03
Mon Sep 21 15:12:47 2026<stdout>:5947 KSP Residual norm 3.712391398409e-03
Mon Sep 21 15:12:47 2026<stdout>:5948 KSP Residual norm 3.710874920989e-03
Mon Sep 21 15:12:47 2026<stdout>:5949 KSP Residual norm 3.710591094222e-03
Mon Sep 21 15:12:47 2026<stdout>:5950 KSP Residual norm 3.709985163476e-03
Mon Sep 21 15:12:47 2026<stdout>:5951 KSP Residual norm 3.705790571909e-03
Mon Sep 21 15:12:47 2026<stdout>:5952 KSP Residual norm 3.705300575270e-03
Mon Sep 21 15:12:47 2026<stdout>:5953 KSP Residual norm 3.705251188358e-03
Mon Sep 21 15:12:47 2026<stdout>:5954 KSP Residual norm 3.705103128640e-03
Mon Sep 21 15:12:47 2026<stdout>:5955 KSP Residual norm 3.705069306762e-03
Mon Sep 21 15:12:47 2026<stdout>:5956 KSP Residual norm 3.697674998314e-03
Mon Sep 21 15:12:47 2026<stdout>:5957 KSP Residual norm 3.693745573729e-03
Mon Sep 21 15:12:47 2026<stdout>:5958 KSP Residual norm 3.673275527684e-03
Mon Sep 21 15:12:47 2026<stdout>:5959 KSP Residual norm 3.662256261754e-03
Mon Sep 21 15:12:47 2026<stdout>:5960 KSP Residual norm 3.661418094339e-03
Mon Sep 21 15:12:47 2026<stdout>:5961 KSP Residual norm 3.660458096786e-03
Mon Sep 21 15:12:47 2026<stdout>:5962 KSP Residual norm 3.659392287134e-03
Mon Sep 21 15:12:47 2026<stdout>:5963 KSP Residual norm 3.659197822515e-03
Mon Sep 21 15:12:47 2026<stdout>:5964 KSP Residual norm 3.658665778550e-03
Mon Sep 21 15:12:47 2026<stdout>:5965 KSP Residual norm 3.658602130670e-03
Mon Sep 21 15:12:47 2026<stdout>:5966 KSP Residual norm 3.655795280074e-03
Mon Sep 21 15:12:47 2026<stdout>:5967 KSP Residual norm 3.655597577355e-03
Mon Sep 21 15:12:47 2026<stdout>:5968 KSP Residual norm 3.642711060879e-03
Mon Sep 21 15:12:47 2026<stdout>:5969 KSP Residual norm 3.641324219517e-03
Mon Sep 21 15:12:47 2026<stdout>:5970 KSP Residual norm 3.638489314258e-03
Mon Sep 21 15:12:47 2026<stdout>:5971 KSP Residual norm 3.637088396720e-03
Mon Sep 21 15:12:47 2026<stdout>:5972 KSP Residual norm 3.628257318688e-03
Mon Sep 21 15:12:47 2026<stdout>:5973 KSP Residual norm 3.627973122280e-03
Mon Sep 21 15:12:47 2026<stdout>:5974 KSP Residual norm 3.627304130612e-03
Mon Sep 21 15:12:47 2026<stdout>:5975 KSP Residual norm 3.627288145540e-03
Mon Sep 21 15:12:47 2026<stdout>:5976 KSP Residual norm 3.626975062644e-03
Mon Sep 21 15:12:47 2026<stdout>:5977 KSP Residual norm 3.626548921983e-03
Mon Sep 21 15:12:47 2026<stdout>:5978 KSP Residual norm 3.626461052731e-03
Mon Sep 21 15:12:47 2026<stdout>:5979 KSP Residual norm 3.626460678834e-03
Mon Sep 21 15:12:47 2026<stdout>:5980 KSP Residual norm 3.626362800483e-03
Mon Sep 21 15:12:47 2026<stdout>:5981 KSP Residual norm 3.622920411954e-03
Mon Sep 21 15:12:47 2026<stdout>:5982 KSP Residual norm 3.622633392012e-03
Mon Sep 21 15:12:47 2026<stdout>:5983 KSP Residual norm 3.622554499738e-03
Mon Sep 21 15:12:47 2026<stdout>:5984 KSP Residual norm 3.621858020755e-03
Mon Sep 21 15:12:47 2026<stdout>:5985 KSP Residual norm 3.619666780814e-03
Mon Sep 21 15:12:47 2026<stdout>:5986 KSP Residual norm 3.616295280166e-03
Mon Sep 21 15:12:47 2026<stdout>:5987 KSP Residual norm 3.615930296495e-03
Mon Sep 21 15:12:47 2026<stdout>:5988 KSP Residual norm 3.615851115313e-03
Mon Sep 21 15:12:47 2026<stdout>:5989 KSP Residual norm 3.614117671108e-03
Mon Sep 21 15:12:47 2026<stdout>:5990 KSP Residual norm 3.613702462311e-03
Mon Sep 21 15:12:47 2026<stdout>:5991 KSP Residual norm 3.608584475586e-03
Mon Sep 21 15:12:47 2026<stdout>:5992 KSP Residual norm 3.608216905053e-03
Mon Sep 21 15:12:47 2026<stdout>:5993 KSP Residual norm 3.603059299248e-03
Mon Sep 21 15:12:47 2026<stdout>:5994 KSP Residual norm 3.602774658630e-03
Mon Sep 21 15:12:47 2026<stdout>:5995 KSP Residual norm 3.601667263410e-03
Mon Sep 21 15:12:47 2026<stdout>:5996 KSP Residual norm 3.599751091798e-03
Mon Sep 21 15:12:47 2026<stdout>:5997 KSP Residual norm 3.597536833088e-03
Mon Sep 21 15:12:47 2026<stdout>:5998 KSP Residual norm 3.596190370265e-03
Mon Sep 21 15:12:47 2026<stdout>:5999 KSP Residual norm 3.596160037034e-03
Mon Sep 21 15:12:47 2026<stdout>:6000 KSP Residual norm 4.005021118818e-03
Mon Sep 21 15:12:47 2026<stdout>:6001 KSP Residual norm 3.956079044011e-03
Mon Sep 21 15:12:47 2026<stdout>:6002 KSP Residual norm 3.736866470433e-03
Mon Sep 21 15:12:47 2026<stdout>:6003 KSP Residual norm 3.723015525067e-03
Mon Sep 21 15:12:47 2026<stdout>:6004 KSP Residual norm 3.723007435501e-03
Mon Sep 21 15:12:47 2026<stdout>:6005 KSP Residual norm 3.722885751821e-03
Mon Sep 21 15:12:47 2026<stdout>:6006 KSP Residual norm 3.722062633293e-03
Mon Sep 21 15:12:47 2026<stdout>:6007 KSP Residual norm 3.721614235030e-03
Mon Sep 21 15:12:47 2026<stdout>:6008 KSP Residual norm 3.720849720869e-03
Mon Sep 21 15:12:47 2026<stdout>:6009 KSP Residual norm 3.720729438915e-03
Mon Sep 21 15:12:47 2026<stdout>:6010 KSP Residual norm 3.719220223724e-03
Mon Sep 21 15:12:47 2026<stdout>:6011 KSP Residual norm 3.719014651518e-03
Mon Sep 21 15:12:47 2026<stdout>:6012 KSP Residual norm 3.715215919672e-03
Mon Sep 21 15:12:47 2026<stdout>:6013 KSP Residual norm 3.714976943231e-03
Mon Sep 21 15:12:47 2026<stdout>:6014 KSP Residual norm 3.714082983832e-03
Mon Sep 21 15:12:47 2026<stdout>:6015 KSP Residual norm 3.713912619531e-03
Mon Sep 21 15:12:47 2026<stdout>:6016 KSP Residual norm 3.713873048801e-03
Mon Sep 21 15:12:47 2026<stdout>:6017 KSP Residual norm 3.713317197121e-03
Mon Sep 21 15:12:47 2026<stdout>:6018 KSP Residual norm 3.700148561638e-03
Mon Sep 21 15:12:47 2026<stdout>:6019 KSP Residual norm 3.700101053460e-03
Mon Sep 21 15:12:47 2026<stdout>:6020 KSP Residual norm 3.682906421414e-03
Mon Sep 21 15:12:47 2026<stdout>:6021 KSP Residual norm 3.682891214885e-03
Mon Sep 21 15:12:47 2026<stdout>:6022 KSP Residual norm 3.681929767298e-03
Mon Sep 21 15:12:47 2026<stdout>:6023 KSP Residual norm 3.681929615389e-03
Mon Sep 21 15:12:47 2026<stdout>:6024 KSP Residual norm 3.681925885560e-03
Mon Sep 21 15:12:47 2026<stdout>:6025 KSP Residual norm 3.681889032486e-03
Mon Sep 21 15:12:47 2026<stdout>:6026 KSP Residual norm 3.599262051509e-03
Mon Sep 21 15:12:47 2026<stdout>:6027 KSP Residual norm 3.599222683106e-03
Mon Sep 21 15:12:47 2026<stdout>:6028 KSP Residual norm 3.584621724995e-03
Mon Sep 21 15:12:47 2026<stdout>:6029 KSP Residual norm 3.584532115726e-03
Mon Sep 21 15:12:47 2026<stdout>:6030 KSP Residual norm 3.572737430370e-03
Mon Sep 21 15:12:47 2026<stdout>:6031 KSP Residual norm 3.572727013468e-03
Mon Sep 21 15:12:48 2026<stdout>:6032 KSP Residual norm 3.566900932245e-03
Mon Sep 21 15:12:48 2026<stdout>:6033 KSP Residual norm 3.566878564444e-03
Mon Sep 21 15:12:48 2026<stdout>:6034 KSP Residual norm 3.565383777866e-03
Mon Sep 21 15:12:48 2026<stdout>:6035 KSP Residual norm 3.565378363685e-03
Mon Sep 21 15:12:48 2026<stdout>:6036 KSP Residual norm 3.565145042635e-03
Mon Sep 21 15:12:48 2026<stdout>:6037 KSP Residual norm 3.565126781997e-03
Mon Sep 21 15:12:48 2026<stdout>:6038 KSP Residual norm 3.564094411953e-03
Mon Sep 21 15:12:48 2026<stdout>:6039 KSP Residual norm 3.563717847306e-03
Mon Sep 21 15:12:48 2026<stdout>:6040 KSP Residual norm 3.557114597609e-03
Mon Sep 21 15:12:48 2026<stdout>:6041 KSP Residual norm 3.557056005417e-03
Mon Sep 21 15:12:48 2026<stdout>:6042 KSP Residual norm 3.556498788611e-03
Mon Sep 21 15:12:48 2026<stdout>:6043 KSP Residual norm 3.556455203517e-03
Mon Sep 21 15:12:48 2026<stdout>:6044 KSP Residual norm 3.555203329333e-03
Mon Sep 21 15:12:48 2026<stdout>:6045 KSP Residual norm 3.555191509934e-03
Mon Sep 21 15:12:48 2026<stdout>:6046 KSP Residual norm 3.554093307725e-03
Mon Sep 21 15:12:48 2026<stdout>:6047 KSP Residual norm 3.552313725418e-03
Mon Sep 21 15:12:48 2026<stdout>:6048 KSP Residual norm 3.550783551756e-03
Mon Sep 21 15:12:48 2026<stdout>:6049 KSP Residual norm 3.546043546872e-03
Mon Sep 21 15:12:48 2026<stdout>:6050 KSP Residual norm 3.545979050731e-03
Mon Sep 21 15:12:48 2026<stdout>:6051 KSP Residual norm 3.545704935643e-03
Mon Sep 21 15:12:48 2026<stdout>:6052 KSP Residual norm 3.545554499947e-03
Mon Sep 21 15:12:48 2026<stdout>:6053 KSP Residual norm 3.545483545913e-03
Mon Sep 21 15:12:48 2026<stdout>:6054 KSP Residual norm 3.544101421800e-03
Mon Sep 21 15:12:48 2026<stdout>:6055 KSP Residual norm 3.537804293750e-03
Mon Sep 21 15:12:48 2026<stdout>:6056 KSP Residual norm 3.537801757452e-03
Mon Sep 21 15:12:48 2026<stdout>:6057 KSP Residual norm 3.534306388805e-03
Mon Sep 21 15:12:48 2026<stdout>:6058 KSP Residual norm 3.533099524279e-03
Mon Sep 21 15:12:48 2026<stdout>:6059 KSP Residual norm 3.528783928757e-03
Mon Sep 21 15:12:48 2026<stdout>:6060 KSP Residual norm 3.528560648679e-03
Mon Sep 21 15:12:48 2026<stdout>:6061 KSP Residual norm 3.527564510521e-03
Mon Sep 21 15:12:48 2026<stdout>:6062 KSP Residual norm 3.524653425758e-03
Mon Sep 21 15:12:48 2026<stdout>:6063 KSP Residual norm 3.524640106710e-03
Mon Sep 21 15:12:48 2026<stdout>:6064 KSP Residual norm 3.523822393117e-03
Mon Sep 21 15:12:48 2026<stdout>:6065 KSP Residual norm 3.522975038567e-03
Mon Sep 21 15:12:48 2026<stdout>:6066 KSP Residual norm 3.522656830441e-03
Mon Sep 21 15:12:48 2026<stdout>:6067 KSP Residual norm 3.518315306650e-03
Mon Sep 21 15:12:48 2026<stdout>:6068 KSP Residual norm 3.517922236484e-03
Mon Sep 21 15:12:48 2026<stdout>:6069 KSP Residual norm 3.515747821549e-03
Mon Sep 21 15:12:48 2026<stdout>:6070 KSP Residual norm 3.515336553166e-03
Mon Sep 21 15:12:48 2026<stdout>:6071 KSP Residual norm 3.513168156292e-03
Mon Sep 21 15:12:48 2026<stdout>:6072 KSP Residual norm 3.512196558906e-03
Mon Sep 21 15:12:48 2026<stdout>:6073 KSP Residual norm 3.512192287338e-03
Mon Sep 21 15:12:48 2026<stdout>:6074 KSP Residual norm 3.506630754232e-03
Mon Sep 21 15:12:48 2026<stdout>:6075 KSP Residual norm 3.505660372487e-03
Mon Sep 21 15:12:48 2026<stdout>:6076 KSP Residual norm 3.505449016899e-03
Mon Sep 21 15:12:48 2026<stdout>:6077 KSP Residual norm 3.503865953872e-03
Mon Sep 21 15:12:48 2026<stdout>:6078 KSP Residual norm 3.503831323238e-03
Mon Sep 21 15:12:48 2026<stdout>:6079 KSP Residual norm 3.503759801777e-03
Mon Sep 21 15:12:48 2026<stdout>:6080 KSP Residual norm 3.500603307606e-03
Mon Sep 21 15:12:48 2026<stdout>:6081 KSP Residual norm 3.487399197493e-03
Mon Sep 21 15:12:48 2026<stdout>:6082 KSP Residual norm 3.487032350792e-03
Mon Sep 21 15:12:48 2026<stdout>:6083 KSP Residual norm 3.482191408041e-03
Mon Sep 21 15:12:48 2026<stdout>:6084 KSP Residual norm 3.481082997742e-03
Mon Sep 21 15:12:48 2026<stdout>:6085 KSP Residual norm 3.481057240274e-03
Mon Sep 21 15:12:48 2026<stdout>:6086 KSP Residual norm 3.477828743212e-03
Mon Sep 21 15:12:48 2026<stdout>:6087 KSP Residual norm 3.475612979064e-03
Mon Sep 21 15:12:48 2026<stdout>:6088 KSP Residual norm 3.475169365636e-03
Mon Sep 21 15:12:48 2026<stdout>:6089 KSP Residual norm 3.472830072906e-03
Mon Sep 21 15:12:48 2026<stdout>:6090 KSP Residual norm 3.472401317888e-03
Mon Sep 21 15:12:48 2026<stdout>:6091 KSP Residual norm 3.468264725577e-03
Mon Sep 21 15:12:48 2026<stdout>:6092 KSP Residual norm 3.467315313093e-03
Mon Sep 21 15:12:48 2026<stdout>:6093 KSP Residual norm 3.455538233176e-03
Mon Sep 21 15:12:48 2026<stdout>:6094 KSP Residual norm 3.455537387364e-03
Mon Sep 21 15:12:48 2026<stdout>:6095 KSP Residual norm 3.455446302135e-03
Mon Sep 21 15:12:48 2026<stdout>:6096 KSP Residual norm 3.452425031001e-03
Mon Sep 21 15:12:48 2026<stdout>:6097 KSP Residual norm 3.451947029787e-03
Mon Sep 21 15:12:48 2026<stdout>:6098 KSP Residual norm 3.451751040845e-03
Mon Sep 21 15:12:48 2026<stdout>:6099 KSP Residual norm 3.450577660987e-03
Mon Sep 21 15:12:48 2026<stdout>:6100 KSP Residual norm 3.449146944990e-03
Mon Sep 21 15:12:48 2026<stdout>:6101 KSP Residual norm 3.446023249209e-03
Mon Sep 21 15:12:48 2026<stdout>:6102 KSP Residual norm 3.443512774531e-03
Mon Sep 21 15:12:48 2026<stdout>:6103 KSP Residual norm 3.440660970698e-03
Mon Sep 21 15:12:48 2026<stdout>:6104 KSP Residual norm 3.439979489097e-03
Mon Sep 21 15:12:48 2026<stdout>:6105 KSP Residual norm 3.439692708232e-03
Mon Sep 21 15:12:48 2026<stdout>:6106 KSP Residual norm 3.438683820840e-03
Mon Sep 21 15:12:48 2026<stdout>:6107 KSP Residual norm 3.438089676153e-03
Mon Sep 21 15:12:48 2026<stdout>:6108 KSP Residual norm 3.438033291354e-03
Mon Sep 21 15:12:48 2026<stdout>:6109 KSP Residual norm 3.431820068816e-03
Mon Sep 21 15:12:48 2026<stdout>:6110 KSP Residual norm 3.422279898287e-03
Mon Sep 21 15:12:48 2026<stdout>:6111 KSP Residual norm 3.422271533479e-03
Mon Sep 21 15:12:48 2026<stdout>:6112 KSP Residual norm 3.422271524000e-03
Mon Sep 21 15:12:48 2026<stdout>:6113 KSP Residual norm 3.422216786304e-03
Mon Sep 21 15:12:48 2026<stdout>:6114 KSP Residual norm 3.421561288085e-03
Mon Sep 21 15:12:48 2026<stdout>:6115 KSP Residual norm 3.421226088839e-03
Mon Sep 21 15:12:48 2026<stdout>:6116 KSP Residual norm 3.420942374768e-03
Mon Sep 21 15:12:48 2026<stdout>:6117 KSP Residual norm 3.419733471404e-03
Mon Sep 21 15:12:48 2026<stdout>:6118 KSP Residual norm 3.419196312506e-03
Mon Sep 21 15:12:48 2026<stdout>:6119 KSP Residual norm 3.417064109680e-03
Mon Sep 21 15:12:48 2026<stdout>:6120 KSP Residual norm 3.414484454122e-03
Mon Sep 21 15:12:49 2026<stdout>:6121 KSP Residual norm 3.411907435460e-03
Mon Sep 21 15:12:49 2026<stdout>:6122 KSP Residual norm 3.408544969654e-03
Mon Sep 21 15:12:49 2026<stdout>:6123 KSP Residual norm 3.408531520681e-03
Mon Sep 21 15:12:49 2026<stdout>:6124 KSP Residual norm 3.408470497793e-03
Mon Sep 21 15:12:49 2026<stdout>:6125 KSP Residual norm 3.408049347374e-03
Mon Sep 21 15:12:49 2026<stdout>:6126 KSP Residual norm 3.406612929195e-03
Mon Sep 21 15:12:49 2026<stdout>:6127 KSP Residual norm 3.406198756080e-03
Mon Sep 21 15:12:49 2026<stdout>:6128 KSP Residual norm 3.405893349819e-03
Mon Sep 21 15:12:49 2026<stdout>:6129 KSP Residual norm 3.405822947813e-03
Mon Sep 21 15:12:49 2026<stdout>:6130 KSP Residual norm 3.403695870876e-03
Mon Sep 21 15:12:49 2026<stdout>:6131 KSP Residual norm 3.402846327869e-03
Mon Sep 21 15:12:49 2026<stdout>:6132 KSP Residual norm 3.402841022311e-03
Mon Sep 21 15:12:49 2026<stdout>:6133 KSP Residual norm 3.401624233756e-03
Mon Sep 21 15:12:49 2026<stdout>:6134 KSP Residual norm 3.400720367481e-03
Mon Sep 21 15:12:49 2026<stdout>:6135 KSP Residual norm 3.395741790524e-03
Mon Sep 21 15:12:49 2026<stdout>:6136 KSP Residual norm 3.394298634815e-03
Mon Sep 21 15:12:49 2026<stdout>:6137 KSP Residual norm 3.393918430223e-03
Mon Sep 21 15:12:49 2026<stdout>:6138 KSP Residual norm 3.393214741039e-03
Mon Sep 21 15:12:49 2026<stdout>:6139 KSP Residual norm 3.392572849115e-03
Mon Sep 21 15:12:49 2026<stdout>:6140 KSP Residual norm 3.391396283070e-03
Mon Sep 21 15:12:49 2026<stdout>:6141 KSP Residual norm 3.391234577865e-03
Mon Sep 21 15:12:49 2026<stdout>:6142 KSP Residual norm 3.390219964118e-03
Mon Sep 21 15:12:49 2026<stdout>:6143 KSP Residual norm 3.390151677998e-03
Mon Sep 21 15:12:49 2026<stdout>:6144 KSP Residual norm 3.388920168676e-03
Mon Sep 21 15:12:49 2026<stdout>:6145 KSP Residual norm 3.388602647022e-03
Mon Sep 21 15:12:49 2026<stdout>:6146 KSP Residual norm 3.388601081534e-03
Mon Sep 21 15:12:49 2026<stdout>:6147 KSP Residual norm 3.388585499723e-03
Mon Sep 21 15:12:49 2026<stdout>:6148 KSP Residual norm 3.388551104585e-03
Mon Sep 21 15:12:49 2026<stdout>:6149 KSP Residual norm 3.388434598822e-03
Mon Sep 21 15:12:49 2026<stdout>:6150 KSP Residual norm 3.710331063612e-03
Mon Sep 21 15:12:49 2026<stdout>:6151 KSP Residual norm 3.665731632925e-03
Mon Sep 21 15:12:49 2026<stdout>:6152 KSP Residual norm 3.641649125570e-03
Mon Sep 21 15:12:49 2026<stdout>:6153 KSP Residual norm 3.640609952858e-03
Mon Sep 21 15:12:49 2026<stdout>:6154 KSP Residual norm 3.625734040032e-03
Mon Sep 21 15:12:49 2026<stdout>:6155 KSP Residual norm 3.625658501056e-03
Mon Sep 21 15:12:49 2026<stdout>:6156 KSP Residual norm 3.514564142684e-03
Mon Sep 21 15:12:49 2026<stdout>:6157 KSP Residual norm 3.514103224425e-03
Mon Sep 21 15:12:49 2026<stdout>:6158 KSP Residual norm 3.500110466303e-03
Mon Sep 21 15:12:49 2026<stdout>:6159 KSP Residual norm 3.498851879028e-03
Mon Sep 21 15:12:49 2026<stdout>:6160 KSP Residual norm 3.495507651492e-03
Mon Sep 21 15:12:49 2026<stdout>:6161 KSP Residual norm 3.495507625045e-03
Mon Sep 21 15:12:49 2026<stdout>:6162 KSP Residual norm 3.495486719494e-03
Mon Sep 21 15:12:49 2026<stdout>:6163 KSP Residual norm 3.495468727928e-03
Mon Sep 21 15:12:49 2026<stdout>:6164 KSP Residual norm 3.494332590396e-03
Mon Sep 21 15:12:49 2026<stdout>:6165 KSP Residual norm 3.494310505112e-03
Mon Sep 21 15:12:49 2026<stdout>:6166 KSP Residual norm 3.492441034858e-03
Mon Sep 21 15:12:49 2026<stdout>:6167 KSP Residual norm 3.492441034518e-03
Mon Sep 21 15:12:49 2026<stdout>:6168 KSP Residual norm 3.479765104840e-03
Mon Sep 21 15:12:49 2026<stdout>:6169 KSP Residual norm 3.479546357749e-03
Mon Sep 21 15:12:49 2026<stdout>:6170 KSP Residual norm 3.479471250579e-03
Mon Sep 21 15:12:49 2026<stdout>:6171 KSP Residual norm 3.479308873780e-03
Mon Sep 21 15:12:49 2026<stdout>:6172 KSP Residual norm 3.478908827285e-03
Mon Sep 21 15:12:49 2026<stdout>:6173 KSP Residual norm 3.478908818030e-03
Mon Sep 21 15:12:49 2026<stdout>:6174 KSP Residual norm 3.478701804603e-03
Mon Sep 21 15:12:49 2026<stdout>:6175 KSP Residual norm 3.478654125088e-03
Mon Sep 21 15:12:49 2026<stdout>:6176 KSP Residual norm 3.475562186904e-03
Mon Sep 21 15:12:49 2026<stdout>:6177 KSP Residual norm 3.475481158399e-03
Mon Sep 21 15:12:49 2026<stdout>:6178 KSP Residual norm 3.475298593095e-03
Mon Sep 21 15:12:49 2026<stdout>:6179 KSP Residual norm 3.474583602775e-03
Mon Sep 21 15:12:49 2026<stdout>:6180 KSP Residual norm 3.474543527092e-03
Mon Sep 21 15:12:49 2026<stdout>:6181 KSP Residual norm 3.474496463237e-03
Mon Sep 21 15:12:49 2026<stdout>:6182 KSP Residual norm 3.474489979694e-03
Mon Sep 21 15:12:49 2026<stdout>:6183 KSP Residual norm 3.474442147118e-03
Mon Sep 21 15:12:49 2026<stdout>:6184 KSP Residual norm 3.467793734861e-03
Mon Sep 21 15:12:49 2026<stdout>:6185 KSP Residual norm 3.467707696280e-03
Mon Sep 21 15:12:49 2026<stdout>:6186 KSP Residual norm 3.467071942544e-03
Mon Sep 21 15:12:49 2026<stdout>:6187 KSP Residual norm 3.466879681996e-03
Mon Sep 21 15:12:49 2026<stdout>:6188 KSP Residual norm 3.466481529099e-03
Mon Sep 21 15:12:49 2026<stdout>:6189 KSP Residual norm 3.466137343683e-03
Mon Sep 21 15:12:49 2026<stdout>:6190 KSP Residual norm 3.466080800234e-03
Mon Sep 21 15:12:49 2026<stdout>:6191 KSP Residual norm 3.466075581906e-03
Mon Sep 21 15:12:49 2026<stdout>:6192 KSP Residual norm 3.465240363569e-03
Mon Sep 21 15:12:49 2026<stdout>:6193 KSP Residual norm 3.465221489893e-03
Mon Sep 21 15:12:49 2026<stdout>:6194 KSP Residual norm 3.465078855528e-03
Mon Sep 21 15:12:49 2026<stdout>:6195 KSP Residual norm 3.465067806800e-03
Mon Sep 21 15:12:49 2026<stdout>:6196 KSP Residual norm 3.463759409108e-03
Mon Sep 21 15:12:49 2026<stdout>:6197 KSP Residual norm 3.463674180048e-03
Mon Sep 21 15:12:49 2026<stdout>:6198 KSP Residual norm 3.463491607201e-03
Mon Sep 21 15:12:49 2026<stdout>:6199 KSP Residual norm 3.462677538500e-03
Mon Sep 21 15:12:49 2026<stdout>:6200 KSP Residual norm 3.462447112567e-03
Mon Sep 21 15:12:49 2026<stdout>:6201 KSP Residual norm 3.459329414613e-03
Mon Sep 21 15:12:49 2026<stdout>:6202 KSP Residual norm 3.458603411605e-03
Mon Sep 21 15:12:49 2026<stdout>:6203 KSP Residual norm 3.453654686538e-03
Mon Sep 21 15:12:49 2026<stdout>:6204 KSP Residual norm 3.451143471914e-03
Mon Sep 21 15:12:49 2026<stdout>:6205 KSP Residual norm 3.450869730126e-03
Mon Sep 21 15:12:49 2026<stdout>:6206 KSP Residual norm 3.450805861465e-03
Mon Sep 21 15:12:49 2026<stdout>:6207 KSP Residual norm 3.445906027119e-03
Mon Sep 21 15:12:49 2026<stdout>:6208 KSP Residual norm 3.442900707041e-03
Mon Sep 21 15:12:49 2026<stdout>:6209 KSP Residual norm 3.441745249132e-03
Mon Sep 21 15:12:49 2026<stdout>:6210 KSP Residual norm 3.440937808718e-03
Mon Sep 21 15:12:49 2026<stdout>:6211 KSP Residual norm 3.440780743422e-03
Mon Sep 21 15:12:49 2026<stdout>:6212 KSP Residual norm 3.436589627335e-03
Mon Sep 21 15:12:49 2026<stdout>:6213 KSP Residual norm 3.436248284640e-03
Mon Sep 21 15:12:50 2026<stdout>:6214 KSP Residual norm 3.435317154535e-03
Mon Sep 21 15:12:50 2026<stdout>:6215 KSP Residual norm 3.435171286012e-03
Mon Sep 21 15:12:50 2026<stdout>:6216 KSP Residual norm 3.435146771509e-03
Mon Sep 21 15:12:50 2026<stdout>:6217 KSP Residual norm 3.435062265634e-03
Mon Sep 21 15:12:50 2026<stdout>:6218 KSP Residual norm 3.433784360868e-03
Mon Sep 21 15:12:50 2026<stdout>:6219 KSP Residual norm 3.431967076082e-03
Mon Sep 21 15:12:50 2026<stdout>:6220 KSP Residual norm 3.431881258634e-03
Mon Sep 21 15:12:50 2026<stdout>:6221 KSP Residual norm 3.431301205659e-03
Mon Sep 21 15:12:50 2026<stdout>:6222 KSP Residual norm 3.431096242327e-03
Mon Sep 21 15:12:50 2026<stdout>:6223 KSP Residual norm 3.429019948503e-03
Mon Sep 21 15:12:50 2026<stdout>:6224 KSP Residual norm 3.427135337113e-03
Mon Sep 21 15:12:50 2026<stdout>:6225 KSP Residual norm 3.427074624973e-03
Mon Sep 21 15:12:50 2026<stdout>:6226 KSP Residual norm 3.427037224567e-03
Mon Sep 21 15:12:50 2026<stdout>:6227 KSP Residual norm 3.426907826224e-03
Mon Sep 21 15:12:50 2026<stdout>:6228 KSP Residual norm 3.426079391167e-03
Mon Sep 21 15:12:50 2026<stdout>:6229 KSP Residual norm 3.426076336824e-03
Mon Sep 21 15:12:50 2026<stdout>:6230 KSP Residual norm 3.423450930496e-03
Mon Sep 21 15:12:50 2026<stdout>:6231 KSP Residual norm 3.422997767572e-03
Mon Sep 21 15:12:50 2026<stdout>:6232 KSP Residual norm 3.421894194530e-03
Mon Sep 21 15:12:50 2026<stdout>:6233 KSP Residual norm 3.421684167571e-03
Mon Sep 21 15:12:50 2026<stdout>:6234 KSP Residual norm 3.419875750246e-03
Mon Sep 21 15:12:50 2026<stdout>:6235 KSP Residual norm 3.419875748197e-03
Mon Sep 21 15:12:50 2026<stdout>:6236 KSP Residual norm 3.412734771160e-03
Mon Sep 21 15:12:50 2026<stdout>:6237 KSP Residual norm 3.403029757321e-03
Mon Sep 21 15:12:50 2026<stdout>:6238 KSP Residual norm 3.402635702993e-03
Mon Sep 21 15:12:50 2026<stdout>:6239 KSP Residual norm 3.402585505191e-03
Mon Sep 21 15:12:50 2026<stdout>:6240 KSP Residual norm 3.402494727099e-03
Mon Sep 21 15:12:50 2026<stdout>:6241 KSP Residual norm 3.402298405459e-03
Mon Sep 21 15:12:50 2026<stdout>:6242 KSP Residual norm 3.397883286846e-03
Mon Sep 21 15:12:50 2026<stdout>:6243 KSP Residual norm 3.397311540833e-03
Mon Sep 21 15:12:50 2026<stdout>:6244 KSP Residual norm 3.397239499329e-03
Mon Sep 21 15:12:50 2026<stdout>:6245 KSP Residual norm 3.396822019014e-03
Mon Sep 21 15:12:50 2026<stdout>:6246 KSP Residual norm 3.395253167140e-03
Mon Sep 21 15:12:50 2026<stdout>:6247 KSP Residual norm 3.395214155084e-03
Mon Sep 21 15:12:50 2026<stdout>:6248 KSP Residual norm 3.394992089086e-03
Mon Sep 21 15:12:50 2026<stdout>:6249 KSP Residual norm 3.394938199990e-03
Mon Sep 21 15:12:50 2026<stdout>:6250 KSP Residual norm 3.394751811832e-03
Mon Sep 21 15:12:50 2026<stdout>:6251 KSP Residual norm 3.393433069137e-03
Mon Sep 21 15:12:50 2026<stdout>:6252 KSP Residual norm 3.384119440895e-03
Mon Sep 21 15:12:50 2026<stdout>:6253 KSP Residual norm 3.381692291180e-03
Mon Sep 21 15:12:50 2026<stdout>:6254 KSP Residual norm 3.381688066164e-03
Mon Sep 21 15:12:50 2026<stdout>:6255 KSP Residual norm 3.381439193925e-03
Mon Sep 21 15:12:50 2026<stdout>:6256 KSP Residual norm 3.381140939626e-03
Mon Sep 21 15:12:50 2026<stdout>:6257 KSP Residual norm 3.380536063311e-03
Mon Sep 21 15:12:50 2026<stdout>:6258 KSP Residual norm 3.379207788283e-03
Mon Sep 21 15:12:50 2026<stdout>:6259 KSP Residual norm 3.378474627369e-03
Mon Sep 21 15:12:50 2026<stdout>:6260 KSP Residual norm 3.378203657972e-03
Mon Sep 21 15:12:50 2026<stdout>:6261 KSP Residual norm 3.377332529986e-03
Mon Sep 21 15:12:50 2026<stdout>:6262 KSP Residual norm 3.377304685580e-03
Mon Sep 21 15:12:50 2026<stdout>:6263 KSP Residual norm 3.376988966754e-03
Mon Sep 21 15:12:50 2026<stdout>:6264 KSP Residual norm 3.360360642540e-03
Mon Sep 21 15:12:50 2026<stdout>:6265 KSP Residual norm 3.360215090409e-03
Mon Sep 21 15:12:50 2026<stdout>:6266 KSP Residual norm 3.357978015009e-03
Mon Sep 21 15:12:50 2026<stdout>:6267 KSP Residual norm 3.357267447896e-03
Mon Sep 21 15:12:50 2026<stdout>:6268 KSP Residual norm 3.356207877741e-03
Mon Sep 21 15:12:50 2026<stdout>:6269 KSP Residual norm 3.356207559752e-03
Mon Sep 21 15:12:50 2026<stdout>:6270 KSP Residual norm 3.355553123263e-03
Mon Sep 21 15:12:50 2026<stdout>:6271 KSP Residual norm 3.355425651996e-03
Mon Sep 21 15:12:50 2026<stdout>:6272 KSP Residual norm 3.355197717855e-03
Mon Sep 21 15:12:50 2026<stdout>:6273 KSP Residual norm 3.353632510844e-03
Mon Sep 21 15:12:50 2026<stdout>:6274 KSP Residual norm 3.353333789716e-03
Mon Sep 21 15:12:50 2026<stdout>:6275 KSP Residual norm 3.353273692044e-03
Mon Sep 21 15:12:50 2026<stdout>:6276 KSP Residual norm 3.352780360005e-03
Mon Sep 21 15:12:50 2026<stdout>:6277 KSP Residual norm 3.352140925029e-03
Mon Sep 21 15:12:50 2026<stdout>:6278 KSP Residual norm 3.352037128110e-03
Mon Sep 21 15:12:50 2026<stdout>:6279 KSP Residual norm 3.352036359652e-03
Mon Sep 21 15:12:50 2026<stdout>:6280 KSP Residual norm 3.351511108728e-03
Mon Sep 21 15:12:50 2026<stdout>:6281 KSP Residual norm 3.348850566161e-03
Mon Sep 21 15:12:50 2026<stdout>:6282 KSP Residual norm 3.348803386620e-03
Mon Sep 21 15:12:50 2026<stdout>:6283 KSP Residual norm 3.348344497891e-03
Mon Sep 21 15:12:50 2026<stdout>:6284 KSP Residual norm 3.347955607587e-03
Mon Sep 21 15:12:50 2026<stdout>:6285 KSP Residual norm 3.346810569604e-03
Mon Sep 21 15:12:50 2026<stdout>:6286 KSP Residual norm 3.346406393661e-03
Mon Sep 21 15:12:50 2026<stdout>:6287 KSP Residual norm 3.344810847052e-03
Mon Sep 21 15:12:50 2026<stdout>:6288 KSP Residual norm 3.343380261004e-03
Mon Sep 21 15:12:50 2026<stdout>:6289 KSP Residual norm 3.342817905519e-03
Mon Sep 21 15:12:50 2026<stdout>:6290 KSP Residual norm 3.342815620657e-03
Mon Sep 21 15:12:50 2026<stdout>:6291 KSP Residual norm 3.341888232319e-03
Mon Sep 21 15:12:50 2026<stdout>:6292 KSP Residual norm 3.341878326678e-03
Mon Sep 21 15:12:50 2026<stdout>:6293 KSP Residual norm 3.341331321927e-03
Mon Sep 21 15:12:51 2026<stdout>:6294 KSP Residual norm 3.339646786169e-03
Mon Sep 21 15:12:51 2026<stdout>:6295 KSP Residual norm 3.339406200996e-03
Mon Sep 21 15:12:51 2026<stdout>:6296 KSP Residual norm 3.339260180236e-03
Mon Sep 21 15:12:51 2026<stdout>:6297 KSP Residual norm 3.339192397901e-03
Mon Sep 21 15:12:51 2026<stdout>:6298 KSP Residual norm 3.338040301713e-03
Mon Sep 21 15:12:51 2026<stdout>:6299 KSP Residual norm 3.337191073446e-03
Mon Sep 21 15:12:51 2026<stdout>:6300 KSP Residual norm 3.626658178136e-03
Mon Sep 21 15:12:51 2026<stdout>:6301 KSP Residual norm 3.543485308612e-03
Mon Sep 21 15:12:51 2026<stdout>:6302 KSP Residual norm 3.196352952134e-03
Mon Sep 21 15:12:51 2026<stdout>:6303 KSP Residual norm 3.163414807697e-03
Mon Sep 21 15:12:51 2026<stdout>:6304 KSP Residual norm 3.101658465059e-03
Mon Sep 21 15:12:51 2026<stdout>:6305 KSP Residual norm 3.098672152805e-03
Mon Sep 21 15:12:51 2026<stdout>:6306 KSP Residual norm 3.095545230826e-03
Mon Sep 21 15:12:51 2026<stdout>:6307 KSP Residual norm 3.095488232896e-03
Mon Sep 21 15:12:51 2026<stdout>:6308 KSP Residual norm 3.050988926750e-03
Mon Sep 21 15:12:51 2026<stdout>:6309 KSP Residual norm 3.048523858142e-03
Mon Sep 21 15:12:51 2026<stdout>:6310 KSP Residual norm 3.015682270521e-03
Mon Sep 21 15:12:51 2026<stdout>:6311 KSP Residual norm 3.013591049200e-03
Mon Sep 21 15:12:51 2026<stdout>:6312 KSP Residual norm 3.013542341478e-03
Mon Sep 21 15:12:51 2026<stdout>:6313 KSP Residual norm 3.012630400364e-03
Mon Sep 21 15:12:51 2026<stdout>:6314 KSP Residual norm 3.011486919805e-03
Mon Sep 21 15:12:51 2026<stdout>:6315 KSP Residual norm 3.011431056139e-03
Mon Sep 21 15:12:51 2026<stdout>:6316 KSP Residual norm 3.002992890151e-03
Mon Sep 21 15:12:51 2026<stdout>:6317 KSP Residual norm 3.002992531238e-03
Mon Sep 21 15:12:51 2026<stdout>:6318 KSP Residual norm 2.980954788551e-03
Mon Sep 21 15:12:51 2026<stdout>:6319 KSP Residual norm 2.980374248329e-03
Mon Sep 21 15:12:51 2026<stdout>:6320 KSP Residual norm 2.979881591603e-03
Mon Sep 21 15:12:51 2026<stdout>:6321 KSP Residual norm 2.979863237677e-03
Mon Sep 21 15:12:51 2026<stdout>:6322 KSP Residual norm 2.965216735118e-03
Mon Sep 21 15:12:51 2026<stdout>:6323 KSP Residual norm 2.964993521091e-03
Mon Sep 21 15:12:51 2026<stdout>:6324 KSP Residual norm 2.964319055089e-03
Mon Sep 21 15:12:51 2026<stdout>:6325 KSP Residual norm 2.964274049424e-03
Mon Sep 21 15:12:51 2026<stdout>:6326 KSP Residual norm 2.958948903027e-03
Mon Sep 21 15:12:51 2026<stdout>:6327 KSP Residual norm 2.958921440191e-03
Mon Sep 21 15:12:51 2026<stdout>:6328 KSP Residual norm 2.957233634952e-03
Mon Sep 21 15:12:51 2026<stdout>:6329 KSP Residual norm 2.957229708089e-03
Mon Sep 21 15:12:51 2026<stdout>:6330 KSP Residual norm 2.956195499595e-03
Mon Sep 21 15:12:51 2026<stdout>:6331 KSP Residual norm 2.956191373579e-03
Mon Sep 21 15:12:51 2026<stdout>:6332 KSP Residual norm 2.955464521302e-03
Mon Sep 21 15:12:51 2026<stdout>:6333 KSP Residual norm 2.955242323086e-03
Mon Sep 21 15:12:51 2026<stdout>:6334 KSP Residual norm 2.950211359358e-03
Mon Sep 21 15:12:51 2026<stdout>:6335 KSP Residual norm 2.950210693543e-03
Mon Sep 21 15:12:51 2026<stdout>:6336 KSP Residual norm 2.949822519807e-03
Mon Sep 21 15:12:51 2026<stdout>:6337 KSP Residual norm 2.949767880943e-03
Mon Sep 21 15:12:51 2026<stdout>:6338 KSP Residual norm 2.948561525952e-03
Mon Sep 21 15:12:51 2026<stdout>:6339 KSP Residual norm 2.948549164454e-03
Mon Sep 21 15:12:51 2026<stdout>:6340 KSP Residual norm 2.945677481458e-03
Mon Sep 21 15:12:51 2026<stdout>:6341 KSP Residual norm 2.945574305467e-03
Mon Sep 21 15:12:51 2026<stdout>:6342 KSP Residual norm 2.945494470684e-03
Mon Sep 21 15:12:51 2026<stdout>:6343 KSP Residual norm 2.945484792514e-03
Mon Sep 21 15:12:51 2026<stdout>:6344 KSP Residual norm 2.944693332847e-03
Mon Sep 21 15:12:51 2026<stdout>:6345 KSP Residual norm 2.944407645226e-03
Mon Sep 21 15:12:51 2026<stdout>:6346 KSP Residual norm 2.942459566089e-03
Mon Sep 21 15:12:51 2026<stdout>:6347 KSP Residual norm 2.942379216027e-03
Mon Sep 21 15:12:51 2026<stdout>:6348 KSP Residual norm 2.941504210072e-03
Mon Sep 21 15:12:51 2026<stdout>:6349 KSP Residual norm 2.941000995385e-03
Mon Sep 21 15:12:51 2026<stdout>:6350 KSP Residual norm 2.939789756792e-03
Mon Sep 21 15:12:51 2026<stdout>:6351 KSP Residual norm 2.939275015984e-03
Mon Sep 21 15:12:51 2026<stdout>:6352 KSP Residual norm 2.938769418973e-03
Mon Sep 21 15:12:51 2026<stdout>:6353 KSP Residual norm 2.936165615178e-03
Mon Sep 21 15:12:51 2026<stdout>:6354 KSP Residual norm 2.935827603172e-03
Mon Sep 21 15:12:51 2026<stdout>:6355 KSP Residual norm 2.935643024076e-03
Mon Sep 21 15:12:51 2026<stdout>:6356 KSP Residual norm 2.934097696570e-03
Mon Sep 21 15:12:51 2026<stdout>:6357 KSP Residual norm 2.932426630492e-03
Mon Sep 21 15:12:51 2026<stdout>:6358 KSP Residual norm 2.932293442420e-03
Mon Sep 21 15:12:51 2026<stdout>:6359 KSP Residual norm 2.932291597285e-03
Mon Sep 21 15:12:51 2026<stdout>:6360 KSP Residual norm 2.927774367576e-03
Mon Sep 21 15:12:51 2026<stdout>:6361 KSP Residual norm 2.927137481301e-03
Mon Sep 21 15:12:51 2026<stdout>:6362 KSP Residual norm 2.925338201170e-03
Mon Sep 21 15:12:51 2026<stdout>:6363 KSP Residual norm 2.924484612939e-03
Mon Sep 21 15:12:51 2026<stdout>:6364 KSP Residual norm 2.924482847793e-03
Mon Sep 21 15:12:51 2026<stdout>:6365 KSP Residual norm 2.922807937334e-03
Mon Sep 21 15:12:51 2026<stdout>:6366 KSP Residual norm 2.919446900343e-03
Mon Sep 21 15:12:51 2026<stdout>:6367 KSP Residual norm 2.919252627239e-03
Mon Sep 21 15:12:51 2026<stdout>:6368 KSP Residual norm 2.918685887506e-03
Mon Sep 21 15:12:51 2026<stdout>:6369 KSP Residual norm 2.913103538598e-03
Mon Sep 21 15:12:51 2026<stdout>:6370 KSP Residual norm 2.901144837183e-03
Mon Sep 21 15:12:51 2026<stdout>:6371 KSP Residual norm 2.900846870603e-03
Mon Sep 21 15:12:51 2026<stdout>:6372 KSP Residual norm 2.897906950396e-03
Mon Sep 21 15:12:51 2026<stdout>:6373 KSP Residual norm 2.895494001811e-03
Mon Sep 21 15:12:51 2026<stdout>:6374 KSP Residual norm 2.895375285037e-03
Mon Sep 21 15:12:51 2026<stdout>:6375 KSP Residual norm 2.894718824094e-03
Mon Sep 21 15:12:51 2026<stdout>:6376 KSP Residual norm 2.889106528833e-03
Mon Sep 21 15:12:51 2026<stdout>:6377 KSP Residual norm 2.885376437295e-03
Mon Sep 21 15:12:51 2026<stdout>:6378 KSP Residual norm 2.884470121414e-03
Mon Sep 21 15:12:51 2026<stdout>:6379 KSP Residual norm 2.884120524413e-03
Mon Sep 21 15:12:51 2026<stdout>:6380 KSP Residual norm 2.883798811511e-03
Mon Sep 21 15:12:51 2026<stdout>:6381 KSP Residual norm 2.880779598907e-03
Mon Sep 21 15:12:51 2026<stdout>:6382 KSP Residual norm 2.877734284223e-03
Mon Sep 21 15:12:51 2026<stdout>:6383 KSP Residual norm 2.877127651240e-03
Mon Sep 21 15:12:51 2026<stdout>:6384 KSP Residual norm 2.871336455184e-03
Mon Sep 21 15:12:51 2026<stdout>:6385 KSP Residual norm 2.871269308922e-03
Mon Sep 21 15:12:51 2026<stdout>:6386 KSP Residual norm 2.870868027154e-03
Mon Sep 21 15:12:51 2026<stdout>:6387 KSP Residual norm 2.870547640903e-03
Mon Sep 21 15:12:51 2026<stdout>:6388 KSP Residual norm 2.869354133394e-03
Mon Sep 21 15:12:51 2026<stdout>:6389 KSP Residual norm 2.866636463018e-03
Mon Sep 21 15:12:51 2026<stdout>:6390 KSP Residual norm 2.862269311359e-03
Mon Sep 21 15:12:51 2026<stdout>:6391 KSP Residual norm 2.859858499179e-03
Mon Sep 21 15:12:51 2026<stdout>:6392 KSP Residual norm 2.859856542435e-03
Mon Sep 21 15:12:52 2026<stdout>:6393 KSP Residual norm 2.859612031782e-03
Mon Sep 21 15:12:52 2026<stdout>:6394 KSP Residual norm 2.857573689911e-03
Mon Sep 21 15:12:52 2026<stdout>:6395 KSP Residual norm 2.857527906781e-03
Mon Sep 21 15:12:52 2026<stdout>:6396 KSP Residual norm 2.856583379910e-03
Mon Sep 21 15:12:52 2026<stdout>:6397 KSP Residual norm 2.855101137506e-03
Mon Sep 21 15:12:52 2026<stdout>:6398 KSP Residual norm 2.855099112164e-03
Mon Sep 21 15:12:52 2026<stdout>:6399 KSP Residual norm 2.854936685060e-03
Mon Sep 21 15:12:52 2026<stdout>:6400 KSP Residual norm 2.854863051505e-03
Mon Sep 21 15:12:52 2026<stdout>:6401 KSP Residual norm 2.852540575646e-03
Mon Sep 21 15:12:52 2026<stdout>:6402 KSP Residual norm 2.851483243415e-03
Mon Sep 21 15:12:52 2026<stdout>:6403 KSP Residual norm 2.851438562059e-03
Mon Sep 21 15:12:52 2026<stdout>:6404 KSP Residual norm 2.848475518869e-03
Mon Sep 21 15:12:52 2026<stdout>:6405 KSP Residual norm 2.847997052614e-03
Mon Sep 21 15:12:52 2026<stdout>:6406 KSP Residual norm 2.847324597221e-03
Mon Sep 21 15:12:52 2026<stdout>:6407 KSP Residual norm 2.846656127571e-03
Mon Sep 21 15:12:52 2026<stdout>:6408 KSP Residual norm 2.846633946062e-03
Mon Sep 21 15:12:52 2026<stdout>:6409 KSP Residual norm 2.846335403877e-03
Mon Sep 21 15:12:52 2026<stdout>:6410 KSP Residual norm 2.846140070727e-03
Mon Sep 21 15:12:52 2026<stdout>:6411 KSP Residual norm 2.846006913829e-03
Mon Sep 21 15:12:52 2026<stdout>:6412 KSP Residual norm 2.843181864852e-03
Mon Sep 21 15:12:52 2026<stdout>:6413 KSP Residual norm 2.843176655408e-03
Mon Sep 21 15:12:52 2026<stdout>:6414 KSP Residual norm 2.842245766808e-03
Mon Sep 21 15:12:52 2026<stdout>:6415 KSP Residual norm 2.842231453824e-03
Mon Sep 21 15:12:52 2026<stdout>:6416 KSP Residual norm 2.842108355963e-03
Mon Sep 21 15:12:52 2026<stdout>:6417 KSP Residual norm 2.842106867856e-03
Mon Sep 21 15:12:52 2026<stdout>:6418 KSP Residual norm 2.841711107135e-03
Mon Sep 21 15:12:52 2026<stdout>:6419 KSP Residual norm 2.838807683324e-03
Mon Sep 21 15:12:52 2026<stdout>:6420 KSP Residual norm 2.838302064864e-03
Mon Sep 21 15:12:52 2026<stdout>:6421 KSP Residual norm 2.838110498302e-03
Mon Sep 21 15:12:52 2026<stdout>:6422 KSP Residual norm 2.837641846132e-03
Mon Sep 21 15:12:52 2026<stdout>:6423 KSP Residual norm 2.837294177707e-03
Mon Sep 21 15:12:52 2026<stdout>:6424 KSP Residual norm 2.837110586811e-03
Mon Sep 21 15:12:52 2026<stdout>:6425 KSP Residual norm 2.834718898318e-03
Mon Sep 21 15:12:52 2026<stdout>:6426 KSP Residual norm 2.834699316158e-03
Mon Sep 21 15:12:52 2026<stdout>:6427 KSP Residual norm 2.831325683374e-03
Mon Sep 21 15:12:52 2026<stdout>:6428 KSP Residual norm 2.831285161156e-03
Mon Sep 21 15:12:52 2026<stdout>:6429 KSP Residual norm 2.830770425581e-03
Mon Sep 21 15:12:52 2026<stdout>:6430 KSP Residual norm 2.830757012341e-03
Mon Sep 21 15:12:52 2026<stdout>:6431 KSP Residual norm 2.829199250126e-03
Mon Sep 21 15:12:52 2026<stdout>:6432 KSP Residual norm 2.827888421224e-03
Mon Sep 21 15:12:52 2026<stdout>:6433 KSP Residual norm 2.827821045926e-03
Mon Sep 21 15:12:52 2026<stdout>:6434 KSP Residual norm 2.827468415535e-03
Mon Sep 21 15:12:52 2026<stdout>:6435 KSP Residual norm 2.826051122623e-03
Mon Sep 21 15:12:52 2026<stdout>:6436 KSP Residual norm 2.825883657590e-03
Mon Sep 21 15:12:52 2026<stdout>:6437 KSP Residual norm 2.824344494549e-03
Mon Sep 21 15:12:52 2026<stdout>:6438 KSP Residual norm 2.823701018880e-03
Mon Sep 21 15:12:52 2026<stdout>:6439 KSP Residual norm 2.823641936798e-03
Mon Sep 21 15:12:52 2026<stdout>:6440 KSP Residual norm 2.823639273192e-03
Mon Sep 21 15:12:52 2026<stdout>:6441 KSP Residual norm 2.821427957964e-03
Mon Sep 21 15:12:52 2026<stdout>:6442 KSP Residual norm 2.821193034626e-03
Mon Sep 21 15:12:52 2026<stdout>:6443 KSP Residual norm 2.821082026192e-03
Mon Sep 21 15:12:52 2026<stdout>:6444 KSP Residual norm 2.821055421926e-03
Mon Sep 21 15:12:52 2026<stdout>:6445 KSP Residual norm 2.821055134610e-03
Mon Sep 21 15:12:52 2026<stdout>:6446 KSP Residual norm 2.820681028839e-03
Mon Sep 21 15:12:52 2026<stdout>:6447 KSP Residual norm 2.818873256169e-03
Mon Sep 21 15:12:52 2026<stdout>:6448 KSP Residual norm 2.818853085879e-03
Mon Sep 21 15:12:52 2026<stdout>:6449 KSP Residual norm 2.818150881268e-03
Mon Sep 21 15:12:52 2026<stdout>:6450 KSP Residual norm 3.666308592017e-03
Mon Sep 21 15:12:52 2026<stdout>:6451 KSP Residual norm 3.537243399669e-03
Mon Sep 21 15:12:52 2026<stdout>:6452 KSP Residual norm 3.497179687573e-03
Mon Sep 21 15:12:52 2026<stdout>:6453 KSP Residual norm 3.496364737545e-03
Mon Sep 21 15:12:52 2026<stdout>:6454 KSP Residual norm 3.352381946288e-03
Mon Sep 21 15:12:52 2026<stdout>:6455 KSP Residual norm 3.349747977131e-03
Mon Sep 21 15:12:52 2026<stdout>:6456 KSP Residual norm 3.349599565679e-03
Mon Sep 21 15:12:52 2026<stdout>:6457 KSP Residual norm 3.348501093013e-03
Mon Sep 21 15:12:52 2026<stdout>:6458 KSP Residual norm 3.336797947969e-03
Mon Sep 21 15:12:52 2026<stdout>:6459 KSP Residual norm 3.336196464384e-03
Mon Sep 21 15:12:52 2026<stdout>:6460 KSP Residual norm 3.335364058418e-03
Mon Sep 21 15:12:52 2026<stdout>:6461 KSP Residual norm 3.335143778388e-03
Mon Sep 21 15:12:52 2026<stdout>:6462 KSP Residual norm 3.321072829878e-03
Mon Sep 21 15:12:52 2026<stdout>:6463 KSP Residual norm 3.321033950969e-03
Mon Sep 21 15:12:52 2026<stdout>:6464 KSP Residual norm 3.318212079334e-03
Mon Sep 21 15:12:52 2026<stdout>:6465 KSP Residual norm 3.318147167568e-03
Mon Sep 21 15:12:52 2026<stdout>:6466 KSP Residual norm 3.317833902668e-03
Mon Sep 21 15:12:52 2026<stdout>:6467 KSP Residual norm 3.317826759460e-03
Mon Sep 21 15:12:52 2026<stdout>:6468 KSP Residual norm 3.317818407070e-03
Mon Sep 21 15:12:52 2026<stdout>:6469 KSP Residual norm 3.317785112016e-03
Mon Sep 21 15:12:52 2026<stdout>:6470 KSP Residual norm 3.313053618367e-03
Mon Sep 21 15:12:52 2026<stdout>:6471 KSP Residual norm 3.313046760059e-03
Mon Sep 21 15:12:52 2026<stdout>:6472 KSP Residual norm 3.299341909137e-03
Mon Sep 21 15:12:52 2026<stdout>:6473 KSP Residual norm 3.299179917328e-03
Mon Sep 21 15:12:52 2026<stdout>:6474 KSP Residual norm 3.276991562102e-03
Mon Sep 21 15:12:52 2026<stdout>:6475 KSP Residual norm 3.276914092353e-03
Mon Sep 21 15:12:52 2026<stdout>:6476 KSP Residual norm 3.274111652724e-03
Mon Sep 21 15:12:52 2026<stdout>:6477 KSP Residual norm 3.274048018683e-03
Mon Sep 21 15:12:52 2026<stdout>:6478 KSP Residual norm 3.269753691929e-03
Mon Sep 21 15:12:53 2026<stdout>:6479 KSP Residual norm 3.269753507903e-03
Mon Sep 21 15:12:53 2026<stdout>:6480 KSP Residual norm 3.269741263869e-03
Mon Sep 21 15:12:53 2026<stdout>:6481 KSP Residual norm 3.269740098607e-03
Mon Sep 21 15:12:53 2026<stdout>:6482 KSP Residual norm 3.268890800263e-03
Mon Sep 21 15:12:53 2026<stdout>:6483 KSP Residual norm 3.268888492356e-03
Mon Sep 21 15:12:53 2026<stdout>:6484 KSP Residual norm 3.266529989265e-03
Mon Sep 21 15:12:53 2026<stdout>:6485 KSP Residual norm 3.266425084524e-03
Mon Sep 21 15:12:53 2026<stdout>:6486 KSP Residual norm 3.265715852204e-03
Mon Sep 21 15:12:53 2026<stdout>:6487 KSP Residual norm 3.265685647594e-03
Mon Sep 21 15:12:53 2026<stdout>:6488 KSP Residual norm 3.263132770080e-03
Mon Sep 21 15:12:53 2026<stdout>:6489 KSP Residual norm 3.263104586233e-03
Mon Sep 21 15:12:53 2026<stdout>:6490 KSP Residual norm 3.258580462021e-03
Mon Sep 21 15:12:53 2026<stdout>:6491 KSP Residual norm 3.258542228089e-03
Mon Sep 21 15:12:53 2026<stdout>:6492 KSP Residual norm 3.258207088662e-03
Mon Sep 21 15:12:53 2026<stdout>:6493 KSP Residual norm 3.258081162180e-03
Mon Sep 21 15:12:53 2026<stdout>:6494 KSP Residual norm 3.257307838423e-03
Mon Sep 21 15:12:53 2026<stdout>:6495 KSP Residual norm 3.257305126920e-03
Mon Sep 21 15:12:53 2026<stdout>:6496 KSP Residual norm 3.256829796750e-03
Mon Sep 21 15:12:53 2026<stdout>:6497 KSP Residual norm 3.255594183677e-03
Mon Sep 21 15:12:53 2026<stdout>:6498 KSP Residual norm 3.252460459418e-03
Mon Sep 21 15:12:53 2026<stdout>:6499 KSP Residual norm 3.250170267056e-03
Mon Sep 21 15:12:53 2026<stdout>:6500 KSP Residual norm 3.249663306972e-03
Mon Sep 21 15:12:53 2026<stdout>:6501 KSP Residual norm 3.249592783732e-03
Mon Sep 21 15:12:53 2026<stdout>:6502 KSP Residual norm 3.248891916353e-03
Mon Sep 21 15:12:53 2026<stdout>:6503 KSP Residual norm 3.247703346651e-03
Mon Sep 21 15:12:53 2026<stdout>:6504 KSP Residual norm 3.247637350464e-03
Mon Sep 21 15:12:53 2026<stdout>:6505 KSP Residual norm 3.247637281787e-03
Mon Sep 21 15:12:53 2026<stdout>:6506 KSP Residual norm 3.247504442555e-03
Mon Sep 21 15:12:53 2026<stdout>:6507 KSP Residual norm 3.247326782795e-03
Mon Sep 21 15:12:53 2026<stdout>:6508 KSP Residual norm 3.245600082166e-03
Mon Sep 21 15:12:53 2026<stdout>:6509 KSP Residual norm 3.245134832663e-03
Mon Sep 21 15:12:53 2026<stdout>:6510 KSP Residual norm 3.234240675112e-03
Mon Sep 21 15:12:53 2026<stdout>:6511 KSP Residual norm 3.230235720168e-03
Mon Sep 21 15:12:53 2026<stdout>:6512 KSP Residual norm 3.228074515675e-03
Mon Sep 21 15:12:53 2026<stdout>:6513 KSP Residual norm 3.227920922655e-03
Mon Sep 21 15:12:53 2026<stdout>:6514 KSP Residual norm 3.227144460818e-03
Mon Sep 21 15:12:53 2026<stdout>:6515 KSP Residual norm 3.223520228774e-03
Mon Sep 21 15:12:53 2026<stdout>:6516 KSP Residual norm 3.223434743105e-03
Mon Sep 21 15:12:53 2026<stdout>:6517 KSP Residual norm 3.222087804526e-03
Mon Sep 21 15:12:53 2026<stdout>:6518 KSP Residual norm 3.221533096800e-03
Mon Sep 21 15:12:53 2026<stdout>:6519 KSP Residual norm 3.220969667339e-03
Mon Sep 21 15:12:53 2026<stdout>:6520 KSP Residual norm 3.220841997913e-03
Mon Sep 21 15:12:53 2026<stdout>:6521 KSP Residual norm 3.216364433480e-03
Mon Sep 21 15:12:53 2026<stdout>:6522 KSP Residual norm 3.213354523091e-03
Mon Sep 21 15:12:53 2026<stdout>:6523 KSP Residual norm 3.209761078664e-03
Mon Sep 21 15:12:53 2026<stdout>:6524 KSP Residual norm 3.209746880766e-03
Mon Sep 21 15:12:53 2026<stdout>:6525 KSP Residual norm 3.209121231408e-03
Mon Sep 21 15:12:53 2026<stdout>:6526 KSP Residual norm 3.206236168206e-03
Mon Sep 21 15:12:53 2026<stdout>:6527 KSP Residual norm 3.206002458235e-03
Mon Sep 21 15:12:53 2026<stdout>:6528 KSP Residual norm 3.205705716015e-03
Mon Sep 21 15:12:53 2026<stdout>:6529 KSP Residual norm 3.205696459347e-03
Mon Sep 21 15:12:53 2026<stdout>:6530 KSP Residual norm 3.204528495715e-03
Mon Sep 21 15:12:53 2026<stdout>:6531 KSP Residual norm 3.204445350549e-03
Mon Sep 21 15:12:53 2026<stdout>:6532 KSP Residual norm 3.203692562235e-03
Mon Sep 21 15:12:53 2026<stdout>:6533 KSP Residual norm 3.203682129261e-03
Mon Sep 21 15:12:53 2026<stdout>:6534 KSP Residual norm 3.199070432642e-03
Mon Sep 21 15:12:53 2026<stdout>:6535 KSP Residual norm 3.197931110415e-03
Mon Sep 21 15:12:53 2026<stdout>:6536 KSP Residual norm 3.197559774302e-03
Mon Sep 21 15:12:53 2026<stdout>:6537 KSP Residual norm 3.196741081380e-03
Mon Sep 21 15:12:53 2026<stdout>:6538 KSP Residual norm 3.188881076128e-03
Mon Sep 21 15:12:53 2026<stdout>:6539 KSP Residual norm 3.186678580177e-03
Mon Sep 21 15:12:53 2026<stdout>:6540 KSP Residual norm 3.186677710720e-03
Mon Sep 21 15:12:53 2026<stdout>:6541 KSP Residual norm 3.185320821963e-03
Mon Sep 21 15:12:53 2026<stdout>:6542 KSP Residual norm 3.182220991935e-03
Mon Sep 21 15:12:53 2026<stdout>:6543 KSP Residual norm 3.182220414551e-03
Mon Sep 21 15:12:53 2026<stdout>:6544 KSP Residual norm 3.181983974363e-03
Mon Sep 21 15:12:53 2026<stdout>:6545 KSP Residual norm 3.178776786836e-03
Mon Sep 21 15:12:53 2026<stdout>:6546 KSP Residual norm 3.172094175359e-03
Mon Sep 21 15:12:53 2026<stdout>:6547 KSP Residual norm 3.171834561729e-03
Mon Sep 21 15:12:53 2026<stdout>:6548 KSP Residual norm 3.171659386893e-03
Mon Sep 21 15:12:53 2026<stdout>:6549 KSP Residual norm 3.171545991630e-03
Mon Sep 21 15:12:53 2026<stdout>:6550 KSP Residual norm 3.171461805290e-03
Mon Sep 21 15:12:53 2026<stdout>:6551 KSP Residual norm 3.167228424838e-03
Mon Sep 21 15:12:53 2026<stdout>:6552 KSP Residual norm 3.166736167089e-03
Mon Sep 21 15:12:53 2026<stdout>:6553 KSP Residual norm 3.166573213130e-03
Mon Sep 21 15:12:53 2026<stdout>:6554 KSP Residual norm 3.162409475175e-03
Mon Sep 21 15:12:53 2026<stdout>:6555 KSP Residual norm 3.157637970426e-03
Mon Sep 21 15:12:53 2026<stdout>:6556 KSP Residual norm 3.154535062598e-03
Mon Sep 21 15:12:53 2026<stdout>:6557 KSP Residual norm 3.151207908486e-03
Mon Sep 21 15:12:53 2026<stdout>:6558 KSP Residual norm 3.150723564575e-03
Mon Sep 21 15:12:53 2026<stdout>:6559 KSP Residual norm 3.140684770355e-03
Mon Sep 21 15:12:53 2026<stdout>:6560 KSP Residual norm 3.140634268280e-03
Mon Sep 21 15:12:53 2026<stdout>:6561 KSP Residual norm 3.140437532946e-03
Mon Sep 21 15:12:53 2026<stdout>:6562 KSP Residual norm 3.138226141046e-03
Mon Sep 21 15:12:53 2026<stdout>:6563 KSP Residual norm 3.138220201904e-03
Mon Sep 21 15:12:53 2026<stdout>:6564 KSP Residual norm 3.137079966455e-03
Mon Sep 21 15:12:53 2026<stdout>:6565 KSP Residual norm 3.135697387668e-03
Mon Sep 21 15:12:53 2026<stdout>:6566 KSP Residual norm 3.135684327969e-03
Mon Sep 21 15:12:53 2026<stdout>:6567 KSP Residual norm 3.134348234498e-03
Mon Sep 21 15:12:54 2026<stdout>:6568 KSP Residual norm 3.132833473019e-03
Mon Sep 21 15:12:54 2026<stdout>:6569 KSP Residual norm 3.131928613426e-03
Mon Sep 21 15:12:54 2026<stdout>:6570 KSP Residual norm 3.130279630135e-03
Mon Sep 21 15:12:54 2026<stdout>:6571 KSP Residual norm 3.130183885528e-03
Mon Sep 21 15:12:54 2026<stdout>:6572 KSP Residual norm 3.127834565543e-03
Mon Sep 21 15:12:54 2026<stdout>:6573 KSP Residual norm 3.127777399897e-03
Mon Sep 21 15:12:54 2026<stdout>:6574 KSP Residual norm 3.121677975472e-03
Mon Sep 21 15:12:54 2026<stdout>:6575 KSP Residual norm 3.119508387861e-03
Mon Sep 21 15:12:54 2026<stdout>:6576 KSP Residual norm 3.119066485786e-03
Mon Sep 21 15:12:54 2026<stdout>:6577 KSP Residual norm 3.119066271759e-03
Mon Sep 21 15:12:54 2026<stdout>:6578 KSP Residual norm 3.117500746081e-03
Mon Sep 21 15:12:54 2026<stdout>:6579 KSP Residual norm 3.117494922713e-03
Mon Sep 21 15:12:54 2026<stdout>:6580 KSP Residual norm 3.117476650811e-03
Mon Sep 21 15:12:54 2026<stdout>:6581 KSP Residual norm 3.114806572173e-03
Mon Sep 21 15:12:54 2026<stdout>:6582 KSP Residual norm 3.114777390606e-03
Mon Sep 21 15:12:54 2026<stdout>:6583 KSP Residual norm 3.114252746257e-03
Mon Sep 21 15:12:54 2026<stdout>:6584 KSP Residual norm 3.110370604974e-03
Mon Sep 21 15:12:54 2026<stdout>:6585 KSP Residual norm 3.110028114388e-03
Mon Sep 21 15:12:54 2026<stdout>:6586 KSP Residual norm 3.109273175307e-03
Mon Sep 21 15:12:54 2026<stdout>:6587 KSP Residual norm 3.108851194074e-03
Mon Sep 21 15:12:54 2026<stdout>:6588 KSP Residual norm 3.108728710608e-03
Mon Sep 21 15:12:54 2026<stdout>:6589 KSP Residual norm 3.108373067426e-03
Mon Sep 21 15:12:54 2026<stdout>:6590 KSP Residual norm 3.106776012409e-03
Mon Sep 21 15:12:54 2026<stdout>:6591 KSP Residual norm 3.106713630262e-03
Mon Sep 21 15:12:54 2026<stdout>:6592 KSP Residual norm 3.104370431055e-03
Mon Sep 21 15:12:54 2026<stdout>:6593 KSP Residual norm 3.103462803222e-03
Mon Sep 21 15:12:54 2026<stdout>:6594 KSP Residual norm 3.102758561074e-03
Mon Sep 21 15:12:54 2026<stdout>:6595 KSP Residual norm 3.101760118355e-03
Mon Sep 21 15:12:54 2026<stdout>:6596 KSP Residual norm 3.101357773771e-03
Mon Sep 21 15:12:54 2026<stdout>:6597 KSP Residual norm 3.100283525981e-03
Mon Sep 21 15:12:54 2026<stdout>:6598 KSP Residual norm 3.099438709026e-03
Mon Sep 21 15:12:54 2026<stdout>:6599 KSP Residual norm 3.098751189197e-03
Mon Sep 21 15:12:54 2026<stdout>:6600 KSP Residual norm 3.801116119203e-03
Mon Sep 21 15:12:54 2026<stdout>:6601 KSP Residual norm 3.702741967953e-03
Mon Sep 21 15:12:54 2026<stdout>:6602 KSP Residual norm 3.702719418489e-03
Mon Sep 21 15:12:54 2026<stdout>:6603 KSP Residual norm 3.702699649895e-03
Mon Sep 21 15:12:54 2026<stdout>:6604 KSP Residual norm 3.684104258256e-03
Mon Sep 21 15:12:54 2026<stdout>:6605 KSP Residual norm 3.681322094459e-03
Mon Sep 21 15:12:54 2026<stdout>:6606 KSP Residual norm 3.678313072482e-03
Mon Sep 21 15:12:54 2026<stdout>:6607 KSP Residual norm 3.678305564345e-03
Mon Sep 21 15:12:54 2026<stdout>:6608 KSP Residual norm 3.678278919661e-03
Mon Sep 21 15:12:54 2026<stdout>:6609 KSP Residual norm 3.678261105297e-03
Mon Sep 21 15:12:54 2026<stdout>:6610 KSP Residual norm 3.645038049429e-03
Mon Sep 21 15:12:54 2026<stdout>:6611 KSP Residual norm 3.644966944473e-03
Mon Sep 21 15:12:54 2026<stdout>:6612 KSP Residual norm 3.643886566213e-03
Mon Sep 21 15:12:54 2026<stdout>:6613 KSP Residual norm 3.643871890781e-03
Mon Sep 21 15:12:54 2026<stdout>:6614 KSP Residual norm 3.616833120554e-03
Mon Sep 21 15:12:54 2026<stdout>:6615 KSP Residual norm 3.616749301905e-03
Mon Sep 21 15:12:54 2026<stdout>:6616 KSP Residual norm 3.545948882260e-03
Mon Sep 21 15:12:54 2026<stdout>:6617 KSP Residual norm 3.545611339778e-03
Mon Sep 21 15:12:54 2026<stdout>:6618 KSP Residual norm 3.539918665042e-03
Mon Sep 21 15:12:54 2026<stdout>:6619 KSP Residual norm 3.539918599026e-03
Mon Sep 21 15:12:54 2026<stdout>:6620 KSP Residual norm 3.535547539690e-03
Mon Sep 21 15:12:54 2026<stdout>:6621 KSP Residual norm 3.535543704489e-03
Mon Sep 21 15:12:54 2026<stdout>:6622 KSP Residual norm 3.532247453283e-03
Mon Sep 21 15:12:54 2026<stdout>:6623 KSP Residual norm 3.532245175654e-03
Mon Sep 21 15:12:54 2026<stdout>:6624 KSP Residual norm 3.523432356243e-03
Mon Sep 21 15:12:54 2026<stdout>:6625 KSP Residual norm 3.523430991028e-03
Mon Sep 21 15:12:54 2026<stdout>:6626 KSP Residual norm 3.521808509542e-03
Mon Sep 21 15:12:54 2026<stdout>:6627 KSP Residual norm 3.521808274057e-03
Mon Sep 21 15:12:54 2026<stdout>:6628 KSP Residual norm 3.516764761144e-03
Mon Sep 21 15:12:54 2026<stdout>:6629 KSP Residual norm 3.516753778807e-03
Mon Sep 21 15:12:54 2026<stdout>:6630 KSP Residual norm 3.501462944775e-03
Mon Sep 21 15:12:54 2026<stdout>:6631 KSP Residual norm 3.501456055909e-03
Mon Sep 21 15:12:54 2026<stdout>:6632 KSP Residual norm 3.497952429719e-03
Mon Sep 21 15:12:54 2026<stdout>:6633 KSP Residual norm 3.497868200980e-03
Mon Sep 21 15:12:54 2026<stdout>:6634 KSP Residual norm 3.491994798447e-03
Mon Sep 21 15:12:54 2026<stdout>:6635 KSP Residual norm 3.491859232006e-03
Mon Sep 21 15:12:54 2026<stdout>:6636 KSP Residual norm 3.491835599170e-03
Mon Sep 21 15:12:54 2026<stdout>:6637 KSP Residual norm 3.491821984085e-03
Mon Sep 21 15:12:54 2026<stdout>:6638 KSP Residual norm 3.491819609098e-03
Mon Sep 21 15:12:54 2026<stdout>:6639 KSP Residual norm 3.491706960418e-03
Mon Sep 21 15:12:54 2026<stdout>:6640 KSP Residual norm 3.487440515521e-03
Mon Sep 21 15:12:54 2026<stdout>:6641 KSP Residual norm 3.487236808344e-03
Mon Sep 21 15:12:54 2026<stdout>:6642 KSP Residual norm 3.481469165042e-03
Mon Sep 21 15:12:54 2026<stdout>:6643 KSP Residual norm 3.481449995011e-03
Mon Sep 21 15:12:54 2026<stdout>:6644 KSP Residual norm 3.477265784066e-03
Mon Sep 21 15:12:54 2026<stdout>:6645 KSP Residual norm 3.477229694172e-03
Mon Sep 21 15:12:54 2026<stdout>:6646 KSP Residual norm 3.472174456388e-03
Mon Sep 21 15:12:54 2026<stdout>:6647 KSP Residual norm 3.468742205227e-03
Mon Sep 21 15:12:54 2026<stdout>:6648 KSP Residual norm 3.467094118132e-03
Mon Sep 21 15:12:54 2026<stdout>:6649 KSP Residual norm 3.465723606542e-03
Mon Sep 21 15:12:54 2026<stdout>:6650 KSP Residual norm 3.460624362231e-03
Mon Sep 21 15:12:54 2026<stdout>:6651 KSP Residual norm 3.460350611668e-03
Mon Sep 21 15:12:54 2026<stdout>:6652 KSP Residual norm 3.457749256604e-03
Mon Sep 21 15:12:54 2026<stdout>:6653 KSP Residual norm 3.457665181805e-03
Mon Sep 21 15:12:54 2026<stdout>:6654 KSP Residual norm 3.457484461102e-03
Mon Sep 21 15:12:54 2026<stdout>:6655 KSP Residual norm 3.457415679196e-03
Mon Sep 21 15:12:54 2026<stdout>:6656 KSP Residual norm 3.447898827232e-03
Mon Sep 21 15:12:54 2026<stdout>:6657 KSP Residual norm 3.447647727594e-03
Mon Sep 21 15:12:54 2026<stdout>:6658 KSP Residual norm 3.443229972084e-03
Mon Sep 21 15:12:54 2026<stdout>:6659 KSP Residual norm 3.441764818243e-03
Mon Sep 21 15:12:54 2026<stdout>:6660 KSP Residual norm 3.441764190133e-03
Mon Sep 21 15:12:55 2026<stdout>:6661 KSP Residual norm 3.438446472335e-03
Mon Sep 21 15:12:55 2026<stdout>:6662 KSP Residual norm 3.437659694193e-03
Mon Sep 21 15:12:55 2026<stdout>:6663 KSP Residual norm 3.437337506767e-03
Mon Sep 21 15:12:55 2026<stdout>:6664 KSP Residual norm 3.437069195552e-03
Mon Sep 21 15:12:55 2026<stdout>:6665 KSP Residual norm 3.435652471754e-03
Mon Sep 21 15:12:55 2026<stdout>:6666 KSP Residual norm 3.435505854389e-03
Mon Sep 21 15:12:55 2026<stdout>:6667 KSP Residual norm 3.435167112279e-03
Mon Sep 21 15:12:55 2026<stdout>:6668 KSP Residual norm 3.433426426896e-03
Mon Sep 21 15:12:55 2026<stdout>:6669 KSP Residual norm 3.431398102650e-03
Mon Sep 21 15:12:55 2026<stdout>:6670 KSP Residual norm 3.429021590798e-03
Mon Sep 21 15:12:55 2026<stdout>:6671 KSP Residual norm 3.428701465700e-03
Mon Sep 21 15:12:55 2026<stdout>:6672 KSP Residual norm 3.428415584449e-03
Mon Sep 21 15:12:55 2026<stdout>:6673 KSP Residual norm 3.428234852144e-03
Mon Sep 21 15:12:55 2026<stdout>:6674 KSP Residual norm 3.428229024641e-03
Mon Sep 21 15:12:55 2026<stdout>:6675 KSP Residual norm 3.428161847479e-03
Mon Sep 21 15:12:55 2026<stdout>:6676 KSP Residual norm 3.427917700899e-03
Mon Sep 21 15:12:55 2026<stdout>:6677 KSP Residual norm 3.427909405225e-03
Mon Sep 21 15:12:55 2026<stdout>:6678 KSP Residual norm 3.427307150038e-03
Mon Sep 21 15:12:55 2026<stdout>:6679 KSP Residual norm 3.426620035199e-03
Mon Sep 21 15:12:55 2026<stdout>:6680 KSP Residual norm 3.425711980038e-03
Mon Sep 21 15:12:55 2026<stdout>:6681 KSP Residual norm 3.425306603705e-03
Mon Sep 21 15:12:55 2026<stdout>:6682 KSP Residual norm 3.423632556665e-03
Mon Sep 21 15:12:55 2026<stdout>:6683 KSP Residual norm 3.414311824931e-03
Mon Sep 21 15:12:55 2026<stdout>:6684 KSP Residual norm 3.411569623565e-03
Mon Sep 21 15:12:55 2026<stdout>:6685 KSP Residual norm 3.411227043952e-03
Mon Sep 21 15:12:55 2026<stdout>:6686 KSP Residual norm 3.410097917551e-03
Mon Sep 21 15:12:55 2026<stdout>:6687 KSP Residual norm 3.407857879344e-03
Mon Sep 21 15:12:55 2026<stdout>:6688 KSP Residual norm 3.407758993755e-03
Mon Sep 21 15:12:55 2026<stdout>:6689 KSP Residual norm 3.391312921063e-03
Mon Sep 21 15:12:55 2026<stdout>:6690 KSP Residual norm 3.391243996446e-03
Mon Sep 21 15:12:55 2026<stdout>:6691 KSP Residual norm 3.391198903052e-03
Mon Sep 21 15:12:55 2026<stdout>:6692 KSP Residual norm 3.390218930394e-03
Mon Sep 21 15:12:55 2026<stdout>:6693 KSP Residual norm 3.389409274120e-03
Mon Sep 21 15:12:55 2026<stdout>:6694 KSP Residual norm 3.389027793402e-03
Mon Sep 21 15:12:55 2026<stdout>:6695 KSP Residual norm 3.378616614282e-03
Mon Sep 21 15:12:55 2026<stdout>:6696 KSP Residual norm 3.340881647795e-03
Mon Sep 21 15:12:55 2026<stdout>:6697 KSP Residual norm 3.340596873387e-03
Mon Sep 21 15:12:55 2026<stdout>:6698 KSP Residual norm 3.340592471647e-03
Mon Sep 21 15:12:55 2026<stdout>:6699 KSP Residual norm 3.335640118644e-03
Mon Sep 21 15:12:55 2026<stdout>:6700 KSP Residual norm 3.332133540870e-03
Mon Sep 21 15:12:55 2026<stdout>:6701 KSP Residual norm 3.326344006792e-03
Mon Sep 21 15:12:55 2026<stdout>:6702 KSP Residual norm 3.326334773399e-03
Mon Sep 21 15:12:55 2026<stdout>:6703 KSP Residual norm 3.308008950941e-03
Mon Sep 21 15:12:55 2026<stdout>:6704 KSP Residual norm 3.308006462474e-03
Mon Sep 21 15:12:55 2026<stdout>:6705 KSP Residual norm 3.294724011437e-03
Mon Sep 21 15:12:55 2026<stdout>:6706 KSP Residual norm 3.294354993639e-03
Mon Sep 21 15:12:55 2026<stdout>:6707 KSP Residual norm 3.294280510010e-03
Mon Sep 21 15:12:55 2026<stdout>:6708 KSP Residual norm 3.273637181176e-03
Mon Sep 21 15:12:55 2026<stdout>:6709 KSP Residual norm 3.272760289326e-03
Mon Sep 21 15:12:55 2026<stdout>:6710 KSP Residual norm 3.263791755253e-03
Mon Sep 21 15:12:55 2026<stdout>:6711 KSP Residual norm 3.262875793606e-03
Mon Sep 21 15:12:55 2026<stdout>:6712 KSP Residual norm 3.261841628548e-03
Mon Sep 21 15:12:55 2026<stdout>:6713 KSP Residual norm 3.259718965721e-03
Mon Sep 21 15:12:55 2026<stdout>:6714 KSP Residual norm 3.257556757289e-03
Mon Sep 21 15:12:55 2026<stdout>:6715 KSP Residual norm 3.257517649216e-03
Mon Sep 21 15:12:55 2026<stdout>:6716 KSP Residual norm 3.252036175339e-03
Mon Sep 21 15:12:55 2026<stdout>:6717 KSP Residual norm 3.251093846369e-03
Mon Sep 21 15:12:55 2026<stdout>:6718 KSP Residual norm 3.247299129906e-03
Mon Sep 21 15:12:55 2026<stdout>:6719 KSP Residual norm 3.234950268990e-03
Mon Sep 21 15:12:55 2026<stdout>:6720 KSP Residual norm 3.234885634581e-03
Mon Sep 21 15:12:55 2026<stdout>:6721 KSP Residual norm 3.232140718176e-03
Mon Sep 21 15:12:55 2026<stdout>:6722 KSP Residual norm 3.232140717176e-03
Mon Sep 21 15:12:55 2026<stdout>:6723 KSP Residual norm 3.231962752556e-03
Mon Sep 21 15:12:55 2026<stdout>:6724 KSP Residual norm 3.226397342712e-03
Mon Sep 21 15:12:55 2026<stdout>:6725 KSP Residual norm 3.226391612372e-03
Mon Sep 21 15:12:55 2026<stdout>:6726 KSP Residual norm 3.214606627758e-03
Mon Sep 21 15:12:55 2026<stdout>:6727 KSP Residual norm 3.211305804459e-03
Mon Sep 21 15:12:55 2026<stdout>:6728 KSP Residual norm 3.203042245673e-03
Mon Sep 21 15:12:55 2026<stdout>:6729 KSP Residual norm 3.202500469002e-03
Mon Sep 21 15:12:55 2026<stdout>:6730 KSP Residual norm 3.201908046073e-03
Mon Sep 21 15:12:55 2026<stdout>:6731 KSP Residual norm 3.195222730215e-03
Mon Sep 21 15:12:55 2026<stdout>:6732 KSP Residual norm 3.193447573863e-03
Mon Sep 21 15:12:55 2026<stdout>:6733 KSP Residual norm 3.191197730455e-03
Mon Sep 21 15:12:55 2026<stdout>:6734 KSP Residual norm 3.190624406214e-03
Mon Sep 21 15:12:55 2026<stdout>:6735 KSP Residual norm 3.182951910840e-03
Mon Sep 21 15:12:55 2026<stdout>:6736 KSP Residual norm 3.172584413529e-03
Mon Sep 21 15:12:55 2026<stdout>:6737 KSP Residual norm 3.172183794499e-03
Mon Sep 21 15:12:55 2026<stdout>:6738 KSP Residual norm 3.164889357090e-03
Mon Sep 21 15:12:55 2026<stdout>:6739 KSP Residual norm 3.164080298470e-03
Mon Sep 21 15:12:55 2026<stdout>:6740 KSP Residual norm 3.162488929007e-03
Mon Sep 21 15:12:55 2026<stdout>:6741 KSP Residual norm 3.160593418371e-03
Mon Sep 21 15:12:56 2026<stdout>:6742 KSP Residual norm 3.160275626707e-03
Mon Sep 21 15:12:56 2026<stdout>:6743 KSP Residual norm 3.160035579868e-03
Mon Sep 21 15:12:56 2026<stdout>:6744 KSP Residual norm 3.159825490648e-03
Mon Sep 21 15:12:56 2026<stdout>:6745 KSP Residual norm 3.159543515492e-03
Mon Sep 21 15:12:56 2026<stdout>:6746 KSP Residual norm 3.158967940938e-03
Mon Sep 21 15:12:56 2026<stdout>:6747 KSP Residual norm 3.158895041739e-03
Mon Sep 21 15:12:56 2026<stdout>:6748 KSP Residual norm 3.158512375954e-03
Mon Sep 21 15:12:56 2026<stdout>:6749 KSP Residual norm 3.157677160423e-03
Mon Sep 21 15:12:56 2026<stdout>:6750 KSP Residual norm 3.939866405591e-03
Mon Sep 21 15:12:56 2026<stdout>:6751 KSP Residual norm 3.848833000372e-03
Mon Sep 21 15:12:56 2026<stdout>:6752 KSP Residual norm 3.840885974710e-03
Mon Sep 21 15:12:56 2026<stdout>:6753 KSP Residual norm 3.838943977238e-03
Mon Sep 21 15:12:56 2026<stdout>:6754 KSP Residual norm 3.838751874107e-03
Mon Sep 21 15:12:56 2026<stdout>:6755 KSP Residual norm 3.838247100872e-03
Mon Sep 21 15:12:56 2026<stdout>:6756 KSP Residual norm 3.831373688790e-03
Mon Sep 21 15:12:56 2026<stdout>:6757 KSP Residual norm 3.831240622718e-03
Mon Sep 21 15:12:56 2026<stdout>:6758 KSP Residual norm 3.831149744031e-03
Mon Sep 21 15:12:56 2026<stdout>:6759 KSP Residual norm 3.831059126221e-03
Mon Sep 21 15:12:56 2026<stdout>:6760 KSP Residual norm 3.827827093842e-03
Mon Sep 21 15:12:56 2026<stdout>:6761 KSP Residual norm 3.827388954960e-03
Mon Sep 21 15:12:56 2026<stdout>:6762 KSP Residual norm 3.822817480214e-03
Mon Sep 21 15:12:56 2026<stdout>:6763 KSP Residual norm 3.822812539078e-03
Mon Sep 21 15:12:56 2026<stdout>:6764 KSP Residual norm 3.822470535800e-03
Mon Sep 21 15:12:56 2026<stdout>:6765 KSP Residual norm 3.822183246735e-03
Mon Sep 21 15:12:56 2026<stdout>:6766 KSP Residual norm 3.821600482674e-03
Mon Sep 21 15:12:56 2026<stdout>:6767 KSP Residual norm 3.821590725864e-03
Mon Sep 21 15:12:56 2026<stdout>:6768 KSP Residual norm 3.804708391713e-03
Mon Sep 21 15:12:56 2026<stdout>:6769 KSP Residual norm 3.804618641063e-03
Mon Sep 21 15:12:56 2026<stdout>:6770 KSP Residual norm 3.804556161334e-03
Mon Sep 21 15:12:56 2026<stdout>:6771 KSP Residual norm 3.804069403543e-03
Mon Sep 21 15:12:56 2026<stdout>:6772 KSP Residual norm 3.801950332500e-03
Mon Sep 21 15:12:56 2026<stdout>:6773 KSP Residual norm 3.801950034109e-03
Mon Sep 21 15:12:56 2026<stdout>:6774 KSP Residual norm 3.788484904957e-03
Mon Sep 21 15:12:56 2026<stdout>:6775 KSP Residual norm 3.788482437483e-03
Mon Sep 21 15:12:56 2026<stdout>:6776 KSP Residual norm 3.783230815024e-03
Mon Sep 21 15:12:56 2026<stdout>:6777 KSP Residual norm 3.783095705419e-03
Mon Sep 21 15:12:56 2026<stdout>:6778 KSP Residual norm 3.780705874987e-03
Mon Sep 21 15:12:56 2026<stdout>:6779 KSP Residual norm 3.780348622908e-03
Mon Sep 21 15:12:56 2026<stdout>:6780 KSP Residual norm 3.770259286608e-03
Mon Sep 21 15:12:56 2026<stdout>:6781 KSP Residual norm 3.770246192478e-03
Mon Sep 21 15:12:56 2026<stdout>:6782 KSP Residual norm 3.769766600191e-03
Mon Sep 21 15:12:56 2026<stdout>:6783 KSP Residual norm 3.769766577111e-03
Mon Sep 21 15:12:56 2026<stdout>:6784 KSP Residual norm 3.754410351526e-03
Mon Sep 21 15:12:56 2026<stdout>:6785 KSP Residual norm 3.754328206456e-03
Mon Sep 21 15:12:56 2026<stdout>:6786 KSP Residual norm 3.745848465458e-03
Mon Sep 21 15:12:56 2026<stdout>:6787 KSP Residual norm 3.745848109553e-03
Mon Sep 21 15:12:56 2026<stdout>:6788 KSP Residual norm 3.600689746318e-03
Mon Sep 21 15:12:56 2026<stdout>:6789 KSP Residual norm 3.600492920022e-03
Mon Sep 21 15:12:56 2026<stdout>:6790 KSP Residual norm 3.598143899561e-03
Mon Sep 21 15:12:56 2026<stdout>:6791 KSP Residual norm 3.598142964943e-03
Mon Sep 21 15:12:56 2026<stdout>:6792 KSP Residual norm 3.593325026127e-03
Mon Sep 21 15:12:56 2026<stdout>:6793 KSP Residual norm 3.593202886908e-03
Mon Sep 21 15:12:56 2026<stdout>:6794 KSP Residual norm 3.592788445200e-03
Mon Sep 21 15:12:56 2026<stdout>:6795 KSP Residual norm 3.592786213415e-03
Mon Sep 21 15:12:56 2026<stdout>:6796 KSP Residual norm 3.590682372350e-03
Mon Sep 21 15:12:56 2026<stdout>:6797 KSP Residual norm 3.590589767454e-03
Mon Sep 21 15:12:56 2026<stdout>:6798 KSP Residual norm 3.581566577786e-03
Mon Sep 21 15:12:56 2026<stdout>:6799 KSP Residual norm 3.551791063923e-03
Mon Sep 21 15:12:56 2026<stdout>:6800 KSP Residual norm 3.551791043061e-03
Mon Sep 21 15:12:56 2026<stdout>:6801 KSP Residual norm 3.551420526799e-03
Mon Sep 21 15:12:56 2026<stdout>:6802 KSP Residual norm 3.551363233510e-03
Mon Sep 21 15:12:56 2026<stdout>:6803 KSP Residual norm 3.541821720771e-03
Mon Sep 21 15:12:56 2026<stdout>:6804 KSP Residual norm 3.521460775271e-03
Mon Sep 21 15:12:56 2026<stdout>:6805 KSP Residual norm 3.520997909222e-03
Mon Sep 21 15:12:56 2026<stdout>:6806 KSP Residual norm 3.517535170595e-03
Mon Sep 21 15:12:56 2026<stdout>:6807 KSP Residual norm 3.512312482472e-03
Mon Sep 21 15:12:56 2026<stdout>:6808 KSP Residual norm 3.505677826869e-03
Mon Sep 21 15:12:56 2026<stdout>:6809 KSP Residual norm 3.489906146363e-03
Mon Sep 21 15:12:56 2026<stdout>:6810 KSP Residual norm 3.488056120934e-03
Mon Sep 21 15:12:56 2026<stdout>:6811 KSP Residual norm 3.486323613384e-03
Mon Sep 21 15:12:56 2026<stdout>:6812 KSP Residual norm 3.485966154061e-03
Mon Sep 21 15:12:56 2026<stdout>:6813 KSP Residual norm 3.485545503738e-03
Mon Sep 21 15:12:56 2026<stdout>:6814 KSP Residual norm 3.485526302360e-03
Mon Sep 21 15:12:56 2026<stdout>:6815 KSP Residual norm 3.481274076754e-03
Mon Sep 21 15:12:56 2026<stdout>:6816 KSP Residual norm 3.481164204341e-03
Mon Sep 21 15:12:56 2026<stdout>:6817 KSP Residual norm 3.477688949577e-03
Mon Sep 21 15:12:56 2026<stdout>:6818 KSP Residual norm 3.477687358577e-03
Mon Sep 21 15:12:56 2026<stdout>:6819 KSP Residual norm 3.477307670009e-03
Mon Sep 21 15:12:56 2026<stdout>:6820 KSP Residual norm 3.476626222084e-03
Mon Sep 21 15:12:56 2026<stdout>:6821 KSP Residual norm 3.468960886096e-03
Mon Sep 21 15:12:56 2026<stdout>:6822 KSP Residual norm 3.467495888895e-03
Mon Sep 21 15:12:56 2026<stdout>:6823 KSP Residual norm 3.464961281379e-03
Mon Sep 21 15:12:56 2026<stdout>:6824 KSP Residual norm 3.462933989651e-03
Mon Sep 21 15:12:56 2026<stdout>:6825 KSP Residual norm 3.462348774294e-03
Mon Sep 21 15:12:56 2026<stdout>:6826 KSP Residual norm 3.459262437583e-03
Mon Sep 21 15:12:56 2026<stdout>:6827 KSP Residual norm 3.459086918199e-03
Mon Sep 21 15:12:56 2026<stdout>:6828 KSP Residual norm 3.458812891179e-03
Mon Sep 21 15:12:56 2026<stdout>:6829 KSP Residual norm 3.455021501531e-03
Mon Sep 21 15:12:56 2026<stdout>:6830 KSP Residual norm 3.450337965685e-03
Mon Sep 21 15:12:56 2026<stdout>:6831 KSP Residual norm 3.449680967878e-03
Mon Sep 21 15:12:56 2026<stdout>:6832 KSP Residual norm 3.447574778250e-03
Mon Sep 21 15:12:56 2026<stdout>:6833 KSP Residual norm 3.446108993037e-03
Mon Sep 21 15:12:56 2026<stdout>:6834 KSP Residual norm 3.442614867955e-03
Mon Sep 21 15:12:56 2026<stdout>:6835 KSP Residual norm 3.442001416823e-03
Mon Sep 21 15:12:56 2026<stdout>:6836 KSP Residual norm 3.440219896724e-03
Mon Sep 21 15:12:56 2026<stdout>:6837 KSP Residual norm 3.440194489731e-03
Mon Sep 21 15:12:56 2026<stdout>:6838 KSP Residual norm 3.440121254821e-03
Mon Sep 21 15:12:56 2026<stdout>:6839 KSP Residual norm 3.437639555908e-03
Mon Sep 21 15:12:57 2026<stdout>:6840 KSP Residual norm 3.437059149263e-03
Mon Sep 21 15:12:57 2026<stdout>:6841 KSP Residual norm 3.436463611682e-03
Mon Sep 21 15:12:57 2026<stdout>:6842 KSP Residual norm 3.436128910189e-03
Mon Sep 21 15:12:57 2026<stdout>:6843 KSP Residual norm 3.436119719637e-03
Mon Sep 21 15:12:57 2026<stdout>:6844 KSP Residual norm 3.435156865154e-03
Mon Sep 21 15:12:57 2026<stdout>:6845 KSP Residual norm 3.434764281776e-03
Mon Sep 21 15:12:57 2026<stdout>:6846 KSP Residual norm 3.434228520967e-03
Mon Sep 21 15:12:57 2026<stdout>:6847 KSP Residual norm 3.429174205255e-03
Mon Sep 21 15:12:57 2026<stdout>:6848 KSP Residual norm 3.429028024093e-03
Mon Sep 21 15:12:57 2026<stdout>:6849 KSP Residual norm 3.428038751849e-03
Mon Sep 21 15:12:57 2026<stdout>:6850 KSP Residual norm 3.425314215388e-03
Mon Sep 21 15:12:57 2026<stdout>:6851 KSP Residual norm 3.425310038044e-03
Mon Sep 21 15:12:57 2026<stdout>:6852 KSP Residual norm 3.424915251873e-03
Mon Sep 21 15:12:57 2026<stdout>:6853 KSP Residual norm 3.424888742343e-03
Mon Sep 21 15:12:57 2026<stdout>:6854 KSP Residual norm 3.414948659098e-03
Mon Sep 21 15:12:57 2026<stdout>:6855 KSP Residual norm 3.409899447956e-03
Mon Sep 21 15:12:57 2026<stdout>:6856 KSP Residual norm 3.409728565435e-03
Mon Sep 21 15:12:57 2026<stdout>:6857 KSP Residual norm 3.408653046373e-03
Mon Sep 21 15:12:57 2026<stdout>:6858 KSP Residual norm 3.408348826801e-03
Mon Sep 21 15:12:57 2026<stdout>:6859 KSP Residual norm 3.408344805095e-03
Mon Sep 21 15:12:57 2026<stdout>:6860 KSP Residual norm 3.402779916217e-03
Mon Sep 21 15:12:57 2026<stdout>:6861 KSP Residual norm 3.400356443996e-03
Mon Sep 21 15:12:57 2026<stdout>:6862 KSP Residual norm 3.382681761960e-03
Mon Sep 21 15:12:57 2026<stdout>:6863 KSP Residual norm 3.376401640216e-03
Mon Sep 21 15:12:57 2026<stdout>:6864 KSP Residual norm 3.373104091498e-03
Mon Sep 21 15:12:57 2026<stdout>:6865 KSP Residual norm 3.372868509447e-03
Mon Sep 21 15:12:57 2026<stdout>:6866 KSP Residual norm 3.371465443403e-03
Mon Sep 21 15:12:57 2026<stdout>:6867 KSP Residual norm 3.371097070536e-03
Mon Sep 21 15:12:57 2026<stdout>:6868 KSP Residual norm 3.369858895649e-03
Mon Sep 21 15:12:57 2026<stdout>:6869 KSP Residual norm 3.368943240405e-03
Mon Sep 21 15:12:57 2026<stdout>:6870 KSP Residual norm 3.368685185756e-03
Mon Sep 21 15:12:57 2026<stdout>:6871 KSP Residual norm 3.368577731820e-03
Mon Sep 21 15:12:57 2026<stdout>:6872 KSP Residual norm 3.368565890763e-03
Mon Sep 21 15:12:57 2026<stdout>:6873 KSP Residual norm 3.368401573634e-03
Mon Sep 21 15:12:57 2026<stdout>:6874 KSP Residual norm 3.361937975489e-03
Mon Sep 21 15:12:57 2026<stdout>:6875 KSP Residual norm 3.360000280568e-03
Mon Sep 21 15:12:57 2026<stdout>:6876 KSP Residual norm 3.359785482511e-03
Mon Sep 21 15:12:57 2026<stdout>:6877 KSP Residual norm 3.359649532184e-03
Mon Sep 21 15:12:57 2026<stdout>:6878 KSP Residual norm 3.359645837821e-03
Mon Sep 21 15:12:57 2026<stdout>:6879 KSP Residual norm 3.359439735625e-03
Mon Sep 21 15:12:57 2026<stdout>:6880 KSP Residual norm 3.358690841490e-03
Mon Sep 21 15:12:57 2026<stdout>:6881 KSP Residual norm 3.358075938922e-03
Mon Sep 21 15:12:57 2026<stdout>:6882 KSP Residual norm 3.358073891568e-03
Mon Sep 21 15:12:57 2026<stdout>:6883 KSP Residual norm 3.357780454923e-03
Mon Sep 21 15:12:57 2026<stdout>:6884 KSP Residual norm 3.356695646335e-03
Mon Sep 21 15:12:57 2026<stdout>:6885 KSP Residual norm 3.346341604266e-03
Mon Sep 21 15:12:57 2026<stdout>:6886 KSP Residual norm 3.340225248309e-03
Mon Sep 21 15:12:57 2026<stdout>:6887 KSP Residual norm 3.337652448879e-03
Mon Sep 21 15:12:57 2026<stdout>:6888 KSP Residual norm 3.333972970106e-03
Mon Sep 21 15:12:57 2026<stdout>:6889 KSP Residual norm 3.333268264331e-03
Mon Sep 21 15:12:57 2026<stdout>:6890 KSP Residual norm 3.331045310772e-03
Mon Sep 21 15:12:57 2026<stdout>:6891 KSP Residual norm 3.329431687306e-03
Mon Sep 21 15:12:57 2026<stdout>:6892 KSP Residual norm 3.316102745464e-03
Mon Sep 21 15:12:57 2026<stdout>:6893 KSP Residual norm 3.315651658332e-03
Mon Sep 21 15:12:57 2026<stdout>:6894 KSP Residual norm 3.315021058697e-03
Mon Sep 21 15:12:57 2026<stdout>:6895 KSP Residual norm 3.309701001285e-03
Mon Sep 21 15:12:57 2026<stdout>:6896 KSP Residual norm 3.308692249380e-03
Mon Sep 21 15:12:57 2026<stdout>:6897 KSP Residual norm 3.308691752421e-03
Mon Sep 21 15:12:57 2026<stdout>:6898 KSP Residual norm 3.308457157071e-03
Mon Sep 21 15:12:57 2026<stdout>:6899 KSP Residual norm 3.308224491785e-03
Mon Sep 21 15:12:57 2026<stdout>:6900 KSP Residual norm 3.972987368116e-03
Mon Sep 21 15:12:57 2026<stdout>:6901 KSP Residual norm 3.907336635859e-03
Mon Sep 21 15:12:57 2026<stdout>:6902 KSP Residual norm 3.899972867198e-03
Mon Sep 21 15:12:57 2026<stdout>:6903 KSP Residual norm 3.898079429859e-03
Mon Sep 21 15:12:57 2026<stdout>:6904 KSP Residual norm 3.263697903169e-03
Mon Sep 21 15:12:57 2026<stdout>:6905 KSP Residual norm 3.260517020258e-03
Mon Sep 21 15:12:57 2026<stdout>:6906 KSP Residual norm 3.204511679397e-03
Mon Sep 21 15:12:57 2026<stdout>:6907 KSP Residual norm 3.199146462790e-03
Mon Sep 21 15:12:57 2026<stdout>:6908 KSP Residual norm 3.197485750612e-03
Mon Sep 21 15:12:57 2026<stdout>:6909 KSP Residual norm 3.196214930802e-03
Mon Sep 21 15:12:57 2026<stdout>:6910 KSP Residual norm 3.195687179556e-03
Mon Sep 21 15:12:57 2026<stdout>:6911 KSP Residual norm 3.195675206906e-03
Mon Sep 21 15:12:57 2026<stdout>:6912 KSP Residual norm 3.190473499174e-03
Mon Sep 21 15:12:57 2026<stdout>:6913 KSP Residual norm 3.189398414831e-03
Mon Sep 21 15:12:57 2026<stdout>:6914 KSP Residual norm 3.188784478747e-03
Mon Sep 21 15:12:57 2026<stdout>:6915 KSP Residual norm 3.187957621127e-03
Mon Sep 21 15:12:57 2026<stdout>:6916 KSP Residual norm 3.183673201642e-03
Mon Sep 21 15:12:57 2026<stdout>:6917 KSP Residual norm 3.183655300371e-03
Mon Sep 21 15:12:57 2026<stdout>:6918 KSP Residual norm 3.182439518462e-03
Mon Sep 21 15:12:57 2026<stdout>:6919 KSP Residual norm 3.182198496165e-03
Mon Sep 21 15:12:57 2026<stdout>:6920 KSP Residual norm 3.182021268961e-03
Mon Sep 21 15:12:57 2026<stdout>:6921 KSP Residual norm 3.181494811498e-03
Mon Sep 21 15:12:57 2026<stdout>:6922 KSP Residual norm 3.181289117713e-03
Mon Sep 21 15:12:57 2026<stdout>:6923 KSP Residual norm 3.181287538520e-03
Mon Sep 21 15:12:57 2026<stdout>:6924 KSP Residual norm 3.181184519467e-03
Mon Sep 21 15:12:58 2026<stdout>:6925 KSP Residual norm 3.181084013064e-03
Mon Sep 21 15:12:58 2026<stdout>:6926 KSP Residual norm 3.180918446466e-03
Mon Sep 21 15:12:58 2026<stdout>:6927 KSP Residual norm 3.180800195288e-03
Mon Sep 21 15:12:58 2026<stdout>:6928 KSP Residual norm 3.179383582772e-03
Mon Sep 21 15:12:58 2026<stdout>:6929 KSP Residual norm 3.179257305491e-03
Mon Sep 21 15:12:58 2026<stdout>:6930 KSP Residual norm 3.177610843548e-03
Mon Sep 21 15:12:58 2026<stdout>:6931 KSP Residual norm 3.177306781847e-03
Mon Sep 21 15:12:58 2026<stdout>:6932 KSP Residual norm 3.177302039706e-03
Mon Sep 21 15:12:58 2026<stdout>:6933 KSP Residual norm 3.176653120738e-03
Mon Sep 21 15:12:58 2026<stdout>:6934 KSP Residual norm 3.176186616122e-03
Mon Sep 21 15:12:58 2026<stdout>:6935 KSP Residual norm 3.176145609557e-03
Mon Sep 21 15:12:58 2026<stdout>:6936 KSP Residual norm 3.176047034815e-03
Mon Sep 21 15:12:58 2026<stdout>:6937 KSP Residual norm 3.175986522001e-03
Mon Sep 21 15:12:58 2026<stdout>:6938 KSP Residual norm 3.173133817495e-03
Mon Sep 21 15:12:58 2026<stdout>:6939 KSP Residual norm 3.173073838579e-03
Mon Sep 21 15:12:58 2026<stdout>:6940 KSP Residual norm 3.167069447880e-03
Mon Sep 21 15:12:58 2026<stdout>:6941 KSP Residual norm 3.167043031395e-03
Mon Sep 21 15:12:58 2026<stdout>:6942 KSP Residual norm 3.166266496015e-03
Mon Sep 21 15:12:58 2026<stdout>:6943 KSP Residual norm 3.166264238759e-03
Mon Sep 21 15:12:58 2026<stdout>:6944 KSP Residual norm 3.162945120883e-03
Mon Sep 21 15:12:58 2026<stdout>:6945 KSP Residual norm 3.162843120792e-03
Mon Sep 21 15:12:58 2026<stdout>:6946 KSP Residual norm 3.161492274820e-03
Mon Sep 21 15:12:58 2026<stdout>:6947 KSP Residual norm 3.160196449981e-03
Mon Sep 21 15:12:58 2026<stdout>:6948 KSP Residual norm 3.159902182350e-03
Mon Sep 21 15:12:58 2026<stdout>:6949 KSP Residual norm 3.157708106829e-03
Mon Sep 21 15:12:58 2026<stdout>:6950 KSP Residual norm 3.152879185639e-03
Mon Sep 21 15:12:58 2026<stdout>:6951 KSP Residual norm 3.152501042875e-03
Mon Sep 21 15:12:58 2026<stdout>:6952 KSP Residual norm 3.151031150223e-03
Mon Sep 21 15:12:58 2026<stdout>:6953 KSP Residual norm 3.149868875428e-03
Mon Sep 21 15:12:58 2026<stdout>:6954 KSP Residual norm 3.149676065253e-03
Mon Sep 21 15:12:58 2026<stdout>:6955 KSP Residual norm 3.149670065504e-03
Mon Sep 21 15:12:58 2026<stdout>:6956 KSP Residual norm 3.148842355471e-03
Mon Sep 21 15:12:58 2026<stdout>:6957 KSP Residual norm 3.148071729964e-03
Mon Sep 21 15:12:58 2026<stdout>:6958 KSP Residual norm 3.148071684902e-03
Mon Sep 21 15:12:58 2026<stdout>:6959 KSP Residual norm 3.148069387421e-03
Mon Sep 21 15:12:58 2026<stdout>:6960 KSP Residual norm 3.148050874083e-03
Mon Sep 21 15:12:58 2026<stdout>:6961 KSP Residual norm 3.148040113210e-03
Mon Sep 21 15:12:58 2026<stdout>:6962 KSP Residual norm 3.146919415353e-03
Mon Sep 21 15:12:58 2026<stdout>:6963 KSP Residual norm 3.146888073786e-03
Mon Sep 21 15:12:58 2026<stdout>:6964 KSP Residual norm 3.146778077835e-03
Mon Sep 21 15:12:58 2026<stdout>:6965 KSP Residual norm 3.146496204862e-03
Mon Sep 21 15:12:58 2026<stdout>:6966 KSP Residual norm 3.146496202470e-03
Mon Sep 21 15:12:58 2026<stdout>:6967 KSP Residual norm 3.144598144217e-03
Mon Sep 21 15:12:58 2026<stdout>:6968 KSP Residual norm 3.144544536468e-03
Mon Sep 21 15:12:58 2026<stdout>:6969 KSP Residual norm 3.144530662798e-03
Mon Sep 21 15:12:58 2026<stdout>:6970 KSP Residual norm 3.144184942341e-03
Mon Sep 21 15:12:58 2026<stdout>:6971 KSP Residual norm 3.143495543206e-03
Mon Sep 21 15:12:58 2026<stdout>:6972 KSP Residual norm 3.143012216050e-03
Mon Sep 21 15:12:58 2026<stdout>:6973 KSP Residual norm 3.133815330604e-03
Mon Sep 21 15:12:58 2026<stdout>:6974 KSP Residual norm 3.133766669080e-03
Mon Sep 21 15:12:58 2026<stdout>:6975 KSP Residual norm 3.129930792093e-03
Mon Sep 21 15:12:58 2026<stdout>:6976 KSP Residual norm 3.128052367129e-03
Mon Sep 21 15:12:58 2026<stdout>:6977 KSP Residual norm 3.127279268561e-03
Mon Sep 21 15:12:58 2026<stdout>:6978 KSP Residual norm 3.126794978411e-03
Mon Sep 21 15:12:58 2026<stdout>:6979 KSP Residual norm 3.126320182860e-03
Mon Sep 21 15:12:58 2026<stdout>:6980 KSP Residual norm 3.124408123169e-03
Mon Sep 21 15:12:58 2026<stdout>:6981 KSP Residual norm 3.124400153402e-03
Mon Sep 21 15:12:58 2026<stdout>:6982 KSP Residual norm 3.118995370226e-03
Mon Sep 21 15:12:58 2026<stdout>:6983 KSP Residual norm 3.113027273108e-03
Mon Sep 21 15:12:58 2026<stdout>:6984 KSP Residual norm 3.113026896766e-03
Mon Sep 21 15:12:58 2026<stdout>:6985 KSP Residual norm 3.112712821197e-03
Mon Sep 21 15:12:58 2026<stdout>:6986 KSP Residual norm 3.112705221286e-03
Mon Sep 21 15:12:58 2026<stdout>:6987 KSP Residual norm 3.111092627867e-03
Mon Sep 21 15:12:58 2026<stdout>:6988 KSP Residual norm 3.110910843287e-03
Mon Sep 21 15:12:58 2026<stdout>:6989 KSP Residual norm 3.108882667747e-03
Mon Sep 21 15:12:58 2026<stdout>:6990 KSP Residual norm 3.108849070385e-03
Mon Sep 21 15:12:58 2026<stdout>:6991 KSP Residual norm 3.104205787037e-03
Mon Sep 21 15:12:58 2026<stdout>:6992 KSP Residual norm 3.103911121093e-03
Mon Sep 21 15:12:58 2026<stdout>:6993 KSP Residual norm 3.097170021664e-03
Mon Sep 21 15:12:58 2026<stdout>:6994 KSP Residual norm 3.093122993793e-03
Mon Sep 21 15:12:58 2026<stdout>:6995 KSP Residual norm 3.090467427431e-03
Mon Sep 21 15:12:58 2026<stdout>:6996 KSP Residual norm 3.088678356989e-03
Mon Sep 21 15:12:58 2026<stdout>:6997 KSP Residual norm 3.088670202294e-03
Mon Sep 21 15:12:58 2026<stdout>:6998 KSP Residual norm 3.088013919047e-03
Mon Sep 21 15:12:58 2026<stdout>:6999 KSP Residual norm 3.087744624740e-03
Mon Sep 21 15:12:58 2026<stdout>:7000 KSP Residual norm 3.084011093918e-03
Mon Sep 21 15:12:58 2026<stdout>:7001 KSP Residual norm 3.083955779529e-03
Mon Sep 21 15:12:58 2026<stdout>:7002 KSP Residual norm 3.083584578080e-03
Mon Sep 21 15:12:58 2026<stdout>:7003 KSP Residual norm 3.082588619906e-03
Mon Sep 21 15:12:58 2026<stdout>:7004 KSP Residual norm 3.081454871468e-03
Mon Sep 21 15:12:58 2026<stdout>:7005 KSP Residual norm 3.081417134041e-03
Mon Sep 21 15:12:58 2026<stdout>:7006 KSP Residual norm 3.080609560507e-03
Mon Sep 21 15:12:58 2026<stdout>:7007 KSP Residual norm 3.079791827804e-03
Mon Sep 21 15:12:58 2026<stdout>:7008 KSP Residual norm 3.078481568705e-03
Mon Sep 21 15:12:58 2026<stdout>:7009 KSP Residual norm 3.078308680852e-03
Mon Sep 21 15:12:58 2026<stdout>:7010 KSP Residual norm 3.077782179518e-03
Mon Sep 21 15:12:58 2026<stdout>:7011 KSP Residual norm 3.076584478730e-03
Mon Sep 21 15:12:58 2026<stdout>:7012 KSP Residual norm 3.073149326075e-03
Mon Sep 21 15:12:58 2026<stdout>:7013 KSP Residual norm 3.072956796316e-03
Mon Sep 21 15:12:58 2026<stdout>:7014 KSP Residual norm 3.071803673557e-03
Mon Sep 21 15:12:59 2026<stdout>:7015 KSP Residual norm 3.070375244977e-03
Mon Sep 21 15:12:59 2026<stdout>:7016 KSP Residual norm 3.070233736378e-03
Mon Sep 21 15:12:59 2026<stdout>:7017 KSP Residual norm 3.069169559448e-03
Mon Sep 21 15:12:59 2026<stdout>:7018 KSP Residual norm 3.069014533215e-03
Mon Sep 21 15:12:59 2026<stdout>:7019 KSP Residual norm 3.068853723714e-03
Mon Sep 21 15:12:59 2026<stdout>:7020 KSP Residual norm 3.068831032560e-03
Mon Sep 21 15:12:59 2026<stdout>:7021 KSP Residual norm 3.068773589373e-03
Mon Sep 21 15:12:59 2026<stdout>:7022 KSP Residual norm 3.065026681837e-03
Mon Sep 21 15:12:59 2026<stdout>:7023 KSP Residual norm 3.064712833760e-03
Mon Sep 21 15:12:59 2026<stdout>:7024 KSP Residual norm 3.064534558225e-03
Mon Sep 21 15:12:59 2026<stdout>:7025 KSP Residual norm 3.064420423161e-03
Mon Sep 21 15:12:59 2026<stdout>:7026 KSP Residual norm 3.063397329163e-03
Mon Sep 21 15:12:59 2026<stdout>:7027 KSP Residual norm 3.062888835226e-03
Mon Sep 21 15:12:59 2026<stdout>:7028 KSP Residual norm 3.061711418563e-03
Mon Sep 21 15:12:59 2026<stdout>:7029 KSP Residual norm 3.061638436295e-03
Mon Sep 21 15:12:59 2026<stdout>:7030 KSP Residual norm 3.061524196959e-03
Mon Sep 21 15:12:59 2026<stdout>:7031 KSP Residual norm 3.060354797418e-03
Mon Sep 21 15:12:59 2026<stdout>:7032 KSP Residual norm 3.060030210954e-03
Mon Sep 21 15:12:59 2026<stdout>:7033 KSP Residual norm 3.059671490395e-03
Mon Sep 21 15:12:59 2026<stdout>:7034 KSP Residual norm 3.059617667757e-03
Mon Sep 21 15:12:59 2026<stdout>:7035 KSP Residual norm 3.059553564982e-03
Mon Sep 21 15:12:59 2026<stdout>:7036 KSP Residual norm 3.059134554855e-03
Mon Sep 21 15:12:59 2026<stdout>:7037 KSP Residual norm 3.058803403710e-03
Mon Sep 21 15:12:59 2026<stdout>:7038 KSP Residual norm 3.058780536822e-03
Mon Sep 21 15:12:59 2026<stdout>:7039 KSP Residual norm 3.058666531851e-03
Mon Sep 21 15:12:59 2026<stdout>:7040 KSP Residual norm 3.057400687728e-03
Mon Sep 21 15:12:59 2026<stdout>:7041 KSP Residual norm 3.057196554184e-03
Mon Sep 21 15:12:59 2026<stdout>:7042 KSP Residual norm 3.055871820715e-03
Mon Sep 21 15:12:59 2026<stdout>:7043 KSP Residual norm 3.055787486648e-03
Mon Sep 21 15:12:59 2026<stdout>:7044 KSP Residual norm 3.054739830229e-03
Mon Sep 21 15:12:59 2026<stdout>:7045 KSP Residual norm 3.054679784978e-03
Mon Sep 21 15:12:59 2026<stdout>:7046 KSP Residual norm 3.052037900321e-03
Mon Sep 21 15:12:59 2026<stdout>:7047 KSP Residual norm 3.051990226085e-03
Mon Sep 21 15:12:59 2026<stdout>:7048 KSP Residual norm 3.051954493996e-03
Mon Sep 21 15:12:59 2026<stdout>:7049 KSP Residual norm 3.050698409620e-03
Mon Sep 21 15:12:59 2026<stdout>:7050 KSP Residual norm 3.911133088783e-03
Mon Sep 21 15:12:59 2026<stdout>:7051 KSP Residual norm 3.841751023232e-03
Mon Sep 21 15:12:59 2026<stdout>:7052 KSP Residual norm 3.821672243379e-03
Mon Sep 21 15:12:59 2026<stdout>:7053 KSP Residual norm 3.820822923114e-03
Mon Sep 21 15:12:59 2026<stdout>:7054 KSP Residual norm 3.818943883470e-03
Mon Sep 21 15:12:59 2026<stdout>:7055 KSP Residual norm 3.818429678975e-03
Mon Sep 21 15:12:59 2026<stdout>:7056 KSP Residual norm 3.807785545892e-03
Mon Sep 21 15:12:59 2026<stdout>:7057 KSP Residual norm 3.807459603259e-03
Mon Sep 21 15:12:59 2026<stdout>:7058 KSP Residual norm 3.798282279617e-03
Mon Sep 21 15:12:59 2026<stdout>:7059 KSP Residual norm 3.798026455324e-03
Mon Sep 21 15:12:59 2026<stdout>:7060 KSP Residual norm 3.796516116260e-03
Mon Sep 21 15:12:59 2026<stdout>:7061 KSP Residual norm 3.796501076309e-03
Mon Sep 21 15:12:59 2026<stdout>:7062 KSP Residual norm 3.796453878867e-03
Mon Sep 21 15:12:59 2026<stdout>:7063 KSP Residual norm 3.796312139523e-03
Mon Sep 21 15:12:59 2026<stdout>:7064 KSP Residual norm 3.793244093690e-03
Mon Sep 21 15:12:59 2026<stdout>:7065 KSP Residual norm 3.793240127254e-03
Mon Sep 21 15:12:59 2026<stdout>:7066 KSP Residual norm 3.791612659968e-03
Mon Sep 21 15:12:59 2026<stdout>:7067 KSP Residual norm 3.791328568837e-03
Mon Sep 21 15:12:59 2026<stdout>:7068 KSP Residual norm 3.785972558023e-03
Mon Sep 21 15:12:59 2026<stdout>:7069 KSP Residual norm 3.785962504429e-03
Mon Sep 21 15:12:59 2026<stdout>:7070 KSP Residual norm 3.770682195685e-03
Mon Sep 21 15:12:59 2026<stdout>:7071 KSP Residual norm 3.770461164967e-03
Mon Sep 21 15:12:59 2026<stdout>:7072 KSP Residual norm 3.770436222775e-03
Mon Sep 21 15:12:59 2026<stdout>:7073 KSP Residual norm 3.770191595724e-03
Mon Sep 21 15:12:59 2026<stdout>:7074 KSP Residual norm 3.769155614237e-03
Mon Sep 21 15:12:59 2026<stdout>:7075 KSP Residual norm 3.769155603378e-03
Mon Sep 21 15:12:59 2026<stdout>:7076 KSP Residual norm 3.766952307960e-03
Mon Sep 21 15:12:59 2026<stdout>:7077 KSP Residual norm 3.765414110561e-03
Mon Sep 21 15:12:59 2026<stdout>:7078 KSP Residual norm 3.756918205751e-03
Mon Sep 21 15:12:59 2026<stdout>:7079 KSP Residual norm 3.756710576358e-03
Mon Sep 21 15:12:59 2026<stdout>:7080 KSP Residual norm 3.755541029107e-03
Mon Sep 21 15:12:59 2026<stdout>:7081 KSP Residual norm 3.755526654945e-03
Mon Sep 21 15:12:59 2026<stdout>:7082 KSP Residual norm 3.748066423063e-03
Mon Sep 21 15:12:59 2026<stdout>:7083 KSP Residual norm 3.748064512093e-03
Mon Sep 21 15:12:59 2026<stdout>:7084 KSP Residual norm 3.746355759176e-03
Mon Sep 21 15:12:59 2026<stdout>:7085 KSP Residual norm 3.746322282320e-03
Mon Sep 21 15:12:59 2026<stdout>:7086 KSP Residual norm 3.741893733242e-03
Mon Sep 21 15:12:59 2026<stdout>:7087 KSP Residual norm 3.741771633773e-03
Mon Sep 21 15:12:59 2026<stdout>:7088 KSP Residual norm 3.738561816845e-03
Mon Sep 21 15:12:59 2026<stdout>:7089 KSP Residual norm 3.738554631520e-03
Mon Sep 21 15:12:59 2026<stdout>:7090 KSP Residual norm 3.738124397854e-03
Mon Sep 21 15:12:59 2026<stdout>:7091 KSP Residual norm 3.737913257798e-03
Mon Sep 21 15:12:59 2026<stdout>:7092 KSP Residual norm 3.737203511219e-03
Mon Sep 21 15:12:59 2026<stdout>:7093 KSP Residual norm 3.737164807116e-03
Mon Sep 21 15:12:59 2026<stdout>:7094 KSP Residual norm 3.735809071384e-03
Mon Sep 21 15:12:59 2026<stdout>:7095 KSP Residual norm 3.735791957953e-03
Mon Sep 21 15:12:59 2026<stdout>:7096 KSP Residual norm 3.731794787060e-03
Mon Sep 21 15:12:59 2026<stdout>:7097 KSP Residual norm 3.729956802798e-03
Mon Sep 21 15:12:59 2026<stdout>:7098 KSP Residual norm 3.729920245933e-03
Mon Sep 21 15:12:59 2026<stdout>:7099 KSP Residual norm 3.729495072074e-03
Mon Sep 21 15:12:59 2026<stdout>:7100 KSP Residual norm 3.729487468897e-03
Mon Sep 21 15:12:59 2026<stdout>:7101 KSP Residual norm 3.728756171881e-03
Mon Sep 21 15:12:59 2026<stdout>:7102 KSP Residual norm 3.728087969861e-03
Mon Sep 21 15:12:59 2026<stdout>:7103 KSP Residual norm 3.723016292458e-03
Mon Sep 21 15:12:59 2026<stdout>:7104 KSP Residual norm 3.721878577453e-03
Mon Sep 21 15:12:59 2026<stdout>:7105 KSP Residual norm 3.721645803413e-03
Mon Sep 21 15:12:59 2026<stdout>:7106 KSP Residual norm 3.720406277236e-03
Mon Sep 21 15:12:59 2026<stdout>:7107 KSP Residual norm 3.720353329410e-03
Mon Sep 21 15:13:00 2026<stdout>:7108 KSP Residual norm 3.719965045676e-03
Mon Sep 21 15:13:00 2026<stdout>:7109 KSP Residual norm 3.719806234891e-03
Mon Sep 21 15:13:00 2026<stdout>:7110 KSP Residual norm 3.712787227196e-03
Mon Sep 21 15:13:00 2026<stdout>:7111 KSP Residual norm 3.712772802466e-03
Mon Sep 21 15:13:00 2026<stdout>:7112 KSP Residual norm 3.709840557154e-03
Mon Sep 21 15:13:00 2026<stdout>:7113 KSP Residual norm 3.709369262039e-03
Mon Sep 21 15:13:00 2026<stdout>:7114 KSP Residual norm 3.709360139287e-03
Mon Sep 21 15:13:00 2026<stdout>:7115 KSP Residual norm 3.708013664100e-03
Mon Sep 21 15:13:00 2026<stdout>:7116 KSP Residual norm 3.706034214318e-03
Mon Sep 21 15:13:00 2026<stdout>:7117 KSP Residual norm 3.705684299552e-03
Mon Sep 21 15:13:00 2026<stdout>:7118 KSP Residual norm 3.705634026179e-03
Mon Sep 21 15:13:00 2026<stdout>:7119 KSP Residual norm 3.704793361005e-03
Mon Sep 21 15:13:00 2026<stdout>:7120 KSP Residual norm 3.701747734611e-03
Mon Sep 21 15:13:00 2026<stdout>:7121 KSP Residual norm 3.701600001293e-03
Mon Sep 21 15:13:00 2026<stdout>:7122 KSP Residual norm 3.700144521651e-03
Mon Sep 21 15:13:00 2026<stdout>:7123 KSP Residual norm 3.700067744785e-03
Mon Sep 21 15:13:00 2026<stdout>:7124 KSP Residual norm 3.700044959002e-03
Mon Sep 21 15:13:00 2026<stdout>:7125 KSP Residual norm 3.699660609057e-03
Mon Sep 21 15:13:00 2026<stdout>:7126 KSP Residual norm 3.698195481933e-03
Mon Sep 21 15:13:00 2026<stdout>:7127 KSP Residual norm 3.696403430605e-03
Mon Sep 21 15:13:00 2026<stdout>:7128 KSP Residual norm 3.696327485363e-03
Mon Sep 21 15:13:00 2026<stdout>:7129 KSP Residual norm 3.695617609556e-03
Mon Sep 21 15:13:00 2026<stdout>:7130 KSP Residual norm 3.693987086068e-03
Mon Sep 21 15:13:00 2026<stdout>:7131 KSP Residual norm 3.693986616405e-03
Mon Sep 21 15:13:00 2026<stdout>:7132 KSP Residual norm 3.692198451251e-03
Mon Sep 21 15:13:00 2026<stdout>:7133 KSP Residual norm 3.679959824349e-03
Mon Sep 21 15:13:00 2026<stdout>:7134 KSP Residual norm 3.661280950842e-03
Mon Sep 21 15:13:00 2026<stdout>:7135 KSP Residual norm 3.656327181010e-03
Mon Sep 21 15:13:00 2026<stdout>:7136 KSP Residual norm 3.654451014282e-03
Mon Sep 21 15:13:00 2026<stdout>:7137 KSP Residual norm 3.652744378141e-03
Mon Sep 21 15:13:00 2026<stdout>:7138 KSP Residual norm 3.652686444945e-03
Mon Sep 21 15:13:00 2026<stdout>:7139 KSP Residual norm 3.651188085218e-03
Mon Sep 21 15:13:00 2026<stdout>:7140 KSP Residual norm 3.650899234947e-03
Mon Sep 21 15:13:00 2026<stdout>:7141 KSP Residual norm 3.650879772150e-03
Mon Sep 21 15:13:00 2026<stdout>:7142 KSP Residual norm 3.650873065974e-03
Mon Sep 21 15:13:00 2026<stdout>:7143 KSP Residual norm 3.650633755942e-03
Mon Sep 21 15:13:00 2026<stdout>:7144 KSP Residual norm 3.649735230420e-03
Mon Sep 21 15:13:00 2026<stdout>:7145 KSP Residual norm 3.649725968790e-03
Mon Sep 21 15:13:00 2026<stdout>:7146 KSP Residual norm 3.649456624268e-03
Mon Sep 21 15:13:00 2026<stdout>:7147 KSP Residual norm 3.648881443781e-03
Mon Sep 21 15:13:00 2026<stdout>:7148 KSP Residual norm 3.645191113066e-03
Mon Sep 21 15:13:00 2026<stdout>:7149 KSP Residual norm 3.642663439296e-03
Mon Sep 21 15:13:00 2026<stdout>:7150 KSP Residual norm 3.642263321699e-03
Mon Sep 21 15:13:00 2026<stdout>:7151 KSP Residual norm 3.640172880402e-03
Mon Sep 21 15:13:00 2026<stdout>:7152 KSP Residual norm 3.635291420855e-03
Mon Sep 21 15:13:00 2026<stdout>:7153 KSP Residual norm 3.635210467064e-03
Mon Sep 21 15:13:00 2026<stdout>:7154 KSP Residual norm 3.635089520049e-03
Mon Sep 21 15:13:00 2026<stdout>:7155 KSP Residual norm 3.634488194753e-03
Mon Sep 21 15:13:00 2026<stdout>:7156 KSP Residual norm 3.631548360331e-03
Mon Sep 21 15:13:00 2026<stdout>:7157 KSP Residual norm 3.631296490206e-03
Mon Sep 21 15:13:00 2026<stdout>:7158 KSP Residual norm 3.627885048755e-03
Mon Sep 21 15:13:00 2026<stdout>:7159 KSP Residual norm 3.627853712335e-03
Mon Sep 21 15:13:00 2026<stdout>:7160 KSP Residual norm 3.626446187847e-03
Mon Sep 21 15:13:00 2026<stdout>:7161 KSP Residual norm 3.626286643908e-03
Mon Sep 21 15:13:00 2026<stdout>:7162 KSP Residual norm 3.626282631498e-03
Mon Sep 21 15:13:00 2026<stdout>:7163 KSP Residual norm 3.626282468449e-03
Mon Sep 21 15:13:00 2026<stdout>:7164 KSP Residual norm 3.625198902732e-03
Mon Sep 21 15:13:00 2026<stdout>:7165 KSP Residual norm 3.622540264666e-03
Mon Sep 21 15:13:00 2026<stdout>:7166 KSP Residual norm 3.622334205424e-03
Mon Sep 21 15:13:00 2026<stdout>:7167 KSP Residual norm 3.621973136671e-03
Mon Sep 21 15:13:00 2026<stdout>:7168 KSP Residual norm 3.620148814259e-03
Mon Sep 21 15:13:00 2026<stdout>:7169 KSP Residual norm 3.620148812711e-03
Mon Sep 21 15:13:00 2026<stdout>:7170 KSP Residual norm 3.620042422613e-03
Mon Sep 21 15:13:00 2026<stdout>:7171 KSP Residual norm 3.619735475086e-03
Mon Sep 21 15:13:00 2026<stdout>:7172 KSP Residual norm 3.619346991173e-03
Mon Sep 21 15:13:00 2026<stdout>:7173 KSP Residual norm 3.606215550054e-03
Mon Sep 21 15:13:00 2026<stdout>:7174 KSP Residual norm 3.599909647901e-03
Mon Sep 21 15:13:00 2026<stdout>:7175 KSP Residual norm 3.575322484801e-03
Mon Sep 21 15:13:00 2026<stdout>:7176 KSP Residual norm 3.573395131859e-03
Mon Sep 21 15:13:00 2026<stdout>:7177 KSP Residual norm 3.573182297216e-03
Mon Sep 21 15:13:00 2026<stdout>:7178 KSP Residual norm 3.573106124351e-03
Mon Sep 21 15:13:00 2026<stdout>:7179 KSP Residual norm 3.567961486622e-03
Mon Sep 21 15:13:00 2026<stdout>:7180 KSP Residual norm 3.561455139804e-03
Mon Sep 21 15:13:00 2026<stdout>:7181 KSP Residual norm 3.557659686994e-03
Mon Sep 21 15:13:00 2026<stdout>:7182 KSP Residual norm 3.554629834052e-03
Mon Sep 21 15:13:00 2026<stdout>:7183 KSP Residual norm 3.554498693720e-03
Mon Sep 21 15:13:00 2026<stdout>:7184 KSP Residual norm 3.554368100968e-03
Mon Sep 21 15:13:00 2026<stdout>:7185 KSP Residual norm 3.548398635679e-03
Mon Sep 21 15:13:00 2026<stdout>:7186 KSP Residual norm 3.543055387734e-03
Mon Sep 21 15:13:00 2026<stdout>:7187 KSP Residual norm 3.542974657725e-03
Mon Sep 21 15:13:00 2026<stdout>:7188 KSP Residual norm 3.539509596948e-03
Mon Sep 21 15:13:01 2026<stdout>:7189 KSP Residual norm 3.539457700645e-03
Mon Sep 21 15:13:01 2026<stdout>:7190 KSP Residual norm 3.539368239329e-03
Mon Sep 21 15:13:01 2026<stdout>:7191 KSP Residual norm 3.538075334904e-03
Mon Sep 21 15:13:01 2026<stdout>:7192 KSP Residual norm 3.537411839642e-03
Mon Sep 21 15:13:01 2026<stdout>:7193 KSP Residual norm 3.535836406394e-03
Mon Sep 21 15:13:01 2026<stdout>:7194 KSP Residual norm 3.533566520075e-03
Mon Sep 21 15:13:01 2026<stdout>:7195 KSP Residual norm 3.532352952601e-03
Mon Sep 21 15:13:01 2026<stdout>:7196 KSP Residual norm 3.532346177897e-03
Mon Sep 21 15:13:01 2026<stdout>:7197 KSP Residual norm 3.531954719273e-03
Mon Sep 21 15:13:01 2026<stdout>:7198 KSP Residual norm 3.531520972077e-03
Mon Sep 21 15:13:01 2026<stdout>:7199 KSP Residual norm 3.531416799700e-03
Mon Sep 21 15:13:01 2026<stdout>:7200 KSP Residual norm 3.984794287423e-03
Mon Sep 21 15:13:01 2026<stdout>:7201 KSP Residual norm 3.952024298458e-03
Mon Sep 21 15:13:01 2026<stdout>:7202 KSP Residual norm 3.937543659507e-03
Mon Sep 21 15:13:01 2026<stdout>:7203 KSP Residual norm 3.935356858834e-03
Mon Sep 21 15:13:01 2026<stdout>:7204 KSP Residual norm 3.915359452246e-03
Mon Sep 21 15:13:01 2026<stdout>:7205 KSP Residual norm 3.911613215176e-03
Mon Sep 21 15:13:01 2026<stdout>:7206 KSP Residual norm 3.907606543615e-03
Mon Sep 21 15:13:01 2026<stdout>:7207 KSP Residual norm 3.907570025032e-03
Mon Sep 21 15:13:01 2026<stdout>:7208 KSP Residual norm 3.906397026883e-03
Mon Sep 21 15:13:01 2026<stdout>:7209 KSP Residual norm 3.906394786455e-03
Mon Sep 21 15:13:01 2026<stdout>:7210 KSP Residual norm 3.905263110328e-03
Mon Sep 21 15:13:01 2026<stdout>:7211 KSP Residual norm 3.905147115780e-03
Mon Sep 21 15:13:01 2026<stdout>:7212 KSP Residual norm 3.894446577840e-03
Mon Sep 21 15:13:01 2026<stdout>:7213 KSP Residual norm 3.894386720996e-03
Mon Sep 21 15:13:01 2026<stdout>:7214 KSP Residual norm 3.868944806338e-03
Mon Sep 21 15:13:01 2026<stdout>:7215 KSP Residual norm 3.868496476592e-03
Mon Sep 21 15:13:01 2026<stdout>:7216 KSP Residual norm 3.868317076272e-03
Mon Sep 21 15:13:01 2026<stdout>:7217 KSP Residual norm 3.867992163255e-03
Mon Sep 21 15:13:01 2026<stdout>:7218 KSP Residual norm 3.867722017757e-03
Mon Sep 21 15:13:01 2026<stdout>:7219 KSP Residual norm 3.867663552339e-03
Mon Sep 21 15:13:01 2026<stdout>:7220 KSP Residual norm 3.866926635616e-03
Mon Sep 21 15:13:01 2026<stdout>:7221 KSP Residual norm 3.866179182077e-03
Mon Sep 21 15:13:01 2026<stdout>:7222 KSP Residual norm 3.865418435358e-03
Mon Sep 21 15:13:01 2026<stdout>:7223 KSP Residual norm 3.864576185488e-03
Mon Sep 21 15:13:01 2026<stdout>:7224 KSP Residual norm 3.844893678180e-03
Mon Sep 21 15:13:01 2026<stdout>:7225 KSP Residual norm 3.844853003098e-03
Mon Sep 21 15:13:01 2026<stdout>:7226 KSP Residual norm 3.844563623496e-03
Mon Sep 21 15:13:01 2026<stdout>:7227 KSP Residual norm 3.844289260001e-03
Mon Sep 21 15:13:01 2026<stdout>:7228 KSP Residual norm 3.842949023882e-03
Mon Sep 21 15:13:01 2026<stdout>:7229 KSP Residual norm 3.842881214339e-03
Mon Sep 21 15:13:01 2026<stdout>:7230 KSP Residual norm 3.840286195192e-03
Mon Sep 21 15:13:01 2026<stdout>:7231 KSP Residual norm 3.840283240099e-03
Mon Sep 21 15:13:01 2026<stdout>:7232 KSP Residual norm 3.839644879939e-03
Mon Sep 21 15:13:01 2026<stdout>:7233 KSP Residual norm 3.839587117166e-03
Mon Sep 21 15:13:01 2026<stdout>:7234 KSP Residual norm 3.836301998766e-03
Mon Sep 21 15:13:01 2026<stdout>:7235 KSP Residual norm 3.836127371073e-03
Mon Sep 21 15:13:01 2026<stdout>:7236 KSP Residual norm 3.831666597310e-03
Mon Sep 21 15:13:01 2026<stdout>:7237 KSP Residual norm 3.831440336822e-03
Mon Sep 21 15:13:01 2026<stdout>:7238 KSP Residual norm 3.828047473077e-03
Mon Sep 21 15:13:01 2026<stdout>:7239 KSP Residual norm 3.827836622347e-03
Mon Sep 21 15:13:01 2026<stdout>:7240 KSP Residual norm 3.827585219000e-03
Mon Sep 21 15:13:01 2026<stdout>:7241 KSP Residual norm 3.827583856906e-03
Mon Sep 21 15:13:01 2026<stdout>:7242 KSP Residual norm 3.825203740216e-03
Mon Sep 21 15:13:01 2026<stdout>:7243 KSP Residual norm 3.825157832085e-03
Mon Sep 21 15:13:01 2026<stdout>:7244 KSP Residual norm 3.824397313619e-03
Mon Sep 21 15:13:01 2026<stdout>:7245 KSP Residual norm 3.824393911619e-03
Mon Sep 21 15:13:01 2026<stdout>:7246 KSP Residual norm 3.823726322282e-03
Mon Sep 21 15:13:01 2026<stdout>:7247 KSP Residual norm 3.823662723661e-03
Mon Sep 21 15:13:01 2026<stdout>:7248 KSP Residual norm 3.820868773800e-03
Mon Sep 21 15:13:01 2026<stdout>:7249 KSP Residual norm 3.818269147718e-03
Mon Sep 21 15:13:01 2026<stdout>:7250 KSP Residual norm 3.817979980146e-03
Mon Sep 21 15:13:01 2026<stdout>:7251 KSP Residual norm 3.817367039350e-03
Mon Sep 21 15:13:01 2026<stdout>:7252 KSP Residual norm 3.812480608619e-03
Mon Sep 21 15:13:01 2026<stdout>:7253 KSP Residual norm 3.811658347362e-03
Mon Sep 21 15:13:01 2026<stdout>:7254 KSP Residual norm 3.809137187035e-03
Mon Sep 21 15:13:01 2026<stdout>:7255 KSP Residual norm 3.805413990880e-03
Mon Sep 21 15:13:01 2026<stdout>:7256 KSP Residual norm 3.801498618626e-03
Mon Sep 21 15:13:01 2026<stdout>:7257 KSP Residual norm 3.801478266800e-03
Mon Sep 21 15:13:01 2026<stdout>:7258 KSP Residual norm 3.801200218736e-03
Mon Sep 21 15:13:01 2026<stdout>:7259 KSP Residual norm 3.799972663811e-03
Mon Sep 21 15:13:01 2026<stdout>:7260 KSP Residual norm 3.799477036019e-03
Mon Sep 21 15:13:01 2026<stdout>:7261 KSP Residual norm 3.798855580786e-03
Mon Sep 21 15:13:01 2026<stdout>:7262 KSP Residual norm 3.795208343605e-03
Mon Sep 21 15:13:01 2026<stdout>:7263 KSP Residual norm 3.793595437199e-03
Mon Sep 21 15:13:01 2026<stdout>:7264 KSP Residual norm 3.793388647437e-03
Mon Sep 21 15:13:01 2026<stdout>:7265 KSP Residual norm 3.792405054457e-03
Mon Sep 21 15:13:01 2026<stdout>:7266 KSP Residual norm 3.792383570436e-03
Mon Sep 21 15:13:01 2026<stdout>:7267 KSP Residual norm 3.792079315388e-03
Mon Sep 21 15:13:01 2026<stdout>:7268 KSP Residual norm 3.792076283144e-03
Mon Sep 21 15:13:01 2026<stdout>:7269 KSP Residual norm 3.791616446712e-03
Mon Sep 21 15:13:01 2026<stdout>:7270 KSP Residual norm 3.788327708970e-03
Mon Sep 21 15:13:01 2026<stdout>:7271 KSP Residual norm 3.783562232591e-03
Mon Sep 21 15:13:01 2026<stdout>:7272 KSP Residual norm 3.782905831208e-03
Mon Sep 21 15:13:01 2026<stdout>:7273 KSP Residual norm 3.782826126323e-03
Mon Sep 21 15:13:01 2026<stdout>:7274 KSP Residual norm 3.781866368577e-03
Mon Sep 21 15:13:01 2026<stdout>:7275 KSP Residual norm 3.781194922988e-03
Mon Sep 21 15:13:01 2026<stdout>:7276 KSP Residual norm 3.780244194994e-03
Mon Sep 21 15:13:01 2026<stdout>:7277 KSP Residual norm 3.780208590462e-03
Mon Sep 21 15:13:01 2026<stdout>:7278 KSP Residual norm 3.779705131203e-03
Mon Sep 21 15:13:01 2026<stdout>:7279 KSP Residual norm 3.779561270323e-03
Mon Sep 21 15:13:01 2026<stdout>:7280 KSP Residual norm 3.779318260749e-03
Mon Sep 21 15:13:01 2026<stdout>:7281 KSP Residual norm 3.776801310874e-03
Mon Sep 21 15:13:01 2026<stdout>:7282 KSP Residual norm 3.776430855643e-03
Mon Sep 21 15:13:01 2026<stdout>:7283 KSP Residual norm 3.774414812245e-03
Mon Sep 21 15:13:01 2026<stdout>:7284 KSP Residual norm 3.773637112984e-03
Mon Sep 21 15:13:01 2026<stdout>:7285 KSP Residual norm 3.772753392568e-03
Mon Sep 21 15:13:02 2026<stdout>:7286 KSP Residual norm 3.772657136301e-03
Mon Sep 21 15:13:02 2026<stdout>:7287 KSP Residual norm 3.772422715736e-03
Mon Sep 21 15:13:02 2026<stdout>:7288 KSP Residual norm 3.772420645618e-03
Mon Sep 21 15:13:02 2026<stdout>:7289 KSP Residual norm 3.766333862051e-03
Mon Sep 21 15:13:02 2026<stdout>:7290 KSP Residual norm 3.761926414734e-03
Mon Sep 21 15:13:02 2026<stdout>:7291 KSP Residual norm 3.761009860869e-03
Mon Sep 21 15:13:02 2026<stdout>:7292 KSP Residual norm 3.760409742466e-03
Mon Sep 21 15:13:02 2026<stdout>:7293 KSP Residual norm 3.758447029593e-03
Mon Sep 21 15:13:02 2026<stdout>:7294 KSP Residual norm 3.754980885758e-03
Mon Sep 21 15:13:02 2026<stdout>:7295 KSP Residual norm 3.754706830493e-03
Mon Sep 21 15:13:02 2026<stdout>:7296 KSP Residual norm 3.752912085273e-03
Mon Sep 21 15:13:02 2026<stdout>:7297 KSP Residual norm 3.752897675788e-03
Mon Sep 21 15:13:02 2026<stdout>:7298 KSP Residual norm 3.752894450638e-03
Mon Sep 21 15:13:02 2026<stdout>:7299 KSP Residual norm 3.752710952256e-03
Mon Sep 21 15:13:02 2026<stdout>:7300 KSP Residual norm 3.752442866914e-03
Mon Sep 21 15:13:02 2026<stdout>:7301 KSP Residual norm 3.749719711810e-03
Mon Sep 21 15:13:02 2026<stdout>:7302 KSP Residual norm 3.743891841421e-03
Mon Sep 21 15:13:02 2026<stdout>:7303 KSP Residual norm 3.740810878287e-03
Mon Sep 21 15:13:02 2026<stdout>:7304 KSP Residual norm 3.740335752254e-03
Mon Sep 21 15:13:02 2026<stdout>:7305 KSP Residual norm 3.740329310180e-03
Mon Sep 21 15:13:02 2026<stdout>:7306 KSP Residual norm 3.739702132109e-03
Mon Sep 21 15:13:02 2026<stdout>:7307 KSP Residual norm 3.739697106609e-03
Mon Sep 21 15:13:02 2026<stdout>:7308 KSP Residual norm 3.738031420279e-03
Mon Sep 21 15:13:02 2026<stdout>:7309 KSP Residual norm 3.737790307438e-03
Mon Sep 21 15:13:02 2026<stdout>:7310 KSP Residual norm 3.737294765457e-03
Mon Sep 21 15:13:02 2026<stdout>:7311 KSP Residual norm 3.736872206155e-03
Mon Sep 21 15:13:02 2026<stdout>:7312 KSP Residual norm 3.736833809681e-03
Mon Sep 21 15:13:02 2026<stdout>:7313 KSP Residual norm 3.736650705208e-03
Mon Sep 21 15:13:02 2026<stdout>:7314 KSP Residual norm 3.735586407649e-03
Mon Sep 21 15:13:02 2026<stdout>:7315 KSP Residual norm 3.735396872369e-03
Mon Sep 21 15:13:02 2026<stdout>:7316 KSP Residual norm 3.734942747685e-03
Mon Sep 21 15:13:02 2026<stdout>:7317 KSP Residual norm 3.732515445551e-03
Mon Sep 21 15:13:02 2026<stdout>:7318 KSP Residual norm 3.731783415841e-03
Mon Sep 21 15:13:02 2026<stdout>:7319 KSP Residual norm 3.731746394277e-03
Mon Sep 21 15:13:02 2026<stdout>:7320 KSP Residual norm 3.725906744123e-03
Mon Sep 21 15:13:02 2026<stdout>:7321 KSP Residual norm 3.725699896403e-03
Mon Sep 21 15:13:02 2026<stdout>:7322 KSP Residual norm 3.723853098688e-03
Mon Sep 21 15:13:02 2026<stdout>:7323 KSP Residual norm 3.723839565919e-03
Mon Sep 21 15:13:02 2026<stdout>:7324 KSP Residual norm 3.722539667651e-03
Mon Sep 21 15:13:02 2026<stdout>:7325 KSP Residual norm 3.721948041030e-03
Mon Sep 21 15:13:02 2026<stdout>:7326 KSP Residual norm 3.715986575588e-03
Mon Sep 21 15:13:02 2026<stdout>:7327 KSP Residual norm 3.714754373345e-03
Mon Sep 21 15:13:02 2026<stdout>:7328 KSP Residual norm 3.714751230269e-03
Mon Sep 21 15:13:02 2026<stdout>:7329 KSP Residual norm 3.710973990669e-03
Mon Sep 21 15:13:02 2026<stdout>:7330 KSP Residual norm 3.702323470691e-03
Mon Sep 21 15:13:02 2026<stdout>:7331 KSP Residual norm 3.700462209604e-03
Mon Sep 21 15:13:02 2026<stdout>:7332 KSP Residual norm 3.700377256221e-03
Mon Sep 21 15:13:02 2026<stdout>:7333 KSP Residual norm 3.698950298817e-03
Mon Sep 21 15:13:02 2026<stdout>:7334 KSP Residual norm 3.698231722103e-03
Mon Sep 21 15:13:02 2026<stdout>:7335 KSP Residual norm 3.695853131347e-03
Mon Sep 21 15:13:02 2026<stdout>:7336 KSP Residual norm 3.694063622765e-03
Mon Sep 21 15:13:02 2026<stdout>:7337 KSP Residual norm 3.691642857993e-03
Mon Sep 21 15:13:02 2026<stdout>:7338 KSP Residual norm 3.691497187808e-03
Mon Sep 21 15:13:02 2026<stdout>:7339 KSP Residual norm 3.691177484532e-03
Mon Sep 21 15:13:02 2026<stdout>:7340 KSP Residual norm 3.691072511387e-03
Mon Sep 21 15:13:02 2026<stdout>:7341 KSP Residual norm 3.688181186875e-03
Mon Sep 21 15:13:02 2026<stdout>:7342 KSP Residual norm 3.688181107184e-03
Mon Sep 21 15:13:02 2026<stdout>:7343 KSP Residual norm 3.687618533294e-03
Mon Sep 21 15:13:02 2026<stdout>:7344 KSP Residual norm 3.687285899024e-03
Mon Sep 21 15:13:02 2026<stdout>:7345 KSP Residual norm 3.686900031438e-03
Mon Sep 21 15:13:02 2026<stdout>:7346 KSP Residual norm 3.685657274202e-03
Mon Sep 21 15:13:02 2026<stdout>:7347 KSP Residual norm 3.685393098993e-03
Mon Sep 21 15:13:02 2026<stdout>:7348 KSP Residual norm 3.685317333139e-03
Mon Sep 21 15:13:02 2026<stdout>:7349 KSP Residual norm 3.684825637422e-03
Mon Sep 21 15:13:02 2026<stdout>:7350 KSP Residual norm 4.119595712120e-03
Mon Sep 21 15:13:02 2026<stdout>:7351 KSP Residual norm 4.074018226695e-03
Mon Sep 21 15:13:02 2026<stdout>:7352 KSP Residual norm 3.994409025404e-03
Mon Sep 21 15:13:02 2026<stdout>:7353 KSP Residual norm 3.986115775090e-03
Mon Sep 21 15:13:02 2026<stdout>:7354 KSP Residual norm 3.986083137655e-03
Mon Sep 21 15:13:02 2026<stdout>:7355 KSP Residual norm 3.985011829797e-03
Mon Sep 21 15:13:02 2026<stdout>:7356 KSP Residual norm 3.975270420603e-03
Mon Sep 21 15:13:02 2026<stdout>:7357 KSP Residual norm 3.975252466469e-03
Mon Sep 21 15:13:02 2026<stdout>:7358 KSP Residual norm 3.973826172959e-03
Mon Sep 21 15:13:02 2026<stdout>:7359 KSP Residual norm 3.973824882617e-03
Mon Sep 21 15:13:02 2026<stdout>:7360 KSP Residual norm 3.970612993444e-03
Mon Sep 21 15:13:02 2026<stdout>:7361 KSP Residual norm 3.968300907897e-03
Mon Sep 21 15:13:02 2026<stdout>:7362 KSP Residual norm 3.937852385233e-03
Mon Sep 21 15:13:02 2026<stdout>:7363 KSP Residual norm 3.937852383489e-03
Mon Sep 21 15:13:02 2026<stdout>:7364 KSP Residual norm 3.926799477102e-03
Mon Sep 21 15:13:02 2026<stdout>:7365 KSP Residual norm 3.926798866777e-03
Mon Sep 21 15:13:02 2026<stdout>:7366 KSP Residual norm 3.909084268461e-03
Mon Sep 21 15:13:02 2026<stdout>:7367 KSP Residual norm 3.908891442157e-03
Mon Sep 21 15:13:02 2026<stdout>:7368 KSP Residual norm 3.871069956980e-03
Mon Sep 21 15:13:02 2026<stdout>:7369 KSP Residual norm 3.871001404969e-03
Mon Sep 21 15:13:02 2026<stdout>:7370 KSP Residual norm 3.870998681493e-03
Mon Sep 21 15:13:03 2026<stdout>:7371 KSP Residual norm 3.870990724806e-03
Mon Sep 21 15:13:03 2026<stdout>:7372 KSP Residual norm 3.870780182860e-03
Mon Sep 21 15:13:03 2026<stdout>:7373 KSP Residual norm 3.870698100994e-03
Mon Sep 21 15:13:03 2026<stdout>:7374 KSP Residual norm 3.868407603009e-03
Mon Sep 21 15:13:03 2026<stdout>:7375 KSP Residual norm 3.868398144873e-03
Mon Sep 21 15:13:03 2026<stdout>:7376 KSP Residual norm 3.868394736687e-03
Mon Sep 21 15:13:03 2026<stdout>:7377 KSP Residual norm 3.867985434176e-03
Mon Sep 21 15:13:03 2026<stdout>:7378 KSP Residual norm 3.847234163629e-03
Mon Sep 21 15:13:03 2026<stdout>:7379 KSP Residual norm 3.846852382988e-03
Mon Sep 21 15:13:03 2026<stdout>:7380 KSP Residual norm 3.840792963304e-03
Mon Sep 21 15:13:03 2026<stdout>:7381 KSP Residual norm 3.840770681306e-03
Mon Sep 21 15:13:03 2026<stdout>:7382 KSP Residual norm 3.837116165777e-03
Mon Sep 21 15:13:03 2026<stdout>:7383 KSP Residual norm 3.836964084075e-03
Mon Sep 21 15:13:03 2026<stdout>:7384 KSP Residual norm 3.833126321953e-03
Mon Sep 21 15:13:03 2026<stdout>:7385 KSP Residual norm 3.832966016217e-03
Mon Sep 21 15:13:03 2026<stdout>:7386 KSP Residual norm 3.831452459304e-03
Mon Sep 21 15:13:03 2026<stdout>:7387 KSP Residual norm 3.831360567886e-03
Mon Sep 21 15:13:03 2026<stdout>:7388 KSP Residual norm 3.830017925208e-03
Mon Sep 21 15:13:03 2026<stdout>:7389 KSP Residual norm 3.830011276050e-03
Mon Sep 21 15:13:03 2026<stdout>:7390 KSP Residual norm 3.828227123661e-03
Mon Sep 21 15:13:03 2026<stdout>:7391 KSP Residual norm 3.828179306351e-03
Mon Sep 21 15:13:03 2026<stdout>:7392 KSP Residual norm 3.826275250356e-03
Mon Sep 21 15:13:03 2026<stdout>:7393 KSP Residual norm 3.826198298452e-03
Mon Sep 21 15:13:03 2026<stdout>:7394 KSP Residual norm 3.823375687362e-03
Mon Sep 21 15:13:03 2026<stdout>:7395 KSP Residual norm 3.823204541460e-03
Mon Sep 21 15:13:03 2026<stdout>:7396 KSP Residual norm 3.822746609841e-03
Mon Sep 21 15:13:03 2026<stdout>:7397 KSP Residual norm 3.815733288538e-03
Mon Sep 21 15:13:03 2026<stdout>:7398 KSP Residual norm 3.815504267726e-03
Mon Sep 21 15:13:03 2026<stdout>:7399 KSP Residual norm 3.814483259561e-03
Mon Sep 21 15:13:03 2026<stdout>:7400 KSP Residual norm 3.813317468421e-03
Mon Sep 21 15:13:03 2026<stdout>:7401 KSP Residual norm 3.813311508007e-03
Mon Sep 21 15:13:03 2026<stdout>:7402 KSP Residual norm 3.811923516379e-03
Mon Sep 21 15:13:03 2026<stdout>:7403 KSP Residual norm 3.804548311694e-03
Mon Sep 21 15:13:03 2026<stdout>:7404 KSP Residual norm 3.804399040532e-03
Mon Sep 21 15:13:03 2026<stdout>:7405 KSP Residual norm 3.803641863675e-03
Mon Sep 21 15:13:03 2026<stdout>:7406 KSP Residual norm 3.803582722133e-03
Mon Sep 21 15:13:03 2026<stdout>:7407 KSP Residual norm 3.802582306027e-03
Mon Sep 21 15:13:03 2026<stdout>:7408 KSP Residual norm 3.802465889455e-03
Mon Sep 21 15:13:03 2026<stdout>:7409 KSP Residual norm 3.797588977477e-03
Mon Sep 21 15:13:03 2026<stdout>:7410 KSP Residual norm 3.797437644890e-03
Mon Sep 21 15:13:03 2026<stdout>:7411 KSP Residual norm 3.797437639541e-03
Mon Sep 21 15:13:03 2026<stdout>:7412 KSP Residual norm 3.789648951178e-03
Mon Sep 21 15:13:03 2026<stdout>:7413 KSP Residual norm 3.789156990666e-03
Mon Sep 21 15:13:03 2026<stdout>:7414 KSP Residual norm 3.789106904005e-03
Mon Sep 21 15:13:03 2026<stdout>:7415 KSP Residual norm 3.787895222265e-03
Mon Sep 21 15:13:03 2026<stdout>:7416 KSP Residual norm 3.787835190083e-03
Mon Sep 21 15:13:03 2026<stdout>:7417 KSP Residual norm 3.787240099545e-03
Mon Sep 21 15:13:03 2026<stdout>:7418 KSP Residual norm 3.787202755892e-03
Mon Sep 21 15:13:03 2026<stdout>:7419 KSP Residual norm 3.787184806874e-03
Mon Sep 21 15:13:03 2026<stdout>:7420 KSP Residual norm 3.787032102759e-03
Mon Sep 21 15:13:03 2026<stdout>:7421 KSP Residual norm 3.784611495514e-03
Mon Sep 21 15:13:03 2026<stdout>:7422 KSP Residual norm 3.784404518103e-03
Mon Sep 21 15:13:03 2026<stdout>:7423 KSP Residual norm 3.784096803479e-03
Mon Sep 21 15:13:03 2026<stdout>:7424 KSP Residual norm 3.780011120366e-03
Mon Sep 21 15:13:03 2026<stdout>:7425 KSP Residual norm 3.779997295125e-03
Mon Sep 21 15:13:03 2026<stdout>:7426 KSP Residual norm 3.779741997357e-03
Mon Sep 21 15:13:03 2026<stdout>:7427 KSP Residual norm 3.779741455024e-03
Mon Sep 21 15:13:03 2026<stdout>:7428 KSP Residual norm 3.777081590429e-03
Mon Sep 21 15:13:03 2026<stdout>:7429 KSP Residual norm 3.771484540883e-03
Mon Sep 21 15:13:03 2026<stdout>:7430 KSP Residual norm 3.770000625647e-03
Mon Sep 21 15:13:03 2026<stdout>:7431 KSP Residual norm 3.764255671262e-03
Mon Sep 21 15:13:03 2026<stdout>:7432 KSP Residual norm 3.764247710725e-03
Mon Sep 21 15:13:03 2026<stdout>:7433 KSP Residual norm 3.763887997029e-03
Mon Sep 21 15:13:03 2026<stdout>:7434 KSP Residual norm 3.749509048744e-03
Mon Sep 21 15:13:03 2026<stdout>:7435 KSP Residual norm 3.746495504377e-03
Mon Sep 21 15:13:03 2026<stdout>:7436 KSP Residual norm 3.746389001363e-03
Mon Sep 21 15:13:03 2026<stdout>:7437 KSP Residual norm 3.746236172188e-03
Mon Sep 21 15:13:03 2026<stdout>:7438 KSP Residual norm 3.745060377178e-03
Mon Sep 21 15:13:03 2026<stdout>:7439 KSP Residual norm 3.737260357663e-03
Mon Sep 21 15:13:03 2026<stdout>:7440 KSP Residual norm 3.737250615464e-03
Mon Sep 21 15:13:03 2026<stdout>:7441 KSP Residual norm 3.737164153144e-03
Mon Sep 21 15:13:03 2026<stdout>:7442 KSP Residual norm 3.736982275944e-03
Mon Sep 21 15:13:03 2026<stdout>:7443 KSP Residual norm 3.735508487078e-03
Mon Sep 21 15:13:03 2026<stdout>:7444 KSP Residual norm 3.735252776959e-03
Mon Sep 21 15:13:03 2026<stdout>:7445 KSP Residual norm 3.730733538054e-03
Mon Sep 21 15:13:03 2026<stdout>:7446 KSP Residual norm 3.729754360533e-03
Mon Sep 21 15:13:03 2026<stdout>:7447 KSP Residual norm 3.729602684093e-03
Mon Sep 21 15:13:03 2026<stdout>:7448 KSP Residual norm 3.729230617588e-03
Mon Sep 21 15:13:03 2026<stdout>:7449 KSP Residual norm 3.721982148916e-03
Mon Sep 21 15:13:03 2026<stdout>:7450 KSP Residual norm 3.721980768151e-03
Mon Sep 21 15:13:03 2026<stdout>:7451 KSP Residual norm 3.719671662960e-03
Mon Sep 21 15:13:03 2026<stdout>:7452 KSP Residual norm 3.708528640848e-03
Mon Sep 21 15:13:03 2026<stdout>:7453 KSP Residual norm 3.708415208269e-03
Mon Sep 21 15:13:03 2026<stdout>:7454 KSP Residual norm 3.708309595664e-03
Mon Sep 21 15:13:03 2026<stdout>:7455 KSP Residual norm 3.707746569223e-03
Mon Sep 21 15:13:03 2026<stdout>:7456 KSP Residual norm 3.707630481941e-03
Mon Sep 21 15:13:03 2026<stdout>:7457 KSP Residual norm 3.707391369436e-03
Mon Sep 21 15:13:03 2026<stdout>:7458 KSP Residual norm 3.704137492998e-03
Mon Sep 21 15:13:03 2026<stdout>:7459 KSP Residual norm 3.703719977817e-03
Mon Sep 21 15:13:03 2026<stdout>:7460 KSP Residual norm 3.703508601180e-03
Mon Sep 21 15:13:03 2026<stdout>:7461 KSP Residual norm 3.701979807285e-03
Mon Sep 21 15:13:03 2026<stdout>:7462 KSP Residual norm 3.701873558317e-03
Mon Sep 21 15:13:04 2026<stdout>:7463 KSP Residual norm 3.701818180244e-03
Mon Sep 21 15:13:04 2026<stdout>:7464 KSP Residual norm 3.700729124559e-03
Mon Sep 21 15:13:04 2026<stdout>:7465 KSP Residual norm 3.700520862453e-03
Mon Sep 21 15:13:04 2026<stdout>:7466 KSP Residual norm 3.700520276597e-03
Mon Sep 21 15:13:04 2026<stdout>:7467 KSP Residual norm 3.700356293894e-03
Mon Sep 21 15:13:04 2026<stdout>:7468 KSP Residual norm 3.698992511868e-03
Mon Sep 21 15:13:04 2026<stdout>:7469 KSP Residual norm 3.697088547659e-03
Mon Sep 21 15:13:04 2026<stdout>:7470 KSP Residual norm 3.696700989406e-03
Mon Sep 21 15:13:04 2026<stdout>:7471 KSP Residual norm 3.695290664099e-03
Mon Sep 21 15:13:04 2026<stdout>:7472 KSP Residual norm 3.691739308637e-03
Mon Sep 21 15:13:04 2026<stdout>:7473 KSP Residual norm 3.691560891863e-03
Mon Sep 21 15:13:04 2026<stdout>:7474 KSP Residual norm 3.689293409594e-03
Mon Sep 21 15:13:04 2026<stdout>:7475 KSP Residual norm 3.687930193887e-03
Mon Sep 21 15:13:04 2026<stdout>:7476 KSP Residual norm 3.686776621527e-03
Mon Sep 21 15:13:04 2026<stdout>:7477 KSP Residual norm 3.685341096297e-03
Mon Sep 21 15:13:04 2026<stdout>:7478 KSP Residual norm 3.684004075899e-03
Mon Sep 21 15:13:04 2026<stdout>:7479 KSP Residual norm 3.683989360993e-03
Mon Sep 21 15:13:04 2026<stdout>:7480 KSP Residual norm 3.683060193113e-03
Mon Sep 21 15:13:04 2026<stdout>:7481 KSP Residual norm 3.683017861743e-03
Mon Sep 21 15:13:04 2026<stdout>:7482 KSP Residual norm 3.679784566607e-03
Mon Sep 21 15:13:04 2026<stdout>:7483 KSP Residual norm 3.679545682586e-03
Mon Sep 21 15:13:04 2026<stdout>:7484 KSP Residual norm 3.679530883627e-03
Mon Sep 21 15:13:04 2026<stdout>:7485 KSP Residual norm 3.679215345104e-03
Mon Sep 21 15:13:04 2026<stdout>:7486 KSP Residual norm 3.678293714100e-03
Mon Sep 21 15:13:04 2026<stdout>:7487 KSP Residual norm 3.678016913769e-03
Mon Sep 21 15:13:04 2026<stdout>:7488 KSP Residual norm 3.677924776968e-03
Mon Sep 21 15:13:04 2026<stdout>:7489 KSP Residual norm 3.677264406236e-03
Mon Sep 21 15:13:04 2026<stdout>:7490 KSP Residual norm 3.676474972749e-03
Mon Sep 21 15:13:04 2026<stdout>:7491 KSP Residual norm 3.676267569837e-03
Mon Sep 21 15:13:04 2026<stdout>:7492 KSP Residual norm 3.676258327980e-03
Mon Sep 21 15:13:04 2026<stdout>:7493 KSP Residual norm 3.676244320296e-03
Mon Sep 21 15:13:04 2026<stdout>:7494 KSP Residual norm 3.675598208641e-03
Mon Sep 21 15:13:04 2026<stdout>:7495 KSP Residual norm 3.675597932109e-03
Mon Sep 21 15:13:04 2026<stdout>:7496 KSP Residual norm 3.673868819783e-03
Mon Sep 21 15:13:04 2026<stdout>:7497 KSP Residual norm 3.672746845838e-03
Mon Sep 21 15:13:04 2026<stdout>:7498 KSP Residual norm 3.671642971962e-03
Mon Sep 21 15:13:04 2026<stdout>:7499 KSP Residual norm 3.669512507795e-03
Mon Sep 21 15:13:04 2026<stdout>:7500 KSP Residual norm 4.158918435938e-03
Mon Sep 21 15:13:04 2026<stdout>:7501 KSP Residual norm 4.070668442018e-03
Mon Sep 21 15:13:04 2026<stdout>:7502 KSP Residual norm 4.064951548895e-03
Mon Sep 21 15:13:04 2026<stdout>:7503 KSP Residual norm 4.063819410621e-03
Mon Sep 21 15:13:04 2026<stdout>:7504 KSP Residual norm 4.060187040000e-03
Mon Sep 21 15:13:04 2026<stdout>:7505 KSP Residual norm 4.060180212722e-03
Mon Sep 21 15:13:04 2026<stdout>:7506 KSP Residual norm 4.052688790133e-03
Mon Sep 21 15:13:04 2026<stdout>:7507 KSP Residual norm 4.052060459870e-03
Mon Sep 21 15:13:04 2026<stdout>:7508 KSP Residual norm 4.051249207491e-03
Mon Sep 21 15:13:04 2026<stdout>:7509 KSP Residual norm 4.051128115058e-03
Mon Sep 21 15:13:04 2026<stdout>:7510 KSP Residual norm 4.048796946814e-03
Mon Sep 21 15:13:04 2026<stdout>:7511 KSP Residual norm 4.048758420376e-03
Mon Sep 21 15:13:04 2026<stdout>:7512 KSP Residual norm 4.048663287301e-03
Mon Sep 21 15:13:04 2026<stdout>:7513 KSP Residual norm 4.048304030501e-03
Mon Sep 21 15:13:04 2026<stdout>:7514 KSP Residual norm 4.045499407767e-03
Mon Sep 21 15:13:04 2026<stdout>:7515 KSP Residual norm 4.044789431919e-03
Mon Sep 21 15:13:04 2026<stdout>:7516 KSP Residual norm 4.044718920204e-03
Mon Sep 21 15:13:04 2026<stdout>:7517 KSP Residual norm 4.044554289728e-03
Mon Sep 21 15:13:04 2026<stdout>:7518 KSP Residual norm 4.031842045997e-03
Mon Sep 21 15:13:04 2026<stdout>:7519 KSP Residual norm 4.031452981480e-03
Mon Sep 21 15:13:04 2026<stdout>:7520 KSP Residual norm 4.031221133674e-03
Mon Sep 21 15:13:04 2026<stdout>:7521 KSP Residual norm 4.031126747062e-03
Mon Sep 21 15:13:04 2026<stdout>:7522 KSP Residual norm 4.017597638504e-03
Mon Sep 21 15:13:04 2026<stdout>:7523 KSP Residual norm 4.017584958791e-03
Mon Sep 21 15:13:04 2026<stdout>:7524 KSP Residual norm 4.010178967889e-03
Mon Sep 21 15:13:04 2026<stdout>:7525 KSP Residual norm 4.009998810985e-03
Mon Sep 21 15:13:04 2026<stdout>:7526 KSP Residual norm 4.009686610341e-03
Mon Sep 21 15:13:04 2026<stdout>:7527 KSP Residual norm 4.009686123093e-03
Mon Sep 21 15:13:04 2026<stdout>:7528 KSP Residual norm 4.007449612854e-03
Mon Sep 21 15:13:04 2026<stdout>:7529 KSP Residual norm 4.007321158808e-03
Mon Sep 21 15:13:04 2026<stdout>:7530 KSP Residual norm 4.001727245482e-03
Mon Sep 21 15:13:04 2026<stdout>:7531 KSP Residual norm 4.001656317534e-03
Mon Sep 21 15:13:04 2026<stdout>:7532 KSP Residual norm 3.992304659446e-03
Mon Sep 21 15:13:04 2026<stdout>:7533 KSP Residual norm 3.992278329299e-03
Mon Sep 21 15:13:04 2026<stdout>:7534 KSP Residual norm 3.990686218600e-03
Mon Sep 21 15:13:04 2026<stdout>:7535 KSP Residual norm 3.990672000853e-03
Mon Sep 21 15:13:04 2026<stdout>:7536 KSP Residual norm 3.990192498017e-03
Mon Sep 21 15:13:04 2026<stdout>:7537 KSP Residual norm 3.990176097988e-03
Mon Sep 21 15:13:04 2026<stdout>:7538 KSP Residual norm 3.989042493840e-03
Mon Sep 21 15:13:04 2026<stdout>:7539 KSP Residual norm 3.989042424920e-03
Mon Sep 21 15:13:04 2026<stdout>:7540 KSP Residual norm 3.987954287878e-03
Mon Sep 21 15:13:04 2026<stdout>:7541 KSP Residual norm 3.987951903743e-03
Mon Sep 21 15:13:04 2026<stdout>:7542 KSP Residual norm 3.984726950647e-03
Mon Sep 21 15:13:04 2026<stdout>:7543 KSP Residual norm 3.984726790015e-03
Mon Sep 21 15:13:04 2026<stdout>:7544 KSP Residual norm 3.982276031000e-03
Mon Sep 21 15:13:04 2026<stdout>:7545 KSP Residual norm 3.982062059549e-03
Mon Sep 21 15:13:04 2026<stdout>:7546 KSP Residual norm 3.982053544614e-03
Mon Sep 21 15:13:04 2026<stdout>:7547 KSP Residual norm 3.982048775279e-03
Mon Sep 21 15:13:04 2026<stdout>:7548 KSP Residual norm 3.975255192887e-03
Mon Sep 21 15:13:04 2026<stdout>:7549 KSP Residual norm 3.975242706551e-03
Mon Sep 21 15:13:04 2026<stdout>:7550 KSP Residual norm 3.973717218205e-03
Mon Sep 21 15:13:04 2026<stdout>:7551 KSP Residual norm 3.973691342909e-03
Mon Sep 21 15:13:04 2026<stdout>:7552 KSP Residual norm 3.973416918218e-03
Mon Sep 21 15:13:04 2026<stdout>:7553 KSP Residual norm 3.973109354525e-03
Mon Sep 21 15:13:04 2026<stdout>:7554 KSP Residual norm 3.971157230898e-03
Mon Sep 21 15:13:05 2026<stdout>:7555 KSP Residual norm 3.963424905255e-03
Mon Sep 21 15:13:05 2026<stdout>:7556 KSP Residual norm 3.959754593234e-03
Mon Sep 21 15:13:05 2026<stdout>:7557 KSP Residual norm 3.959739923735e-03
Mon Sep 21 15:13:05 2026<stdout>:7558 KSP Residual norm 3.957835735311e-03
Mon Sep 21 15:13:05 2026<stdout>:7559 KSP Residual norm 3.955450350040e-03
Mon Sep 21 15:13:05 2026<stdout>:7560 KSP Residual norm 3.951521628934e-03
Mon Sep 21 15:13:05 2026<stdout>:7561 KSP Residual norm 3.950420763017e-03
Mon Sep 21 15:13:05 2026<stdout>:7562 KSP Residual norm 3.948167036475e-03
Mon Sep 21 15:13:05 2026<stdout>:7563 KSP Residual norm 3.947567060765e-03
Mon Sep 21 15:13:05 2026<stdout>:7564 KSP Residual norm 3.947161762995e-03
Mon Sep 21 15:13:05 2026<stdout>:7565 KSP Residual norm 3.945965752493e-03
Mon Sep 21 15:13:05 2026<stdout>:7566 KSP Residual norm 3.942337286191e-03
Mon Sep 21 15:13:05 2026<stdout>:7567 KSP Residual norm 3.940077700797e-03
Mon Sep 21 15:13:05 2026<stdout>:7568 KSP Residual norm 3.940076691513e-03
Mon Sep 21 15:13:05 2026<stdout>:7569 KSP Residual norm 3.939915005450e-03
Mon Sep 21 15:13:05 2026<stdout>:7570 KSP Residual norm 3.939320190455e-03
Mon Sep 21 15:13:05 2026<stdout>:7571 KSP Residual norm 3.939284123433e-03
Mon Sep 21 15:13:05 2026<stdout>:7572 KSP Residual norm 3.938800611386e-03
Mon Sep 21 15:13:05 2026<stdout>:7573 KSP Residual norm 3.936399114572e-03
Mon Sep 21 15:13:05 2026<stdout>:7574 KSP Residual norm 3.936143964276e-03
Mon Sep 21 15:13:05 2026<stdout>:7575 KSP Residual norm 3.936107455132e-03
Mon Sep 21 15:13:05 2026<stdout>:7576 KSP Residual norm 3.930174237086e-03
Mon Sep 21 15:13:05 2026<stdout>:7577 KSP Residual norm 3.927979309803e-03
Mon Sep 21 15:13:05 2026<stdout>:7578 KSP Residual norm 3.927975211497e-03
Mon Sep 21 15:13:05 2026<stdout>:7579 KSP Residual norm 3.927836197704e-03
Mon Sep 21 15:13:05 2026<stdout>:7580 KSP Residual norm 3.927747394328e-03
Mon Sep 21 15:13:05 2026<stdout>:7581 KSP Residual norm 3.927726917627e-03
Mon Sep 21 15:13:05 2026<stdout>:7582 KSP Residual norm 3.924687999150e-03
Mon Sep 21 15:13:05 2026<stdout>:7583 KSP Residual norm 3.923241400906e-03
Mon Sep 21 15:13:05 2026<stdout>:7584 KSP Residual norm 3.922834423181e-03
Mon Sep 21 15:13:05 2026<stdout>:7585 KSP Residual norm 3.918687953573e-03
Mon Sep 21 15:13:05 2026<stdout>:7586 KSP Residual norm 3.918494162350e-03
Mon Sep 21 15:13:05 2026<stdout>:7587 KSP Residual norm 3.917639460064e-03
Mon Sep 21 15:13:05 2026<stdout>:7588 KSP Residual norm 3.917420509437e-03
Mon Sep 21 15:13:05 2026<stdout>:7589 KSP Residual norm 3.904868717148e-03
Mon Sep 21 15:13:05 2026<stdout>:7590 KSP Residual norm 3.904100251929e-03
Mon Sep 21 15:13:05 2026<stdout>:7591 KSP Residual norm 3.902822360290e-03
Mon Sep 21 15:13:05 2026<stdout>:7592 KSP Residual norm 3.897594094281e-03
Mon Sep 21 15:13:05 2026<stdout>:7593 KSP Residual norm 3.894630729977e-03
Mon Sep 21 15:13:05 2026<stdout>:7594 KSP Residual norm 3.869797642121e-03
Mon Sep 21 15:13:05 2026<stdout>:7595 KSP Residual norm 3.855725272753e-03
Mon Sep 21 15:13:05 2026<stdout>:7596 KSP Residual norm 3.848706139522e-03
Mon Sep 21 15:13:05 2026<stdout>:7597 KSP Residual norm 3.848685120881e-03
Mon Sep 21 15:13:05 2026<stdout>:7598 KSP Residual norm 3.847666125088e-03
Mon Sep 21 15:13:05 2026<stdout>:7599 KSP Residual norm 3.842755340073e-03
Mon Sep 21 15:13:05 2026<stdout>:7600 KSP Residual norm 3.823030027856e-03
Mon Sep 21 15:13:05 2026<stdout>:7601 KSP Residual norm 3.821398026383e-03
Mon Sep 21 15:13:05 2026<stdout>:7602 KSP Residual norm 3.821311176485e-03
Mon Sep 21 15:13:05 2026<stdout>:7603 KSP Residual norm 3.821247817041e-03
Mon Sep 21 15:13:05 2026<stdout>:7604 KSP Residual norm 3.821247808069e-03
Mon Sep 21 15:13:05 2026<stdout>:7605 KSP Residual norm 3.820915918074e-03
Mon Sep 21 15:13:05 2026<stdout>:7606 KSP Residual norm 3.819743361203e-03
Mon Sep 21 15:13:05 2026<stdout>:7607 KSP Residual norm 3.819366497311e-03
Mon Sep 21 15:13:05 2026<stdout>:7608 KSP Residual norm 3.818533311760e-03
Mon Sep 21 15:13:05 2026<stdout>:7609 KSP Residual norm 3.817696155913e-03
Mon Sep 21 15:13:05 2026<stdout>:7610 KSP Residual norm 3.792105743118e-03
Mon Sep 21 15:13:05 2026<stdout>:7611 KSP Residual norm 3.771161354366e-03
Mon Sep 21 15:13:05 2026<stdout>:7612 KSP Residual norm 3.768519451726e-03
Mon Sep 21 15:13:05 2026<stdout>:7613 KSP Residual norm 3.766871818032e-03
Mon Sep 21 15:13:05 2026<stdout>:7614 KSP Residual norm 3.763031524493e-03
Mon Sep 21 15:13:05 2026<stdout>:7615 KSP Residual norm 3.762990849726e-03
Mon Sep 21 15:13:05 2026<stdout>:7616 KSP Residual norm 3.762563983002e-03
Mon Sep 21 15:13:05 2026<stdout>:7617 KSP Residual norm 3.761938522169e-03
Mon Sep 21 15:13:05 2026<stdout>:7618 KSP Residual norm 3.760193134339e-03
Mon Sep 21 15:13:05 2026<stdout>:7619 KSP Residual norm 3.758243986941e-03
Mon Sep 21 15:13:05 2026<stdout>:7620 KSP Residual norm 3.757864550582e-03
Mon Sep 21 15:13:05 2026<stdout>:7621 KSP Residual norm 3.756567800033e-03
Mon Sep 21 15:13:05 2026<stdout>:7622 KSP Residual norm 3.756567790636e-03
Mon Sep 21 15:13:05 2026<stdout>:7623 KSP Residual norm 3.752798585848e-03
Mon Sep 21 15:13:05 2026<stdout>:7624 KSP Residual norm 3.752031286800e-03
Mon Sep 21 15:13:05 2026<stdout>:7625 KSP Residual norm 3.747538439515e-03
Mon Sep 21 15:13:05 2026<stdout>:7626 KSP Residual norm 3.747321252208e-03
Mon Sep 21 15:13:05 2026<stdout>:7627 KSP Residual norm 3.745473408181e-03
Mon Sep 21 15:13:05 2026<stdout>:7628 KSP Residual norm 3.742816193268e-03
Mon Sep 21 15:13:05 2026<stdout>:7629 KSP Residual norm 3.740703804787e-03
Mon Sep 21 15:13:05 2026<stdout>:7630 KSP Residual norm 3.740177673826e-03
Mon Sep 21 15:13:05 2026<stdout>:7631 KSP Residual norm 3.725361391543e-03
Mon Sep 21 15:13:05 2026<stdout>:7632 KSP Residual norm 3.725153559012e-03
Mon Sep 21 15:13:05 2026<stdout>:7633 KSP Residual norm 3.723763448804e-03
Mon Sep 21 15:13:05 2026<stdout>:7634 KSP Residual norm 3.720900189071e-03
Mon Sep 21 15:13:05 2026<stdout>:7635 KSP Residual norm 3.719840765447e-03
Mon Sep 21 15:13:05 2026<stdout>:7636 KSP Residual norm 3.717541565082e-03
Mon Sep 21 15:13:06 2026<stdout>:7637 KSP Residual norm 3.717145351526e-03
Mon Sep 21 15:13:06 2026<stdout>:7638 KSP Residual norm 3.716302520192e-03
Mon Sep 21 15:13:06 2026<stdout>:7639 KSP Residual norm 3.715788236094e-03
Mon Sep 21 15:13:06 2026<stdout>:7640 KSP Residual norm 3.711995585105e-03
Mon Sep 21 15:13:06 2026<stdout>:7641 KSP Residual norm 3.711893071830e-03
Mon Sep 21 15:13:06 2026<stdout>:7642 KSP Residual norm 3.711742635601e-03
Mon Sep 21 15:13:06 2026<stdout>:7643 KSP Residual norm 3.711304686574e-03
Mon Sep 21 15:13:06 2026<stdout>:7644 KSP Residual norm 3.707480170691e-03
Mon Sep 21 15:13:06 2026<stdout>:7645 KSP Residual norm 3.705364497537e-03
Mon Sep 21 15:13:06 2026<stdout>:7646 KSP Residual norm 3.704602065292e-03
Mon Sep 21 15:13:06 2026<stdout>:7647 KSP Residual norm 3.696448544221e-03
Mon Sep 21 15:13:06 2026<stdout>:7648 KSP Residual norm 3.695394263765e-03
Mon Sep 21 15:13:06 2026<stdout>:7649 KSP Residual norm 3.694984817059e-03
Mon Sep 21 15:13:06 2026<stdout>:7650 KSP Residual norm 4.234925530020e-03
Mon Sep 21 15:13:06 2026<stdout>:7651 KSP Residual norm 4.174302602719e-03
Mon Sep 21 15:13:06 2026<stdout>:7652 KSP Residual norm 4.144852689958e-03
Mon Sep 21 15:13:06 2026<stdout>:7653 KSP Residual norm 4.142471080123e-03
Mon Sep 21 15:13:06 2026<stdout>:7654 KSP Residual norm 4.089394678605e-03
Mon Sep 21 15:13:06 2026<stdout>:7655 KSP Residual norm 4.083688866828e-03
Mon Sep 21 15:13:06 2026<stdout>:7656 KSP Residual norm 4.082053440170e-03
Mon Sep 21 15:13:06 2026<stdout>:7657 KSP Residual norm 4.081578187242e-03
Mon Sep 21 15:13:06 2026<stdout>:7658 KSP Residual norm 4.044066455569e-03
Mon Sep 21 15:13:06 2026<stdout>:7659 KSP Residual norm 4.040827269496e-03
Mon Sep 21 15:13:06 2026<stdout>:7660 KSP Residual norm 4.017988230307e-03
Mon Sep 21 15:13:06 2026<stdout>:7661 KSP Residual norm 4.017935251595e-03
Mon Sep 21 15:13:06 2026<stdout>:7662 KSP Residual norm 4.014791416758e-03
Mon Sep 21 15:13:06 2026<stdout>:7663 KSP Residual norm 4.014789836981e-03
Mon Sep 21 15:13:06 2026<stdout>:7664 KSP Residual norm 3.990071149281e-03
Mon Sep 21 15:13:06 2026<stdout>:7665 KSP Residual norm 3.989980192480e-03
Mon Sep 21 15:13:06 2026<stdout>:7666 KSP Residual norm 3.985305795718e-03
Mon Sep 21 15:13:06 2026<stdout>:7667 KSP Residual norm 3.985263859233e-03
Mon Sep 21 15:13:06 2026<stdout>:7668 KSP Residual norm 3.984567730885e-03
Mon Sep 21 15:13:06 2026<stdout>:7669 KSP Residual norm 3.984565175597e-03
Mon Sep 21 15:13:06 2026<stdout>:7670 KSP Residual norm 3.968818864238e-03
Mon Sep 21 15:13:06 2026<stdout>:7671 KSP Residual norm 3.968698624081e-03
Mon Sep 21 15:13:06 2026<stdout>:7672 KSP Residual norm 3.946191461404e-03
Mon Sep 21 15:13:06 2026<stdout>:7673 KSP Residual norm 3.946143981016e-03
Mon Sep 21 15:13:06 2026<stdout>:7674 KSP Residual norm 3.946141526485e-03
Mon Sep 21 15:13:06 2026<stdout>:7675 KSP Residual norm 3.946086963938e-03
Mon Sep 21 15:13:06 2026<stdout>:7676 KSP Residual norm 3.945609543732e-03
Mon Sep 21 15:13:06 2026<stdout>:7677 KSP Residual norm 3.945603156523e-03
Mon Sep 21 15:13:06 2026<stdout>:7678 KSP Residual norm 3.942178495678e-03
Mon Sep 21 15:13:06 2026<stdout>:7679 KSP Residual norm 3.942047217901e-03
Mon Sep 21 15:13:06 2026<stdout>:7680 KSP Residual norm 3.937975425764e-03
Mon Sep 21 15:13:06 2026<stdout>:7681 KSP Residual norm 3.937714103840e-03
Mon Sep 21 15:13:06 2026<stdout>:7682 KSP Residual norm 3.934533472847e-03
Mon Sep 21 15:13:06 2026<stdout>:7683 KSP Residual norm 3.934473918941e-03
Mon Sep 21 15:13:06 2026<stdout>:7684 KSP Residual norm 3.934301689785e-03
Mon Sep 21 15:13:06 2026<stdout>:7685 KSP Residual norm 3.934278067053e-03
Mon Sep 21 15:13:06 2026<stdout>:7686 KSP Residual norm 3.934120053108e-03
Mon Sep 21 15:13:06 2026<stdout>:7687 KSP Residual norm 3.934103072116e-03
Mon Sep 21 15:13:06 2026<stdout>:7688 KSP Residual norm 3.923891844888e-03
Mon Sep 21 15:13:06 2026<stdout>:7689 KSP Residual norm 3.923794537424e-03
Mon Sep 21 15:13:06 2026<stdout>:7690 KSP Residual norm 3.923794533790e-03
Mon Sep 21 15:13:06 2026<stdout>:7691 KSP Residual norm 3.923755249295e-03
Mon Sep 21 15:13:06 2026<stdout>:7692 KSP Residual norm 3.923745223795e-03
Mon Sep 21 15:13:06 2026<stdout>:7693 KSP Residual norm 3.923737897742e-03
Mon Sep 21 15:13:06 2026<stdout>:7694 KSP Residual norm 3.922362492007e-03
Mon Sep 21 15:13:06 2026<stdout>:7695 KSP Residual norm 3.922252948273e-03
Mon Sep 21 15:13:06 2026<stdout>:7696 KSP Residual norm 3.922186016978e-03
Mon Sep 21 15:13:06 2026<stdout>:7697 KSP Residual norm 3.922184700736e-03
Mon Sep 21 15:13:06 2026<stdout>:7698 KSP Residual norm 3.922165889831e-03
Mon Sep 21 15:13:06 2026<stdout>:7699 KSP Residual norm 3.915412573183e-03
Mon Sep 21 15:13:06 2026<stdout>:7700 KSP Residual norm 3.915350406057e-03
Mon Sep 21 15:13:06 2026<stdout>:7701 KSP Residual norm 3.914760928726e-03
Mon Sep 21 15:13:06 2026<stdout>:7702 KSP Residual norm 3.914030598339e-03
Mon Sep 21 15:13:06 2026<stdout>:7703 KSP Residual norm 3.914011728662e-03
Mon Sep 21 15:13:06 2026<stdout>:7704 KSP Residual norm 3.913666058697e-03
Mon Sep 21 15:13:06 2026<stdout>:7705 KSP Residual norm 3.913563760369e-03
Mon Sep 21 15:13:06 2026<stdout>:7706 KSP Residual norm 3.913532677786e-03
Mon Sep 21 15:13:06 2026<stdout>:7707 KSP Residual norm 3.913528984720e-03
Mon Sep 21 15:13:06 2026<stdout>:7708 KSP Residual norm 3.913476067335e-03
Mon Sep 21 15:13:06 2026<stdout>:7709 KSP Residual norm 3.912554133231e-03
Mon Sep 21 15:13:06 2026<stdout>:7710 KSP Residual norm 3.911817339709e-03
Mon Sep 21 15:13:06 2026<stdout>:7711 KSP Residual norm 3.911272751443e-03
Mon Sep 21 15:13:06 2026<stdout>:7712 KSP Residual norm 3.910820770581e-03
Mon Sep 21 15:13:06 2026<stdout>:7713 KSP Residual norm 3.906090574372e-03
Mon Sep 21 15:13:06 2026<stdout>:7714 KSP Residual norm 3.906088638351e-03
Mon Sep 21 15:13:06 2026<stdout>:7715 KSP Residual norm 3.905505598121e-03
Mon Sep 21 15:13:06 2026<stdout>:7716 KSP Residual norm 3.904147770638e-03
Mon Sep 21 15:13:06 2026<stdout>:7717 KSP Residual norm 3.901120430486e-03
Mon Sep 21 15:13:06 2026<stdout>:7718 KSP Residual norm 3.900409613925e-03
Mon Sep 21 15:13:06 2026<stdout>:7719 KSP Residual norm 3.900250187088e-03
Mon Sep 21 15:13:06 2026<stdout>:7720 KSP Residual norm 3.900188031636e-03
Mon Sep 21 15:13:06 2026<stdout>:7721 KSP Residual norm 3.897706974099e-03
Mon Sep 21 15:13:06 2026<stdout>:7722 KSP Residual norm 3.897484778196e-03
Mon Sep 21 15:13:06 2026<stdout>:7723 KSP Residual norm 3.897271787846e-03
Mon Sep 21 15:13:06 2026<stdout>:7724 KSP Residual norm 3.897116396754e-03
Mon Sep 21 15:13:06 2026<stdout>:7725 KSP Residual norm 3.897050488662e-03
Mon Sep 21 15:13:06 2026<stdout>:7726 KSP Residual norm 3.897044167704e-03
Mon Sep 21 15:13:06 2026<stdout>:7727 KSP Residual norm 3.897017162762e-03
Mon Sep 21 15:13:06 2026<stdout>:7728 KSP Residual norm 3.896954874279e-03
Mon Sep 21 15:13:06 2026<stdout>:7729 KSP Residual norm 3.896883064267e-03
Mon Sep 21 15:13:06 2026<stdout>:7730 KSP Residual norm 3.894413889808e-03
Mon Sep 21 15:13:06 2026<stdout>:7731 KSP Residual norm 3.894357801293e-03
Mon Sep 21 15:13:06 2026<stdout>:7732 KSP Residual norm 3.893223267478e-03
Mon Sep 21 15:13:06 2026<stdout>:7733 KSP Residual norm 3.891883924282e-03
Mon Sep 21 15:13:07 2026<stdout>:7734 KSP Residual norm 3.890330995512e-03
Mon Sep 21 15:13:07 2026<stdout>:7735 KSP Residual norm 3.888517030448e-03
Mon Sep 21 15:13:07 2026<stdout>:7736 KSP Residual norm 3.886848370383e-03
Mon Sep 21 15:13:07 2026<stdout>:7737 KSP Residual norm 3.886727547637e-03
Mon Sep 21 15:13:07 2026<stdout>:7738 KSP Residual norm 3.885797865004e-03
Mon Sep 21 15:13:07 2026<stdout>:7739 KSP Residual norm 3.885643435881e-03
Mon Sep 21 15:13:07 2026<stdout>:7740 KSP Residual norm 3.881948743259e-03
Mon Sep 21 15:13:07 2026<stdout>:7741 KSP Residual norm 3.881580477465e-03
Mon Sep 21 15:13:07 2026<stdout>:7742 KSP Residual norm 3.881229465303e-03
Mon Sep 21 15:13:07 2026<stdout>:7743 KSP Residual norm 3.881229272727e-03
Mon Sep 21 15:13:07 2026<stdout>:7744 KSP Residual norm 3.880132999696e-03
Mon Sep 21 15:13:07 2026<stdout>:7745 KSP Residual norm 3.878920041053e-03
Mon Sep 21 15:13:07 2026<stdout>:7746 KSP Residual norm 3.878776859706e-03
Mon Sep 21 15:13:07 2026<stdout>:7747 KSP Residual norm 3.878657810428e-03
Mon Sep 21 15:13:07 2026<stdout>:7748 KSP Residual norm 3.878481647670e-03
Mon Sep 21 15:13:07 2026<stdout>:7749 KSP Residual norm 3.878403349852e-03
Mon Sep 21 15:13:07 2026<stdout>:7750 KSP Residual norm 3.874911815240e-03
Mon Sep 21 15:13:07 2026<stdout>:7751 KSP Residual norm 3.874713332558e-03
Mon Sep 21 15:13:07 2026<stdout>:7752 KSP Residual norm 3.873827444322e-03
Mon Sep 21 15:13:07 2026<stdout>:7753 KSP Residual norm 3.872704013673e-03
Mon Sep 21 15:13:07 2026<stdout>:7754 KSP Residual norm 3.870811578725e-03
Mon Sep 21 15:13:07 2026<stdout>:7755 KSP Residual norm 3.865784476767e-03
Mon Sep 21 15:13:07 2026<stdout>:7756 KSP Residual norm 3.865387730814e-03
Mon Sep 21 15:13:07 2026<stdout>:7757 KSP Residual norm 3.864843679788e-03
Mon Sep 21 15:13:07 2026<stdout>:7758 KSP Residual norm 3.864348108696e-03
Mon Sep 21 15:13:07 2026<stdout>:7759 KSP Residual norm 3.864347127442e-03
Mon Sep 21 15:13:07 2026<stdout>:7760 KSP Residual norm 3.863750305670e-03
Mon Sep 21 15:13:07 2026<stdout>:7761 KSP Residual norm 3.860749846166e-03
Mon Sep 21 15:13:07 2026<stdout>:7762 KSP Residual norm 3.859536519609e-03
Mon Sep 21 15:13:07 2026<stdout>:7763 KSP Residual norm 3.852000710690e-03
Mon Sep 21 15:13:07 2026<stdout>:7764 KSP Residual norm 3.846306508899e-03
Mon Sep 21 15:13:07 2026<stdout>:7765 KSP Residual norm 3.841688856465e-03
Mon Sep 21 15:13:07 2026<stdout>:7766 KSP Residual norm 3.841342551539e-03
Mon Sep 21 15:13:07 2026<stdout>:7767 KSP Residual norm 3.840867269112e-03
Mon Sep 21 15:13:07 2026<stdout>:7768 KSP Residual norm 3.840865102208e-03
Mon Sep 21 15:13:07 2026<stdout>:7769 KSP Residual norm 3.838886990078e-03
Mon Sep 21 15:13:07 2026<stdout>:7770 KSP Residual norm 3.838181411834e-03
Mon Sep 21 15:13:07 2026<stdout>:7771 KSP Residual norm 3.833980041486e-03
Mon Sep 21 15:13:07 2026<stdout>:7772 KSP Residual norm 3.826332057639e-03
Mon Sep 21 15:13:07 2026<stdout>:7773 KSP Residual norm 3.826316413433e-03
Mon Sep 21 15:13:07 2026<stdout>:7774 KSP Residual norm 3.820626158059e-03
Mon Sep 21 15:13:07 2026<stdout>:7775 KSP Residual norm 3.819975449789e-03
Mon Sep 21 15:13:07 2026<stdout>:7776 KSP Residual norm 3.819597130715e-03
Mon Sep 21 15:13:07 2026<stdout>:7777 KSP Residual norm 3.819526714682e-03
Mon Sep 21 15:13:07 2026<stdout>:7778 KSP Residual norm 3.819526434809e-03
Mon Sep 21 15:13:07 2026<stdout>:7779 KSP Residual norm 3.819405876383e-03
Mon Sep 21 15:13:07 2026<stdout>:7780 KSP Residual norm 3.819369010787e-03
Mon Sep 21 15:13:07 2026<stdout>:7781 KSP Residual norm 3.815923627076e-03
Mon Sep 21 15:13:07 2026<stdout>:7782 KSP Residual norm 3.813226338773e-03
Mon Sep 21 15:13:07 2026<stdout>:7783 KSP Residual norm 3.810357228112e-03
Mon Sep 21 15:13:07 2026<stdout>:7784 KSP Residual norm 3.809211323959e-03
Mon Sep 21 15:13:07 2026<stdout>:7785 KSP Residual norm 3.809022142541e-03
Mon Sep 21 15:13:07 2026<stdout>:7786 KSP Residual norm 3.808860627235e-03
Mon Sep 21 15:13:07 2026<stdout>:7787 KSP Residual norm 3.804378886407e-03
Mon Sep 21 15:13:07 2026<stdout>:7788 KSP Residual norm 3.804378873089e-03
Mon Sep 21 15:13:07 2026<stdout>:7789 KSP Residual norm 3.804354434547e-03
Mon Sep 21 15:13:07 2026<stdout>:7790 KSP Residual norm 3.803848880245e-03
Mon Sep 21 15:13:07 2026<stdout>:7791 KSP Residual norm 3.803584931209e-03
Mon Sep 21 15:13:07 2026<stdout>:7792 KSP Residual norm 3.802769623653e-03
Mon Sep 21 15:13:07 2026<stdout>:7793 KSP Residual norm 3.801746563058e-03
Mon Sep 21 15:13:07 2026<stdout>:7794 KSP Residual norm 3.797738465247e-03
Mon Sep 21 15:13:07 2026<stdout>:7795 KSP Residual norm 3.797555976331e-03
Mon Sep 21 15:13:07 2026<stdout>:7796 KSP Residual norm 3.796846352524e-03
Mon Sep 21 15:13:07 2026<stdout>:7797 KSP Residual norm 3.796825124190e-03
Mon Sep 21 15:13:07 2026<stdout>:7798 KSP Residual norm 3.796285472423e-03
Mon Sep 21 15:13:07 2026<stdout>:7799 KSP Residual norm 3.795984706206e-03
Mon Sep 21 15:13:07 2026<stdout>:7800 KSP Residual norm 4.212998553151e-03
Mon Sep 21 15:13:07 2026<stdout>:7801 KSP Residual norm 4.128361637596e-03
Mon Sep 21 15:13:07 2026<stdout>:7802 KSP Residual norm 4.017586806012e-03
Mon Sep 21 15:13:07 2026<stdout>:7803 KSP Residual norm 4.011112063487e-03
Mon Sep 21 15:13:07 2026<stdout>:7804 KSP Residual norm 3.988006488774e-03
Mon Sep 21 15:13:07 2026<stdout>:7805 KSP Residual norm 3.987569472340e-03
Mon Sep 21 15:13:07 2026<stdout>:7806 KSP Residual norm 3.979360377867e-03
Mon Sep 21 15:13:07 2026<stdout>:7807 KSP Residual norm 3.979164365253e-03
Mon Sep 21 15:13:07 2026<stdout>:7808 KSP Residual norm 3.945657215479e-03
Mon Sep 21 15:13:07 2026<stdout>:7809 KSP Residual norm 3.944936353207e-03
Mon Sep 21 15:13:07 2026<stdout>:7810 KSP Residual norm 3.942070871599e-03
Mon Sep 21 15:13:07 2026<stdout>:7811 KSP Residual norm 3.941608538928e-03
Mon Sep 21 15:13:07 2026<stdout>:7812 KSP Residual norm 3.937591688109e-03
Mon Sep 21 15:13:07 2026<stdout>:7813 KSP Residual norm 3.937557588250e-03
Mon Sep 21 15:13:07 2026<stdout>:7814 KSP Residual norm 3.937534436286e-03
Mon Sep 21 15:13:07 2026<stdout>:7815 KSP Residual norm 3.937456990258e-03
Mon Sep 21 15:13:07 2026<stdout>:7816 KSP Residual norm 3.927105752367e-03
Mon Sep 21 15:13:08 2026<stdout>:7817 KSP Residual norm 3.926792502916e-03
Mon Sep 21 15:13:08 2026<stdout>:7818 KSP Residual norm 3.910832901623e-03
Mon Sep 21 15:13:08 2026<stdout>:7819 KSP Residual norm 3.910704794851e-03
Mon Sep 21 15:13:08 2026<stdout>:7820 KSP Residual norm 3.902252478444e-03
Mon Sep 21 15:13:08 2026<stdout>:7821 KSP Residual norm 3.901923187475e-03
Mon Sep 21 15:13:08 2026<stdout>:7822 KSP Residual norm 3.901241135981e-03
Mon Sep 21 15:13:08 2026<stdout>:7823 KSP Residual norm 3.901241135869e-03
Mon Sep 21 15:13:08 2026<stdout>:7824 KSP Residual norm 3.900539079848e-03
Mon Sep 21 15:13:08 2026<stdout>:7825 KSP Residual norm 3.900537243689e-03
Mon Sep 21 15:13:08 2026<stdout>:7826 KSP Residual norm 3.899233480411e-03
Mon Sep 21 15:13:08 2026<stdout>:7827 KSP Residual norm 3.899176370651e-03
Mon Sep 21 15:13:08 2026<stdout>:7828 KSP Residual norm 3.898322303929e-03
Mon Sep 21 15:13:08 2026<stdout>:7829 KSP Residual norm 3.898322295058e-03
Mon Sep 21 15:13:08 2026<stdout>:7830 KSP Residual norm 3.898142717010e-03
Mon Sep 21 15:13:08 2026<stdout>:7831 KSP Residual norm 3.898130050926e-03
Mon Sep 21 15:13:08 2026<stdout>:7832 KSP Residual norm 3.897980213741e-03
Mon Sep 21 15:13:08 2026<stdout>:7833 KSP Residual norm 3.897826091855e-03
Mon Sep 21 15:13:08 2026<stdout>:7834 KSP Residual norm 3.897497057877e-03
Mon Sep 21 15:13:08 2026<stdout>:7835 KSP Residual norm 3.897492818807e-03
Mon Sep 21 15:13:08 2026<stdout>:7836 KSP Residual norm 3.897340365929e-03
Mon Sep 21 15:13:08 2026<stdout>:7837 KSP Residual norm 3.897294444039e-03
Mon Sep 21 15:13:08 2026<stdout>:7838 KSP Residual norm 3.896259035617e-03
Mon Sep 21 15:13:08 2026<stdout>:7839 KSP Residual norm 3.896109289011e-03
Mon Sep 21 15:13:08 2026<stdout>:7840 KSP Residual norm 3.895050554868e-03
Mon Sep 21 15:13:08 2026<stdout>:7841 KSP Residual norm 3.895047684749e-03
Mon Sep 21 15:13:08 2026<stdout>:7842 KSP Residual norm 3.891999490300e-03
Mon Sep 21 15:13:08 2026<stdout>:7843 KSP Residual norm 3.891996124774e-03
Mon Sep 21 15:13:08 2026<stdout>:7844 KSP Residual norm 3.891842987322e-03
Mon Sep 21 15:13:08 2026<stdout>:7845 KSP Residual norm 3.891787715104e-03
Mon Sep 21 15:13:08 2026<stdout>:7846 KSP Residual norm 3.891696367709e-03
Mon Sep 21 15:13:08 2026<stdout>:7847 KSP Residual norm 3.890861844931e-03
Mon Sep 21 15:13:08 2026<stdout>:7848 KSP Residual norm 3.890772531958e-03
Mon Sep 21 15:13:08 2026<stdout>:7849 KSP Residual norm 3.889467618409e-03
Mon Sep 21 15:13:08 2026<stdout>:7850 KSP Residual norm 3.889379627218e-03
Mon Sep 21 15:13:08 2026<stdout>:7851 KSP Residual norm 3.889185600622e-03
Mon Sep 21 15:13:08 2026<stdout>:7852 KSP Residual norm 3.886414684559e-03
Mon Sep 21 15:13:08 2026<stdout>:7853 KSP Residual norm 3.886381888000e-03
Mon Sep 21 15:13:08 2026<stdout>:7854 KSP Residual norm 3.885829679424e-03
Mon Sep 21 15:13:08 2026<stdout>:7855 KSP Residual norm 3.884805769851e-03
Mon Sep 21 15:13:08 2026<stdout>:7856 KSP Residual norm 3.884787112164e-03
Mon Sep 21 15:13:08 2026<stdout>:7857 KSP Residual norm 3.884759212403e-03
Mon Sep 21 15:13:08 2026<stdout>:7858 KSP Residual norm 3.884598494772e-03
Mon Sep 21 15:13:08 2026<stdout>:7859 KSP Residual norm 3.883497451014e-03
Mon Sep 21 15:13:08 2026<stdout>:7860 KSP Residual norm 3.883489219779e-03
Mon Sep 21 15:13:08 2026<stdout>:7861 KSP Residual norm 3.883485217985e-03
Mon Sep 21 15:13:08 2026<stdout>:7862 KSP Residual norm 3.883053443913e-03
Mon Sep 21 15:13:08 2026<stdout>:7863 KSP Residual norm 3.882605551704e-03
Mon Sep 21 15:13:08 2026<stdout>:7864 KSP Residual norm 3.882018664939e-03
Mon Sep 21 15:13:08 2026<stdout>:7865 KSP Residual norm 3.878749063962e-03
Mon Sep 21 15:13:08 2026<stdout>:7866 KSP Residual norm 3.878312590145e-03
Mon Sep 21 15:13:08 2026<stdout>:7867 KSP Residual norm 3.875193318967e-03
Mon Sep 21 15:13:08 2026<stdout>:7868 KSP Residual norm 3.875109562330e-03
Mon Sep 21 15:13:08 2026<stdout>:7869 KSP Residual norm 3.869527940775e-03
Mon Sep 21 15:13:08 2026<stdout>:7870 KSP Residual norm 3.867867425861e-03
Mon Sep 21 15:13:08 2026<stdout>:7871 KSP Residual norm 3.867564522929e-03
Mon Sep 21 15:13:08 2026<stdout>:7872 KSP Residual norm 3.867507317861e-03
Mon Sep 21 15:13:08 2026<stdout>:7873 KSP Residual norm 3.867484884605e-03
Mon Sep 21 15:13:08 2026<stdout>:7874 KSP Residual norm 3.867433152892e-03
Mon Sep 21 15:13:08 2026<stdout>:7875 KSP Residual norm 3.866064652033e-03
Mon Sep 21 15:13:08 2026<stdout>:7876 KSP Residual norm 3.864746888084e-03
Mon Sep 21 15:13:08 2026<stdout>:7877 KSP Residual norm 3.864425687017e-03
Mon Sep 21 15:13:08 2026<stdout>:7878 KSP Residual norm 3.861251859839e-03
Mon Sep 21 15:13:08 2026<stdout>:7879 KSP Residual norm 3.861161502669e-03
Mon Sep 21 15:13:08 2026<stdout>:7880 KSP Residual norm 3.860977665368e-03
Mon Sep 21 15:13:08 2026<stdout>:7881 KSP Residual norm 3.860632175659e-03
Mon Sep 21 15:13:08 2026<stdout>:7882 KSP Residual norm 3.860590043163e-03
Mon Sep 21 15:13:08 2026<stdout>:7883 KSP Residual norm 3.858718407133e-03
Mon Sep 21 15:13:08 2026<stdout>:7884 KSP Residual norm 3.857118608901e-03
Mon Sep 21 15:13:08 2026<stdout>:7885 KSP Residual norm 3.857114401462e-03
Mon Sep 21 15:13:08 2026<stdout>:7886 KSP Residual norm 3.856578033819e-03
Mon Sep 21 15:13:08 2026<stdout>:7887 KSP Residual norm 3.854630501296e-03
Mon Sep 21 15:13:08 2026<stdout>:7888 KSP Residual norm 3.854282645838e-03
Mon Sep 21 15:13:08 2026<stdout>:7889 KSP Residual norm 3.853838974573e-03
Mon Sep 21 15:13:08 2026<stdout>:7890 KSP Residual norm 3.853761585920e-03
Mon Sep 21 15:13:08 2026<stdout>:7891 KSP Residual norm 3.853691699421e-03
Mon Sep 21 15:13:08 2026<stdout>:7892 KSP Residual norm 3.853389695161e-03
Mon Sep 21 15:13:08 2026<stdout>:7893 KSP Residual norm 3.853360182960e-03
Mon Sep 21 15:13:08 2026<stdout>:7894 KSP Residual norm 3.851941380527e-03
Mon Sep 21 15:13:08 2026<stdout>:7895 KSP Residual norm 3.848753452260e-03
Mon Sep 21 15:13:08 2026<stdout>:7896 KSP Residual norm 3.848634710643e-03
Mon Sep 21 15:13:08 2026<stdout>:7897 KSP Residual norm 3.848246704900e-03
Mon Sep 21 15:13:08 2026<stdout>:7898 KSP Residual norm 3.848177784292e-03
Mon Sep 21 15:13:08 2026<stdout>:7899 KSP Residual norm 3.844176187560e-03
Mon Sep 21 15:13:08 2026<stdout>:7900 KSP Residual norm 3.843763811645e-03
Mon Sep 21 15:13:08 2026<stdout>:7901 KSP Residual norm 3.842684230116e-03
Mon Sep 21 15:13:08 2026<stdout>:7902 KSP Residual norm 3.842672382205e-03
Mon Sep 21 15:13:08 2026<stdout>:7903 KSP Residual norm 3.841804969854e-03
Mon Sep 21 15:13:08 2026<stdout>:7904 KSP Residual norm 3.836771176752e-03
Mon Sep 21 15:13:08 2026<stdout>:7905 KSP Residual norm 3.830098306954e-03
Mon Sep 21 15:13:08 2026<stdout>:7906 KSP Residual norm 3.828041988170e-03
Mon Sep 21 15:13:08 2026<stdout>:7907 KSP Residual norm 3.827870328256e-03
Mon Sep 21 15:13:08 2026<stdout>:7908 KSP Residual norm 3.827197022105e-03
Mon Sep 21 15:13:08 2026<stdout>:7909 KSP Residual norm 3.825156737802e-03
Mon Sep 21 15:13:09 2026<stdout>:7910 KSP Residual norm 3.821967544269e-03
Mon Sep 21 15:13:09 2026<stdout>:7911 KSP Residual norm 3.820325957667e-03
Mon Sep 21 15:13:09 2026<stdout>:7912 KSP Residual norm 3.820291527920e-03
Mon Sep 21 15:13:09 2026<stdout>:7913 KSP Residual norm 3.820281409474e-03
Mon Sep 21 15:13:09 2026<stdout>:7914 KSP Residual norm 3.819455553693e-03
Mon Sep 21 15:13:09 2026<stdout>:7915 KSP Residual norm 3.819207410083e-03
Mon Sep 21 15:13:09 2026<stdout>:7916 KSP Residual norm 3.817328172664e-03
Mon Sep 21 15:13:09 2026<stdout>:7917 KSP Residual norm 3.817197531345e-03
Mon Sep 21 15:13:09 2026<stdout>:7918 KSP Residual norm 3.817109318387e-03
Mon Sep 21 15:13:09 2026<stdout>:7919 KSP Residual norm 3.816105822567e-03
Mon Sep 21 15:13:09 2026<stdout>:7920 KSP Residual norm 3.815560519326e-03
Mon Sep 21 15:13:09 2026<stdout>:7921 KSP Residual norm 3.813931647016e-03
Mon Sep 21 15:13:09 2026<stdout>:7922 KSP Residual norm 3.807461965071e-03
Mon Sep 21 15:13:09 2026<stdout>:7923 KSP Residual norm 3.801926212309e-03
Mon Sep 21 15:13:09 2026<stdout>:7924 KSP Residual norm 3.796998722152e-03
Mon Sep 21 15:13:09 2026<stdout>:7925 KSP Residual norm 3.796806433542e-03
Mon Sep 21 15:13:09 2026<stdout>:7926 KSP Residual norm 3.787809608703e-03
Mon Sep 21 15:13:09 2026<stdout>:7927 KSP Residual norm 3.787309453674e-03
Mon Sep 21 15:13:09 2026<stdout>:7928 KSP Residual norm 3.786084366674e-03
Mon Sep 21 15:13:09 2026<stdout>:7929 KSP Residual norm 3.786019297971e-03
Mon Sep 21 15:13:09 2026<stdout>:7930 KSP Residual norm 3.785948480420e-03
Mon Sep 21 15:13:09 2026<stdout>:7931 KSP Residual norm 3.785046216594e-03
Mon Sep 21 15:13:09 2026<stdout>:7932 KSP Residual norm 3.772477092952e-03
Mon Sep 21 15:13:09 2026<stdout>:7933 KSP Residual norm 3.771950241358e-03
Mon Sep 21 15:13:09 2026<stdout>:7934 KSP Residual norm 3.770752162500e-03
Mon Sep 21 15:13:09 2026<stdout>:7935 KSP Residual norm 3.770692410293e-03
Mon Sep 21 15:13:09 2026<stdout>:7936 KSP Residual norm 3.770691120880e-03
Mon Sep 21 15:13:09 2026<stdout>:7937 KSP Residual norm 3.770650166648e-03
Mon Sep 21 15:13:09 2026<stdout>:7938 KSP Residual norm 3.770225157017e-03
Mon Sep 21 15:13:09 2026<stdout>:7939 KSP Residual norm 3.770222534692e-03
Mon Sep 21 15:13:09 2026<stdout>:7940 KSP Residual norm 3.769922558008e-03
Mon Sep 21 15:13:09 2026<stdout>:7941 KSP Residual norm 3.769869054023e-03
Mon Sep 21 15:13:09 2026<stdout>:7942 KSP Residual norm 3.769826395998e-03
Mon Sep 21 15:13:09 2026<stdout>:7943 KSP Residual norm 3.768889328469e-03
Mon Sep 21 15:13:09 2026<stdout>:7944 KSP Residual norm 3.768809017811e-03
Mon Sep 21 15:13:09 2026<stdout>:7945 KSP Residual norm 3.761187683066e-03
Mon Sep 21 15:13:09 2026<stdout>:7946 KSP Residual norm 3.760354616073e-03
Mon Sep 21 15:13:09 2026<stdout>:7947 KSP Residual norm 3.759083881095e-03
Mon Sep 21 15:13:09 2026<stdout>:7948 KSP Residual norm 3.754544270255e-03
Mon Sep 21 15:13:09 2026<stdout>:7949 KSP Residual norm 3.712071790303e-03
Mon Sep 21 15:13:09 2026<stdout>:7950 KSP Residual norm 4.146326973005e-03
Mon Sep 21 15:13:09 2026<stdout>:7951 KSP Residual norm 4.076876784526e-03
Mon Sep 21 15:13:09 2026<stdout>:7952 KSP Residual norm 4.055735581106e-03
Mon Sep 21 15:13:09 2026<stdout>:7953 KSP Residual norm 4.054521603926e-03
Mon Sep 21 15:13:09 2026<stdout>:7954 KSP Residual norm 3.948489040812e-03
Mon Sep 21 15:13:09 2026<stdout>:7955 KSP Residual norm 3.943750661839e-03
Mon Sep 21 15:13:09 2026<stdout>:7956 KSP Residual norm 3.942579600569e-03
Mon Sep 21 15:13:09 2026<stdout>:7957 KSP Residual norm 3.942517137515e-03
Mon Sep 21 15:13:09 2026<stdout>:7958 KSP Residual norm 3.931707306926e-03
Mon Sep 21 15:13:09 2026<stdout>:7959 KSP Residual norm 3.931697514320e-03
Mon Sep 21 15:13:09 2026<stdout>:7960 KSP Residual norm 3.925851306599e-03
Mon Sep 21 15:13:09 2026<stdout>:7961 KSP Residual norm 3.925658670715e-03
Mon Sep 21 15:13:09 2026<stdout>:7962 KSP Residual norm 3.917710506796e-03
Mon Sep 21 15:13:09 2026<stdout>:7963 KSP Residual norm 3.917665859169e-03
Mon Sep 21 15:13:09 2026<stdout>:7964 KSP Residual norm 3.916969305675e-03
Mon Sep 21 15:13:09 2026<stdout>:7965 KSP Residual norm 3.916950842009e-03
Mon Sep 21 15:13:09 2026<stdout>:7966 KSP Residual norm 3.915408399673e-03
Mon Sep 21 15:13:09 2026<stdout>:7967 KSP Residual norm 3.915351353690e-03
Mon Sep 21 15:13:09 2026<stdout>:7968 KSP Residual norm 3.915281930071e-03
Mon Sep 21 15:13:09 2026<stdout>:7969 KSP Residual norm 3.915116604743e-03
Mon Sep 21 15:13:09 2026<stdout>:7970 KSP Residual norm 3.911844727712e-03
Mon Sep 21 15:13:09 2026<stdout>:7971 KSP Residual norm 3.911333523025e-03
Mon Sep 21 15:13:09 2026<stdout>:7972 KSP Residual norm 3.911333413039e-03
Mon Sep 21 15:13:09 2026<stdout>:7973 KSP Residual norm 3.911166933488e-03
Mon Sep 21 15:13:09 2026<stdout>:7974 KSP Residual norm 3.909566700427e-03
Mon Sep 21 15:13:09 2026<stdout>:7975 KSP Residual norm 3.909378281620e-03
Mon Sep 21 15:13:09 2026<stdout>:7976 KSP Residual norm 3.909301882605e-03
Mon Sep 21 15:13:09 2026<stdout>:7977 KSP Residual norm 3.909202794550e-03
Mon Sep 21 15:13:09 2026<stdout>:7978 KSP Residual norm 3.908459011987e-03
Mon Sep 21 15:13:09 2026<stdout>:7979 KSP Residual norm 3.908412893834e-03
Mon Sep 21 15:13:09 2026<stdout>:7980 KSP Residual norm 3.908166149167e-03
Mon Sep 21 15:13:09 2026<stdout>:7981 KSP Residual norm 3.908146767773e-03
Mon Sep 21 15:13:09 2026<stdout>:7982 KSP Residual norm 3.905770707759e-03
Mon Sep 21 15:13:09 2026<stdout>:7983 KSP Residual norm 3.905770496845e-03
Mon Sep 21 15:13:09 2026<stdout>:7984 KSP Residual norm 3.905767305408e-03
Mon Sep 21 15:13:09 2026<stdout>:7985 KSP Residual norm 3.905588540565e-03
Mon Sep 21 15:13:09 2026<stdout>:7986 KSP Residual norm 3.901741200929e-03
Mon Sep 21 15:13:09 2026<stdout>:7987 KSP Residual norm 3.901727198271e-03
Mon Sep 21 15:13:09 2026<stdout>:7988 KSP Residual norm 3.900675304427e-03
Mon Sep 21 15:13:09 2026<stdout>:7989 KSP Residual norm 3.900675208425e-03
Mon Sep 21 15:13:09 2026<stdout>:7990 KSP Residual norm 3.897604549170e-03
Mon Sep 21 15:13:09 2026<stdout>:7991 KSP Residual norm 3.897590652625e-03
Mon Sep 21 15:13:09 2026<stdout>:7992 KSP Residual norm 3.897509990770e-03
Mon Sep 21 15:13:09 2026<stdout>:7993 KSP Residual norm 3.897505654124e-03
Mon Sep 21 15:13:09 2026<stdout>:7994 KSP Residual norm 3.897317214009e-03
Mon Sep 21 15:13:09 2026<stdout>:7995 KSP Residual norm 3.897281866841e-03
Mon Sep 21 15:13:09 2026<stdout>:7996 KSP Residual norm 3.897278944223e-03
Mon Sep 21 15:13:09 2026<stdout>:7997 KSP Residual norm 3.896577018318e-03
Mon Sep 21 15:13:09 2026<stdout>:7998 KSP Residual norm 3.896419409686e-03
Mon Sep 21 15:13:09 2026<stdout>:7999 KSP Residual norm 3.896402769978e-03
Mon Sep 21 15:13:09 2026<stdout>:8000 KSP Residual norm 3.887411905849e-03
Mon Sep 21 15:13:10 2026<stdout>:8001 KSP Residual norm 3.887409213489e-03
Mon Sep 21 15:13:10 2026<stdout>:8002 KSP Residual norm 3.884094081582e-03
Mon Sep 21 15:13:10 2026<stdout>:8003 KSP Residual norm 3.877669664608e-03
Mon Sep 21 15:13:10 2026<stdout>:8004 KSP Residual norm 3.877495723303e-03
Mon Sep 21 15:13:10 2026<stdout>:8005 KSP Residual norm 3.874892905185e-03
Mon Sep 21 15:13:10 2026<stdout>:8006 KSP Residual norm 3.874483072338e-03
Mon Sep 21 15:13:10 2026<stdout>:8007 KSP Residual norm 3.874372547553e-03
Mon Sep 21 15:13:10 2026<stdout>:8008 KSP Residual norm 3.874099783901e-03
Mon Sep 21 15:13:10 2026<stdout>:8009 KSP Residual norm 3.873518274192e-03
Mon Sep 21 15:13:10 2026<stdout>:8010 KSP Residual norm 3.873505440730e-03
Mon Sep 21 15:13:10 2026<stdout>:8011 KSP Residual norm 3.870776037299e-03
Mon Sep 21 15:13:10 2026<stdout>:8012 KSP Residual norm 3.870284019294e-03
Mon Sep 21 15:13:10 2026<stdout>:8013 KSP Residual norm 3.868039576352e-03
Mon Sep 21 15:13:10 2026<stdout>:8014 KSP Residual norm 3.861535917515e-03
Mon Sep 21 15:13:10 2026<stdout>:8015 KSP Residual norm 3.860719666476e-03
Mon Sep 21 15:13:10 2026<stdout>:8016 KSP Residual norm 3.859215112888e-03
Mon Sep 21 15:13:10 2026<stdout>:8017 KSP Residual norm 3.856208389773e-03
Mon Sep 21 15:13:10 2026<stdout>:8018 KSP Residual norm 3.844744090920e-03
Mon Sep 21 15:13:10 2026<stdout>:8019 KSP Residual norm 3.844690574883e-03
Mon Sep 21 15:13:10 2026<stdout>:8020 KSP Residual norm 3.843928225425e-03
Mon Sep 21 15:13:10 2026<stdout>:8021 KSP Residual norm 3.843117706535e-03
Mon Sep 21 15:13:10 2026<stdout>:8022 KSP Residual norm 3.838082676698e-03
Mon Sep 21 15:13:10 2026<stdout>:8023 KSP Residual norm 3.836195456175e-03
Mon Sep 21 15:13:10 2026<stdout>:8024 KSP Residual norm 3.826332597437e-03
Mon Sep 21 15:13:10 2026<stdout>:8025 KSP Residual norm 3.825283242582e-03
Mon Sep 21 15:13:10 2026<stdout>:8026 KSP Residual norm 3.824391333400e-03
Mon Sep 21 15:13:10 2026<stdout>:8027 KSP Residual norm 3.823712801941e-03
Mon Sep 21 15:13:10 2026<stdout>:8028 KSP Residual norm 3.823279647824e-03
Mon Sep 21 15:13:10 2026<stdout>:8029 KSP Residual norm 3.822778724487e-03
Mon Sep 21 15:13:10 2026<stdout>:8030 KSP Residual norm 3.822507556232e-03
Mon Sep 21 15:13:10 2026<stdout>:8031 KSP Residual norm 3.821418334704e-03
Mon Sep 21 15:13:10 2026<stdout>:8032 KSP Residual norm 3.819021386159e-03
Mon Sep 21 15:13:10 2026<stdout>:8033 KSP Residual norm 3.817900901424e-03
Mon Sep 21 15:13:10 2026<stdout>:8034 KSP Residual norm 3.813579022935e-03
Mon Sep 21 15:13:10 2026<stdout>:8035 KSP Residual norm 3.813576107807e-03
Mon Sep 21 15:13:10 2026<stdout>:8036 KSP Residual norm 3.813126596266e-03
Mon Sep 21 15:13:10 2026<stdout>:8037 KSP Residual norm 3.813036712259e-03
Mon Sep 21 15:13:10 2026<stdout>:8038 KSP Residual norm 3.812464076390e-03
Mon Sep 21 15:13:10 2026<stdout>:8039 KSP Residual norm 3.812461136400e-03
Mon Sep 21 15:13:10 2026<stdout>:8040 KSP Residual norm 3.811957499918e-03
Mon Sep 21 15:13:10 2026<stdout>:8041 KSP Residual norm 3.808747468285e-03
Mon Sep 21 15:13:10 2026<stdout>:8042 KSP Residual norm 3.808684775534e-03
Mon Sep 21 15:13:10 2026<stdout>:8043 KSP Residual norm 3.808558120846e-03
Mon Sep 21 15:13:10 2026<stdout>:8044 KSP Residual norm 3.805763603621e-03
Mon Sep 21 15:13:10 2026<stdout>:8045 KSP Residual norm 3.804809714155e-03
Mon Sep 21 15:13:10 2026<stdout>:8046 KSP Residual norm 3.804708950836e-03
Mon Sep 21 15:13:10 2026<stdout>:8047 KSP Residual norm 3.804394123591e-03
Mon Sep 21 15:13:10 2026<stdout>:8048 KSP Residual norm 3.802443580385e-03
Mon Sep 21 15:13:10 2026<stdout>:8049 KSP Residual norm 3.800034052841e-03
Mon Sep 21 15:13:10 2026<stdout>:8050 KSP Residual norm 3.799965110018e-03
Mon Sep 21 15:13:10 2026<stdout>:8051 KSP Residual norm 3.798903572748e-03
Mon Sep 21 15:13:10 2026<stdout>:8052 KSP Residual norm 3.798903071033e-03
Mon Sep 21 15:13:10 2026<stdout>:8053 KSP Residual norm 3.798892671405e-03
Mon Sep 21 15:13:10 2026<stdout>:8054 KSP Residual norm 3.797941060375e-03
Mon Sep 21 15:13:10 2026<stdout>:8055 KSP Residual norm 3.797893646518e-03
Mon Sep 21 15:13:10 2026<stdout>:8056 KSP Residual norm 3.797100842760e-03
Mon Sep 21 15:13:10 2026<stdout>:8057 KSP Residual norm 3.794163004881e-03
Mon Sep 21 15:13:10 2026<stdout>:8058 KSP Residual norm 3.792214466300e-03
Mon Sep 21 15:13:10 2026<stdout>:8059 KSP Residual norm 3.792110567153e-03
Mon Sep 21 15:13:10 2026<stdout>:8060 KSP Residual norm 3.790963973019e-03
Mon Sep 21 15:13:10 2026<stdout>:8061 KSP Residual norm 3.790859769175e-03
Mon Sep 21 15:13:10 2026<stdout>:8062 KSP Residual norm 3.790859228348e-03
Mon Sep 21 15:13:10 2026<stdout>:8063 KSP Residual norm 3.784659470763e-03
Mon Sep 21 15:13:10 2026<stdout>:8064 KSP Residual norm 3.783023656829e-03
Mon Sep 21 15:13:10 2026<stdout>:8065 KSP Residual norm 3.782824670456e-03
Mon Sep 21 15:13:10 2026<stdout>:8066 KSP Residual norm 3.782810492453e-03
Mon Sep 21 15:13:10 2026<stdout>:8067 KSP Residual norm 3.781259001227e-03
Mon Sep 21 15:13:10 2026<stdout>:8068 KSP Residual norm 3.779624088565e-03
Mon Sep 21 15:13:10 2026<stdout>:8069 KSP Residual norm 3.776973301899e-03
Mon Sep 21 15:13:10 2026<stdout>:8070 KSP Residual norm 3.776685582795e-03
Mon Sep 21 15:13:10 2026<stdout>:8071 KSP Residual norm 3.776452157317e-03
Mon Sep 21 15:13:10 2026<stdout>:8072 KSP Residual norm 3.772044012377e-03
Mon Sep 21 15:13:10 2026<stdout>:8073 KSP Residual norm 3.769079496711e-03
Mon Sep 21 15:13:10 2026<stdout>:8074 KSP Residual norm 3.769054236422e-03
Mon Sep 21 15:13:10 2026<stdout>:8075 KSP Residual norm 3.768303491815e-03
Mon Sep 21 15:13:10 2026<stdout>:8076 KSP Residual norm 3.767630182679e-03
Mon Sep 21 15:13:10 2026<stdout>:8077 KSP Residual norm 3.766755711526e-03
Mon Sep 21 15:13:10 2026<stdout>:8078 KSP Residual norm 3.739659154394e-03
Mon Sep 21 15:13:10 2026<stdout>:8079 KSP Residual norm 3.739356726526e-03
Mon Sep 21 15:13:10 2026<stdout>:8080 KSP Residual norm 3.739355382034e-03
Mon Sep 21 15:13:10 2026<stdout>:8081 KSP Residual norm 3.739337887306e-03
Mon Sep 21 15:13:10 2026<stdout>:8082 KSP Residual norm 3.739304272413e-03
Mon Sep 21 15:13:11 2026<stdout>:8083 KSP Residual norm 3.737961808632e-03
Mon Sep 21 15:13:11 2026<stdout>:8084 KSP Residual norm 3.737509488834e-03
Mon Sep 21 15:13:11 2026<stdout>:8085 KSP Residual norm 3.735590449878e-03
Mon Sep 21 15:13:11 2026<stdout>:8086 KSP Residual norm 3.735339066353e-03
Mon Sep 21 15:13:11 2026<stdout>:8087 KSP Residual norm 3.730639159426e-03
Mon Sep 21 15:13:11 2026<stdout>:8088 KSP Residual norm 3.730633764739e-03
Mon Sep 21 15:13:11 2026<stdout>:8089 KSP Residual norm 3.728519409958e-03
Mon Sep 21 15:13:11 2026<stdout>:8090 KSP Residual norm 3.728382152123e-03
Mon Sep 21 15:13:11 2026<stdout>:8091 KSP Residual norm 3.725577903386e-03
Mon Sep 21 15:13:11 2026<stdout>:8092 KSP Residual norm 3.725305722357e-03
Mon Sep 21 15:13:11 2026<stdout>:8093 KSP Residual norm 3.725278999245e-03
Mon Sep 21 15:13:11 2026<stdout>:8094 KSP Residual norm 3.725239328332e-03
Mon Sep 21 15:13:11 2026<stdout>:8095 KSP Residual norm 3.725236023071e-03
Mon Sep 21 15:13:11 2026<stdout>:8096 KSP Residual norm 3.724881386447e-03
Mon Sep 21 15:13:11 2026<stdout>:8097 KSP Residual norm 3.724705017568e-03
Mon Sep 21 15:13:11 2026<stdout>:8098 KSP Residual norm 3.724704408311e-03
Mon Sep 21 15:13:11 2026<stdout>:8099 KSP Residual norm 3.722859524415e-03
Mon Sep 21 15:13:11 2026<stdout>:8100 KSP Residual norm 4.176787523415e-03
Mon Sep 21 15:13:11 2026<stdout>:8101 KSP Residual norm 4.082395866200e-03
Mon Sep 21 15:13:11 2026<stdout>:8102 KSP Residual norm 4.081228874516e-03
Mon Sep 21 15:13:11 2026<stdout>:8103 KSP Residual norm 4.080715502210e-03
Mon Sep 21 15:13:11 2026<stdout>:8104 KSP Residual norm 4.080446146128e-03
Mon Sep 21 15:13:11 2026<stdout>:8105 KSP Residual norm 4.080441528605e-03
Mon Sep 21 15:13:11 2026<stdout>:8106 KSP Residual norm 4.074014960740e-03
Mon Sep 21 15:13:11 2026<stdout>:8107 KSP Residual norm 4.073993817699e-03
Mon Sep 21 15:13:11 2026<stdout>:8108 KSP Residual norm 4.072055404758e-03
Mon Sep 21 15:13:11 2026<stdout>:8109 KSP Residual norm 4.071983168175e-03
Mon Sep 21 15:13:11 2026<stdout>:8110 KSP Residual norm 4.064414099983e-03
Mon Sep 21 15:13:11 2026<stdout>:8111 KSP Residual norm 4.063956453477e-03
Mon Sep 21 15:13:11 2026<stdout>:8112 KSP Residual norm 4.062889645222e-03
Mon Sep 21 15:13:11 2026<stdout>:8113 KSP Residual norm 4.062675952369e-03
Mon Sep 21 15:13:11 2026<stdout>:8114 KSP Residual norm 4.056824198842e-03
Mon Sep 21 15:13:11 2026<stdout>:8115 KSP Residual norm 4.056352907174e-03
Mon Sep 21 15:13:11 2026<stdout>:8116 KSP Residual norm 4.055105887669e-03
Mon Sep 21 15:13:11 2026<stdout>:8117 KSP Residual norm 4.055016081704e-03
Mon Sep 21 15:13:11 2026<stdout>:8118 KSP Residual norm 4.052800058234e-03
Mon Sep 21 15:13:11 2026<stdout>:8119 KSP Residual norm 4.052749581507e-03
Mon Sep 21 15:13:11 2026<stdout>:8120 KSP Residual norm 4.044556664193e-03
Mon Sep 21 15:13:11 2026<stdout>:8121 KSP Residual norm 4.044543553086e-03
Mon Sep 21 15:13:11 2026<stdout>:8122 KSP Residual norm 4.013033437984e-03
Mon Sep 21 15:13:11 2026<stdout>:8123 KSP Residual norm 4.013033295305e-03
Mon Sep 21 15:13:11 2026<stdout>:8124 KSP Residual norm 4.010309361075e-03
Mon Sep 21 15:13:11 2026<stdout>:8125 KSP Residual norm 4.010304331308e-03
Mon Sep 21 15:13:11 2026<stdout>:8126 KSP Residual norm 4.008644404563e-03
Mon Sep 21 15:13:11 2026<stdout>:8127 KSP Residual norm 4.008244311005e-03
Mon Sep 21 15:13:11 2026<stdout>:8128 KSP Residual norm 4.001013221755e-03
Mon Sep 21 15:13:11 2026<stdout>:8129 KSP Residual norm 4.001008445697e-03
Mon Sep 21 15:13:11 2026<stdout>:8130 KSP Residual norm 4.000980666148e-03
Mon Sep 21 15:13:11 2026<stdout>:8131 KSP Residual norm 4.000932832906e-03
Mon Sep 21 15:13:11 2026<stdout>:8132 KSP Residual norm 3.998859036553e-03
Mon Sep 21 15:13:11 2026<stdout>:8133 KSP Residual norm 3.998700517446e-03
Mon Sep 21 15:13:11 2026<stdout>:8134 KSP Residual norm 3.998699509808e-03
Mon Sep 21 15:13:11 2026<stdout>:8135 KSP Residual norm 3.998620708734e-03
Mon Sep 21 15:13:11 2026<stdout>:8136 KSP Residual norm 3.995765214706e-03
Mon Sep 21 15:13:11 2026<stdout>:8137 KSP Residual norm 3.995624977281e-03
Mon Sep 21 15:13:11 2026<stdout>:8138 KSP Residual norm 3.993126989740e-03
Mon Sep 21 15:13:11 2026<stdout>:8139 KSP Residual norm 3.993108082586e-03
Mon Sep 21 15:13:11 2026<stdout>:8140 KSP Residual norm 3.993107917004e-03
Mon Sep 21 15:13:11 2026<stdout>:8141 KSP Residual norm 3.993093482228e-03
Mon Sep 21 15:13:11 2026<stdout>:8142 KSP Residual norm 3.990748104581e-03
Mon Sep 21 15:13:11 2026<stdout>:8143 KSP Residual norm 3.990652194102e-03
Mon Sep 21 15:13:11 2026<stdout>:8144 KSP Residual norm 3.985974086864e-03
Mon Sep 21 15:13:11 2026<stdout>:8145 KSP Residual norm 3.985738865327e-03
Mon Sep 21 15:13:11 2026<stdout>:8146 KSP Residual norm 3.985727115586e-03
Mon Sep 21 15:13:11 2026<stdout>:8147 KSP Residual norm 3.982978485150e-03
Mon Sep 21 15:13:11 2026<stdout>:8148 KSP Residual norm 3.982114019627e-03
Mon Sep 21 15:13:11 2026<stdout>:8149 KSP Residual norm 3.982081137709e-03
Mon Sep 21 15:13:11 2026<stdout>:8150 KSP Residual norm 3.981439321697e-03
Mon Sep 21 15:13:11 2026<stdout>:8151 KSP Residual norm 3.981365467234e-03
Mon Sep 21 15:13:11 2026<stdout>:8152 KSP Residual norm 3.981129379117e-03
Mon Sep 21 15:13:11 2026<stdout>:8153 KSP Residual norm 3.979972962721e-03
Mon Sep 21 15:13:11 2026<stdout>:8154 KSP Residual norm 3.975949223685e-03
Mon Sep 21 15:13:11 2026<stdout>:8155 KSP Residual norm 3.975855915545e-03
Mon Sep 21 15:13:11 2026<stdout>:8156 KSP Residual norm 3.973880807975e-03
Mon Sep 21 15:13:11 2026<stdout>:8157 KSP Residual norm 3.973860757422e-03
Mon Sep 21 15:13:11 2026<stdout>:8158 KSP Residual norm 3.971352754656e-03
Mon Sep 21 15:13:11 2026<stdout>:8159 KSP Residual norm 3.971143924040e-03
Mon Sep 21 15:13:11 2026<stdout>:8160 KSP Residual norm 3.969306696273e-03
Mon Sep 21 15:13:11 2026<stdout>:8161 KSP Residual norm 3.960715715695e-03
Mon Sep 21 15:13:11 2026<stdout>:8162 KSP Residual norm 3.960350778741e-03
Mon Sep 21 15:13:11 2026<stdout>:8163 KSP Residual norm 3.959719019689e-03
Mon Sep 21 15:13:11 2026<stdout>:8164 KSP Residual norm 3.959169333889e-03
Mon Sep 21 15:13:11 2026<stdout>:8165 KSP Residual norm 3.958173631029e-03
Mon Sep 21 15:13:11 2026<stdout>:8166 KSP Residual norm 3.957619889826e-03
Mon Sep 21 15:13:11 2026<stdout>:8167 KSP Residual norm 3.957449456368e-03
Mon Sep 21 15:13:11 2026<stdout>:8168 KSP Residual norm 3.956490903189e-03
Mon Sep 21 15:13:11 2026<stdout>:8169 KSP Residual norm 3.956017755870e-03
Mon Sep 21 15:13:11 2026<stdout>:8170 KSP Residual norm 3.955987493257e-03
Mon Sep 21 15:13:11 2026<stdout>:8171 KSP Residual norm 3.955461447199e-03
Mon Sep 21 15:13:11 2026<stdout>:8172 KSP Residual norm 3.954503295921e-03
Mon Sep 21 15:13:11 2026<stdout>:8173 KSP Residual norm 3.954378644423e-03
Mon Sep 21 15:13:11 2026<stdout>:8174 KSP Residual norm 3.954280034201e-03
Mon Sep 21 15:13:11 2026<stdout>:8175 KSP Residual norm 3.952832345621e-03
Mon Sep 21 15:13:11 2026<stdout>:8176 KSP Residual norm 3.951698653291e-03
Mon Sep 21 15:13:11 2026<stdout>:8177 KSP Residual norm 3.949980903689e-03
Mon Sep 21 15:13:11 2026<stdout>:8178 KSP Residual norm 3.949908972223e-03
Mon Sep 21 15:13:11 2026<stdout>:8179 KSP Residual norm 3.949778889591e-03
Mon Sep 21 15:13:12 2026<stdout>:8180 KSP Residual norm 3.949751200160e-03
Mon Sep 21 15:13:12 2026<stdout>:8181 KSP Residual norm 3.949477280659e-03
Mon Sep 21 15:13:12 2026<stdout>:8182 KSP Residual norm 3.946067693414e-03
Mon Sep 21 15:13:12 2026<stdout>:8183 KSP Residual norm 3.946066400618e-03
Mon Sep 21 15:13:12 2026<stdout>:8184 KSP Residual norm 3.946003226088e-03
Mon Sep 21 15:13:12 2026<stdout>:8185 KSP Residual norm 3.944686801985e-03
Mon Sep 21 15:13:12 2026<stdout>:8186 KSP Residual norm 3.944056373441e-03
Mon Sep 21 15:13:12 2026<stdout>:8187 KSP Residual norm 3.943444791733e-03
Mon Sep 21 15:13:12 2026<stdout>:8188 KSP Residual norm 3.943079487879e-03
Mon Sep 21 15:13:12 2026<stdout>:8189 KSP Residual norm 3.943055831649e-03
Mon Sep 21 15:13:12 2026<stdout>:8190 KSP Residual norm 3.942874958435e-03
Mon Sep 21 15:13:12 2026<stdout>:8191 KSP Residual norm 3.941726169716e-03
Mon Sep 21 15:13:12 2026<stdout>:8192 KSP Residual norm 3.940928301058e-03
Mon Sep 21 15:13:12 2026<stdout>:8193 KSP Residual norm 3.938061390205e-03
Mon Sep 21 15:13:12 2026<stdout>:8194 KSP Residual norm 3.936411487533e-03
Mon Sep 21 15:13:12 2026<stdout>:8195 KSP Residual norm 3.936194193862e-03
Mon Sep 21 15:13:12 2026<stdout>:8196 KSP Residual norm 3.935766450250e-03
Mon Sep 21 15:13:12 2026<stdout>:8197 KSP Residual norm 3.932128199345e-03
Mon Sep 21 15:13:12 2026<stdout>:8198 KSP Residual norm 3.932079935836e-03
Mon Sep 21 15:13:12 2026<stdout>:8199 KSP Residual norm 3.930644279457e-03
Mon Sep 21 15:13:12 2026<stdout>:8200 KSP Residual norm 3.930460743070e-03
Mon Sep 21 15:13:12 2026<stdout>:8201 KSP Residual norm 3.929042995307e-03
Mon Sep 21 15:13:12 2026<stdout>:8202 KSP Residual norm 3.928164852323e-03
Mon Sep 21 15:13:12 2026<stdout>:8203 KSP Residual norm 3.927190521703e-03
Mon Sep 21 15:13:12 2026<stdout>:8204 KSP Residual norm 3.926985223091e-03
Mon Sep 21 15:13:12 2026<stdout>:8205 KSP Residual norm 3.926290579463e-03
Mon Sep 21 15:13:12 2026<stdout>:8206 KSP Residual norm 3.926279311125e-03
Mon Sep 21 15:13:12 2026<stdout>:8207 KSP Residual norm 3.925682323160e-03
Mon Sep 21 15:13:12 2026<stdout>:8208 KSP Residual norm 3.925672325823e-03
Mon Sep 21 15:13:12 2026<stdout>:8209 KSP Residual norm 3.924099229349e-03
Mon Sep 21 15:13:12 2026<stdout>:8210 KSP Residual norm 3.917665279675e-03
Mon Sep 21 15:13:12 2026<stdout>:8211 KSP Residual norm 3.916820518150e-03
Mon Sep 21 15:13:12 2026<stdout>:8212 KSP Residual norm 3.916745523470e-03
Mon Sep 21 15:13:12 2026<stdout>:8213 KSP Residual norm 3.916244370708e-03
Mon Sep 21 15:13:12 2026<stdout>:8214 KSP Residual norm 3.915767462195e-03
Mon Sep 21 15:13:12 2026<stdout>:8215 KSP Residual norm 3.915320930496e-03
Mon Sep 21 15:13:12 2026<stdout>:8216 KSP Residual norm 3.915287211486e-03
Mon Sep 21 15:13:12 2026<stdout>:8217 KSP Residual norm 3.915148314305e-03
Mon Sep 21 15:13:12 2026<stdout>:8218 KSP Residual norm 3.910278203257e-03
Mon Sep 21 15:13:12 2026<stdout>:8219 KSP Residual norm 3.907440677818e-03
Mon Sep 21 15:13:12 2026<stdout>:8220 KSP Residual norm 3.899114123788e-03
Mon Sep 21 15:13:12 2026<stdout>:8221 KSP Residual norm 3.898913035947e-03
Mon Sep 21 15:13:12 2026<stdout>:8222 KSP Residual norm 3.893893950136e-03
Mon Sep 21 15:13:12 2026<stdout>:8223 KSP Residual norm 3.893310459715e-03
Mon Sep 21 15:13:12 2026<stdout>:8224 KSP Residual norm 3.885292396726e-03
Mon Sep 21 15:13:12 2026<stdout>:8225 KSP Residual norm 3.882080873146e-03
Mon Sep 21 15:13:12 2026<stdout>:8226 KSP Residual norm 3.874530233985e-03
Mon Sep 21 15:13:12 2026<stdout>:8227 KSP Residual norm 3.860529320453e-03
Mon Sep 21 15:13:12 2026<stdout>:8228 KSP Residual norm 3.847821629732e-03
Mon Sep 21 15:13:12 2026<stdout>:8229 KSP Residual norm 3.847757753714e-03
Mon Sep 21 15:13:12 2026<stdout>:8230 KSP Residual norm 3.846945511352e-03
Mon Sep 21 15:13:12 2026<stdout>:8231 KSP Residual norm 3.846875211957e-03
Mon Sep 21 15:13:12 2026<stdout>:8232 KSP Residual norm 3.846831039503e-03
Mon Sep 21 15:13:12 2026<stdout>:8233 KSP Residual norm 3.845348965078e-03
Mon Sep 21 15:13:12 2026<stdout>:8234 KSP Residual norm 3.843728413167e-03
Mon Sep 21 15:13:12 2026<stdout>:8235 KSP Residual norm 3.843415597415e-03
Mon Sep 21 15:13:12 2026<stdout>:8236 KSP Residual norm 3.839220719871e-03
Mon Sep 21 15:13:12 2026<stdout>:8237 KSP Residual norm 3.839108173278e-03
Mon Sep 21 15:13:12 2026<stdout>:8238 KSP Residual norm 3.837621367074e-03
Mon Sep 21 15:13:12 2026<stdout>:8239 KSP Residual norm 3.836005789935e-03
Mon Sep 21 15:13:12 2026<stdout>:8240 KSP Residual norm 3.820188630401e-03
Mon Sep 21 15:13:12 2026<stdout>:8241 KSP Residual norm 3.820167792155e-03
Mon Sep 21 15:13:12 2026<stdout>:8242 KSP Residual norm 3.819908518578e-03
Mon Sep 21 15:13:12 2026<stdout>:8243 KSP Residual norm 3.819908386377e-03
Mon Sep 21 15:13:12 2026<stdout>:8244 KSP Residual norm 3.819546788378e-03
Mon Sep 21 15:13:12 2026<stdout>:8245 KSP Residual norm 3.819506793271e-03
Mon Sep 21 15:13:12 2026<stdout>:8246 KSP Residual norm 3.813262235484e-03
Mon Sep 21 15:13:12 2026<stdout>:8247 KSP Residual norm 3.812791129241e-03
Mon Sep 21 15:13:12 2026<stdout>:8248 KSP Residual norm 3.812142156327e-03
Mon Sep 21 15:13:12 2026<stdout>:8249 KSP Residual norm 3.810080723515e-03
Mon Sep 21 15:13:12 2026<stdout>:8250 KSP Residual norm 4.256290955912e-03
Mon Sep 21 15:13:12 2026<stdout>:8251 KSP Residual norm 4.197727888996e-03
Mon Sep 21 15:13:12 2026<stdout>:8252 KSP Residual norm 4.182893417679e-03
Mon Sep 21 15:13:12 2026<stdout>:8253 KSP Residual norm 4.182180515230e-03
Mon Sep 21 15:13:12 2026<stdout>:8254 KSP Residual norm 4.160471458382e-03
Mon Sep 21 15:13:12 2026<stdout>:8255 KSP Residual norm 4.153990088014e-03
Mon Sep 21 15:13:12 2026<stdout>:8256 KSP Residual norm 4.153637973463e-03
Mon Sep 21 15:13:12 2026<stdout>:8257 KSP Residual norm 4.153339365643e-03
Mon Sep 21 15:13:12 2026<stdout>:8258 KSP Residual norm 4.150489175615e-03
Mon Sep 21 15:13:12 2026<stdout>:8259 KSP Residual norm 4.150160297616e-03
Mon Sep 21 15:13:12 2026<stdout>:8260 KSP Residual norm 4.149649481802e-03
Mon Sep 21 15:13:13 2026<stdout>:8261 KSP Residual norm 4.149292929138e-03
Mon Sep 21 15:13:13 2026<stdout>:8262 KSP Residual norm 4.143306484446e-03
Mon Sep 21 15:13:13 2026<stdout>:8263 KSP Residual norm 4.143256406140e-03
Mon Sep 21 15:13:13 2026<stdout>:8264 KSP Residual norm 4.140035078099e-03
Mon Sep 21 15:13:13 2026<stdout>:8265 KSP Residual norm 4.139601875384e-03
Mon Sep 21 15:13:13 2026<stdout>:8266 KSP Residual norm 4.122008742589e-03
Mon Sep 21 15:13:13 2026<stdout>:8267 KSP Residual norm 4.122005245166e-03
Mon Sep 21 15:13:13 2026<stdout>:8268 KSP Residual norm 4.104740900927e-03
Mon Sep 21 15:13:13 2026<stdout>:8269 KSP Residual norm 4.104444797065e-03
Mon Sep 21 15:13:13 2026<stdout>:8270 KSP Residual norm 4.104376166179e-03
Mon Sep 21 15:13:13 2026<stdout>:8271 KSP Residual norm 4.104274482428e-03
Mon Sep 21 15:13:13 2026<stdout>:8272 KSP Residual norm 4.103053552176e-03
Mon Sep 21 15:13:13 2026<stdout>:8273 KSP Residual norm 4.102984432673e-03
Mon Sep 21 15:13:13 2026<stdout>:8274 KSP Residual norm 4.102787580025e-03
Mon Sep 21 15:13:13 2026<stdout>:8275 KSP Residual norm 4.102678038071e-03
Mon Sep 21 15:13:13 2026<stdout>:8276 KSP Residual norm 4.076571605308e-03
Mon Sep 21 15:13:13 2026<stdout>:8277 KSP Residual norm 4.076512930637e-03
Mon Sep 21 15:13:13 2026<stdout>:8278 KSP Residual norm 4.076372625854e-03
Mon Sep 21 15:13:13 2026<stdout>:8279 KSP Residual norm 4.076041973735e-03
Mon Sep 21 15:13:13 2026<stdout>:8280 KSP Residual norm 4.074063527537e-03
Mon Sep 21 15:13:13 2026<stdout>:8281 KSP Residual norm 4.073529176480e-03
Mon Sep 21 15:13:13 2026<stdout>:8282 KSP Residual norm 4.061158045357e-03
Mon Sep 21 15:13:13 2026<stdout>:8283 KSP Residual norm 4.061044124741e-03
Mon Sep 21 15:13:13 2026<stdout>:8284 KSP Residual norm 4.060992413301e-03
Mon Sep 21 15:13:13 2026<stdout>:8285 KSP Residual norm 4.060820522618e-03
Mon Sep 21 15:13:13 2026<stdout>:8286 KSP Residual norm 4.060519033634e-03
Mon Sep 21 15:13:13 2026<stdout>:8287 KSP Residual norm 4.060364199561e-03
Mon Sep 21 15:13:13 2026<stdout>:8288 KSP Residual norm 4.060208966941e-03
Mon Sep 21 15:13:13 2026<stdout>:8289 KSP Residual norm 4.060153782708e-03
Mon Sep 21 15:13:13 2026<stdout>:8290 KSP Residual norm 4.059945292436e-03
Mon Sep 21 15:13:13 2026<stdout>:8291 KSP Residual norm 4.059942999168e-03
Mon Sep 21 15:13:13 2026<stdout>:8292 KSP Residual norm 4.059593080338e-03
Mon Sep 21 15:13:13 2026<stdout>:8293 KSP Residual norm 4.059578434059e-03
Mon Sep 21 15:13:13 2026<stdout>:8294 KSP Residual norm 4.059560492625e-03
Mon Sep 21 15:13:13 2026<stdout>:8295 KSP Residual norm 4.059559966191e-03
Mon Sep 21 15:13:13 2026<stdout>:8296 KSP Residual norm 4.059435020645e-03
Mon Sep 21 15:13:13 2026<stdout>:8297 KSP Residual norm 4.056281010094e-03
Mon Sep 21 15:13:13 2026<stdout>:8298 KSP Residual norm 4.053130769492e-03
Mon Sep 21 15:13:13 2026<stdout>:8299 KSP Residual norm 4.053094929351e-03
Mon Sep 21 15:13:13 2026<stdout>:8300 KSP Residual norm 4.052615246684e-03
Mon Sep 21 15:13:13 2026<stdout>:8301 KSP Residual norm 4.049971035511e-03
Mon Sep 21 15:13:13 2026<stdout>:8302 KSP Residual norm 4.048829617214e-03
Mon Sep 21 15:13:13 2026<stdout>:8303 KSP Residual norm 4.048824543611e-03
Mon Sep 21 15:13:13 2026<stdout>:8304 KSP Residual norm 4.046924582187e-03
Mon Sep 21 15:13:13 2026<stdout>:8305 KSP Residual norm 4.044971448469e-03
Mon Sep 21 15:13:13 2026<stdout>:8306 KSP Residual norm 4.044740291551e-03
Mon Sep 21 15:13:13 2026<stdout>:8307 KSP Residual norm 4.044740064514e-03
Mon Sep 21 15:13:13 2026<stdout>:8308 KSP Residual norm 4.044342944180e-03
Mon Sep 21 15:13:13 2026<stdout>:8309 KSP Residual norm 4.042389076888e-03
Mon Sep 21 15:13:13 2026<stdout>:8310 KSP Residual norm 4.041576451907e-03
Mon Sep 21 15:13:13 2026<stdout>:8311 KSP Residual norm 4.038930536795e-03
Mon Sep 21 15:13:13 2026<stdout>:8312 KSP Residual norm 4.029636763093e-03
Mon Sep 21 15:13:13 2026<stdout>:8313 KSP Residual norm 4.029503361773e-03
Mon Sep 21 15:13:13 2026<stdout>:8314 KSP Residual norm 4.026293139497e-03
Mon Sep 21 15:13:13 2026<stdout>:8315 KSP Residual norm 4.021740383842e-03
Mon Sep 21 15:13:13 2026<stdout>:8316 KSP Residual norm 4.019984880475e-03
Mon Sep 21 15:13:13 2026<stdout>:8317 KSP Residual norm 4.018126546864e-03
Mon Sep 21 15:13:13 2026<stdout>:8318 KSP Residual norm 4.017447412739e-03
Mon Sep 21 15:13:13 2026<stdout>:8319 KSP Residual norm 4.017151246141e-03
Mon Sep 21 15:13:13 2026<stdout>:8320 KSP Residual norm 4.015037932116e-03
Mon Sep 21 15:13:13 2026<stdout>:8321 KSP Residual norm 4.014862954731e-03
Mon Sep 21 15:13:13 2026<stdout>:8322 KSP Residual norm 4.014860631449e-03
Mon Sep 21 15:13:13 2026<stdout>:8323 KSP Residual norm 4.014402115288e-03
Mon Sep 21 15:13:13 2026<stdout>:8324 KSP Residual norm 4.014150332207e-03
Mon Sep 21 15:13:13 2026<stdout>:8325 KSP Residual norm 4.014127757394e-03
Mon Sep 21 15:13:13 2026<stdout>:8326 KSP Residual norm 4.013645137497e-03
Mon Sep 21 15:13:13 2026<stdout>:8327 KSP Residual norm 4.013269998141e-03
Mon Sep 21 15:13:13 2026<stdout>:8328 KSP Residual norm 4.013210960745e-03
Mon Sep 21 15:13:13 2026<stdout>:8329 KSP Residual norm 4.012974740710e-03
Mon Sep 21 15:13:13 2026<stdout>:8330 KSP Residual norm 4.011836224314e-03
Mon Sep 21 15:13:13 2026<stdout>:8331 KSP Residual norm 4.010437884704e-03
Mon Sep 21 15:13:13 2026<stdout>:8332 KSP Residual norm 4.010305072365e-03
Mon Sep 21 15:13:13 2026<stdout>:8333 KSP Residual norm 4.010202049271e-03
Mon Sep 21 15:13:13 2026<stdout>:8334 KSP Residual norm 4.010197297885e-03
Mon Sep 21 15:13:13 2026<stdout>:8335 KSP Residual norm 4.009199143252e-03
Mon Sep 21 15:13:13 2026<stdout>:8336 KSP Residual norm 4.008295313837e-03
Mon Sep 21 15:13:13 2026<stdout>:8337 KSP Residual norm 4.008210509567e-03
Mon Sep 21 15:13:13 2026<stdout>:8338 KSP Residual norm 4.007646440539e-03
Mon Sep 21 15:13:13 2026<stdout>:8339 KSP Residual norm 4.007305437065e-03
Mon Sep 21 15:13:13 2026<stdout>:8340 KSP Residual norm 4.007159414013e-03
Mon Sep 21 15:13:13 2026<stdout>:8341 KSP Residual norm 4.006606837623e-03
Mon Sep 21 15:13:13 2026<stdout>:8342 KSP Residual norm 4.003594143607e-03
Mon Sep 21 15:13:13 2026<stdout>:8343 KSP Residual norm 4.003375872904e-03
Mon Sep 21 15:13:13 2026<stdout>:8344 KSP Residual norm 4.002830173817e-03
Mon Sep 21 15:13:13 2026<stdout>:8345 KSP Residual norm 4.002829004566e-03
Mon Sep 21 15:13:13 2026<stdout>:8346 KSP Residual norm 4.002710002260e-03
Mon Sep 21 15:13:13 2026<stdout>:8347 KSP Residual norm 4.000976215162e-03
Mon Sep 21 15:13:13 2026<stdout>:8348 KSP Residual norm 4.000007559137e-03
Mon Sep 21 15:13:13 2026<stdout>:8349 KSP Residual norm 3.998760037231e-03
Mon Sep 21 15:13:13 2026<stdout>:8350 KSP Residual norm 3.994355966284e-03
Mon Sep 21 15:13:13 2026<stdout>:8351 KSP Residual norm 3.993673767260e-03
Mon Sep 21 15:13:13 2026<stdout>:8352 KSP Residual norm 3.992735762623e-03
Mon Sep 21 15:13:13 2026<stdout>:8353 KSP Residual norm 3.989187965617e-03
Mon Sep 21 15:13:13 2026<stdout>:8354 KSP Residual norm 3.989077927328e-03
Mon Sep 21 15:13:13 2026<stdout>:8355 KSP Residual norm 3.988558511427e-03
Mon Sep 21 15:13:13 2026<stdout>:8356 KSP Residual norm 3.988553169346e-03
Mon Sep 21 15:13:14 2026<stdout>:8357 KSP Residual norm 3.987659189129e-03
Mon Sep 21 15:13:14 2026<stdout>:8358 KSP Residual norm 3.985262939895e-03
Mon Sep 21 15:13:14 2026<stdout>:8359 KSP Residual norm 3.977541520200e-03
Mon Sep 21 15:13:14 2026<stdout>:8360 KSP Residual norm 3.976348693902e-03
Mon Sep 21 15:13:14 2026<stdout>:8361 KSP Residual norm 3.976240524496e-03
Mon Sep 21 15:13:14 2026<stdout>:8362 KSP Residual norm 3.975568857932e-03
Mon Sep 21 15:13:14 2026<stdout>:8363 KSP Residual norm 3.974136109851e-03
Mon Sep 21 15:13:14 2026<stdout>:8364 KSP Residual norm 3.973667659083e-03
Mon Sep 21 15:13:14 2026<stdout>:8365 KSP Residual norm 3.972654613916e-03
Mon Sep 21 15:13:14 2026<stdout>:8366 KSP Residual norm 3.971960777340e-03
Mon Sep 21 15:13:14 2026<stdout>:8367 KSP Residual norm 3.971957924069e-03
Mon Sep 21 15:13:14 2026<stdout>:8368 KSP Residual norm 3.971920207331e-03
Mon Sep 21 15:13:14 2026<stdout>:8369 KSP Residual norm 3.971832780681e-03
Mon Sep 21 15:13:14 2026<stdout>:8370 KSP Residual norm 3.970918713107e-03
Mon Sep 21 15:13:14 2026<stdout>:8371 KSP Residual norm 3.969830463560e-03
Mon Sep 21 15:13:14 2026<stdout>:8372 KSP Residual norm 3.969536993683e-03
Mon Sep 21 15:13:14 2026<stdout>:8373 KSP Residual norm 3.968624834176e-03
Mon Sep 21 15:13:14 2026<stdout>:8374 KSP Residual norm 3.968621201097e-03
Mon Sep 21 15:13:14 2026<stdout>:8375 KSP Residual norm 3.968405792341e-03
Mon Sep 21 15:13:14 2026<stdout>:8376 KSP Residual norm 3.967905771926e-03
Mon Sep 21 15:13:14 2026<stdout>:8377 KSP Residual norm 3.965231843493e-03
Mon Sep 21 15:13:14 2026<stdout>:8378 KSP Residual norm 3.930864667683e-03
Mon Sep 21 15:13:14 2026<stdout>:8379 KSP Residual norm 3.923093058255e-03
Mon Sep 21 15:13:14 2026<stdout>:8380 KSP Residual norm 3.922776357850e-03
Mon Sep 21 15:13:14 2026<stdout>:8381 KSP Residual norm 3.919996333660e-03
Mon Sep 21 15:13:14 2026<stdout>:8382 KSP Residual norm 3.919819166774e-03
Mon Sep 21 15:13:14 2026<stdout>:8383 KSP Residual norm 3.919122462724e-03
Mon Sep 21 15:13:14 2026<stdout>:8384 KSP Residual norm 3.919039442662e-03
Mon Sep 21 15:13:14 2026<stdout>:8385 KSP Residual norm 3.918420940440e-03
Mon Sep 21 15:13:14 2026<stdout>:8386 KSP Residual norm 3.912346842665e-03
Mon Sep 21 15:13:14 2026<stdout>:8387 KSP Residual norm 3.904986166055e-03
Mon Sep 21 15:13:14 2026<stdout>:8388 KSP Residual norm 3.904957967719e-03
Mon Sep 21 15:13:14 2026<stdout>:8389 KSP Residual norm 3.904409828258e-03
Mon Sep 21 15:13:14 2026<stdout>:8390 KSP Residual norm 3.903161529371e-03
Mon Sep 21 15:13:14 2026<stdout>:8391 KSP Residual norm 3.903030344277e-03
Mon Sep 21 15:13:14 2026<stdout>:8392 KSP Residual norm 3.902853240687e-03
Mon Sep 21 15:13:14 2026<stdout>:8393 KSP Residual norm 3.902822417209e-03
Mon Sep 21 15:13:14 2026<stdout>:8394 KSP Residual norm 3.902754413601e-03
Mon Sep 21 15:13:14 2026<stdout>:8395 KSP Residual norm 3.902445700049e-03
Mon Sep 21 15:13:14 2026<stdout>:8396 KSP Residual norm 3.901997593957e-03
Mon Sep 21 15:13:14 2026<stdout>:8397 KSP Residual norm 3.901994624275e-03
Mon Sep 21 15:13:14 2026<stdout>:8398 KSP Residual norm 3.901525464770e-03
Mon Sep 21 15:13:14 2026<stdout>:8399 KSP Residual norm 3.897908191417e-03
Mon Sep 21 15:13:14 2026<stdout>:8400 KSP Residual norm 4.329106876107e-03
Mon Sep 21 15:13:14 2026<stdout>:8401 KSP Residual norm 4.214592611714e-03
Mon Sep 21 15:13:14 2026<stdout>:8402 KSP Residual norm 4.198605199000e-03
Mon Sep 21 15:13:14 2026<stdout>:8403 KSP Residual norm 4.192287179115e-03
Mon Sep 21 15:13:14 2026<stdout>:8404 KSP Residual norm 4.154451967052e-03
Mon Sep 21 15:13:14 2026<stdout>:8405 KSP Residual norm 4.150831889090e-03
Mon Sep 21 15:13:14 2026<stdout>:8406 KSP Residual norm 4.150120416375e-03
Mon Sep 21 15:13:14 2026<stdout>:8407 KSP Residual norm 4.150036691652e-03
Mon Sep 21 15:13:14 2026<stdout>:8408 KSP Residual norm 4.142336926657e-03
Mon Sep 21 15:13:14 2026<stdout>:8409 KSP Residual norm 4.139830481038e-03
Mon Sep 21 15:13:14 2026<stdout>:8410 KSP Residual norm 4.135767276864e-03
Mon Sep 21 15:13:14 2026<stdout>:8411 KSP Residual norm 4.135766144913e-03
Mon Sep 21 15:13:14 2026<stdout>:8412 KSP Residual norm 4.107573638878e-03
Mon Sep 21 15:13:14 2026<stdout>:8413 KSP Residual norm 4.107569959956e-03
Mon Sep 21 15:13:14 2026<stdout>:8414 KSP Residual norm 4.076822150252e-03
Mon Sep 21 15:13:14 2026<stdout>:8415 KSP Residual norm 4.076769634582e-03
Mon Sep 21 15:13:14 2026<stdout>:8416 KSP Residual norm 4.076071307179e-03
Mon Sep 21 15:13:14 2026<stdout>:8417 KSP Residual norm 4.075906700954e-03
Mon Sep 21 15:13:14 2026<stdout>:8418 KSP Residual norm 4.066797615006e-03
Mon Sep 21 15:13:14 2026<stdout>:8419 KSP Residual norm 4.066735405175e-03
Mon Sep 21 15:13:14 2026<stdout>:8420 KSP Residual norm 4.057291756111e-03
Mon Sep 21 15:13:14 2026<stdout>:8421 KSP Residual norm 4.057263085627e-03
Mon Sep 21 15:13:14 2026<stdout>:8422 KSP Residual norm 4.030588763629e-03
Mon Sep 21 15:13:14 2026<stdout>:8423 KSP Residual norm 4.030489546551e-03
Mon Sep 21 15:13:14 2026<stdout>:8424 KSP Residual norm 3.976433319928e-03
Mon Sep 21 15:13:14 2026<stdout>:8425 KSP Residual norm 3.976223960250e-03
Mon Sep 21 15:13:14 2026<stdout>:8426 KSP Residual norm 3.965706402421e-03
Mon Sep 21 15:13:14 2026<stdout>:8427 KSP Residual norm 3.965677797182e-03
Mon Sep 21 15:13:14 2026<stdout>:8428 KSP Residual norm 3.962259228495e-03
Mon Sep 21 15:13:14 2026<stdout>:8429 KSP Residual norm 3.961739023908e-03
Mon Sep 21 15:13:14 2026<stdout>:8430 KSP Residual norm 3.960229773755e-03
Mon Sep 21 15:13:14 2026<stdout>:8431 KSP Residual norm 3.960178325789e-03
Mon Sep 21 15:13:14 2026<stdout>:8432 KSP Residual norm 3.959253865303e-03
Mon Sep 21 15:13:14 2026<stdout>:8433 KSP Residual norm 3.959157865965e-03
Mon Sep 21 15:13:14 2026<stdout>:8434 KSP Residual norm 3.958276283717e-03
Mon Sep 21 15:13:14 2026<stdout>:8435 KSP Residual norm 3.958274995002e-03
Mon Sep 21 15:13:14 2026<stdout>:8436 KSP Residual norm 3.958171395245e-03
Mon Sep 21 15:13:14 2026<stdout>:8437 KSP Residual norm 3.958147667683e-03
Mon Sep 21 15:13:14 2026<stdout>:8438 KSP Residual norm 3.952455492931e-03
Mon Sep 21 15:13:14 2026<stdout>:8439 KSP Residual norm 3.951983044874e-03
Mon Sep 21 15:13:14 2026<stdout>:8440 KSP Residual norm 3.946890367462e-03
Mon Sep 21 15:13:14 2026<stdout>:8441 KSP Residual norm 3.946883499965e-03
Mon Sep 21 15:13:14 2026<stdout>:8442 KSP Residual norm 3.946849144909e-03
Mon Sep 21 15:13:14 2026<stdout>:8443 KSP Residual norm 3.946847222841e-03
Mon Sep 21 15:13:14 2026<stdout>:8444 KSP Residual norm 3.941768715512e-03
Mon Sep 21 15:13:14 2026<stdout>:8445 KSP Residual norm 3.941723484056e-03
Mon Sep 21 15:13:14 2026<stdout>:8446 KSP Residual norm 3.941624916212e-03
Mon Sep 21 15:13:15 2026<stdout>:8447 KSP Residual norm 3.941606345553e-03
Mon Sep 21 15:13:15 2026<stdout>:8448 KSP Residual norm 3.941124556616e-03
Mon Sep 21 15:13:15 2026<stdout>:8449 KSP Residual norm 3.937202001059e-03
Mon Sep 21 15:13:15 2026<stdout>:8450 KSP Residual norm 3.937201997198e-03
Mon Sep 21 15:13:15 2026<stdout>:8451 KSP Residual norm 3.934151475433e-03
Mon Sep 21 15:13:15 2026<stdout>:8452 KSP Residual norm 3.933441371031e-03
Mon Sep 21 15:13:15 2026<stdout>:8453 KSP Residual norm 3.933437691850e-03
Mon Sep 21 15:13:15 2026<stdout>:8454 KSP Residual norm 3.933306851161e-03
Mon Sep 21 15:13:15 2026<stdout>:8455 KSP Residual norm 3.933298369615e-03
Mon Sep 21 15:13:15 2026<stdout>:8456 KSP Residual norm 3.933077517398e-03
Mon Sep 21 15:13:15 2026<stdout>:8457 KSP Residual norm 3.932733063524e-03
Mon Sep 21 15:13:15 2026<stdout>:8458 KSP Residual norm 3.932602252096e-03
Mon Sep 21 15:13:15 2026<stdout>:8459 KSP Residual norm 3.932492768047e-03
Mon Sep 21 15:13:15 2026<stdout>:8460 KSP Residual norm 3.932491905547e-03
Mon Sep 21 15:13:15 2026<stdout>:8461 KSP Residual norm 3.931418652731e-03
Mon Sep 21 15:13:15 2026<stdout>:8462 KSP Residual norm 3.928297706704e-03
Mon Sep 21 15:13:15 2026<stdout>:8463 KSP Residual norm 3.926426040404e-03
Mon Sep 21 15:13:15 2026<stdout>:8464 KSP Residual norm 3.925421883330e-03
Mon Sep 21 15:13:15 2026<stdout>:8465 KSP Residual norm 3.916759909906e-03
Mon Sep 21 15:13:15 2026<stdout>:8466 KSP Residual norm 3.916508539225e-03
Mon Sep 21 15:13:15 2026<stdout>:8467 KSP Residual norm 3.912739753653e-03
Mon Sep 21 15:13:15 2026<stdout>:8468 KSP Residual norm 3.912524523368e-03
Mon Sep 21 15:13:15 2026<stdout>:8469 KSP Residual norm 3.912404799387e-03
Mon Sep 21 15:13:15 2026<stdout>:8470 KSP Residual norm 3.912132480055e-03
Mon Sep 21 15:13:15 2026<stdout>:8471 KSP Residual norm 3.910351656933e-03
Mon Sep 21 15:13:15 2026<stdout>:8472 KSP Residual norm 3.910349080810e-03
Mon Sep 21 15:13:15 2026<stdout>:8473 KSP Residual norm 3.908978771141e-03
Mon Sep 21 15:13:15 2026<stdout>:8474 KSP Residual norm 3.908897254943e-03
Mon Sep 21 15:13:15 2026<stdout>:8475 KSP Residual norm 3.908492373685e-03
Mon Sep 21 15:13:15 2026<stdout>:8476 KSP Residual norm 3.907341214007e-03
Mon Sep 21 15:13:15 2026<stdout>:8477 KSP Residual norm 3.905818858536e-03
Mon Sep 21 15:13:15 2026<stdout>:8478 KSP Residual norm 3.905592626381e-03
Mon Sep 21 15:13:15 2026<stdout>:8479 KSP Residual norm 3.904081563239e-03
Mon Sep 21 15:13:15 2026<stdout>:8480 KSP Residual norm 3.900447345443e-03
Mon Sep 21 15:13:15 2026<stdout>:8481 KSP Residual norm 3.900431251569e-03
Mon Sep 21 15:13:15 2026<stdout>:8482 KSP Residual norm 3.899664971809e-03
Mon Sep 21 15:13:15 2026<stdout>:8483 KSP Residual norm 3.899297938021e-03
Mon Sep 21 15:13:15 2026<stdout>:8484 KSP Residual norm 3.883274914234e-03
Mon Sep 21 15:13:15 2026<stdout>:8485 KSP Residual norm 3.882299987818e-03
Mon Sep 21 15:13:15 2026<stdout>:8486 KSP Residual norm 3.882299985848e-03
Mon Sep 21 15:13:15 2026<stdout>:8487 KSP Residual norm 3.879804286425e-03
Mon Sep 21 15:13:15 2026<stdout>:8488 KSP Residual norm 3.879719931518e-03
Mon Sep 21 15:13:15 2026<stdout>:8489 KSP Residual norm 3.878806184060e-03
Mon Sep 21 15:13:15 2026<stdout>:8490 KSP Residual norm 3.878624365597e-03
Mon Sep 21 15:13:15 2026<stdout>:8491 KSP Residual norm 3.878478718746e-03
Mon Sep 21 15:13:15 2026<stdout>:8492 KSP Residual norm 3.878477483513e-03
Mon Sep 21 15:13:15 2026<stdout>:8493 KSP Residual norm 3.878334977751e-03
Mon Sep 21 15:13:15 2026<stdout>:8494 KSP Residual norm 3.876538824610e-03
Mon Sep 21 15:13:15 2026<stdout>:8495 KSP Residual norm 3.876533404119e-03
Mon Sep 21 15:13:15 2026<stdout>:8496 KSP Residual norm 3.871744397152e-03
Mon Sep 21 15:13:15 2026<stdout>:8497 KSP Residual norm 3.870808531862e-03
Mon Sep 21 15:13:15 2026<stdout>:8498 KSP Residual norm 3.870808254475e-03
Mon Sep 21 15:13:15 2026<stdout>:8499 KSP Residual norm 3.870417636313e-03
Mon Sep 21 15:13:15 2026<stdout>:8500 KSP Residual norm 3.870374193780e-03
Mon Sep 21 15:13:15 2026<stdout>:8501 KSP Residual norm 3.869064132720e-03
Mon Sep 21 15:13:15 2026<stdout>:8502 KSP Residual norm 3.868960047170e-03
Mon Sep 21 15:13:15 2026<stdout>:8503 KSP Residual norm 3.868845111683e-03
Mon Sep 21 15:13:15 2026<stdout>:8504 KSP Residual norm 3.868834454726e-03
Mon Sep 21 15:13:15 2026<stdout>:8505 KSP Residual norm 3.865676728433e-03
Mon Sep 21 15:13:15 2026<stdout>:8506 KSP Residual norm 3.853527350702e-03
Mon Sep 21 15:13:15 2026<stdout>:8507 KSP Residual norm 3.853503103808e-03
Mon Sep 21 15:13:15 2026<stdout>:8508 KSP Residual norm 3.853296125928e-03
Mon Sep 21 15:13:15 2026<stdout>:8509 KSP Residual norm 3.853263303699e-03
Mon Sep 21 15:13:15 2026<stdout>:8510 KSP Residual norm 3.852879661360e-03
Mon Sep 21 15:13:15 2026<stdout>:8511 KSP Residual norm 3.849770049562e-03
Mon Sep 21 15:13:15 2026<stdout>:8512 KSP Residual norm 3.843097779325e-03
Mon Sep 21 15:13:15 2026<stdout>:8513 KSP Residual norm 3.838542444910e-03
Mon Sep 21 15:13:15 2026<stdout>:8514 KSP Residual norm 3.837272386415e-03
Mon Sep 21 15:13:15 2026<stdout>:8515 KSP Residual norm 3.836281333640e-03
Mon Sep 21 15:13:15 2026<stdout>:8516 KSP Residual norm 3.836229416500e-03
Mon Sep 21 15:13:15 2026<stdout>:8517 KSP Residual norm 3.834045991603e-03
Mon Sep 21 15:13:15 2026<stdout>:8518 KSP Residual norm 3.833723383977e-03
Mon Sep 21 15:13:15 2026<stdout>:8519 KSP Residual norm 3.827608105743e-03
Mon Sep 21 15:13:15 2026<stdout>:8520 KSP Residual norm 3.765715679626e-03
Mon Sep 21 15:13:15 2026<stdout>:8521 KSP Residual norm 3.750260061049e-03
Mon Sep 21 15:13:15 2026<stdout>:8522 KSP Residual norm 3.745976761397e-03
Mon Sep 21 15:13:15 2026<stdout>:8523 KSP Residual norm 3.745940546954e-03
Mon Sep 21 15:13:15 2026<stdout>:8524 KSP Residual norm 3.744181786505e-03
Mon Sep 21 15:13:15 2026<stdout>:8525 KSP Residual norm 3.740544849056e-03
Mon Sep 21 15:13:15 2026<stdout>:8526 KSP Residual norm 3.735505206605e-03
Mon Sep 21 15:13:15 2026<stdout>:8527 KSP Residual norm 3.730488272989e-03
Mon Sep 21 15:13:15 2026<stdout>:8528 KSP Residual norm 3.730487345403e-03
Mon Sep 21 15:13:15 2026<stdout>:8529 KSP Residual norm 3.727862902095e-03
Mon Sep 21 15:13:15 2026<stdout>:8530 KSP Residual norm 3.724363869287e-03
Mon Sep 21 15:13:16 2026<stdout>:8531 KSP Residual norm 3.723432911119e-03
Mon Sep 21 15:13:16 2026<stdout>:8532 KSP Residual norm 3.723372469247e-03
Mon Sep 21 15:13:16 2026<stdout>:8533 KSP Residual norm 3.721796128820e-03
Mon Sep 21 15:13:16 2026<stdout>:8534 KSP Residual norm 3.721691353327e-03
Mon Sep 21 15:13:16 2026<stdout>:8535 KSP Residual norm 3.721014770212e-03
Mon Sep 21 15:13:16 2026<stdout>:8536 KSP Residual norm 3.721013380668e-03
Mon Sep 21 15:13:16 2026<stdout>:8537 KSP Residual norm 3.720157073697e-03
Mon Sep 21 15:13:16 2026<stdout>:8538 KSP Residual norm 3.718643647523e-03
Mon Sep 21 15:13:16 2026<stdout>:8539 KSP Residual norm 3.717778904785e-03
Mon Sep 21 15:13:16 2026<stdout>:8540 KSP Residual norm 3.717590684213e-03
Mon Sep 21 15:13:16 2026<stdout>:8541 KSP Residual norm 3.716561676355e-03
Mon Sep 21 15:13:16 2026<stdout>:8542 KSP Residual norm 3.716524293552e-03
Mon Sep 21 15:13:16 2026<stdout>:8543 KSP Residual norm 3.716229792564e-03
Mon Sep 21 15:13:16 2026<stdout>:8544 KSP Residual norm 3.716229022928e-03
Mon Sep 21 15:13:16 2026<stdout>:8545 KSP Residual norm 3.710389794641e-03
Mon Sep 21 15:13:16 2026<stdout>:8546 KSP Residual norm 3.709020983998e-03
Mon Sep 21 15:13:16 2026<stdout>:8547 KSP Residual norm 3.708831507852e-03
Mon Sep 21 15:13:16 2026<stdout>:8548 KSP Residual norm 3.708830679825e-03
Mon Sep 21 15:13:16 2026<stdout>:8549 KSP Residual norm 3.703471000083e-03
Mon Sep 21 15:13:16 2026<stdout>:8550 KSP Residual norm 4.473743441082e-03
Mon Sep 21 15:13:16 2026<stdout>:8551 KSP Residual norm 4.365370423804e-03
Mon Sep 21 15:13:16 2026<stdout>:8552 KSP Residual norm 4.169962919253e-03
Mon Sep 21 15:13:16 2026<stdout>:8553 KSP Residual norm 4.154495189266e-03
Mon Sep 21 15:13:16 2026<stdout>:8554 KSP Residual norm 4.137448504158e-03
Mon Sep 21 15:13:16 2026<stdout>:8555 KSP Residual norm 4.135767147105e-03
Mon Sep 21 15:13:16 2026<stdout>:8556 KSP Residual norm 4.128828561440e-03
Mon Sep 21 15:13:16 2026<stdout>:8557 KSP Residual norm 4.124778146376e-03
Mon Sep 21 15:13:16 2026<stdout>:8558 KSP Residual norm 4.124384272748e-03
Mon Sep 21 15:13:16 2026<stdout>:8559 KSP Residual norm 4.124379989131e-03
Mon Sep 21 15:13:16 2026<stdout>:8560 KSP Residual norm 4.122951629940e-03
Mon Sep 21 15:13:16 2026<stdout>:8561 KSP Residual norm 4.122920434766e-03
Mon Sep 21 15:13:16 2026<stdout>:8562 KSP Residual norm 4.091359530260e-03
Mon Sep 21 15:13:16 2026<stdout>:8563 KSP Residual norm 4.090135831782e-03
Mon Sep 21 15:13:16 2026<stdout>:8564 KSP Residual norm 4.089579886175e-03
Mon Sep 21 15:13:16 2026<stdout>:8565 KSP Residual norm 4.089496384793e-03
Mon Sep 21 15:13:16 2026<stdout>:8566 KSP Residual norm 4.086878326438e-03
Mon Sep 21 15:13:16 2026<stdout>:8567 KSP Residual norm 4.086708509211e-03
Mon Sep 21 15:13:16 2026<stdout>:8568 KSP Residual norm 4.083363648853e-03
Mon Sep 21 15:13:16 2026<stdout>:8569 KSP Residual norm 4.083342818180e-03
Mon Sep 21 15:13:16 2026<stdout>:8570 KSP Residual norm 4.080725064405e-03
Mon Sep 21 15:13:16 2026<stdout>:8571 KSP Residual norm 4.080720400832e-03
Mon Sep 21 15:13:16 2026<stdout>:8572 KSP Residual norm 4.071317712317e-03
Mon Sep 21 15:13:16 2026<stdout>:8573 KSP Residual norm 4.071316443170e-03
Mon Sep 21 15:13:16 2026<stdout>:8574 KSP Residual norm 4.064360565585e-03
Mon Sep 21 15:13:16 2026<stdout>:8575 KSP Residual norm 4.064042566167e-03
Mon Sep 21 15:13:16 2026<stdout>:8576 KSP Residual norm 4.063940628218e-03
Mon Sep 21 15:13:16 2026<stdout>:8577 KSP Residual norm 4.063865824112e-03
Mon Sep 21 15:13:16 2026<stdout>:8578 KSP Residual norm 4.062820987480e-03
Mon Sep 21 15:13:16 2026<stdout>:8579 KSP Residual norm 4.062820984030e-03
Mon Sep 21 15:13:16 2026<stdout>:8580 KSP Residual norm 4.057512117536e-03
Mon Sep 21 15:13:16 2026<stdout>:8581 KSP Residual norm 4.057461675399e-03
Mon Sep 21 15:13:16 2026<stdout>:8582 KSP Residual norm 4.056878131940e-03
Mon Sep 21 15:13:16 2026<stdout>:8583 KSP Residual norm 4.056625764398e-03
Mon Sep 21 15:13:16 2026<stdout>:8584 KSP Residual norm 4.056612145512e-03
Mon Sep 21 15:13:16 2026<stdout>:8585 KSP Residual norm 4.056357884594e-03
Mon Sep 21 15:13:16 2026<stdout>:8586 KSP Residual norm 4.051299530217e-03
Mon Sep 21 15:13:16 2026<stdout>:8587 KSP Residual norm 4.051279032265e-03
Mon Sep 21 15:13:16 2026<stdout>:8588 KSP Residual norm 4.043768257347e-03
Mon Sep 21 15:13:16 2026<stdout>:8589 KSP Residual norm 4.043763148099e-03
Mon Sep 21 15:13:16 2026<stdout>:8590 KSP Residual norm 4.000187680137e-03
Mon Sep 21 15:13:16 2026<stdout>:8591 KSP Residual norm 4.000171622152e-03
Mon Sep 21 15:13:16 2026<stdout>:8592 KSP Residual norm 3.954663057531e-03
Mon Sep 21 15:13:16 2026<stdout>:8593 KSP Residual norm 3.954605556183e-03
Mon Sep 21 15:13:16 2026<stdout>:8594 KSP Residual norm 3.954100867083e-03
Mon Sep 21 15:13:16 2026<stdout>:8595 KSP Residual norm 3.953778853653e-03
Mon Sep 21 15:13:16 2026<stdout>:8596 KSP Residual norm 3.953546317248e-03
Mon Sep 21 15:13:16 2026<stdout>:8597 KSP Residual norm 3.953305148520e-03
Mon Sep 21 15:13:16 2026<stdout>:8598 KSP Residual norm 3.949400970380e-03
Mon Sep 21 15:13:16 2026<stdout>:8599 KSP Residual norm 3.947192785721e-03
Mon Sep 21 15:13:16 2026<stdout>:8600 KSP Residual norm 3.947001177950e-03
Mon Sep 21 15:13:16 2026<stdout>:8601 KSP Residual norm 3.945531532449e-03
Mon Sep 21 15:13:16 2026<stdout>:8602 KSP Residual norm 3.944098606753e-03
Mon Sep 21 15:13:16 2026<stdout>:8603 KSP Residual norm 3.943613085534e-03
Mon Sep 21 15:13:16 2026<stdout>:8604 KSP Residual norm 3.940515399552e-03
Mon Sep 21 15:13:16 2026<stdout>:8605 KSP Residual norm 3.940381668540e-03
Mon Sep 21 15:13:16 2026<stdout>:8606 KSP Residual norm 3.940376835591e-03
Mon Sep 21 15:13:16 2026<stdout>:8607 KSP Residual norm 3.938997753006e-03
Mon Sep 21 15:13:16 2026<stdout>:8608 KSP Residual norm 3.938762748597e-03
Mon Sep 21 15:13:16 2026<stdout>:8609 KSP Residual norm 3.930423298071e-03
Mon Sep 21 15:13:16 2026<stdout>:8610 KSP Residual norm 3.930076198484e-03
Mon Sep 21 15:13:16 2026<stdout>:8611 KSP Residual norm 3.926271650103e-03
Mon Sep 21 15:13:16 2026<stdout>:8612 KSP Residual norm 3.923534475598e-03
Mon Sep 21 15:13:16 2026<stdout>:8613 KSP Residual norm 3.922782867660e-03
Mon Sep 21 15:13:16 2026<stdout>:8614 KSP Residual norm 3.909098086266e-03
Mon Sep 21 15:13:16 2026<stdout>:8615 KSP Residual norm 3.907392546600e-03
Mon Sep 21 15:13:16 2026<stdout>:8616 KSP Residual norm 3.907290200668e-03
Mon Sep 21 15:13:16 2026<stdout>:8617 KSP Residual norm 3.905778276246e-03
Mon Sep 21 15:13:16 2026<stdout>:8618 KSP Residual norm 3.905778037361e-03
Mon Sep 21 15:13:16 2026<stdout>:8619 KSP Residual norm 3.899921147871e-03
Mon Sep 21 15:13:16 2026<stdout>:8620 KSP Residual norm 3.899626051731e-03
Mon Sep 21 15:13:16 2026<stdout>:8621 KSP Residual norm 3.896623495658e-03
Mon Sep 21 15:13:16 2026<stdout>:8622 KSP Residual norm 3.896512566971e-03
Mon Sep 21 15:13:16 2026<stdout>:8623 KSP Residual norm 3.893835795957e-03
Mon Sep 21 15:13:16 2026<stdout>:8624 KSP Residual norm 3.890984746908e-03
Mon Sep 21 15:13:16 2026<stdout>:8625 KSP Residual norm 3.888406386725e-03
Mon Sep 21 15:13:16 2026<stdout>:8626 KSP Residual norm 3.886366880086e-03
Mon Sep 21 15:13:17 2026<stdout>:8627 KSP Residual norm 3.876016305238e-03
Mon Sep 21 15:13:17 2026<stdout>:8628 KSP Residual norm 3.875784444071e-03
Mon Sep 21 15:13:17 2026<stdout>:8629 KSP Residual norm 3.869358752546e-03
Mon Sep 21 15:13:17 2026<stdout>:8630 KSP Residual norm 3.869333135803e-03
Mon Sep 21 15:13:17 2026<stdout>:8631 KSP Residual norm 3.869131378797e-03
Mon Sep 21 15:13:17 2026<stdout>:8632 KSP Residual norm 3.865790322166e-03
Mon Sep 21 15:13:17 2026<stdout>:8633 KSP Residual norm 3.856054215962e-03
Mon Sep 21 15:13:17 2026<stdout>:8634 KSP Residual norm 3.856054070624e-03
Mon Sep 21 15:13:17 2026<stdout>:8635 KSP Residual norm 3.854815386024e-03
Mon Sep 21 15:13:17 2026<stdout>:8636 KSP Residual norm 3.854228298995e-03
Mon Sep 21 15:13:17 2026<stdout>:8637 KSP Residual norm 3.854205673517e-03
Mon Sep 21 15:13:17 2026<stdout>:8638 KSP Residual norm 3.852561987884e-03
Mon Sep 21 15:13:17 2026<stdout>:8639 KSP Residual norm 3.851523202147e-03
Mon Sep 21 15:13:17 2026<stdout>:8640 KSP Residual norm 3.851157141106e-03
Mon Sep 21 15:13:17 2026<stdout>:8641 KSP Residual norm 3.847635539306e-03
Mon Sep 21 15:13:17 2026<stdout>:8642 KSP Residual norm 3.847140392679e-03
Mon Sep 21 15:13:17 2026<stdout>:8643 KSP Residual norm 3.843543134766e-03
Mon Sep 21 15:13:17 2026<stdout>:8644 KSP Residual norm 3.842852193238e-03
Mon Sep 21 15:13:17 2026<stdout>:8645 KSP Residual norm 3.842700477479e-03
Mon Sep 21 15:13:17 2026<stdout>:8646 KSP Residual norm 3.840761746037e-03
Mon Sep 21 15:13:17 2026<stdout>:8647 KSP Residual norm 3.839011689178e-03
Mon Sep 21 15:13:17 2026<stdout>:8648 KSP Residual norm 3.838729747599e-03
Mon Sep 21 15:13:17 2026<stdout>:8649 KSP Residual norm 3.830679816336e-03
Mon Sep 21 15:13:17 2026<stdout>:8650 KSP Residual norm 3.830288829486e-03
Mon Sep 21 15:13:17 2026<stdout>:8651 KSP Residual norm 3.830175490192e-03
Mon Sep 21 15:13:17 2026<stdout>:8652 KSP Residual norm 3.829331140572e-03
Mon Sep 21 15:13:17 2026<stdout>:8653 KSP Residual norm 3.828968157999e-03
Mon Sep 21 15:13:17 2026<stdout>:8654 KSP Residual norm 3.828425128232e-03
Mon Sep 21 15:13:17 2026<stdout>:8655 KSP Residual norm 3.828313073533e-03
Mon Sep 21 15:13:17 2026<stdout>:8656 KSP Residual norm 3.827898810135e-03
Mon Sep 21 15:13:17 2026<stdout>:8657 KSP Residual norm 3.824538247452e-03
Mon Sep 21 15:13:17 2026<stdout>:8658 KSP Residual norm 3.823847005756e-03
Mon Sep 21 15:13:17 2026<stdout>:8659 KSP Residual norm 3.823701070077e-03
Mon Sep 21 15:13:17 2026<stdout>:8660 KSP Residual norm 3.795438178487e-03
Mon Sep 21 15:13:17 2026<stdout>:8661 KSP Residual norm 3.795046248688e-03
Mon Sep 21 15:13:17 2026<stdout>:8662 KSP Residual norm 3.793866012178e-03
Mon Sep 21 15:13:17 2026<stdout>:8663 KSP Residual norm 3.791553903230e-03
Mon Sep 21 15:13:17 2026<stdout>:8664 KSP Residual norm 3.773422174328e-03
Mon Sep 21 15:13:17 2026<stdout>:8665 KSP Residual norm 3.772162436487e-03
Mon Sep 21 15:13:17 2026<stdout>:8666 KSP Residual norm 3.772035599163e-03
Mon Sep 21 15:13:17 2026<stdout>:8667 KSP Residual norm 3.771584915075e-03
Mon Sep 21 15:13:17 2026<stdout>:8668 KSP Residual norm 3.771584335847e-03
Mon Sep 21 15:13:17 2026<stdout>:8669 KSP Residual norm 3.767774458511e-03
Mon Sep 21 15:13:17 2026<stdout>:8670 KSP Residual norm 3.764188833085e-03
Mon Sep 21 15:13:17 2026<stdout>:8671 KSP Residual norm 3.761990295461e-03
Mon Sep 21 15:13:17 2026<stdout>:8672 KSP Residual norm 3.758119351522e-03
Mon Sep 21 15:13:17 2026<stdout>:8673 KSP Residual norm 3.757724463588e-03
Mon Sep 21 15:13:17 2026<stdout>:8674 KSP Residual norm 3.757048424724e-03
Mon Sep 21 15:13:17 2026<stdout>:8675 KSP Residual norm 3.757048420042e-03
Mon Sep 21 15:13:17 2026<stdout>:8676 KSP Residual norm 3.756213470525e-03
Mon Sep 21 15:13:17 2026<stdout>:8677 KSP Residual norm 3.750680570885e-03
Mon Sep 21 15:13:17 2026<stdout>:8678 KSP Residual norm 3.748076218104e-03
Mon Sep 21 15:13:17 2026<stdout>:8679 KSP Residual norm 3.747971082033e-03
Mon Sep 21 15:13:17 2026<stdout>:8680 KSP Residual norm 3.745649226312e-03
Mon Sep 21 15:13:17 2026<stdout>:8681 KSP Residual norm 3.745590825040e-03
Mon Sep 21 15:13:17 2026<stdout>:8682 KSP Residual norm 3.734887949754e-03
Mon Sep 21 15:13:17 2026<stdout>:8683 KSP Residual norm 3.725264724059e-03
Mon Sep 21 15:13:17 2026<stdout>:8684 KSP Residual norm 3.725263987962e-03
Mon Sep 21 15:13:17 2026<stdout>:8685 KSP Residual norm 3.725089209402e-03
Mon Sep 21 15:13:17 2026<stdout>:8686 KSP Residual norm 3.724109481548e-03
Mon Sep 21 15:13:17 2026<stdout>:8687 KSP Residual norm 3.722842014845e-03
Mon Sep 21 15:13:17 2026<stdout>:8688 KSP Residual norm 3.722106838327e-03
Mon Sep 21 15:13:17 2026<stdout>:8689 KSP Residual norm 3.721404577584e-03
Mon Sep 21 15:13:17 2026<stdout>:8690 KSP Residual norm 3.721170545494e-03
Mon Sep 21 15:13:17 2026<stdout>:8691 KSP Residual norm 3.720694477822e-03
Mon Sep 21 15:13:17 2026<stdout>:8692 KSP Residual norm 3.720687296439e-03
Mon Sep 21 15:13:17 2026<stdout>:8693 KSP Residual norm 3.718290818897e-03
Mon Sep 21 15:13:17 2026<stdout>:8694 KSP Residual norm 3.718187936724e-03
Mon Sep 21 15:13:17 2026<stdout>:8695 KSP Residual norm 3.716738134983e-03
Mon Sep 21 15:13:17 2026<stdout>:8696 KSP Residual norm 3.716114294906e-03
Mon Sep 21 15:13:17 2026<stdout>:8697 KSP Residual norm 3.716091939860e-03
Mon Sep 21 15:13:17 2026<stdout>:8698 KSP Residual norm 3.715742770560e-03
Mon Sep 21 15:13:17 2026<stdout>:8699 KSP Residual norm 3.712573956689e-03
Mon Sep 21 15:13:17 2026<stdout>:8700 KSP Residual norm 4.451713861808e-03
Mon Sep 21 15:13:17 2026<stdout>:8701 KSP Residual norm 4.264968917840e-03
Mon Sep 21 15:13:17 2026<stdout>:8702 KSP Residual norm 3.900646356448e-03
Mon Sep 21 15:13:17 2026<stdout>:8703 KSP Residual norm 3.854598514607e-03
Mon Sep 21 15:13:17 2026<stdout>:8704 KSP Residual norm 3.853108999557e-03
Mon Sep 21 15:13:17 2026<stdout>:8705 KSP Residual norm 3.853108964785e-03
Mon Sep 21 15:13:18 2026<stdout>:8706 KSP Residual norm 3.847928024473e-03
Mon Sep 21 15:13:18 2026<stdout>:8707 KSP Residual norm 3.847817126232e-03
Mon Sep 21 15:13:18 2026<stdout>:8708 KSP Residual norm 3.847740219273e-03
Mon Sep 21 15:13:18 2026<stdout>:8709 KSP Residual norm 3.847301210139e-03
Mon Sep 21 15:13:18 2026<stdout>:8710 KSP Residual norm 3.845312599604e-03
Mon Sep 21 15:13:18 2026<stdout>:8711 KSP Residual norm 3.845218809064e-03
Mon Sep 21 15:13:18 2026<stdout>:8712 KSP Residual norm 3.845217808826e-03
Mon Sep 21 15:13:18 2026<stdout>:8713 KSP Residual norm 3.845144207857e-03
Mon Sep 21 15:13:18 2026<stdout>:8714 KSP Residual norm 3.840953016400e-03
Mon Sep 21 15:13:18 2026<stdout>:8715 KSP Residual norm 3.840846418767e-03
Mon Sep 21 15:13:18 2026<stdout>:8716 KSP Residual norm 3.840166310306e-03
Mon Sep 21 15:13:18 2026<stdout>:8717 KSP Residual norm 3.840081478011e-03
Mon Sep 21 15:13:18 2026<stdout>:8718 KSP Residual norm 3.821333230911e-03
Mon Sep 21 15:13:18 2026<stdout>:8719 KSP Residual norm 3.821311340698e-03
Mon Sep 21 15:13:18 2026<stdout>:8720 KSP Residual norm 3.804421065722e-03
Mon Sep 21 15:13:18 2026<stdout>:8721 KSP Residual norm 3.804374470552e-03
Mon Sep 21 15:13:18 2026<stdout>:8722 KSP Residual norm 3.768292417811e-03
Mon Sep 21 15:13:18 2026<stdout>:8723 KSP Residual norm 3.768207958941e-03
Mon Sep 21 15:13:18 2026<stdout>:8724 KSP Residual norm 3.764363922652e-03
Mon Sep 21 15:13:18 2026<stdout>:8725 KSP Residual norm 3.764320134865e-03
Mon Sep 21 15:13:18 2026<stdout>:8726 KSP Residual norm 3.757778898161e-03
Mon Sep 21 15:13:18 2026<stdout>:8727 KSP Residual norm 3.757778519181e-03
Mon Sep 21 15:13:18 2026<stdout>:8728 KSP Residual norm 3.750335667920e-03
Mon Sep 21 15:13:18 2026<stdout>:8729 KSP Residual norm 3.750307607511e-03
Mon Sep 21 15:13:18 2026<stdout>:8730 KSP Residual norm 3.747405485349e-03
Mon Sep 21 15:13:18 2026<stdout>:8731 KSP Residual norm 3.747404085741e-03
Mon Sep 21 15:13:18 2026<stdout>:8732 KSP Residual norm 3.745985151883e-03
Mon Sep 21 15:13:18 2026<stdout>:8733 KSP Residual norm 3.745962153672e-03
Mon Sep 21 15:13:18 2026<stdout>:8734 KSP Residual norm 3.745948325593e-03
Mon Sep 21 15:13:18 2026<stdout>:8735 KSP Residual norm 3.745562752916e-03
Mon Sep 21 15:13:18 2026<stdout>:8736 KSP Residual norm 3.745562310499e-03
Mon Sep 21 15:13:18 2026<stdout>:8737 KSP Residual norm 3.745296072079e-03
Mon Sep 21 15:13:18 2026<stdout>:8738 KSP Residual norm 3.745128230302e-03
Mon Sep 21 15:13:18 2026<stdout>:8739 KSP Residual norm 3.745104898691e-03
Mon Sep 21 15:13:18 2026<stdout>:8740 KSP Residual norm 3.742330062044e-03
Mon Sep 21 15:13:18 2026<stdout>:8741 KSP Residual norm 3.742316211458e-03
Mon Sep 21 15:13:18 2026<stdout>:8742 KSP Residual norm 3.742316037457e-03
Mon Sep 21 15:13:18 2026<stdout>:8743 KSP Residual norm 3.742278579817e-03
Mon Sep 21 15:13:18 2026<stdout>:8744 KSP Residual norm 3.740507195327e-03
Mon Sep 21 15:13:18 2026<stdout>:8745 KSP Residual norm 3.740177595107e-03
Mon Sep 21 15:13:18 2026<stdout>:8746 KSP Residual norm 3.739834140028e-03
Mon Sep 21 15:13:18 2026<stdout>:8747 KSP Residual norm 3.739829532349e-03
Mon Sep 21 15:13:18 2026<stdout>:8748 KSP Residual norm 3.739544565489e-03
Mon Sep 21 15:13:18 2026<stdout>:8749 KSP Residual norm 3.738532956777e-03
Mon Sep 21 15:13:18 2026<stdout>:8750 KSP Residual norm 3.737324856371e-03
Mon Sep 21 15:13:18 2026<stdout>:8751 KSP Residual norm 3.736060833549e-03
Mon Sep 21 15:13:18 2026<stdout>:8752 KSP Residual norm 3.734019397918e-03
Mon Sep 21 15:13:18 2026<stdout>:8753 KSP Residual norm 3.733914048122e-03
Mon Sep 21 15:13:18 2026<stdout>:8754 KSP Residual norm 3.733778869540e-03
Mon Sep 21 15:13:18 2026<stdout>:8755 KSP Residual norm 3.733518555553e-03
Mon Sep 21 15:13:18 2026<stdout>:8756 KSP Residual norm 3.733042837842e-03
Mon Sep 21 15:13:18 2026<stdout>:8757 KSP Residual norm 3.733041747047e-03
Mon Sep 21 15:13:18 2026<stdout>:8758 KSP Residual norm 3.732896398385e-03
Mon Sep 21 15:13:18 2026<stdout>:8759 KSP Residual norm 3.732884409419e-03
Mon Sep 21 15:13:18 2026<stdout>:8760 KSP Residual norm 3.732130720238e-03
Mon Sep 21 15:13:18 2026<stdout>:8761 KSP Residual norm 3.731358079753e-03
Mon Sep 21 15:13:18 2026<stdout>:8762 KSP Residual norm 3.729044437329e-03
Mon Sep 21 15:13:18 2026<stdout>:8763 KSP Residual norm 3.728165858666e-03
Mon Sep 21 15:13:18 2026<stdout>:8764 KSP Residual norm 3.727737998764e-03
Mon Sep 21 15:13:18 2026<stdout>:8765 KSP Residual norm 3.724521396919e-03
Mon Sep 21 15:13:18 2026<stdout>:8766 KSP Residual norm 3.724449637460e-03
Mon Sep 21 15:13:18 2026<stdout>:8767 KSP Residual norm 3.724398179458e-03
Mon Sep 21 15:13:18 2026<stdout>:8768 KSP Residual norm 3.721642847752e-03
Mon Sep 21 15:13:18 2026<stdout>:8769 KSP Residual norm 3.717099818334e-03
Mon Sep 21 15:13:18 2026<stdout>:8770 KSP Residual norm 3.714623063708e-03
Mon Sep 21 15:13:18 2026<stdout>:8771 KSP Residual norm 3.714377105844e-03
Mon Sep 21 15:13:18 2026<stdout>:8772 KSP Residual norm 3.712254884685e-03
Mon Sep 21 15:13:18 2026<stdout>:8773 KSP Residual norm 3.704715155709e-03
Mon Sep 21 15:13:18 2026<stdout>:8774 KSP Residual norm 3.701070281936e-03
Mon Sep 21 15:13:18 2026<stdout>:8775 KSP Residual norm 3.698981503475e-03
Mon Sep 21 15:13:18 2026<stdout>:8776 KSP Residual norm 3.698637181356e-03
Mon Sep 21 15:13:18 2026<stdout>:8777 KSP Residual norm 3.698630019279e-03
Mon Sep 21 15:13:18 2026<stdout>:8778 KSP Residual norm 3.694544483146e-03
Mon Sep 21 15:13:18 2026<stdout>:8779 KSP Residual norm 3.694504333961e-03
Mon Sep 21 15:13:18 2026<stdout>:8780 KSP Residual norm 3.694185226030e-03
Mon Sep 21 15:13:18 2026<stdout>:8781 KSP Residual norm 3.694068694734e-03
Mon Sep 21 15:13:18 2026<stdout>:8782 KSP Residual norm 3.693218987075e-03
Mon Sep 21 15:13:18 2026<stdout>:8783 KSP Residual norm 3.687946404584e-03
Mon Sep 21 15:13:18 2026<stdout>:8784 KSP Residual norm 3.687632555860e-03
Mon Sep 21 15:13:18 2026<stdout>:8785 KSP Residual norm 3.685713254243e-03
Mon Sep 21 15:13:18 2026<stdout>:8786 KSP Residual norm 3.684726949528e-03
Mon Sep 21 15:13:18 2026<stdout>:8787 KSP Residual norm 3.683874629480e-03
Mon Sep 21 15:13:18 2026<stdout>:8788 KSP Residual norm 3.683702442143e-03
Mon Sep 21 15:13:18 2026<stdout>:8789 KSP Residual norm 3.683681630023e-03
Mon Sep 21 15:13:18 2026<stdout>:8790 KSP Residual norm 3.678154623729e-03
Mon Sep 21 15:13:18 2026<stdout>:8791 KSP Residual norm 3.662649405356e-03
Mon Sep 21 15:13:18 2026<stdout>:8792 KSP Residual norm 3.662648909184e-03
Mon Sep 21 15:13:18 2026<stdout>:8793 KSP Residual norm 3.660193008931e-03
Mon Sep 21 15:13:18 2026<stdout>:8794 KSP Residual norm 3.659182400004e-03
Mon Sep 21 15:13:18 2026<stdout>:8795 KSP Residual norm 3.657648890998e-03
Mon Sep 21 15:13:18 2026<stdout>:8796 KSP Residual norm 3.657630995711e-03
Mon Sep 21 15:13:18 2026<stdout>:8797 KSP Residual norm 3.657625961070e-03
Mon Sep 21 15:13:18 2026<stdout>:8798 KSP Residual norm 3.657475243421e-03
Mon Sep 21 15:13:18 2026<stdout>:8799 KSP Residual norm 3.657361164704e-03
Mon Sep 21 15:13:18 2026<stdout>:8800 KSP Residual norm 3.657218687358e-03
Mon Sep 21 15:13:18 2026<stdout>:8801 KSP Residual norm 3.655128345261e-03
Mon Sep 21 15:13:18 2026<stdout>:8802 KSP Residual norm 3.653604422222e-03
Mon Sep 21 15:13:18 2026<stdout>:8803 KSP Residual norm 3.651467044162e-03
Mon Sep 21 15:13:19 2026<stdout>:8804 KSP Residual norm 3.650793274567e-03
Mon Sep 21 15:13:19 2026<stdout>:8805 KSP Residual norm 3.650638151612e-03
Mon Sep 21 15:13:19 2026<stdout>:8806 KSP Residual norm 3.648956106575e-03
Mon Sep 21 15:13:19 2026<stdout>:8807 KSP Residual norm 3.648828339803e-03
Mon Sep 21 15:13:19 2026<stdout>:8808 KSP Residual norm 3.648076955997e-03
Mon Sep 21 15:13:19 2026<stdout>:8809 KSP Residual norm 3.648019658539e-03
Mon Sep 21 15:13:19 2026<stdout>:8810 KSP Residual norm 3.648015166105e-03
Mon Sep 21 15:13:19 2026<stdout>:8811 KSP Residual norm 3.647409867177e-03
Mon Sep 21 15:13:19 2026<stdout>:8812 KSP Residual norm 3.645532700433e-03
Mon Sep 21 15:13:19 2026<stdout>:8813 KSP Residual norm 3.644826087621e-03
Mon Sep 21 15:13:19 2026<stdout>:8814 KSP Residual norm 3.644714063959e-03
Mon Sep 21 15:13:19 2026<stdout>:8815 KSP Residual norm 3.641360653285e-03
Mon Sep 21 15:13:19 2026<stdout>:8816 KSP Residual norm 3.641157048373e-03
Mon Sep 21 15:13:19 2026<stdout>:8817 KSP Residual norm 3.639815793202e-03
Mon Sep 21 15:13:19 2026<stdout>:8818 KSP Residual norm 3.639434208701e-03
Mon Sep 21 15:13:19 2026<stdout>:8819 KSP Residual norm 3.639109904167e-03
Mon Sep 21 15:13:19 2026<stdout>:8820 KSP Residual norm 3.638612938479e-03
Mon Sep 21 15:13:19 2026<stdout>:8821 KSP Residual norm 3.638588040891e-03
Mon Sep 21 15:13:19 2026<stdout>:8822 KSP Residual norm 3.633530499162e-03
Mon Sep 21 15:13:19 2026<stdout>:8823 KSP Residual norm 3.631583234724e-03
Mon Sep 21 15:13:19 2026<stdout>:8824 KSP Residual norm 3.630780926302e-03
Mon Sep 21 15:13:19 2026<stdout>:8825 KSP Residual norm 3.624586598335e-03
Mon Sep 21 15:13:19 2026<stdout>:8826 KSP Residual norm 3.624512323468e-03
Mon Sep 21 15:13:19 2026<stdout>:8827 KSP Residual norm 3.624381595977e-03
Mon Sep 21 15:13:19 2026<stdout>:8828 KSP Residual norm 3.623440436259e-03
Mon Sep 21 15:13:19 2026<stdout>:8829 KSP Residual norm 3.621836443188e-03
Mon Sep 21 15:13:19 2026<stdout>:8830 KSP Residual norm 3.619749237251e-03
Mon Sep 21 15:13:19 2026<stdout>:8831 KSP Residual norm 3.618156058249e-03
Mon Sep 21 15:13:19 2026<stdout>:8832 KSP Residual norm 3.614244514421e-03
Mon Sep 21 15:13:19 2026<stdout>:8833 KSP Residual norm 3.613825227340e-03
Mon Sep 21 15:13:19 2026<stdout>:8834 KSP Residual norm 3.613797433188e-03
Mon Sep 21 15:13:19 2026<stdout>:8835 KSP Residual norm 3.609428254335e-03
Mon Sep 21 15:13:19 2026<stdout>:8836 KSP Residual norm 3.609339741255e-03
Mon Sep 21 15:13:19 2026<stdout>:8837 KSP Residual norm 3.609168884863e-03
Mon Sep 21 15:13:19 2026<stdout>:8838 KSP Residual norm 3.607763977054e-03
Mon Sep 21 15:13:19 2026<stdout>:8839 KSP Residual norm 3.607078321052e-03
Mon Sep 21 15:13:19 2026<stdout>:8840 KSP Residual norm 3.607077957308e-03
Mon Sep 21 15:13:19 2026<stdout>:8841 KSP Residual norm 3.606795235438e-03
Mon Sep 21 15:13:19 2026<stdout>:8842 KSP Residual norm 3.606794753936e-03
Mon Sep 21 15:13:19 2026<stdout>:8843 KSP Residual norm 3.604247358859e-03
Mon Sep 21 15:13:19 2026<stdout>:8844 KSP Residual norm 3.604133175694e-03
Mon Sep 21 15:13:19 2026<stdout>:8845 KSP Residual norm 3.604056042738e-03
Mon Sep 21 15:13:19 2026<stdout>:8846 KSP Residual norm 3.600967510983e-03
Mon Sep 21 15:13:19 2026<stdout>:8847 KSP Residual norm 3.600267469158e-03
Mon Sep 21 15:13:19 2026<stdout>:8848 KSP Residual norm 3.599314744061e-03
Mon Sep 21 15:13:19 2026<stdout>:8849 KSP Residual norm 3.598182201637e-03
Mon Sep 21 15:13:19 2026<stdout>:8850 KSP Residual norm 4.594133672511e-03
Mon Sep 21 15:13:19 2026<stdout>:8851 KSP Residual norm 4.504373894620e-03
Mon Sep 21 15:13:19 2026<stdout>:8852 KSP Residual norm 4.473544954947e-03
Mon Sep 21 15:13:19 2026<stdout>:8853 KSP Residual norm 4.472796163260e-03
Mon Sep 21 15:13:19 2026<stdout>:8854 KSP Residual norm 4.428477886168e-03
Mon Sep 21 15:13:19 2026<stdout>:8855 KSP Residual norm 4.424449060142e-03
Mon Sep 21 15:13:19 2026<stdout>:8856 KSP Residual norm 4.408301287790e-03
Mon Sep 21 15:13:19 2026<stdout>:8857 KSP Residual norm 4.407751780363e-03
Mon Sep 21 15:13:19 2026<stdout>:8858 KSP Residual norm 4.406057279555e-03
Mon Sep 21 15:13:19 2026<stdout>:8859 KSP Residual norm 4.406052513000e-03
Mon Sep 21 15:13:19 2026<stdout>:8860 KSP Residual norm 4.403750909859e-03
Mon Sep 21 15:13:19 2026<stdout>:8861 KSP Residual norm 4.403061302630e-03
Mon Sep 21 15:13:19 2026<stdout>:8862 KSP Residual norm 4.393775124517e-03
Mon Sep 21 15:13:19 2026<stdout>:8863 KSP Residual norm 4.393685568661e-03
Mon Sep 21 15:13:19 2026<stdout>:8864 KSP Residual norm 4.393369628186e-03
Mon Sep 21 15:13:19 2026<stdout>:8865 KSP Residual norm 4.392941362164e-03
Mon Sep 21 15:13:19 2026<stdout>:8866 KSP Residual norm 4.392792118734e-03
Mon Sep 21 15:13:19 2026<stdout>:8867 KSP Residual norm 4.392789265055e-03
Mon Sep 21 15:13:19 2026<stdout>:8868 KSP Residual norm 4.392237562917e-03
Mon Sep 21 15:13:19 2026<stdout>:8869 KSP Residual norm 4.392236771274e-03
Mon Sep 21 15:13:19 2026<stdout>:8870 KSP Residual norm 4.391532314097e-03
Mon Sep 21 15:13:19 2026<stdout>:8871 KSP Residual norm 4.391524473882e-03
Mon Sep 21 15:13:19 2026<stdout>:8872 KSP Residual norm 4.390783914462e-03
Mon Sep 21 15:13:19 2026<stdout>:8873 KSP Residual norm 4.390783499477e-03
Mon Sep 21 15:13:19 2026<stdout>:8874 KSP Residual norm 4.390773459431e-03
Mon Sep 21 15:13:19 2026<stdout>:8875 KSP Residual norm 4.390578901163e-03
Mon Sep 21 15:13:19 2026<stdout>:8876 KSP Residual norm 4.385363198815e-03
Mon Sep 21 15:13:19 2026<stdout>:8877 KSP Residual norm 4.385280486960e-03
Mon Sep 21 15:13:19 2026<stdout>:8878 KSP Residual norm 4.384870019519e-03
Mon Sep 21 15:13:19 2026<stdout>:8879 KSP Residual norm 4.384866205730e-03
Mon Sep 21 15:13:19 2026<stdout>:8880 KSP Residual norm 4.384762188529e-03
Mon Sep 21 15:13:19 2026<stdout>:8881 KSP Residual norm 4.384407554936e-03
Mon Sep 21 15:13:19 2026<stdout>:8882 KSP Residual norm 4.382794517917e-03
Mon Sep 21 15:13:19 2026<stdout>:8883 KSP Residual norm 4.382594829446e-03
Mon Sep 21 15:13:19 2026<stdout>:8884 KSP Residual norm 4.381258264999e-03
Mon Sep 21 15:13:19 2026<stdout>:8885 KSP Residual norm 4.381171319727e-03
Mon Sep 21 15:13:19 2026<stdout>:8886 KSP Residual norm 4.379145955967e-03
Mon Sep 21 15:13:19 2026<stdout>:8887 KSP Residual norm 4.378957327841e-03
Mon Sep 21 15:13:19 2026<stdout>:8888 KSP Residual norm 4.378699668848e-03
Mon Sep 21 15:13:19 2026<stdout>:8889 KSP Residual norm 4.378697032233e-03
Mon Sep 21 15:13:19 2026<stdout>:8890 KSP Residual norm 4.378354231477e-03
Mon Sep 21 15:13:19 2026<stdout>:8891 KSP Residual norm 4.377997282915e-03
Mon Sep 21 15:13:19 2026<stdout>:8892 KSP Residual norm 4.374954273584e-03
Mon Sep 21 15:13:20 2026<stdout>:8893 KSP Residual norm 4.374877930279e-03
Mon Sep 21 15:13:20 2026<stdout>:8894 KSP Residual norm 4.374101300043e-03
Mon Sep 21 15:13:20 2026<stdout>:8895 KSP Residual norm 4.374068770959e-03
Mon Sep 21 15:13:20 2026<stdout>:8896 KSP Residual norm 4.374067273522e-03
Mon Sep 21 15:13:20 2026<stdout>:8897 KSP Residual norm 4.373360590769e-03
Mon Sep 21 15:13:20 2026<stdout>:8898 KSP Residual norm 4.373217005780e-03
Mon Sep 21 15:13:20 2026<stdout>:8899 KSP Residual norm 4.372981586476e-03
Mon Sep 21 15:13:20 2026<stdout>:8900 KSP Residual norm 4.371484126771e-03
Mon Sep 21 15:13:20 2026<stdout>:8901 KSP Residual norm 4.371457110951e-03
Mon Sep 21 15:13:20 2026<stdout>:8902 KSP Residual norm 4.369649479655e-03
Mon Sep 21 15:13:20 2026<stdout>:8903 KSP Residual norm 4.368522588888e-03
Mon Sep 21 15:13:20 2026<stdout>:8904 KSP Residual norm 4.366825172325e-03
Mon Sep 21 15:13:20 2026<stdout>:8905 KSP Residual norm 4.366601024672e-03
Mon Sep 21 15:13:20 2026<stdout>:8906 KSP Residual norm 4.366216946742e-03
Mon Sep 21 15:13:20 2026<stdout>:8907 KSP Residual norm 4.348199673500e-03
Mon Sep 21 15:13:20 2026<stdout>:8908 KSP Residual norm 4.337011380492e-03
Mon Sep 21 15:13:20 2026<stdout>:8909 KSP Residual norm 4.334783438457e-03
Mon Sep 21 15:13:20 2026<stdout>:8910 KSP Residual norm 4.329820451768e-03
Mon Sep 21 15:13:20 2026<stdout>:8911 KSP Residual norm 4.317965004938e-03
Mon Sep 21 15:13:20 2026<stdout>:8912 KSP Residual norm 4.317801462160e-03
Mon Sep 21 15:13:20 2026<stdout>:8913 KSP Residual norm 4.316790626168e-03
Mon Sep 21 15:13:20 2026<stdout>:8914 KSP Residual norm 4.313717701167e-03
Mon Sep 21 15:13:20 2026<stdout>:8915 KSP Residual norm 4.313146866280e-03
Mon Sep 21 15:13:20 2026<stdout>:8916 KSP Residual norm 4.312882342943e-03
Mon Sep 21 15:13:20 2026<stdout>:8917 KSP Residual norm 4.306200895191e-03
Mon Sep 21 15:13:20 2026<stdout>:8918 KSP Residual norm 4.303696908619e-03
Mon Sep 21 15:13:20 2026<stdout>:8919 KSP Residual norm 4.302989406713e-03
Mon Sep 21 15:13:20 2026<stdout>:8920 KSP Residual norm 4.292676101485e-03
Mon Sep 21 15:13:20 2026<stdout>:8921 KSP Residual norm 4.290543866355e-03
Mon Sep 21 15:13:20 2026<stdout>:8922 KSP Residual norm 4.290275281294e-03
Mon Sep 21 15:13:20 2026<stdout>:8923 KSP Residual norm 4.290245235818e-03
Mon Sep 21 15:13:20 2026<stdout>:8924 KSP Residual norm 4.286794663555e-03
Mon Sep 21 15:13:20 2026<stdout>:8925 KSP Residual norm 4.286480660341e-03
Mon Sep 21 15:13:20 2026<stdout>:8926 KSP Residual norm 4.285706883749e-03
Mon Sep 21 15:13:20 2026<stdout>:8927 KSP Residual norm 4.285443371715e-03
Mon Sep 21 15:13:20 2026<stdout>:8928 KSP Residual norm 4.285275857160e-03
Mon Sep 21 15:13:20 2026<stdout>:8929 KSP Residual norm 4.282353713057e-03
Mon Sep 21 15:13:20 2026<stdout>:8930 KSP Residual norm 4.282281487865e-03
Mon Sep 21 15:13:20 2026<stdout>:8931 KSP Residual norm 4.282247997290e-03
Mon Sep 21 15:13:20 2026<stdout>:8932 KSP Residual norm 4.278335696765e-03
Mon Sep 21 15:13:20 2026<stdout>:8933 KSP Residual norm 4.278297793611e-03
Mon Sep 21 15:13:20 2026<stdout>:8934 KSP Residual norm 4.277618147029e-03
Mon Sep 21 15:13:20 2026<stdout>:8935 KSP Residual norm 4.277617666772e-03
Mon Sep 21 15:13:20 2026<stdout>:8936 KSP Residual norm 4.277152455974e-03
Mon Sep 21 15:13:20 2026<stdout>:8937 KSP Residual norm 4.270971517324e-03
Mon Sep 21 15:13:20 2026<stdout>:8938 KSP Residual norm 4.269575474313e-03
Mon Sep 21 15:13:20 2026<stdout>:8939 KSP Residual norm 4.268077199121e-03
Mon Sep 21 15:13:20 2026<stdout>:8940 KSP Residual norm 4.268075211976e-03
Mon Sep 21 15:13:20 2026<stdout>:8941 KSP Residual norm 4.263386540787e-03
Mon Sep 21 15:13:20 2026<stdout>:8942 KSP Residual norm 4.260142193567e-03
Mon Sep 21 15:13:20 2026<stdout>:8943 KSP Residual norm 4.252452650148e-03
Mon Sep 21 15:13:20 2026<stdout>:8944 KSP Residual norm 4.251422392024e-03
Mon Sep 21 15:13:20 2026<stdout>:8945 KSP Residual norm 4.249848870548e-03
Mon Sep 21 15:13:20 2026<stdout>:8946 KSP Residual norm 4.249571518231e-03
Mon Sep 21 15:13:20 2026<stdout>:8947 KSP Residual norm 4.249552270790e-03
Mon Sep 21 15:13:20 2026<stdout>:8948 KSP Residual norm 4.249446635705e-03
Mon Sep 21 15:13:20 2026<stdout>:8949 KSP Residual norm 4.249299375539e-03
Mon Sep 21 15:13:20 2026<stdout>:8950 KSP Residual norm 4.248689650999e-03
Mon Sep 21 15:13:20 2026<stdout>:8951 KSP Residual norm 4.247411296167e-03
Mon Sep 21 15:13:20 2026<stdout>:8952 KSP Residual norm 4.247401026239e-03
Mon Sep 21 15:13:20 2026<stdout>:8953 KSP Residual norm 4.246833902827e-03
Mon Sep 21 15:13:20 2026<stdout>:8954 KSP Residual norm 4.223956182410e-03
Mon Sep 21 15:13:20 2026<stdout>:8955 KSP Residual norm 4.223790918978e-03
Mon Sep 21 15:13:20 2026<stdout>:8956 KSP Residual norm 4.223504196744e-03
Mon Sep 21 15:13:20 2026<stdout>:8957 KSP Residual norm 4.222886612790e-03
Mon Sep 21 15:13:20 2026<stdout>:8958 KSP Residual norm 4.222450280048e-03
Mon Sep 21 15:13:20 2026<stdout>:8959 KSP Residual norm 4.222192316553e-03
Mon Sep 21 15:13:20 2026<stdout>:8960 KSP Residual norm 4.215852203071e-03
Mon Sep 21 15:13:20 2026<stdout>:8961 KSP Residual norm 4.209510556885e-03
Mon Sep 21 15:13:20 2026<stdout>:8962 KSP Residual norm 4.208479756277e-03
Mon Sep 21 15:13:20 2026<stdout>:8963 KSP Residual norm 4.208300707506e-03
Mon Sep 21 15:13:20 2026<stdout>:8964 KSP Residual norm 4.208270002673e-03
Mon Sep 21 15:13:20 2026<stdout>:8965 KSP Residual norm 4.206341890879e-03
Mon Sep 21 15:13:20 2026<stdout>:8966 KSP Residual norm 4.203389627227e-03
Mon Sep 21 15:13:20 2026<stdout>:8967 KSP Residual norm 4.199921944766e-03
Mon Sep 21 15:13:20 2026<stdout>:8968 KSP Residual norm 4.198050823130e-03
Mon Sep 21 15:13:20 2026<stdout>:8969 KSP Residual norm 4.198018663480e-03
Mon Sep 21 15:13:20 2026<stdout>:8970 KSP Residual norm 4.191654888339e-03
Mon Sep 21 15:13:20 2026<stdout>:8971 KSP Residual norm 4.190519554383e-03
Mon Sep 21 15:13:20 2026<stdout>:8972 KSP Residual norm 4.190015017892e-03
Mon Sep 21 15:13:20 2026<stdout>:8973 KSP Residual norm 4.189507878669e-03
Mon Sep 21 15:13:20 2026<stdout>:8974 KSP Residual norm 4.189233039976e-03
Mon Sep 21 15:13:20 2026<stdout>:8975 KSP Residual norm 4.188252003438e-03
Mon Sep 21 15:13:20 2026<stdout>:8976 KSP Residual norm 4.187449008574e-03
Mon Sep 21 15:13:20 2026<stdout>:8977 KSP Residual norm 4.186845255281e-03
Mon Sep 21 15:13:21 2026<stdout>:8978 KSP Residual norm 4.186309834941e-03
Mon Sep 21 15:13:21 2026<stdout>:8979 KSP Residual norm 4.184875315684e-03
Mon Sep 21 15:13:21 2026<stdout>:8980 KSP Residual norm 4.184559743667e-03
Mon Sep 21 15:13:21 2026<stdout>:8981 KSP Residual norm 4.184554623606e-03
Mon Sep 21 15:13:21 2026<stdout>:8982 KSP Residual norm 4.183222007810e-03
Mon Sep 21 15:13:21 2026<stdout>:8983 KSP Residual norm 4.182457367963e-03
Mon Sep 21 15:13:21 2026<stdout>:8984 KSP Residual norm 4.180341502857e-03
Mon Sep 21 15:13:21 2026<stdout>:8985 KSP Residual norm 4.180174433365e-03
Mon Sep 21 15:13:21 2026<stdout>:8986 KSP Residual norm 4.179502941560e-03
Mon Sep 21 15:13:21 2026<stdout>:8987 KSP Residual norm 4.177390403035e-03
Mon Sep 21 15:13:21 2026<stdout>:8988 KSP Residual norm 4.177261529868e-03
Mon Sep 21 15:13:21 2026<stdout>:8989 KSP Residual norm 4.176348915133e-03
Mon Sep 21 15:13:21 2026<stdout>:8990 KSP Residual norm 4.175794930315e-03
Mon Sep 21 15:13:21 2026<stdout>:8991 KSP Residual norm 4.174111877668e-03
Mon Sep 21 15:13:21 2026<stdout>:8992 KSP Residual norm 4.174111765368e-03
Mon Sep 21 15:13:21 2026<stdout>:8993 KSP Residual norm 4.173714651921e-03
Mon Sep 21 15:13:21 2026<stdout>:8994 KSP Residual norm 4.173112933331e-03
Mon Sep 21 15:13:21 2026<stdout>:8995 KSP Residual norm 4.172133866688e-03
Mon Sep 21 15:13:21 2026<stdout>:8996 KSP Residual norm 4.168061388331e-03
Mon Sep 21 15:13:21 2026<stdout>:8997 KSP Residual norm 4.155741157130e-03
Mon Sep 21 15:13:21 2026<stdout>:8998 KSP Residual norm 4.153203822654e-03
Mon Sep 21 15:13:21 2026<stdout>:8999 KSP Residual norm 4.153107779905e-03
Mon Sep 21 15:13:21 2026<stdout>:9000 KSP Residual norm 4.532883873137e-03
Mon Sep 21 15:13:21 2026<stdout>:9001 KSP Residual norm 4.459278696810e-03
Mon Sep 21 15:13:21 2026<stdout>:9002 KSP Residual norm 4.360643768489e-03
Mon Sep 21 15:13:21 2026<stdout>:9003 KSP Residual norm 4.327178082124e-03
Mon Sep 21 15:13:21 2026<stdout>:9004 KSP Residual norm 4.298396558011e-03
Mon Sep 21 15:13:21 2026<stdout>:9005 KSP Residual norm 4.296996287945e-03
Mon Sep 21 15:13:21 2026<stdout>:9006 KSP Residual norm 4.264536747730e-03
Mon Sep 21 15:13:21 2026<stdout>:9007 KSP Residual norm 4.263363868169e-03
Mon Sep 21 15:13:21 2026<stdout>:9008 KSP Residual norm 4.236192497077e-03
Mon Sep 21 15:13:21 2026<stdout>:9009 KSP Residual norm 4.236035303284e-03
Mon Sep 21 15:13:21 2026<stdout>:9010 KSP Residual norm 4.161245355143e-03
Mon Sep 21 15:13:21 2026<stdout>:9011 KSP Residual norm 4.161243805492e-03
Mon Sep 21 15:13:21 2026<stdout>:9012 KSP Residual norm 4.161205437356e-03
Mon Sep 21 15:13:21 2026<stdout>:9013 KSP Residual norm 4.160848150913e-03
Mon Sep 21 15:13:21 2026<stdout>:9014 KSP Residual norm 4.149041894277e-03
Mon Sep 21 15:13:21 2026<stdout>:9015 KSP Residual norm 4.148817260395e-03
Mon Sep 21 15:13:21 2026<stdout>:9016 KSP Residual norm 4.147529484461e-03
Mon Sep 21 15:13:21 2026<stdout>:9017 KSP Residual norm 4.147050520424e-03
Mon Sep 21 15:13:21 2026<stdout>:9018 KSP Residual norm 4.147048658608e-03
Mon Sep 21 15:13:21 2026<stdout>:9019 KSP Residual norm 4.146825310030e-03
Mon Sep 21 15:13:21 2026<stdout>:9020 KSP Residual norm 4.146128655129e-03
Mon Sep 21 15:13:21 2026<stdout>:9021 KSP Residual norm 4.146005872055e-03
Mon Sep 21 15:13:21 2026<stdout>:9022 KSP Residual norm 4.112574796489e-03
Mon Sep 21 15:13:21 2026<stdout>:9023 KSP Residual norm 4.112380408951e-03
Mon Sep 21 15:13:21 2026<stdout>:9024 KSP Residual norm 4.083551144932e-03
Mon Sep 21 15:13:21 2026<stdout>:9025 KSP Residual norm 4.083504459553e-03
Mon Sep 21 15:13:21 2026<stdout>:9026 KSP Residual norm 4.073378988319e-03
Mon Sep 21 15:13:21 2026<stdout>:9027 KSP Residual norm 4.073311342469e-03
Mon Sep 21 15:13:21 2026<stdout>:9028 KSP Residual norm 4.066620551315e-03
Mon Sep 21 15:13:21 2026<stdout>:9029 KSP Residual norm 4.066618837125e-03
Mon Sep 21 15:13:21 2026<stdout>:9030 KSP Residual norm 4.066126864553e-03
Mon Sep 21 15:13:21 2026<stdout>:9031 KSP Residual norm 4.065670294676e-03
Mon Sep 21 15:13:21 2026<stdout>:9032 KSP Residual norm 4.065521525990e-03
Mon Sep 21 15:13:21 2026<stdout>:9033 KSP Residual norm 4.065016389581e-03
Mon Sep 21 15:13:21 2026<stdout>:9034 KSP Residual norm 4.061269447733e-03
Mon Sep 21 15:13:21 2026<stdout>:9035 KSP Residual norm 4.061262960747e-03
Mon Sep 21 15:13:21 2026<stdout>:9036 KSP Residual norm 4.061250804163e-03
Mon Sep 21 15:13:21 2026<stdout>:9037 KSP Residual norm 4.061127192647e-03
Mon Sep 21 15:13:21 2026<stdout>:9038 KSP Residual norm 4.058713142861e-03
Mon Sep 21 15:13:21 2026<stdout>:9039 KSP Residual norm 4.058593842226e-03
Mon Sep 21 15:13:21 2026<stdout>:9040 KSP Residual norm 4.057395080729e-03
Mon Sep 21 15:13:21 2026<stdout>:9041 KSP Residual norm 4.057393593705e-03
Mon Sep 21 15:13:21 2026<stdout>:9042 KSP Residual norm 4.053647789508e-03
Mon Sep 21 15:13:21 2026<stdout>:9043 KSP Residual norm 4.053644964975e-03
Mon Sep 21 15:13:21 2026<stdout>:9044 KSP Residual norm 4.053608465883e-03
Mon Sep 21 15:13:21 2026<stdout>:9045 KSP Residual norm 4.053507522677e-03
Mon Sep 21 15:13:21 2026<stdout>:9046 KSP Residual norm 4.053247606990e-03
Mon Sep 21 15:13:21 2026<stdout>:9047 KSP Residual norm 4.053192584911e-03
Mon Sep 21 15:13:21 2026<stdout>:9048 KSP Residual norm 4.049550215855e-03
Mon Sep 21 15:13:21 2026<stdout>:9049 KSP Residual norm 4.048072420906e-03
Mon Sep 21 15:13:21 2026<stdout>:9050 KSP Residual norm 4.045210810356e-03
Mon Sep 21 15:13:21 2026<stdout>:9051 KSP Residual norm 4.045207557862e-03
Mon Sep 21 15:13:21 2026<stdout>:9052 KSP Residual norm 4.042154197739e-03
Mon Sep 21 15:13:21 2026<stdout>:9053 KSP Residual norm 4.041736180978e-03
Mon Sep 21 15:13:21 2026<stdout>:9054 KSP Residual norm 4.036966199639e-03
Mon Sep 21 15:13:21 2026<stdout>:9055 KSP Residual norm 4.036592669249e-03
Mon Sep 21 15:13:21 2026<stdout>:9056 KSP Residual norm 4.035939217371e-03
Mon Sep 21 15:13:21 2026<stdout>:9057 KSP Residual norm 4.032748868977e-03
Mon Sep 21 15:13:21 2026<stdout>:9058 KSP Residual norm 4.032720126143e-03
Mon Sep 21 15:13:21 2026<stdout>:9059 KSP Residual norm 4.030733985906e-03
Mon Sep 21 15:13:21 2026<stdout>:9060 KSP Residual norm 4.030721108719e-03
Mon Sep 21 15:13:21 2026<stdout>:9061 KSP Residual norm 4.028594834573e-03
Mon Sep 21 15:13:21 2026<stdout>:9062 KSP Residual norm 4.028528194076e-03
Mon Sep 21 15:13:21 2026<stdout>:9063 KSP Residual norm 4.028289723457e-03
Mon Sep 21 15:13:21 2026<stdout>:9064 KSP Residual norm 4.025865047794e-03
Mon Sep 21 15:13:21 2026<stdout>:9065 KSP Residual norm 4.024980085742e-03
Mon Sep 21 15:13:21 2026<stdout>:9066 KSP Residual norm 4.024979831244e-03
Mon Sep 21 15:13:21 2026<stdout>:9067 KSP Residual norm 4.022612442443e-03
Mon Sep 21 15:13:21 2026<stdout>:9068 KSP Residual norm 4.022573696667e-03
Mon Sep 21 15:13:21 2026<stdout>:9069 KSP Residual norm 4.021839977061e-03
Mon Sep 21 15:13:21 2026<stdout>:9070 KSP Residual norm 4.021509393867e-03
Mon Sep 21 15:13:21 2026<stdout>:9071 KSP Residual norm 4.019790781348e-03
Mon Sep 21 15:13:21 2026<stdout>:9072 KSP Residual norm 4.012398763180e-03
Mon Sep 21 15:13:21 2026<stdout>:9073 KSP Residual norm 4.012398179341e-03
Mon Sep 21 15:13:22 2026<stdout>:9074 KSP Residual norm 4.011766077326e-03
Mon Sep 21 15:13:22 2026<stdout>:9075 KSP Residual norm 4.011756169179e-03
Mon Sep 21 15:13:22 2026<stdout>:9076 KSP Residual norm 4.011712746879e-03
Mon Sep 21 15:13:22 2026<stdout>:9077 KSP Residual norm 4.009267671368e-03
Mon Sep 21 15:13:22 2026<stdout>:9078 KSP Residual norm 4.009254311738e-03
Mon Sep 21 15:13:22 2026<stdout>:9079 KSP Residual norm 4.008364388502e-03
Mon Sep 21 15:13:22 2026<stdout>:9080 KSP Residual norm 4.005183111850e-03
Mon Sep 21 15:13:22 2026<stdout>:9081 KSP Residual norm 4.003625983543e-03
Mon Sep 21 15:13:22 2026<stdout>:9082 KSP Residual norm 4.003302682442e-03
Mon Sep 21 15:13:22 2026<stdout>:9083 KSP Residual norm 4.002415754175e-03
Mon Sep 21 15:13:22 2026<stdout>:9084 KSP Residual norm 4.000515067789e-03
Mon Sep 21 15:13:22 2026<stdout>:9085 KSP Residual norm 3.991552840700e-03
Mon Sep 21 15:13:22 2026<stdout>:9086 KSP Residual norm 3.991374403969e-03
Mon Sep 21 15:13:22 2026<stdout>:9087 KSP Residual norm 3.991355762255e-03
Mon Sep 21 15:13:22 2026<stdout>:9088 KSP Residual norm 3.991060327028e-03
Mon Sep 21 15:13:22 2026<stdout>:9089 KSP Residual norm 3.990798124351e-03
Mon Sep 21 15:13:22 2026<stdout>:9090 KSP Residual norm 3.990687504986e-03
Mon Sep 21 15:13:22 2026<stdout>:9091 KSP Residual norm 3.990682264197e-03
Mon Sep 21 15:13:22 2026<stdout>:9092 KSP Residual norm 3.990670373517e-03
Mon Sep 21 15:13:22 2026<stdout>:9093 KSP Residual norm 3.990487539546e-03
Mon Sep 21 15:13:22 2026<stdout>:9094 KSP Residual norm 3.990398187599e-03
Mon Sep 21 15:13:22 2026<stdout>:9095 KSP Residual norm 3.989407695753e-03
Mon Sep 21 15:13:22 2026<stdout>:9096 KSP Residual norm 3.986829645414e-03
Mon Sep 21 15:13:22 2026<stdout>:9097 KSP Residual norm 3.985869323655e-03
Mon Sep 21 15:13:22 2026<stdout>:9098 KSP Residual norm 3.985736399886e-03
Mon Sep 21 15:13:22 2026<stdout>:9099 KSP Residual norm 3.984354226761e-03
Mon Sep 21 15:13:22 2026<stdout>:9100 KSP Residual norm 3.981926802104e-03
Mon Sep 21 15:13:22 2026<stdout>:9101 KSP Residual norm 3.980324414322e-03
Mon Sep 21 15:13:22 2026<stdout>:9102 KSP Residual norm 3.978947921575e-03
Mon Sep 21 15:13:22 2026<stdout>:9103 KSP Residual norm 3.976788853707e-03
Mon Sep 21 15:13:22 2026<stdout>:9104 KSP Residual norm 3.974821666452e-03
Mon Sep 21 15:13:22 2026<stdout>:9105 KSP Residual norm 3.974816593705e-03
Mon Sep 21 15:13:22 2026<stdout>:9106 KSP Residual norm 3.974692651346e-03
Mon Sep 21 15:13:22 2026<stdout>:9107 KSP Residual norm 3.969630039201e-03
Mon Sep 21 15:13:22 2026<stdout>:9108 KSP Residual norm 3.969362982011e-03
Mon Sep 21 15:13:22 2026<stdout>:9109 KSP Residual norm 3.968362591446e-03
Mon Sep 21 15:13:22 2026<stdout>:9110 KSP Residual norm 3.968338380095e-03
Mon Sep 21 15:13:22 2026<stdout>:9111 KSP Residual norm 3.967438666338e-03
Mon Sep 21 15:13:22 2026<stdout>:9112 KSP Residual norm 3.965329183581e-03
Mon Sep 21 15:13:22 2026<stdout>:9113 KSP Residual norm 3.959738904767e-03
Mon Sep 21 15:13:22 2026<stdout>:9114 KSP Residual norm 3.959738904326e-03
Mon Sep 21 15:13:22 2026<stdout>:9115 KSP Residual norm 3.959155979721e-03
Mon Sep 21 15:13:22 2026<stdout>:9116 KSP Residual norm 3.957058062460e-03
Mon Sep 21 15:13:22 2026<stdout>:9117 KSP Residual norm 3.954509951478e-03
Mon Sep 21 15:13:22 2026<stdout>:9118 KSP Residual norm 3.949719375776e-03
Mon Sep 21 15:13:22 2026<stdout>:9119 KSP Residual norm 3.948783198963e-03
Mon Sep 21 15:13:22 2026<stdout>:9120 KSP Residual norm 3.943911463575e-03
Mon Sep 21 15:13:22 2026<stdout>:9121 KSP Residual norm 3.943458009441e-03
Mon Sep 21 15:13:22 2026<stdout>:9122 KSP Residual norm 3.940534031598e-03
Mon Sep 21 15:13:22 2026<stdout>:9123 KSP Residual norm 3.940329353759e-03
Mon Sep 21 15:13:22 2026<stdout>:9124 KSP Residual norm 3.936077317115e-03
Mon Sep 21 15:13:22 2026<stdout>:9125 KSP Residual norm 3.935260403915e-03
Mon Sep 21 15:13:22 2026<stdout>:9126 KSP Residual norm 3.935234551435e-03
Mon Sep 21 15:13:22 2026<stdout>:9127 KSP Residual norm 3.935118640086e-03
Mon Sep 21 15:13:22 2026<stdout>:9128 KSP Residual norm 3.934478141131e-03
Mon Sep 21 15:13:22 2026<stdout>:9129 KSP Residual norm 3.934461720270e-03
Mon Sep 21 15:13:22 2026<stdout>:9130 KSP Residual norm 3.934458732275e-03
Mon Sep 21 15:13:22 2026<stdout>:9131 KSP Residual norm 3.934244728306e-03
Mon Sep 21 15:13:22 2026<stdout>:9132 KSP Residual norm 3.933789660862e-03
Mon Sep 21 15:13:22 2026<stdout>:9133 KSP Residual norm 3.931832683554e-03
Mon Sep 21 15:13:22 2026<stdout>:9134 KSP Residual norm 3.931178431113e-03
Mon Sep 21 15:13:22 2026<stdout>:9135 KSP Residual norm 3.930992204570e-03
Mon Sep 21 15:13:22 2026<stdout>:9136 KSP Residual norm 3.930990207711e-03
Mon Sep 21 15:13:22 2026<stdout>:9137 KSP Residual norm 3.930977710496e-03
Mon Sep 21 15:13:22 2026<stdout>:9138 KSP Residual norm 3.930977445973e-03
Mon Sep 21 15:13:22 2026<stdout>:9139 KSP Residual norm 3.928143062667e-03
Mon Sep 21 15:13:22 2026<stdout>:9140 KSP Residual norm 3.923138062612e-03
Mon Sep 21 15:13:22 2026<stdout>:9141 KSP Residual norm 3.923014532152e-03
Mon Sep 21 15:13:22 2026<stdout>:9142 KSP Residual norm 3.921462056377e-03
Mon Sep 21 15:13:22 2026<stdout>:9143 KSP Residual norm 3.921367900349e-03
Mon Sep 21 15:13:22 2026<stdout>:9144 KSP Residual norm 3.921290886525e-03
Mon Sep 21 15:13:22 2026<stdout>:9145 KSP Residual norm 3.920891000653e-03
Mon Sep 21 15:13:22 2026<stdout>:9146 KSP Residual norm 3.917639581865e-03
Mon Sep 21 15:13:22 2026<stdout>:9147 KSP Residual norm 3.912409447457e-03
Mon Sep 21 15:13:22 2026<stdout>:9148 KSP Residual norm 3.911902253335e-03
Mon Sep 21 15:13:22 2026<stdout>:9149 KSP Residual norm 3.910951626522e-03
Mon Sep 21 15:13:23 2026<stdout>:9150 KSP Residual norm 4.390252309453e-03
Mon Sep 21 15:13:23 2026<stdout>:9151 KSP Residual norm 4.278327985404e-03
Mon Sep 21 15:13:23 2026<stdout>:9152 KSP Residual norm 4.277549697884e-03
Mon Sep 21 15:13:23 2026<stdout>:9153 KSP Residual norm 4.277149715480e-03
Mon Sep 21 15:13:23 2026<stdout>:9154 KSP Residual norm 4.270920847189e-03
Mon Sep 21 15:13:23 2026<stdout>:9155 KSP Residual norm 4.269362423347e-03
Mon Sep 21 15:13:23 2026<stdout>:9156 KSP Residual norm 4.165858622753e-03
Mon Sep 21 15:13:23 2026<stdout>:9157 KSP Residual norm 4.165554394474e-03
Mon Sep 21 15:13:23 2026<stdout>:9158 KSP Residual norm 4.131589335605e-03
Mon Sep 21 15:13:23 2026<stdout>:9159 KSP Residual norm 4.130177933105e-03
Mon Sep 21 15:13:23 2026<stdout>:9160 KSP Residual norm 4.130074512972e-03
Mon Sep 21 15:13:23 2026<stdout>:9161 KSP Residual norm 4.129776744912e-03
Mon Sep 21 15:13:23 2026<stdout>:9162 KSP Residual norm 4.129150712222e-03
Mon Sep 21 15:13:23 2026<stdout>:9163 KSP Residual norm 4.128628606577e-03
Mon Sep 21 15:13:23 2026<stdout>:9164 KSP Residual norm 4.126477578668e-03
Mon Sep 21 15:13:23 2026<stdout>:9165 KSP Residual norm 4.126338925167e-03
Mon Sep 21 15:13:23 2026<stdout>:9166 KSP Residual norm 4.126338093468e-03
Mon Sep 21 15:13:23 2026<stdout>:9167 KSP Residual norm 4.126268400483e-03
Mon Sep 21 15:13:23 2026<stdout>:9168 KSP Residual norm 4.123736697199e-03
Mon Sep 21 15:13:23 2026<stdout>:9169 KSP Residual norm 4.123593451568e-03
Mon Sep 21 15:13:23 2026<stdout>:9170 KSP Residual norm 4.100851193299e-03
Mon Sep 21 15:13:23 2026<stdout>:9171 KSP Residual norm 4.100782613916e-03
Mon Sep 21 15:13:23 2026<stdout>:9172 KSP Residual norm 4.100387194741e-03
Mon Sep 21 15:13:23 2026<stdout>:9173 KSP Residual norm 4.099788225816e-03
Mon Sep 21 15:13:23 2026<stdout>:9174 KSP Residual norm 4.099783663552e-03
Mon Sep 21 15:13:23 2026<stdout>:9175 KSP Residual norm 4.098006789217e-03
Mon Sep 21 15:13:23 2026<stdout>:9176 KSP Residual norm 4.097927240293e-03
Mon Sep 21 15:13:23 2026<stdout>:9177 KSP Residual norm 4.097882185503e-03
Mon Sep 21 15:13:23 2026<stdout>:9178 KSP Residual norm 4.090153232066e-03
Mon Sep 21 15:13:23 2026<stdout>:9179 KSP Residual norm 4.090153231375e-03
Mon Sep 21 15:13:23 2026<stdout>:9180 KSP Residual norm 4.088470435229e-03
Mon Sep 21 15:13:23 2026<stdout>:9181 KSP Residual norm 4.087581091912e-03
Mon Sep 21 15:13:23 2026<stdout>:9182 KSP Residual norm 4.079853197547e-03
Mon Sep 21 15:13:23 2026<stdout>:9183 KSP Residual norm 4.079714955818e-03
Mon Sep 21 15:13:23 2026<stdout>:9184 KSP Residual norm 4.073003169317e-03
Mon Sep 21 15:13:23 2026<stdout>:9185 KSP Residual norm 4.072601904794e-03
Mon Sep 21 15:13:23 2026<stdout>:9186 KSP Residual norm 4.072035719204e-03
Mon Sep 21 15:13:23 2026<stdout>:9187 KSP Residual norm 4.072033347644e-03
Mon Sep 21 15:13:23 2026<stdout>:9188 KSP Residual norm 4.071651428041e-03
Mon Sep 21 15:13:23 2026<stdout>:9189 KSP Residual norm 4.071642199960e-03
Mon Sep 21 15:13:23 2026<stdout>:9190 KSP Residual norm 4.070816799171e-03
Mon Sep 21 15:13:23 2026<stdout>:9191 KSP Residual norm 4.070743734883e-03
Mon Sep 21 15:13:23 2026<stdout>:9192 KSP Residual norm 4.070716672842e-03
Mon Sep 21 15:13:23 2026<stdout>:9193 KSP Residual norm 4.069994390270e-03
Mon Sep 21 15:13:23 2026<stdout>:9194 KSP Residual norm 4.064839188924e-03
Mon Sep 21 15:13:23 2026<stdout>:9195 KSP Residual norm 4.064801819721e-03
Mon Sep 21 15:13:23 2026<stdout>:9196 KSP Residual norm 4.064692158022e-03
Mon Sep 21 15:13:23 2026<stdout>:9197 KSP Residual norm 4.064655757360e-03
Mon Sep 21 15:13:23 2026<stdout>:9198 KSP Residual norm 4.063034139883e-03
Mon Sep 21 15:13:23 2026<stdout>:9199 KSP Residual norm 4.062874871337e-03
Mon Sep 21 15:13:23 2026<stdout>:9200 KSP Residual norm 4.062733141357e-03
Mon Sep 21 15:13:23 2026<stdout>:9201 KSP Residual norm 4.057632179575e-03
Mon Sep 21 15:13:23 2026<stdout>:9202 KSP Residual norm 4.057291728092e-03
Mon Sep 21 15:13:23 2026<stdout>:9203 KSP Residual norm 4.057270646017e-03
Mon Sep 21 15:13:23 2026<stdout>:9204 KSP Residual norm 4.056069470497e-03
Mon Sep 21 15:13:23 2026<stdout>:9205 KSP Residual norm 4.053341089949e-03
Mon Sep 21 15:13:23 2026<stdout>:9206 KSP Residual norm 4.052935163164e-03
Mon Sep 21 15:13:23 2026<stdout>:9207 KSP Residual norm 4.046795454328e-03
Mon Sep 21 15:13:23 2026<stdout>:9208 KSP Residual norm 4.046223093688e-03
Mon Sep 21 15:13:23 2026<stdout>:9209 KSP Residual norm 4.046068848434e-03
Mon Sep 21 15:13:23 2026<stdout>:9210 KSP Residual norm 4.040465855703e-03
Mon Sep 21 15:13:23 2026<stdout>:9211 KSP Residual norm 4.040235717767e-03
Mon Sep 21 15:13:23 2026<stdout>:9212 KSP Residual norm 4.040183306202e-03
Mon Sep 21 15:13:23 2026<stdout>:9213 KSP Residual norm 4.031309815431e-03
Mon Sep 21 15:13:23 2026<stdout>:9214 KSP Residual norm 4.031146370763e-03
Mon Sep 21 15:13:23 2026<stdout>:9215 KSP Residual norm 4.029647713150e-03
Mon Sep 21 15:13:23 2026<stdout>:9216 KSP Residual norm 4.029576343089e-03
Mon Sep 21 15:13:23 2026<stdout>:9217 KSP Residual norm 4.029256433082e-03
Mon Sep 21 15:13:23 2026<stdout>:9218 KSP Residual norm 4.029198140381e-03
Mon Sep 21 15:13:23 2026<stdout>:9219 KSP Residual norm 4.029197013029e-03
Mon Sep 21 15:13:23 2026<stdout>:9220 KSP Residual norm 4.024593538620e-03
Mon Sep 21 15:13:23 2026<stdout>:9221 KSP Residual norm 4.024593276140e-03
Mon Sep 21 15:13:23 2026<stdout>:9222 KSP Residual norm 4.018718590671e-03
Mon Sep 21 15:13:23 2026<stdout>:9223 KSP Residual norm 4.018674447318e-03
Mon Sep 21 15:13:23 2026<stdout>:9224 KSP Residual norm 4.015333087414e-03
Mon Sep 21 15:13:23 2026<stdout>:9225 KSP Residual norm 4.009963272058e-03
Mon Sep 21 15:13:23 2026<stdout>:9226 KSP Residual norm 4.009405033529e-03
Mon Sep 21 15:13:23 2026<stdout>:9227 KSP Residual norm 4.009186897344e-03
Mon Sep 21 15:13:23 2026<stdout>:9228 KSP Residual norm 4.009014301199e-03
Mon Sep 21 15:13:23 2026<stdout>:9229 KSP Residual norm 4.005329042156e-03
Mon Sep 21 15:13:23 2026<stdout>:9230 KSP Residual norm 4.004765840596e-03
Mon Sep 21 15:13:23 2026<stdout>:9231 KSP Residual norm 4.004676962077e-03
Mon Sep 21 15:13:23 2026<stdout>:9232 KSP Residual norm 4.004670066438e-03
Mon Sep 21 15:13:23 2026<stdout>:9233 KSP Residual norm 4.002897135821e-03
Mon Sep 21 15:13:23 2026<stdout>:9234 KSP Residual norm 3.997594136448e-03
Mon Sep 21 15:13:23 2026<stdout>:9235 KSP Residual norm 3.994381463966e-03
Mon Sep 21 15:13:23 2026<stdout>:9236 KSP Residual norm 3.993961211217e-03
Mon Sep 21 15:13:23 2026<stdout>:9237 KSP Residual norm 3.993275857233e-03
Mon Sep 21 15:13:23 2026<stdout>:9238 KSP Residual norm 3.992367360754e-03
Mon Sep 21 15:13:23 2026<stdout>:9239 KSP Residual norm 3.990436130501e-03
Mon Sep 21 15:13:23 2026<stdout>:9240 KSP Residual norm 3.987325819585e-03
Mon Sep 21 15:13:23 2026<stdout>:9241 KSP Residual norm 3.987281213489e-03
Mon Sep 21 15:13:23 2026<stdout>:9242 KSP Residual norm 3.984600329430e-03
Mon Sep 21 15:13:23 2026<stdout>:9243 KSP Residual norm 3.981191159093e-03
Mon Sep 21 15:13:23 2026<stdout>:9244 KSP Residual norm 3.981190944853e-03
Mon Sep 21 15:13:23 2026<stdout>:9245 KSP Residual norm 3.980402643787e-03
Mon Sep 21 15:13:23 2026<stdout>:9246 KSP Residual norm 3.980322267548e-03
Mon Sep 21 15:13:23 2026<stdout>:9247 KSP Residual norm 3.974997021834e-03
Mon Sep 21 15:13:23 2026<stdout>:9248 KSP Residual norm 3.969286367013e-03
Mon Sep 21 15:13:23 2026<stdout>:9249 KSP Residual norm 3.968370286353e-03
Mon Sep 21 15:13:24 2026<stdout>:9250 KSP Residual norm 3.963113262640e-03
Mon Sep 21 15:13:24 2026<stdout>:9251 KSP Residual norm 3.958853309801e-03
Mon Sep 21 15:13:24 2026<stdout>:9252 KSP Residual norm 3.957912099001e-03
Mon Sep 21 15:13:24 2026<stdout>:9253 KSP Residual norm 3.954476820453e-03
Mon Sep 21 15:13:24 2026<stdout>:9254 KSP Residual norm 3.951726660405e-03
Mon Sep 21 15:13:24 2026<stdout>:9255 KSP Residual norm 3.951698077492e-03
Mon Sep 21 15:13:24 2026<stdout>:9256 KSP Residual norm 3.951654269727e-03
Mon Sep 21 15:13:24 2026<stdout>:9257 KSP Residual norm 3.942726912499e-03
Mon Sep 21 15:13:24 2026<stdout>:9258 KSP Residual norm 3.922719301020e-03
Mon Sep 21 15:13:24 2026<stdout>:9259 KSP Residual norm 3.916241325094e-03
Mon Sep 21 15:13:24 2026<stdout>:9260 KSP Residual norm 3.914525268903e-03
Mon Sep 21 15:13:24 2026<stdout>:9261 KSP Residual norm 3.903905959094e-03
Mon Sep 21 15:13:24 2026<stdout>:9262 KSP Residual norm 3.903151846138e-03
Mon Sep 21 15:13:24 2026<stdout>:9263 KSP Residual norm 3.897211870747e-03
Mon Sep 21 15:13:24 2026<stdout>:9264 KSP Residual norm 3.896604706160e-03
Mon Sep 21 15:13:24 2026<stdout>:9265 KSP Residual norm 3.896525818071e-03
Mon Sep 21 15:13:24 2026<stdout>:9266 KSP Residual norm 3.896059399100e-03
Mon Sep 21 15:13:24 2026<stdout>:9267 KSP Residual norm 3.894279340413e-03
Mon Sep 21 15:13:24 2026<stdout>:9268 KSP Residual norm 3.892654047405e-03
Mon Sep 21 15:13:24 2026<stdout>:9269 KSP Residual norm 3.886236293314e-03
Mon Sep 21 15:13:24 2026<stdout>:9270 KSP Residual norm 3.877698019318e-03
Mon Sep 21 15:13:24 2026<stdout>:9271 KSP Residual norm 3.877134606305e-03
Mon Sep 21 15:13:24 2026<stdout>:9272 KSP Residual norm 3.876525554783e-03
Mon Sep 21 15:13:24 2026<stdout>:9273 KSP Residual norm 3.875538889754e-03
Mon Sep 21 15:13:24 2026<stdout>:9274 KSP Residual norm 3.875535717322e-03
Mon Sep 21 15:13:24 2026<stdout>:9275 KSP Residual norm 3.875535270978e-03
Mon Sep 21 15:13:24 2026<stdout>:9276 KSP Residual norm 3.856287448836e-03
Mon Sep 21 15:13:24 2026<stdout>:9277 KSP Residual norm 3.820648431246e-03
Mon Sep 21 15:13:24 2026<stdout>:9278 KSP Residual norm 3.818616373954e-03
Mon Sep 21 15:13:24 2026<stdout>:9279 KSP Residual norm 3.817205287814e-03
Mon Sep 21 15:13:24 2026<stdout>:9280 KSP Residual norm 3.814233071697e-03
Mon Sep 21 15:13:24 2026<stdout>:9281 KSP Residual norm 3.809560719979e-03
Mon Sep 21 15:13:24 2026<stdout>:9282 KSP Residual norm 3.809536644853e-03
Mon Sep 21 15:13:24 2026<stdout>:9283 KSP Residual norm 3.809524406356e-03
Mon Sep 21 15:13:24 2026<stdout>:9284 KSP Residual norm 3.809394817633e-03
Mon Sep 21 15:13:24 2026<stdout>:9285 KSP Residual norm 3.808500043209e-03
Mon Sep 21 15:13:24 2026<stdout>:9286 KSP Residual norm 3.808477886852e-03
Mon Sep 21 15:13:24 2026<stdout>:9287 KSP Residual norm 3.797617112492e-03
Mon Sep 21 15:13:24 2026<stdout>:9288 KSP Residual norm 3.796582895056e-03
Mon Sep 21 15:13:24 2026<stdout>:9289 KSP Residual norm 3.791925959112e-03
Mon Sep 21 15:13:24 2026<stdout>:9290 KSP Residual norm 3.791375455948e-03
Mon Sep 21 15:13:24 2026<stdout>:9291 KSP Residual norm 3.791366128414e-03
Mon Sep 21 15:13:24 2026<stdout>:9292 KSP Residual norm 3.790728945018e-03
Mon Sep 21 15:13:24 2026<stdout>:9293 KSP Residual norm 3.786017858472e-03
Mon Sep 21 15:13:24 2026<stdout>:9294 KSP Residual norm 3.785807930526e-03
Mon Sep 21 15:13:24 2026<stdout>:9295 KSP Residual norm 3.785551562574e-03
Mon Sep 21 15:13:24 2026<stdout>:9296 KSP Residual norm 3.784290691554e-03
Mon Sep 21 15:13:24 2026<stdout>:9297 KSP Residual norm 3.781461010025e-03
Mon Sep 21 15:13:24 2026<stdout>:9298 KSP Residual norm 3.778198794019e-03
Mon Sep 21 15:13:24 2026<stdout>:9299 KSP Residual norm 3.777440079634e-03
Mon Sep 21 15:13:24 2026<stdout>:9300 KSP Residual norm 4.410485242495e-03
Mon Sep 21 15:13:24 2026<stdout>:9301 KSP Residual norm 4.341658465393e-03
Mon Sep 21 15:13:24 2026<stdout>:9302 KSP Residual norm 4.321517221238e-03
Mon Sep 21 15:13:24 2026<stdout>:9303 KSP Residual norm 4.317331953353e-03
Mon Sep 21 15:13:24 2026<stdout>:9304 KSP Residual norm 4.309455636416e-03
Mon Sep 21 15:13:24 2026<stdout>:9305 KSP Residual norm 4.308706337784e-03
Mon Sep 21 15:13:24 2026<stdout>:9306 KSP Residual norm 4.306604488447e-03
Mon Sep 21 15:13:24 2026<stdout>:9307 KSP Residual norm 4.306602929521e-03
Mon Sep 21 15:13:24 2026<stdout>:9308 KSP Residual norm 4.301919260283e-03
Mon Sep 21 15:13:24 2026<stdout>:9309 KSP Residual norm 4.301865590970e-03
Mon Sep 21 15:13:24 2026<stdout>:9310 KSP Residual norm 4.299345014971e-03
Mon Sep 21 15:13:24 2026<stdout>:9311 KSP Residual norm 4.299219035842e-03
Mon Sep 21 15:13:24 2026<stdout>:9312 KSP Residual norm 4.296342910913e-03
Mon Sep 21 15:13:24 2026<stdout>:9313 KSP Residual norm 4.296100858788e-03
Mon Sep 21 15:13:24 2026<stdout>:9314 KSP Residual norm 4.296097875886e-03
Mon Sep 21 15:13:24 2026<stdout>:9315 KSP Residual norm 4.295682768959e-03
Mon Sep 21 15:13:24 2026<stdout>:9316 KSP Residual norm 4.292384208038e-03
Mon Sep 21 15:13:24 2026<stdout>:9317 KSP Residual norm 4.292292958570e-03
Mon Sep 21 15:13:24 2026<stdout>:9318 KSP Residual norm 4.289860841041e-03
Mon Sep 21 15:13:24 2026<stdout>:9319 KSP Residual norm 4.289675333503e-03
Mon Sep 21 15:13:24 2026<stdout>:9320 KSP Residual norm 4.288293796630e-03
Mon Sep 21 15:13:24 2026<stdout>:9321 KSP Residual norm 4.288291331193e-03
Mon Sep 21 15:13:24 2026<stdout>:9322 KSP Residual norm 4.281243506488e-03
Mon Sep 21 15:13:24 2026<stdout>:9323 KSP Residual norm 4.281195084112e-03
Mon Sep 21 15:13:24 2026<stdout>:9324 KSP Residual norm 4.279377363605e-03
Mon Sep 21 15:13:24 2026<stdout>:9325 KSP Residual norm 4.279083734591e-03
Mon Sep 21 15:13:24 2026<stdout>:9326 KSP Residual norm 4.276379910538e-03
Mon Sep 21 15:13:24 2026<stdout>:9327 KSP Residual norm 4.276376449008e-03
Mon Sep 21 15:13:24 2026<stdout>:9328 KSP Residual norm 4.276374329645e-03
Mon Sep 21 15:13:24 2026<stdout>:9329 KSP Residual norm 4.276157264438e-03
Mon Sep 21 15:13:24 2026<stdout>:9330 KSP Residual norm 4.274712553130e-03
Mon Sep 21 15:13:24 2026<stdout>:9331 KSP Residual norm 4.274029190505e-03
Mon Sep 21 15:13:24 2026<stdout>:9332 KSP Residual norm 4.265782283916e-03
Mon Sep 21 15:13:24 2026<stdout>:9333 KSP Residual norm 4.265782190122e-03
Mon Sep 21 15:13:24 2026<stdout>:9334 KSP Residual norm 4.264118659617e-03
Mon Sep 21 15:13:24 2026<stdout>:9335 KSP Residual norm 4.264111692299e-03
Mon Sep 21 15:13:24 2026<stdout>:9336 KSP Residual norm 4.262246923376e-03
Mon Sep 21 15:13:24 2026<stdout>:9337 KSP Residual norm 4.261349801024e-03
Mon Sep 21 15:13:24 2026<stdout>:9338 KSP Residual norm 4.258221895550e-03
Mon Sep 21 15:13:25 2026<stdout>:9339 KSP Residual norm 4.258203000442e-03
Mon Sep 21 15:13:25 2026<stdout>:9340 KSP Residual norm 4.258142195028e-03
Mon Sep 21 15:13:25 2026<stdout>:9341 KSP Residual norm 4.257968608381e-03
Mon Sep 21 15:13:25 2026<stdout>:9342 KSP Residual norm 4.257097976190e-03
Mon Sep 21 15:13:25 2026<stdout>:9343 KSP Residual norm 4.257049914309e-03
Mon Sep 21 15:13:25 2026<stdout>:9344 KSP Residual norm 4.254294951944e-03
Mon Sep 21 15:13:25 2026<stdout>:9345 KSP Residual norm 4.254260224893e-03
Mon Sep 21 15:13:25 2026<stdout>:9346 KSP Residual norm 4.254160624277e-03
Mon Sep 21 15:13:25 2026<stdout>:9347 KSP Residual norm 4.253444729382e-03
Mon Sep 21 15:13:25 2026<stdout>:9348 KSP Residual norm 4.253374289599e-03
Mon Sep 21 15:13:25 2026<stdout>:9349 KSP Residual norm 4.251601417448e-03
Mon Sep 21 15:13:25 2026<stdout>:9350 KSP Residual norm 4.251307927170e-03
Mon Sep 21 15:13:25 2026<stdout>:9351 KSP Residual norm 4.250854902587e-03
Mon Sep 21 15:13:25 2026<stdout>:9352 KSP Residual norm 4.250732139308e-03
Mon Sep 21 15:13:25 2026<stdout>:9353 KSP Residual norm 4.250492616611e-03
Mon Sep 21 15:13:25 2026<stdout>:9354 KSP Residual norm 4.248560384356e-03
Mon Sep 21 15:13:25 2026<stdout>:9355 KSP Residual norm 4.247106974483e-03
Mon Sep 21 15:13:25 2026<stdout>:9356 KSP Residual norm 4.247038562945e-03
Mon Sep 21 15:13:25 2026<stdout>:9357 KSP Residual norm 4.237620876424e-03
Mon Sep 21 15:13:25 2026<stdout>:9358 KSP Residual norm 4.237461430106e-03
Mon Sep 21 15:13:25 2026<stdout>:9359 KSP Residual norm 4.227320377407e-03
Mon Sep 21 15:13:25 2026<stdout>:9360 KSP Residual norm 4.224509167022e-03
Mon Sep 21 15:13:25 2026<stdout>:9361 KSP Residual norm 4.222240142392e-03
Mon Sep 21 15:13:25 2026<stdout>:9362 KSP Residual norm 4.221392787100e-03
Mon Sep 21 15:13:25 2026<stdout>:9363 KSP Residual norm 4.221316440443e-03
Mon Sep 21 15:13:25 2026<stdout>:9364 KSP Residual norm 4.218740167845e-03
Mon Sep 21 15:13:25 2026<stdout>:9365 KSP Residual norm 4.194793562411e-03
Mon Sep 21 15:13:25 2026<stdout>:9366 KSP Residual norm 4.194517494231e-03
Mon Sep 21 15:13:25 2026<stdout>:9367 KSP Residual norm 4.194187459404e-03
Mon Sep 21 15:13:25 2026<stdout>:9368 KSP Residual norm 4.193914391032e-03
Mon Sep 21 15:13:25 2026<stdout>:9369 KSP Residual norm 4.192442811401e-03
Mon Sep 21 15:13:25 2026<stdout>:9370 KSP Residual norm 4.192089245343e-03
Mon Sep 21 15:13:25 2026<stdout>:9371 KSP Residual norm 4.191146479751e-03
Mon Sep 21 15:13:25 2026<stdout>:9372 KSP Residual norm 4.191059549525e-03
Mon Sep 21 15:13:25 2026<stdout>:9373 KSP Residual norm 4.185874681352e-03
Mon Sep 21 15:13:25 2026<stdout>:9374 KSP Residual norm 4.183742220955e-03
Mon Sep 21 15:13:25 2026<stdout>:9375 KSP Residual norm 4.183076592737e-03
Mon Sep 21 15:13:25 2026<stdout>:9376 KSP Residual norm 4.181959449020e-03
Mon Sep 21 15:13:25 2026<stdout>:9377 KSP Residual norm 4.181121134978e-03
Mon Sep 21 15:13:25 2026<stdout>:9378 KSP Residual norm 4.175347094404e-03
Mon Sep 21 15:13:25 2026<stdout>:9379 KSP Residual norm 4.156954830340e-03
Mon Sep 21 15:13:25 2026<stdout>:9380 KSP Residual norm 4.156725510263e-03
Mon Sep 21 15:13:25 2026<stdout>:9381 KSP Residual norm 4.154423181097e-03
Mon Sep 21 15:13:25 2026<stdout>:9382 KSP Residual norm 4.142790667939e-03
Mon Sep 21 15:13:25 2026<stdout>:9383 KSP Residual norm 4.142477130937e-03
Mon Sep 21 15:13:25 2026<stdout>:9384 KSP Residual norm 4.142446365740e-03
Mon Sep 21 15:13:25 2026<stdout>:9385 KSP Residual norm 4.142418327610e-03
Mon Sep 21 15:13:25 2026<stdout>:9386 KSP Residual norm 4.139921849695e-03
Mon Sep 21 15:13:25 2026<stdout>:9387 KSP Residual norm 4.139919340026e-03
Mon Sep 21 15:13:25 2026<stdout>:9388 KSP Residual norm 4.136738956495e-03
Mon Sep 21 15:13:25 2026<stdout>:9389 KSP Residual norm 4.136087012677e-03
Mon Sep 21 15:13:25 2026<stdout>:9390 KSP Residual norm 4.131588714990e-03
Mon Sep 21 15:13:25 2026<stdout>:9391 KSP Residual norm 4.131108352790e-03
Mon Sep 21 15:13:25 2026<stdout>:9392 KSP Residual norm 4.131052212331e-03
Mon Sep 21 15:13:25 2026<stdout>:9393 KSP Residual norm 4.128319800012e-03
Mon Sep 21 15:13:25 2026<stdout>:9394 KSP Residual norm 4.128266591747e-03
Mon Sep 21 15:13:25 2026<stdout>:9395 KSP Residual norm 4.126411422467e-03
Mon Sep 21 15:13:25 2026<stdout>:9396 KSP Residual norm 4.126099415325e-03
Mon Sep 21 15:13:25 2026<stdout>:9397 KSP Residual norm 4.112875175853e-03
Mon Sep 21 15:13:25 2026<stdout>:9398 KSP Residual norm 4.111875470610e-03
Mon Sep 21 15:13:25 2026<stdout>:9399 KSP Residual norm 4.111851958621e-03
Mon Sep 21 15:13:25 2026<stdout>:9400 KSP Residual norm 4.111843489812e-03
Mon Sep 21 15:13:25 2026<stdout>:9401 KSP Residual norm 4.111842932916e-03
Mon Sep 21 15:13:25 2026<stdout>:9402 KSP Residual norm 4.111455518160e-03
Mon Sep 21 15:13:25 2026<stdout>:9403 KSP Residual norm 4.110711862192e-03
Mon Sep 21 15:13:25 2026<stdout>:9404 KSP Residual norm 4.109954986550e-03
Mon Sep 21 15:13:25 2026<stdout>:9405 KSP Residual norm 4.108071713734e-03
Mon Sep 21 15:13:25 2026<stdout>:9406 KSP Residual norm 4.106297790881e-03
Mon Sep 21 15:13:25 2026<stdout>:9407 KSP Residual norm 4.106119292968e-03
Mon Sep 21 15:13:25 2026<stdout>:9408 KSP Residual norm 4.105478123728e-03
Mon Sep 21 15:13:25 2026<stdout>:9409 KSP Residual norm 4.104266158468e-03
Mon Sep 21 15:13:25 2026<stdout>:9410 KSP Residual norm 4.094148277223e-03
Mon Sep 21 15:13:25 2026<stdout>:9411 KSP Residual norm 4.093091781131e-03
Mon Sep 21 15:13:25 2026<stdout>:9412 KSP Residual norm 4.092315943213e-03
Mon Sep 21 15:13:25 2026<stdout>:9413 KSP Residual norm 4.091764051436e-03
Mon Sep 21 15:13:25 2026<stdout>:9414 KSP Residual norm 4.091459334380e-03
Mon Sep 21 15:13:25 2026<stdout>:9415 KSP Residual norm 4.090924711007e-03
Mon Sep 21 15:13:25 2026<stdout>:9416 KSP Residual norm 4.090507347060e-03
Mon Sep 21 15:13:25 2026<stdout>:9417 KSP Residual norm 4.084972445847e-03
Mon Sep 21 15:13:25 2026<stdout>:9418 KSP Residual norm 4.084950281423e-03
Mon Sep 21 15:13:25 2026<stdout>:9419 KSP Residual norm 4.084198230339e-03
Mon Sep 21 15:13:25 2026<stdout>:9420 KSP Residual norm 4.080513597475e-03
Mon Sep 21 15:13:25 2026<stdout>:9421 KSP Residual norm 4.007212142950e-03
Mon Sep 21 15:13:25 2026<stdout>:9422 KSP Residual norm 4.001521474965e-03
Mon Sep 21 15:13:25 2026<stdout>:9423 KSP Residual norm 4.001215436590e-03
Mon Sep 21 15:13:25 2026<stdout>:9424 KSP Residual norm 3.996721243362e-03
Mon Sep 21 15:13:25 2026<stdout>:9425 KSP Residual norm 3.996590290291e-03
Mon Sep 21 15:13:26 2026<stdout>:9426 KSP Residual norm 3.996569725481e-03
Mon Sep 21 15:13:26 2026<stdout>:9427 KSP Residual norm 3.994647002128e-03
Mon Sep 21 15:13:26 2026<stdout>:9428 KSP Residual norm 3.992500206342e-03
Mon Sep 21 15:13:26 2026<stdout>:9429 KSP Residual norm 3.991755851820e-03
Mon Sep 21 15:13:26 2026<stdout>:9430 KSP Residual norm 3.991336332699e-03
Mon Sep 21 15:13:26 2026<stdout>:9431 KSP Residual norm 3.991323656200e-03
Mon Sep 21 15:13:26 2026<stdout>:9432 KSP Residual norm 3.988634225280e-03
Mon Sep 21 15:13:26 2026<stdout>:9433 KSP Residual norm 3.982860723977e-03
Mon Sep 21 15:13:26 2026<stdout>:9434 KSP Residual norm 3.976403269333e-03
Mon Sep 21 15:13:26 2026<stdout>:9435 KSP Residual norm 3.971856973429e-03
Mon Sep 21 15:13:26 2026<stdout>:9436 KSP Residual norm 3.971324616684e-03
Mon Sep 21 15:13:26 2026<stdout>:9437 KSP Residual norm 3.968537354414e-03
Mon Sep 21 15:13:26 2026<stdout>:9438 KSP Residual norm 3.962930434951e-03
Mon Sep 21 15:13:26 2026<stdout>:9439 KSP Residual norm 3.961891094013e-03
Mon Sep 21 15:13:26 2026<stdout>:9440 KSP Residual norm 3.961634108038e-03
Mon Sep 21 15:13:26 2026<stdout>:9441 KSP Residual norm 3.961125395376e-03
Mon Sep 21 15:13:26 2026<stdout>:9442 KSP Residual norm 3.959972439911e-03
Mon Sep 21 15:13:26 2026<stdout>:9443 KSP Residual norm 3.955050949431e-03
Mon Sep 21 15:13:26 2026<stdout>:9444 KSP Residual norm 3.951964706668e-03
Mon Sep 21 15:13:26 2026<stdout>:9445 KSP Residual norm 3.950373285482e-03
Mon Sep 21 15:13:26 2026<stdout>:9446 KSP Residual norm 3.950071092576e-03
Mon Sep 21 15:13:26 2026<stdout>:9447 KSP Residual norm 3.949696671095e-03
Mon Sep 21 15:13:26 2026<stdout>:9448 KSP Residual norm 3.948351985425e-03
Mon Sep 21 15:13:26 2026<stdout>:9449 KSP Residual norm 3.948350418687e-03
Mon Sep 21 15:13:26 2026<stdout>:9450 KSP Residual norm 4.349018829540e-03
Mon Sep 21 15:13:26 2026<stdout>:9451 KSP Residual norm 4.292887930193e-03
Mon Sep 21 15:13:26 2026<stdout>:9452 KSP Residual norm 4.292761887379e-03
Mon Sep 21 15:13:26 2026<stdout>:9453 KSP Residual norm 4.291783096670e-03
Mon Sep 21 15:13:26 2026<stdout>:9454 KSP Residual norm 4.269930957661e-03
Mon Sep 21 15:13:26 2026<stdout>:9455 KSP Residual norm 4.268045040656e-03
Mon Sep 21 15:13:26 2026<stdout>:9456 KSP Residual norm 4.260256513004e-03
Mon Sep 21 15:13:26 2026<stdout>:9457 KSP Residual norm 4.260114195055e-03
Mon Sep 21 15:13:26 2026<stdout>:9458 KSP Residual norm 4.259859402705e-03
Mon Sep 21 15:13:26 2026<stdout>:9459 KSP Residual norm 4.259379416764e-03
Mon Sep 21 15:13:26 2026<stdout>:9460 KSP Residual norm 4.259346797746e-03
Mon Sep 21 15:13:26 2026<stdout>:9461 KSP Residual norm 4.258594781532e-03
Mon Sep 21 15:13:26 2026<stdout>:9462 KSP Residual norm 4.249121033667e-03
Mon Sep 21 15:13:26 2026<stdout>:9463 KSP Residual norm 4.249085234074e-03
Mon Sep 21 15:13:26 2026<stdout>:9464 KSP Residual norm 4.236578535582e-03
Mon Sep 21 15:13:26 2026<stdout>:9465 KSP Residual norm 4.236511101577e-03
Mon Sep 21 15:13:26 2026<stdout>:9466 KSP Residual norm 4.225430130947e-03
Mon Sep 21 15:13:26 2026<stdout>:9467 KSP Residual norm 4.225231081805e-03
Mon Sep 21 15:13:26 2026<stdout>:9468 KSP Residual norm 4.225050106902e-03
Mon Sep 21 15:13:26 2026<stdout>:9469 KSP Residual norm 4.225049240699e-03
Mon Sep 21 15:13:26 2026<stdout>:9470 KSP Residual norm 4.221025579406e-03
Mon Sep 21 15:13:26 2026<stdout>:9471 KSP Residual norm 4.220869622159e-03
Mon Sep 21 15:13:26 2026<stdout>:9472 KSP Residual norm 4.219508037794e-03
Mon Sep 21 15:13:26 2026<stdout>:9473 KSP Residual norm 4.219493404982e-03
Mon Sep 21 15:13:26 2026<stdout>:9474 KSP Residual norm 4.217390220332e-03
Mon Sep 21 15:13:26 2026<stdout>:9475 KSP Residual norm 4.217002566118e-03
Mon Sep 21 15:13:26 2026<stdout>:9476 KSP Residual norm 4.216944599498e-03
Mon Sep 21 15:13:26 2026<stdout>:9477 KSP Residual norm 4.216944476500e-03
Mon Sep 21 15:13:26 2026<stdout>:9478 KSP Residual norm 4.216626139502e-03
Mon Sep 21 15:13:26 2026<stdout>:9479 KSP Residual norm 4.216113270919e-03
Mon Sep 21 15:13:26 2026<stdout>:9480 KSP Residual norm 4.214967163354e-03
Mon Sep 21 15:13:26 2026<stdout>:9481 KSP Residual norm 4.214963359607e-03
Mon Sep 21 15:13:26 2026<stdout>:9482 KSP Residual norm 4.213086420796e-03
Mon Sep 21 15:13:26 2026<stdout>:9483 KSP Residual norm 4.213081080216e-03
Mon Sep 21 15:13:26 2026<stdout>:9484 KSP Residual norm 4.212834548079e-03
Mon Sep 21 15:13:26 2026<stdout>:9485 KSP Residual norm 4.212444962705e-03
Mon Sep 21 15:13:26 2026<stdout>:9486 KSP Residual norm 4.207841871428e-03
Mon Sep 21 15:13:26 2026<stdout>:9487 KSP Residual norm 4.207779070473e-03
Mon Sep 21 15:13:26 2026<stdout>:9488 KSP Residual norm 4.207103686437e-03
Mon Sep 21 15:13:26 2026<stdout>:9489 KSP Residual norm 4.206950205655e-03
Mon Sep 21 15:13:26 2026<stdout>:9490 KSP Residual norm 4.206579857155e-03
Mon Sep 21 15:13:26 2026<stdout>:9491 KSP Residual norm 4.206566701887e-03
Mon Sep 21 15:13:26 2026<stdout>:9492 KSP Residual norm 4.204801363942e-03
Mon Sep 21 15:13:26 2026<stdout>:9493 KSP Residual norm 4.204801054406e-03
Mon Sep 21 15:13:26 2026<stdout>:9494 KSP Residual norm 4.202794460860e-03
Mon Sep 21 15:13:26 2026<stdout>:9495 KSP Residual norm 4.202686169961e-03
Mon Sep 21 15:13:26 2026<stdout>:9496 KSP Residual norm 4.202041046805e-03
Mon Sep 21 15:13:26 2026<stdout>:9497 KSP Residual norm 4.199099006843e-03
Mon Sep 21 15:13:26 2026<stdout>:9498 KSP Residual norm 4.196456871702e-03
Mon Sep 21 15:13:26 2026<stdout>:9499 KSP Residual norm 4.195523220234e-03
Mon Sep 21 15:13:26 2026<stdout>:9500 KSP Residual norm 4.195146946775e-03
Mon Sep 21 15:13:26 2026<stdout>:9501 KSP Residual norm 4.195124339870e-03
Mon Sep 21 15:13:26 2026<stdout>:9502 KSP Residual norm 4.195010569028e-03
Mon Sep 21 15:13:26 2026<stdout>:9503 KSP Residual norm 4.194658975551e-03
Mon Sep 21 15:13:26 2026<stdout>:9504 KSP Residual norm 4.194608966897e-03
Mon Sep 21 15:13:26 2026<stdout>:9505 KSP Residual norm 4.194520274750e-03
Mon Sep 21 15:13:26 2026<stdout>:9506 KSP Residual norm 4.191622617707e-03
Mon Sep 21 15:13:26 2026<stdout>:9507 KSP Residual norm 4.190535053670e-03
Mon Sep 21 15:13:26 2026<stdout>:9508 KSP Residual norm 4.189592247277e-03
Mon Sep 21 15:13:26 2026<stdout>:9509 KSP Residual norm 4.189271432881e-03
Mon Sep 21 15:13:26 2026<stdout>:9510 KSP Residual norm 4.189100503309e-03
Mon Sep 21 15:13:26 2026<stdout>:9511 KSP Residual norm 4.188879042213e-03
Mon Sep 21 15:13:26 2026<stdout>:9512 KSP Residual norm 4.187699074300e-03
Mon Sep 21 15:13:26 2026<stdout>:9513 KSP Residual norm 4.187466579127e-03
Mon Sep 21 15:13:26 2026<stdout>:9514 KSP Residual norm 4.186359270663e-03
Mon Sep 21 15:13:26 2026<stdout>:9515 KSP Residual norm 4.164424235709e-03
Mon Sep 21 15:13:26 2026<stdout>:9516 KSP Residual norm 4.164368905357e-03
Mon Sep 21 15:13:26 2026<stdout>:9517 KSP Residual norm 4.160429029637e-03
Mon Sep 21 15:13:26 2026<stdout>:9518 KSP Residual norm 4.159308907698e-03
Mon Sep 21 15:13:26 2026<stdout>:9519 KSP Residual norm 4.156839344856e-03
Mon Sep 21 15:13:26 2026<stdout>:9520 KSP Residual norm 4.156638908327e-03
Mon Sep 21 15:13:27 2026<stdout>:9521 KSP Residual norm 4.155575777590e-03
Mon Sep 21 15:13:27 2026<stdout>:9522 KSP Residual norm 4.155546991426e-03
Mon Sep 21 15:13:27 2026<stdout>:9523 KSP Residual norm 4.155541329311e-03
Mon Sep 21 15:13:27 2026<stdout>:9524 KSP Residual norm 4.153198860674e-03
Mon Sep 21 15:13:27 2026<stdout>:9525 KSP Residual norm 4.153002835278e-03
Mon Sep 21 15:13:27 2026<stdout>:9526 KSP Residual norm 4.152056470882e-03
Mon Sep 21 15:13:27 2026<stdout>:9527 KSP Residual norm 4.151220142341e-03
Mon Sep 21 15:13:27 2026<stdout>:9528 KSP Residual norm 4.151189479863e-03
Mon Sep 21 15:13:27 2026<stdout>:9529 KSP Residual norm 4.150170116196e-03
Mon Sep 21 15:13:27 2026<stdout>:9530 KSP Residual norm 4.149472448629e-03
Mon Sep 21 15:13:27 2026<stdout>:9531 KSP Residual norm 4.145710944531e-03
Mon Sep 21 15:13:27 2026<stdout>:9532 KSP Residual norm 4.145570064062e-03
Mon Sep 21 15:13:27 2026<stdout>:9533 KSP Residual norm 4.139861215567e-03
Mon Sep 21 15:13:27 2026<stdout>:9534 KSP Residual norm 4.138363382203e-03
Mon Sep 21 15:13:27 2026<stdout>:9535 KSP Residual norm 4.136277291281e-03
Mon Sep 21 15:13:27 2026<stdout>:9536 KSP Residual norm 4.135706940376e-03
Mon Sep 21 15:13:27 2026<stdout>:9537 KSP Residual norm 4.135264023947e-03
Mon Sep 21 15:13:27 2026<stdout>:9538 KSP Residual norm 4.135247994182e-03
Mon Sep 21 15:13:27 2026<stdout>:9539 KSP Residual norm 4.134603460743e-03
Mon Sep 21 15:13:27 2026<stdout>:9540 KSP Residual norm 4.134310083536e-03
Mon Sep 21 15:13:27 2026<stdout>:9541 KSP Residual norm 4.134274787271e-03
Mon Sep 21 15:13:27 2026<stdout>:9542 KSP Residual norm 4.134029674972e-03
Mon Sep 21 15:13:27 2026<stdout>:9543 KSP Residual norm 4.130541598785e-03
Mon Sep 21 15:13:27 2026<stdout>:9544 KSP Residual norm 4.130323497757e-03
Mon Sep 21 15:13:27 2026<stdout>:9545 KSP Residual norm 4.129173354118e-03
Mon Sep 21 15:13:27 2026<stdout>:9546 KSP Residual norm 4.128444753223e-03
Mon Sep 21 15:13:27 2026<stdout>:9547 KSP Residual norm 4.128026950882e-03
Mon Sep 21 15:13:27 2026<stdout>:9548 KSP Residual norm 4.127828957260e-03
Mon Sep 21 15:13:27 2026<stdout>:9549 KSP Residual norm 4.126452313562e-03
Mon Sep 21 15:13:27 2026<stdout>:9550 KSP Residual norm 4.124178784475e-03
Mon Sep 21 15:13:27 2026<stdout>:9551 KSP Residual norm 4.123912172990e-03
Mon Sep 21 15:13:27 2026<stdout>:9552 KSP Residual norm 4.123077428222e-03
Mon Sep 21 15:13:27 2026<stdout>:9553 KSP Residual norm 4.122970376945e-03
Mon Sep 21 15:13:27 2026<stdout>:9554 KSP Residual norm 4.122494228060e-03
Mon Sep 21 15:13:27 2026<stdout>:9555 KSP Residual norm 4.108017423481e-03
Mon Sep 21 15:13:27 2026<stdout>:9556 KSP Residual norm 4.106255557516e-03
Mon Sep 21 15:13:27 2026<stdout>:9557 KSP Residual norm 4.104890935746e-03
Mon Sep 21 15:13:27 2026<stdout>:9558 KSP Residual norm 4.102868305112e-03
Mon Sep 21 15:13:27 2026<stdout>:9559 KSP Residual norm 4.098330276160e-03
Mon Sep 21 15:13:27 2026<stdout>:9560 KSP Residual norm 4.098312620247e-03
Mon Sep 21 15:13:27 2026<stdout>:9561 KSP Residual norm 4.098298282574e-03
Mon Sep 21 15:13:27 2026<stdout>:9562 KSP Residual norm 4.096824969991e-03
Mon Sep 21 15:13:27 2026<stdout>:9563 KSP Residual norm 4.095703302058e-03
Mon Sep 21 15:13:27 2026<stdout>:9564 KSP Residual norm 4.094616054012e-03
Mon Sep 21 15:13:27 2026<stdout>:9565 KSP Residual norm 4.088972754165e-03
Mon Sep 21 15:13:27 2026<stdout>:9566 KSP Residual norm 4.088552312776e-03
Mon Sep 21 15:13:27 2026<stdout>:9567 KSP Residual norm 4.088084658774e-03
Mon Sep 21 15:13:27 2026<stdout>:9568 KSP Residual norm 4.088007496835e-03
Mon Sep 21 15:13:27 2026<stdout>:9569 KSP Residual norm 4.087586382590e-03
Mon Sep 21 15:13:27 2026<stdout>:9570 KSP Residual norm 4.086628093072e-03
Mon Sep 21 15:13:27 2026<stdout>:9571 KSP Residual norm 4.086601200523e-03
Mon Sep 21 15:13:27 2026<stdout>:9572 KSP Residual norm 4.085107758518e-03
Mon Sep 21 15:13:27 2026<stdout>:9573 KSP Residual norm 4.081875964168e-03
Mon Sep 21 15:13:27 2026<stdout>:9574 KSP Residual norm 4.076513833842e-03
Mon Sep 21 15:13:27 2026<stdout>:9575 KSP Residual norm 4.076210670930e-03
Mon Sep 21 15:13:27 2026<stdout>:9576 KSP Residual norm 4.076101433799e-03
Mon Sep 21 15:13:27 2026<stdout>:9577 KSP Residual norm 4.070427095585e-03
Mon Sep 21 15:13:27 2026<stdout>:9578 KSP Residual norm 4.070397166905e-03
Mon Sep 21 15:13:27 2026<stdout>:9579 KSP Residual norm 4.070184413386e-03
Mon Sep 21 15:13:27 2026<stdout>:9580 KSP Residual norm 4.070120925673e-03
Mon Sep 21 15:13:27 2026<stdout>:9581 KSP Residual norm 4.066606235396e-03
Mon Sep 21 15:13:27 2026<stdout>:9582 KSP Residual norm 4.055819192953e-03
Mon Sep 21 15:13:27 2026<stdout>:9583 KSP Residual norm 4.049464461272e-03
Mon Sep 21 15:13:27 2026<stdout>:9584 KSP Residual norm 4.049393538940e-03
Mon Sep 21 15:13:27 2026<stdout>:9585 KSP Residual norm 4.049391885602e-03
Mon Sep 21 15:13:27 2026<stdout>:9586 KSP Residual norm 4.049377067646e-03
Mon Sep 21 15:13:27 2026<stdout>:9587 KSP Residual norm 4.046756756840e-03
Mon Sep 21 15:13:27 2026<stdout>:9588 KSP Residual norm 4.042552169478e-03
Mon Sep 21 15:13:27 2026<stdout>:9589 KSP Residual norm 4.038738528063e-03
Mon Sep 21 15:13:27 2026<stdout>:9590 KSP Residual norm 4.038228925848e-03
Mon Sep 21 15:13:27 2026<stdout>:9591 KSP Residual norm 4.034919557771e-03
Mon Sep 21 15:13:27 2026<stdout>:9592 KSP Residual norm 4.030653434342e-03
Mon Sep 21 15:13:27 2026<stdout>:9593 KSP Residual norm 4.030249055467e-03
Mon Sep 21 15:13:27 2026<stdout>:9594 KSP Residual norm 4.027933392766e-03
Mon Sep 21 15:13:27 2026<stdout>:9595 KSP Residual norm 4.027784095351e-03
Mon Sep 21 15:13:27 2026<stdout>:9596 KSP Residual norm 4.027760840324e-03
Mon Sep 21 15:13:27 2026<stdout>:9597 KSP Residual norm 4.027603597145e-03
Mon Sep 21 15:13:27 2026<stdout>:9598 KSP Residual norm 4.026830068290e-03
Mon Sep 21 15:13:28 2026<stdout>:9599 KSP Residual norm 4.021214177516e-03
Mon Sep 21 15:13:28 2026<stdout>:9600 KSP Residual norm 4.389030193408e-03
Mon Sep 21 15:13:28 2026<stdout>:9601 KSP Residual norm 4.315105362607e-03
Mon Sep 21 15:13:28 2026<stdout>:9602 KSP Residual norm 4.200827305372e-03
Mon Sep 21 15:13:28 2026<stdout>:9603 KSP Residual norm 4.190755847771e-03
Mon Sep 21 15:13:28 2026<stdout>:9604 KSP Residual norm 4.189852096659e-03
Mon Sep 21 15:13:28 2026<stdout>:9605 KSP Residual norm 4.189627456683e-03
Mon Sep 21 15:13:28 2026<stdout>:9606 KSP Residual norm 4.151670647769e-03
Mon Sep 21 15:13:28 2026<stdout>:9607 KSP Residual norm 4.151105277817e-03
Mon Sep 21 15:13:28 2026<stdout>:9608 KSP Residual norm 4.150947833976e-03
Mon Sep 21 15:13:28 2026<stdout>:9609 KSP Residual norm 4.148887915515e-03
Mon Sep 21 15:13:28 2026<stdout>:9610 KSP Residual norm 4.143634465714e-03
Mon Sep 21 15:13:28 2026<stdout>:9611 KSP Residual norm 4.143356179077e-03
Mon Sep 21 15:13:28 2026<stdout>:9612 KSP Residual norm 4.140730675908e-03
Mon Sep 21 15:13:28 2026<stdout>:9613 KSP Residual norm 4.140649133594e-03
Mon Sep 21 15:13:28 2026<stdout>:9614 KSP Residual norm 4.140636758065e-03
Mon Sep 21 15:13:28 2026<stdout>:9615 KSP Residual norm 4.140570615502e-03
Mon Sep 21 15:13:28 2026<stdout>:9616 KSP Residual norm 4.095546517154e-03
Mon Sep 21 15:13:28 2026<stdout>:9617 KSP Residual norm 4.095512680195e-03
Mon Sep 21 15:13:28 2026<stdout>:9618 KSP Residual norm 4.093356785173e-03
Mon Sep 21 15:13:28 2026<stdout>:9619 KSP Residual norm 4.093129465403e-03
Mon Sep 21 15:13:28 2026<stdout>:9620 KSP Residual norm 4.083165067487e-03
Mon Sep 21 15:13:28 2026<stdout>:9621 KSP Residual norm 4.083162831656e-03
Mon Sep 21 15:13:28 2026<stdout>:9622 KSP Residual norm 4.082003255258e-03
Mon Sep 21 15:13:28 2026<stdout>:9623 KSP Residual norm 4.082002987701e-03
Mon Sep 21 15:13:28 2026<stdout>:9624 KSP Residual norm 4.078873971485e-03
Mon Sep 21 15:13:28 2026<stdout>:9625 KSP Residual norm 4.078168255076e-03
Mon Sep 21 15:13:28 2026<stdout>:9626 KSP Residual norm 4.077980465462e-03
Mon Sep 21 15:13:28 2026<stdout>:9627 KSP Residual norm 4.077895420276e-03
Mon Sep 21 15:13:28 2026<stdout>:9628 KSP Residual norm 4.077882906923e-03
Mon Sep 21 15:13:28 2026<stdout>:9629 KSP Residual norm 4.077822687917e-03
Mon Sep 21 15:13:28 2026<stdout>:9630 KSP Residual norm 4.077468795558e-03
Mon Sep 21 15:13:28 2026<stdout>:9631 KSP Residual norm 4.077277620292e-03
Mon Sep 21 15:13:28 2026<stdout>:9632 KSP Residual norm 4.076034215561e-03
Mon Sep 21 15:13:28 2026<stdout>:9633 KSP Residual norm 4.075976337160e-03
Mon Sep 21 15:13:28 2026<stdout>:9634 KSP Residual norm 4.071703244647e-03
Mon Sep 21 15:13:28 2026<stdout>:9635 KSP Residual norm 4.071604145485e-03
Mon Sep 21 15:13:28 2026<stdout>:9636 KSP Residual norm 4.071572997092e-03
Mon Sep 21 15:13:28 2026<stdout>:9637 KSP Residual norm 4.071419964603e-03
Mon Sep 21 15:13:28 2026<stdout>:9638 KSP Residual norm 4.069353853769e-03
Mon Sep 21 15:13:28 2026<stdout>:9639 KSP Residual norm 4.069346617752e-03
Mon Sep 21 15:13:28 2026<stdout>:9640 KSP Residual norm 4.065586914852e-03
Mon Sep 21 15:13:28 2026<stdout>:9641 KSP Residual norm 4.065585492205e-03
Mon Sep 21 15:13:28 2026<stdout>:9642 KSP Residual norm 4.055510721715e-03
Mon Sep 21 15:13:28 2026<stdout>:9643 KSP Residual norm 4.055421610150e-03
Mon Sep 21 15:13:28 2026<stdout>:9644 KSP Residual norm 4.055384765337e-03
Mon Sep 21 15:13:28 2026<stdout>:9645 KSP Residual norm 4.055334005929e-03
Mon Sep 21 15:13:28 2026<stdout>:9646 KSP Residual norm 4.050345896817e-03
Mon Sep 21 15:13:28 2026<stdout>:9647 KSP Residual norm 4.050298062412e-03
Mon Sep 21 15:13:28 2026<stdout>:9648 KSP Residual norm 4.048240293265e-03
Mon Sep 21 15:13:28 2026<stdout>:9649 KSP Residual norm 4.047417040603e-03
Mon Sep 21 15:13:28 2026<stdout>:9650 KSP Residual norm 4.045565704181e-03
Mon Sep 21 15:13:28 2026<stdout>:9651 KSP Residual norm 4.045515382642e-03
Mon Sep 21 15:13:28 2026<stdout>:9652 KSP Residual norm 4.045278052235e-03
Mon Sep 21 15:13:28 2026<stdout>:9653 KSP Residual norm 4.043624013374e-03
Mon Sep 21 15:13:28 2026<stdout>:9654 KSP Residual norm 4.043207620131e-03
Mon Sep 21 15:13:28 2026<stdout>:9655 KSP Residual norm 4.041900555744e-03
Mon Sep 21 15:13:28 2026<stdout>:9656 KSP Residual norm 4.041888791768e-03
Mon Sep 21 15:13:28 2026<stdout>:9657 KSP Residual norm 4.040372658222e-03
Mon Sep 21 15:13:28 2026<stdout>:9658 KSP Residual norm 4.040034118382e-03
Mon Sep 21 15:13:28 2026<stdout>:9659 KSP Residual norm 4.039980041285e-03
Mon Sep 21 15:13:28 2026<stdout>:9660 KSP Residual norm 4.039920436104e-03
Mon Sep 21 15:13:28 2026<stdout>:9661 KSP Residual norm 4.039796898600e-03
Mon Sep 21 15:13:28 2026<stdout>:9662 KSP Residual norm 4.039518176344e-03
Mon Sep 21 15:13:28 2026<stdout>:9663 KSP Residual norm 4.038649295218e-03
Mon Sep 21 15:13:28 2026<stdout>:9664 KSP Residual norm 4.038579358542e-03
Mon Sep 21 15:13:28 2026<stdout>:9665 KSP Residual norm 4.037494588972e-03
Mon Sep 21 15:13:28 2026<stdout>:9666 KSP Residual norm 4.037315685992e-03
Mon Sep 21 15:13:28 2026<stdout>:9667 KSP Residual norm 4.037315289524e-03
Mon Sep 21 15:13:28 2026<stdout>:9668 KSP Residual norm 4.030962322447e-03
Mon Sep 21 15:13:28 2026<stdout>:9669 KSP Residual norm 4.021103168142e-03
Mon Sep 21 15:13:28 2026<stdout>:9670 KSP Residual norm 4.019610883617e-03
Mon Sep 21 15:13:28 2026<stdout>:9671 KSP Residual norm 4.016850174555e-03
Mon Sep 21 15:13:28 2026<stdout>:9672 KSP Residual norm 4.014390234357e-03
Mon Sep 21 15:13:28 2026<stdout>:9673 KSP Residual norm 4.011255093332e-03
Mon Sep 21 15:13:28 2026<stdout>:9674 KSP Residual norm 4.007948230163e-03
Mon Sep 21 15:13:28 2026<stdout>:9675 KSP Residual norm 4.007317111245e-03
Mon Sep 21 15:13:28 2026<stdout>:9676 KSP Residual norm 4.006783352350e-03
Mon Sep 21 15:13:28 2026<stdout>:9677 KSP Residual norm 4.006782634595e-03
Mon Sep 21 15:13:28 2026<stdout>:9678 KSP Residual norm 4.006671332636e-03
Mon Sep 21 15:13:28 2026<stdout>:9679 KSP Residual norm 4.005889799106e-03
Mon Sep 21 15:13:28 2026<stdout>:9680 KSP Residual norm 4.005189546358e-03
Mon Sep 21 15:13:28 2026<stdout>:9681 KSP Residual norm 3.998862147972e-03
Mon Sep 21 15:13:28 2026<stdout>:9682 KSP Residual norm 3.998797002059e-03
Mon Sep 21 15:13:28 2026<stdout>:9683 KSP Residual norm 3.992007704619e-03
Mon Sep 21 15:13:28 2026<stdout>:9684 KSP Residual norm 3.992002731510e-03
Mon Sep 21 15:13:28 2026<stdout>:9685 KSP Residual norm 3.990005576485e-03
Mon Sep 21 15:13:28 2026<stdout>:9686 KSP Residual norm 3.989970877258e-03
Mon Sep 21 15:13:28 2026<stdout>:9687 KSP Residual norm 3.984142539539e-03
Mon Sep 21 15:13:28 2026<stdout>:9688 KSP Residual norm 3.979881424194e-03
Mon Sep 21 15:13:28 2026<stdout>:9689 KSP Residual norm 3.976192189080e-03
Mon Sep 21 15:13:28 2026<stdout>:9690 KSP Residual norm 3.976191760683e-03
Mon Sep 21 15:13:28 2026<stdout>:9691 KSP Residual norm 3.968352539032e-03
Mon Sep 21 15:13:28 2026<stdout>:9692 KSP Residual norm 3.966616890301e-03
Mon Sep 21 15:13:28 2026<stdout>:9693 KSP Residual norm 3.962001732201e-03
Mon Sep 21 15:13:28 2026<stdout>:9694 KSP Residual norm 3.961748436320e-03
Mon Sep 21 15:13:28 2026<stdout>:9695 KSP Residual norm 3.957752509784e-03
Mon Sep 21 15:13:28 2026<stdout>:9696 KSP Residual norm 3.957653619900e-03
Mon Sep 21 15:13:28 2026<stdout>:9697 KSP Residual norm 3.957099179266e-03
Mon Sep 21 15:13:29 2026<stdout>:9698 KSP Residual norm 3.954432645911e-03
Mon Sep 21 15:13:29 2026<stdout>:9699 KSP Residual norm 3.952760357889e-03
Mon Sep 21 15:13:29 2026<stdout>:9700 KSP Residual norm 3.952635987356e-03
Mon Sep 21 15:13:29 2026<stdout>:9701 KSP Residual norm 3.952093235447e-03
Mon Sep 21 15:13:29 2026<stdout>:9702 KSP Residual norm 3.949030540919e-03
Mon Sep 21 15:13:29 2026<stdout>:9703 KSP Residual norm 3.948127423265e-03
Mon Sep 21 15:13:29 2026<stdout>:9704 KSP Residual norm 3.945604132972e-03
Mon Sep 21 15:13:29 2026<stdout>:9705 KSP Residual norm 3.944310389069e-03
Mon Sep 21 15:13:29 2026<stdout>:9706 KSP Residual norm 3.943731340985e-03
Mon Sep 21 15:13:29 2026<stdout>:9707 KSP Residual norm 3.943507966292e-03
Mon Sep 21 15:13:29 2026<stdout>:9708 KSP Residual norm 3.943474920328e-03
Mon Sep 21 15:13:29 2026<stdout>:9709 KSP Residual norm 3.942842676518e-03
Mon Sep 21 15:13:29 2026<stdout>:9710 KSP Residual norm 3.942581131096e-03
Mon Sep 21 15:13:29 2026<stdout>:9711 KSP Residual norm 3.942546519949e-03
Mon Sep 21 15:13:29 2026<stdout>:9712 KSP Residual norm 3.940123395140e-03
Mon Sep 21 15:13:29 2026<stdout>:9713 KSP Residual norm 3.934945925876e-03
Mon Sep 21 15:13:29 2026<stdout>:9714 KSP Residual norm 3.934945898528e-03
Mon Sep 21 15:13:29 2026<stdout>:9715 KSP Residual norm 3.934881673813e-03
Mon Sep 21 15:13:29 2026<stdout>:9716 KSP Residual norm 3.934115023742e-03
Mon Sep 21 15:13:29 2026<stdout>:9717 KSP Residual norm 3.932533814171e-03
Mon Sep 21 15:13:29 2026<stdout>:9718 KSP Residual norm 3.917567734773e-03
Mon Sep 21 15:13:29 2026<stdout>:9719 KSP Residual norm 3.917296609418e-03
Mon Sep 21 15:13:29 2026<stdout>:9720 KSP Residual norm 3.917242228803e-03
Mon Sep 21 15:13:29 2026<stdout>:9721 KSP Residual norm 3.916553973130e-03
Mon Sep 21 15:13:29 2026<stdout>:9722 KSP Residual norm 3.915523944435e-03
Mon Sep 21 15:13:29 2026<stdout>:9723 KSP Residual norm 3.913995470932e-03
Mon Sep 21 15:13:29 2026<stdout>:9724 KSP Residual norm 3.911190559758e-03
Mon Sep 21 15:13:29 2026<stdout>:9725 KSP Residual norm 3.909935163053e-03
Mon Sep 21 15:13:29 2026<stdout>:9726 KSP Residual norm 3.906030827354e-03
Mon Sep 21 15:13:29 2026<stdout>:9727 KSP Residual norm 3.905195186357e-03
Mon Sep 21 15:13:29 2026<stdout>:9728 KSP Residual norm 3.902143695610e-03
Mon Sep 21 15:13:29 2026<stdout>:9729 KSP Residual norm 3.900152939283e-03
Mon Sep 21 15:13:29 2026<stdout>:9730 KSP Residual norm 3.900109719627e-03
Mon Sep 21 15:13:29 2026<stdout>:9731 KSP Residual norm 3.898745095579e-03
Mon Sep 21 15:13:29 2026<stdout>:9732 KSP Residual norm 3.895656264543e-03
Mon Sep 21 15:13:29 2026<stdout>:9733 KSP Residual norm 3.894770438930e-03
Mon Sep 21 15:13:29 2026<stdout>:9734 KSP Residual norm 3.894764800554e-03
Mon Sep 21 15:13:29 2026<stdout>:9735 KSP Residual norm 3.891409175459e-03
Mon Sep 21 15:13:29 2026<stdout>:9736 KSP Residual norm 3.891334664005e-03
Mon Sep 21 15:13:29 2026<stdout>:9737 KSP Residual norm 3.891270580035e-03
Mon Sep 21 15:13:29 2026<stdout>:9738 KSP Residual norm 3.880961535221e-03
Mon Sep 21 15:13:29 2026<stdout>:9739 KSP Residual norm 3.871651768569e-03
Mon Sep 21 15:13:29 2026<stdout>:9740 KSP Residual norm 3.870400050104e-03
Mon Sep 21 15:13:29 2026<stdout>:9741 KSP Residual norm 3.866137511801e-03
Mon Sep 21 15:13:29 2026<stdout>:9742 KSP Residual norm 3.866059653442e-03
Mon Sep 21 15:13:29 2026<stdout>:9743 KSP Residual norm 3.865912756842e-03
Mon Sep 21 15:13:29 2026<stdout>:9744 KSP Residual norm 3.864486546782e-03
Mon Sep 21 15:13:29 2026<stdout>:9745 KSP Residual norm 3.864483535144e-03
Mon Sep 21 15:13:29 2026<stdout>:9746 KSP Residual norm 3.862357527925e-03
Mon Sep 21 15:13:29 2026<stdout>:9747 KSP Residual norm 3.823590913828e-03
Mon Sep 21 15:13:29 2026<stdout>:9748 KSP Residual norm 3.820473713312e-03
Mon Sep 21 15:13:29 2026<stdout>:9749 KSP Residual norm 3.820236883294e-03
Mon Sep 21 15:13:29 2026<stdout>:9750 KSP Residual norm 4.508057561463e-03
Mon Sep 21 15:13:29 2026<stdout>:9751 KSP Residual norm 4.370464511960e-03
Mon Sep 21 15:13:29 2026<stdout>:9752 KSP Residual norm 4.221487463761e-03
Mon Sep 21 15:13:29 2026<stdout>:9753 KSP Residual norm 4.192088959456e-03
Mon Sep 21 15:13:29 2026<stdout>:9754 KSP Residual norm 4.191326365403e-03
Mon Sep 21 15:13:29 2026<stdout>:9755 KSP Residual norm 4.189681745202e-03
Mon Sep 21 15:13:29 2026<stdout>:9756 KSP Residual norm 4.188226604942e-03
Mon Sep 21 15:13:29 2026<stdout>:9757 KSP Residual norm 4.186938780331e-03
Mon Sep 21 15:13:29 2026<stdout>:9758 KSP Residual norm 4.180357967265e-03
Mon Sep 21 15:13:29 2026<stdout>:9759 KSP Residual norm 4.180308613016e-03
Mon Sep 21 15:13:29 2026<stdout>:9760 KSP Residual norm 4.176846677471e-03
Mon Sep 21 15:13:29 2026<stdout>:9761 KSP Residual norm 4.176706500377e-03
Mon Sep 21 15:13:29 2026<stdout>:9762 KSP Residual norm 4.176489325030e-03
Mon Sep 21 15:13:29 2026<stdout>:9763 KSP Residual norm 4.176422979355e-03
Mon Sep 21 15:13:29 2026<stdout>:9764 KSP Residual norm 4.175264201033e-03
Mon Sep 21 15:13:29 2026<stdout>:9765 KSP Residual norm 4.175031331474e-03
Mon Sep 21 15:13:29 2026<stdout>:9766 KSP Residual norm 4.174397743988e-03
Mon Sep 21 15:13:29 2026<stdout>:9767 KSP Residual norm 4.174015067579e-03
Mon Sep 21 15:13:29 2026<stdout>:9768 KSP Residual norm 4.173922822454e-03
Mon Sep 21 15:13:29 2026<stdout>:9769 KSP Residual norm 4.173725942200e-03
Mon Sep 21 15:13:29 2026<stdout>:9770 KSP Residual norm 4.127719117317e-03
Mon Sep 21 15:13:29 2026<stdout>:9771 KSP Residual norm 4.127714270378e-03
Mon Sep 21 15:13:29 2026<stdout>:9772 KSP Residual norm 4.127388601583e-03
Mon Sep 21 15:13:29 2026<stdout>:9773 KSP Residual norm 4.127086378374e-03
Mon Sep 21 15:13:29 2026<stdout>:9774 KSP Residual norm 3.946643063994e-03
Mon Sep 21 15:13:29 2026<stdout>:9775 KSP Residual norm 3.946454049417e-03
Mon Sep 21 15:13:29 2026<stdout>:9776 KSP Residual norm 3.945693330182e-03
Mon Sep 21 15:13:29 2026<stdout>:9777 KSP Residual norm 3.945693212977e-03
Mon Sep 21 15:13:29 2026<stdout>:9778 KSP Residual norm 3.943888272075e-03
Mon Sep 21 15:13:29 2026<stdout>:9779 KSP Residual norm 3.943860977782e-03
Mon Sep 21 15:13:29 2026<stdout>:9780 KSP Residual norm 3.934964254934e-03
Mon Sep 21 15:13:29 2026<stdout>:9781 KSP Residual norm 3.934638054438e-03
Mon Sep 21 15:13:29 2026<stdout>:9782 KSP Residual norm 3.930014420944e-03
Mon Sep 21 15:13:29 2026<stdout>:9783 KSP Residual norm 3.930003920682e-03
Mon Sep 21 15:13:29 2026<stdout>:9784 KSP Residual norm 3.927360712916e-03
Mon Sep 21 15:13:29 2026<stdout>:9785 KSP Residual norm 3.927360650454e-03
Mon Sep 21 15:13:30 2026<stdout>:9786 KSP Residual norm 3.925230184742e-03
Mon Sep 21 15:13:30 2026<stdout>:9787 KSP Residual norm 3.925110380841e-03
Mon Sep 21 15:13:30 2026<stdout>:9788 KSP Residual norm 3.924742141709e-03
Mon Sep 21 15:13:30 2026<stdout>:9789 KSP Residual norm 3.924741930593e-03
Mon Sep 21 15:13:30 2026<stdout>:9790 KSP Residual norm 3.923835625825e-03
Mon Sep 21 15:13:30 2026<stdout>:9791 KSP Residual norm 3.923835368774e-03
Mon Sep 21 15:13:30 2026<stdout>:9792 KSP Residual norm 3.922954699897e-03
Mon Sep 21 15:13:30 2026<stdout>:9793 KSP Residual norm 3.922867523182e-03
Mon Sep 21 15:13:30 2026<stdout>:9794 KSP Residual norm 3.920621833037e-03
Mon Sep 21 15:13:30 2026<stdout>:9795 KSP Residual norm 3.920258389609e-03
Mon Sep 21 15:13:30 2026<stdout>:9796 KSP Residual norm 3.918215210635e-03
Mon Sep 21 15:13:30 2026<stdout>:9797 KSP Residual norm 3.917346703080e-03
Mon Sep 21 15:13:30 2026<stdout>:9798 KSP Residual norm 3.916560671930e-03
Mon Sep 21 15:13:30 2026<stdout>:9799 KSP Residual norm 3.906763865145e-03
Mon Sep 21 15:13:30 2026<stdout>:9800 KSP Residual norm 3.905084080753e-03
Mon Sep 21 15:13:30 2026<stdout>:9801 KSP Residual norm 3.901919893045e-03
Mon Sep 21 15:13:30 2026<stdout>:9802 KSP Residual norm 3.901152061031e-03
Mon Sep 21 15:13:30 2026<stdout>:9803 KSP Residual norm 3.901049577718e-03
Mon Sep 21 15:13:30 2026<stdout>:9804 KSP Residual norm 3.900623734113e-03
Mon Sep 21 15:13:30 2026<stdout>:9805 KSP Residual norm 3.900415782080e-03
Mon Sep 21 15:13:30 2026<stdout>:9806 KSP Residual norm 3.900164984134e-03
Mon Sep 21 15:13:30 2026<stdout>:9807 KSP Residual norm 3.900081220511e-03
Mon Sep 21 15:13:30 2026<stdout>:9808 KSP Residual norm 3.895469023296e-03
Mon Sep 21 15:13:30 2026<stdout>:9809 KSP Residual norm 3.895187227909e-03
Mon Sep 21 15:13:30 2026<stdout>:9810 KSP Residual norm 3.894948976062e-03
Mon Sep 21 15:13:30 2026<stdout>:9811 KSP Residual norm 3.887765408681e-03
Mon Sep 21 15:13:30 2026<stdout>:9812 KSP Residual norm 3.887565841834e-03
Mon Sep 21 15:13:30 2026<stdout>:9813 KSP Residual norm 3.886384379044e-03
Mon Sep 21 15:13:30 2026<stdout>:9814 KSP Residual norm 3.884682308851e-03
Mon Sep 21 15:13:30 2026<stdout>:9815 KSP Residual norm 3.882997016172e-03
Mon Sep 21 15:13:30 2026<stdout>:9816 KSP Residual norm 3.882350337615e-03
Mon Sep 21 15:13:30 2026<stdout>:9817 KSP Residual norm 3.882263619824e-03
Mon Sep 21 15:13:30 2026<stdout>:9818 KSP Residual norm 3.882092210976e-03
Mon Sep 21 15:13:30 2026<stdout>:9819 KSP Residual norm 3.879673086447e-03
Mon Sep 21 15:13:30 2026<stdout>:9820 KSP Residual norm 3.879562831534e-03
Mon Sep 21 15:13:30 2026<stdout>:9821 KSP Residual norm 3.870294577615e-03
Mon Sep 21 15:13:30 2026<stdout>:9822 KSP Residual norm 3.869955095575e-03
Mon Sep 21 15:13:30 2026<stdout>:9823 KSP Residual norm 3.868146441379e-03
Mon Sep 21 15:13:30 2026<stdout>:9824 KSP Residual norm 3.867747489504e-03
Mon Sep 21 15:13:30 2026<stdout>:9825 KSP Residual norm 3.866766436085e-03
Mon Sep 21 15:13:30 2026<stdout>:9826 KSP Residual norm 3.866751908795e-03
Mon Sep 21 15:13:30 2026<stdout>:9827 KSP Residual norm 3.866259383688e-03
Mon Sep 21 15:13:30 2026<stdout>:9828 KSP Residual norm 3.863642471487e-03
Mon Sep 21 15:13:30 2026<stdout>:9829 KSP Residual norm 3.863605038360e-03
Mon Sep 21 15:13:30 2026<stdout>:9830 KSP Residual norm 3.863571968622e-03
Mon Sep 21 15:13:30 2026<stdout>:9831 KSP Residual norm 3.863297000064e-03
Mon Sep 21 15:13:30 2026<stdout>:9832 KSP Residual norm 3.863083634243e-03
Mon Sep 21 15:13:30 2026<stdout>:9833 KSP Residual norm 3.862998657415e-03
Mon Sep 21 15:13:30 2026<stdout>:9834 KSP Residual norm 3.862998630135e-03
Mon Sep 21 15:13:30 2026<stdout>:9835 KSP Residual norm 3.859363019364e-03
Mon Sep 21 15:13:30 2026<stdout>:9836 KSP Residual norm 3.857950192848e-03
Mon Sep 21 15:13:30 2026<stdout>:9837 KSP Residual norm 3.855706837166e-03
Mon Sep 21 15:13:30 2026<stdout>:9838 KSP Residual norm 3.851849091307e-03
Mon Sep 21 15:13:30 2026<stdout>:9839 KSP Residual norm 3.849090704675e-03
Mon Sep 21 15:13:30 2026<stdout>:9840 KSP Residual norm 3.848621784218e-03
Mon Sep 21 15:13:30 2026<stdout>:9841 KSP Residual norm 3.848533281285e-03
Mon Sep 21 15:13:30 2026<stdout>:9842 KSP Residual norm 3.847590139439e-03
Mon Sep 21 15:13:30 2026<stdout>:9843 KSP Residual norm 3.846401516523e-03
Mon Sep 21 15:13:30 2026<stdout>:9844 KSP Residual norm 3.846136641203e-03
Mon Sep 21 15:13:30 2026<stdout>:9845 KSP Residual norm 3.844925345413e-03
Mon Sep 21 15:13:30 2026<stdout>:9846 KSP Residual norm 3.842997206941e-03
Mon Sep 21 15:13:30 2026<stdout>:9847 KSP Residual norm 3.842923951285e-03
Mon Sep 21 15:13:30 2026<stdout>:9848 KSP Residual norm 3.842913392721e-03
Mon Sep 21 15:13:30 2026<stdout>:9849 KSP Residual norm 3.840297342909e-03
Mon Sep 21 15:13:30 2026<stdout>:9850 KSP Residual norm 3.838623177907e-03
Mon Sep 21 15:13:30 2026<stdout>:9851 KSP Residual norm 3.837144333116e-03
Mon Sep 21 15:13:30 2026<stdout>:9852 KSP Residual norm 3.837144151264e-03
Mon Sep 21 15:13:30 2026<stdout>:9853 KSP Residual norm 3.834909785793e-03
Mon Sep 21 15:13:30 2026<stdout>:9854 KSP Residual norm 3.831520544340e-03
Mon Sep 21 15:13:30 2026<stdout>:9855 KSP Residual norm 3.831246264993e-03
Mon Sep 21 15:13:30 2026<stdout>:9856 KSP Residual norm 3.830240706648e-03
Mon Sep 21 15:13:30 2026<stdout>:9857 KSP Residual norm 3.819225102315e-03
Mon Sep 21 15:13:30 2026<stdout>:9858 KSP Residual norm 3.816119506237e-03
Mon Sep 21 15:13:30 2026<stdout>:9859 KSP Residual norm 3.815508000438e-03
Mon Sep 21 15:13:30 2026<stdout>:9860 KSP Residual norm 3.814895240262e-03
Mon Sep 21 15:13:30 2026<stdout>:9861 KSP Residual norm 3.814785525793e-03
Mon Sep 21 15:13:30 2026<stdout>:9862 KSP Residual norm 3.814740953764e-03
Mon Sep 21 15:13:30 2026<stdout>:9863 KSP Residual norm 3.814737886045e-03
Mon Sep 21 15:13:30 2026<stdout>:9864 KSP Residual norm 3.807704324855e-03
Mon Sep 21 15:13:30 2026<stdout>:9865 KSP Residual norm 3.799716122279e-03
Mon Sep 21 15:13:30 2026<stdout>:9866 KSP Residual norm 3.799142432510e-03
Mon Sep 21 15:13:30 2026<stdout>:9867 KSP Residual norm 3.798396246789e-03
Mon Sep 21 15:13:30 2026<stdout>:9868 KSP Residual norm 3.798306641455e-03
Mon Sep 21 15:13:30 2026<stdout>:9869 KSP Residual norm 3.797529592242e-03
Mon Sep 21 15:13:30 2026<stdout>:9870 KSP Residual norm 3.796000139912e-03
Mon Sep 21 15:13:30 2026<stdout>:9871 KSP Residual norm 3.792805288344e-03
Mon Sep 21 15:13:30 2026<stdout>:9872 KSP Residual norm 3.789842597730e-03
Mon Sep 21 15:13:31 2026<stdout>:9873 KSP Residual norm 3.789649249234e-03
Mon Sep 21 15:13:31 2026<stdout>:9874 KSP Residual norm 3.784940630423e-03
Mon Sep 21 15:13:31 2026<stdout>:9875 KSP Residual norm 3.784687814792e-03
Mon Sep 21 15:13:31 2026<stdout>:9876 KSP Residual norm 3.784658064315e-03
Mon Sep 21 15:13:31 2026<stdout>:9877 KSP Residual norm 3.784588469536e-03
Mon Sep 21 15:13:31 2026<stdout>:9878 KSP Residual norm 3.784512450251e-03
Mon Sep 21 15:13:31 2026<stdout>:9879 KSP Residual norm 3.784027397614e-03
Mon Sep 21 15:13:31 2026<stdout>:9880 KSP Residual norm 3.784026861259e-03
Mon Sep 21 15:13:31 2026<stdout>:9881 KSP Residual norm 3.783367039694e-03
Mon Sep 21 15:13:31 2026<stdout>:9882 KSP Residual norm 3.783241279955e-03
Mon Sep 21 15:13:31 2026<stdout>:9883 KSP Residual norm 3.783167246458e-03
Mon Sep 21 15:13:31 2026<stdout>:9884 KSP Residual norm 3.783053225879e-03
Mon Sep 21 15:13:31 2026<stdout>:9885 KSP Residual norm 3.782862702521e-03
Mon Sep 21 15:13:31 2026<stdout>:9886 KSP Residual norm 3.778818864096e-03
Mon Sep 21 15:13:31 2026<stdout>:9887 KSP Residual norm 3.778533527115e-03
Mon Sep 21 15:13:31 2026<stdout>:9888 KSP Residual norm 3.778533204530e-03
Mon Sep 21 15:13:31 2026<stdout>:9889 KSP Residual norm 3.774135100007e-03
Mon Sep 21 15:13:31 2026<stdout>:9890 KSP Residual norm 3.768712462885e-03
Mon Sep 21 15:13:31 2026<stdout>:9891 KSP Residual norm 3.767943723125e-03
Mon Sep 21 15:13:31 2026<stdout>:9892 KSP Residual norm 3.764054487098e-03
Mon Sep 21 15:13:31 2026<stdout>:9893 KSP Residual norm 3.763688219066e-03
Mon Sep 21 15:13:31 2026<stdout>:9894 KSP Residual norm 3.761567904559e-03
Mon Sep 21 15:13:31 2026<stdout>:9895 KSP Residual norm 3.757046646386e-03
Mon Sep 21 15:13:31 2026<stdout>:9896 KSP Residual norm 3.756972321239e-03
Mon Sep 21 15:13:31 2026<stdout>:9897 KSP Residual norm 3.756043909554e-03
Mon Sep 21 15:13:31 2026<stdout>:9898 KSP Residual norm 3.755902209492e-03
Mon Sep 21 15:13:31 2026<stdout>:9899 KSP Residual norm 3.754005151309e-03
Mon Sep 21 15:13:31 2026<stdout>:9900 KSP Residual norm 4.698018989905e-03
Mon Sep 21 15:13:31 2026<stdout>:9901 KSP Residual norm 4.451985012022e-03
Mon Sep 21 15:13:31 2026<stdout>:9902 KSP Residual norm 4.393131729857e-03
Mon Sep 21 15:13:31 2026<stdout>:9903 KSP Residual norm 4.368383404779e-03
Mon Sep 21 15:13:31 2026<stdout>:9904 KSP Residual norm 4.367731617471e-03
Mon Sep 21 15:13:31 2026<stdout>:9905 KSP Residual norm 4.367709941709e-03
Mon Sep 21 15:13:31 2026<stdout>:9906 KSP Residual norm 4.359181398142e-03
Mon Sep 21 15:13:31 2026<stdout>:9907 KSP Residual norm 4.358884603131e-03
Mon Sep 21 15:13:31 2026<stdout>:9908 KSP Residual norm 4.355580844122e-03
Mon Sep 21 15:13:31 2026<stdout>:9909 KSP Residual norm 4.355574309492e-03
Mon Sep 21 15:13:31 2026<stdout>:9910 KSP Residual norm 4.348071504831e-03
Mon Sep 21 15:13:31 2026<stdout>:9911 KSP Residual norm 4.347923035213e-03
Mon Sep 21 15:13:31 2026<stdout>:9912 KSP Residual norm 4.346953134693e-03
Mon Sep 21 15:13:31 2026<stdout>:9913 KSP Residual norm 4.346952382676e-03
Mon Sep 21 15:13:31 2026<stdout>:9914 KSP Residual norm 4.334628678095e-03
Mon Sep 21 15:13:31 2026<stdout>:9915 KSP Residual norm 4.334458455837e-03
Mon Sep 21 15:13:31 2026<stdout>:9916 KSP Residual norm 4.334422099628e-03
Mon Sep 21 15:13:31 2026<stdout>:9917 KSP Residual norm 4.333982731083e-03
Mon Sep 21 15:13:31 2026<stdout>:9918 KSP Residual norm 4.331320663332e-03
Mon Sep 21 15:13:31 2026<stdout>:9919 KSP Residual norm 4.331228382353e-03
Mon Sep 21 15:13:31 2026<stdout>:9920 KSP Residual norm 4.329013569086e-03
Mon Sep 21 15:13:31 2026<stdout>:9921 KSP Residual norm 4.328492521228e-03
Mon Sep 21 15:13:31 2026<stdout>:9922 KSP Residual norm 4.324835701607e-03
Mon Sep 21 15:13:31 2026<stdout>:9923 KSP Residual norm 4.324756049336e-03
Mon Sep 21 15:13:31 2026<stdout>:9924 KSP Residual norm 4.302213769970e-03
Mon Sep 21 15:13:31 2026<stdout>:9925 KSP Residual norm 4.301784100000e-03
Mon Sep 21 15:13:31 2026<stdout>:9926 KSP Residual norm 4.294142580905e-03
Mon Sep 21 15:13:31 2026<stdout>:9927 KSP Residual norm 4.294088212925e-03
Mon Sep 21 15:13:31 2026<stdout>:9928 KSP Residual norm 4.293974077959e-03
Mon Sep 21 15:13:31 2026<stdout>:9929 KSP Residual norm 4.293974020142e-03
Mon Sep 21 15:13:31 2026<stdout>:9930 KSP Residual norm 4.279848565322e-03
Mon Sep 21 15:13:31 2026<stdout>:9931 KSP Residual norm 4.279814449934e-03
Mon Sep 21 15:13:31 2026<stdout>:9932 KSP Residual norm 4.246646512063e-03
Mon Sep 21 15:13:31 2026<stdout>:9933 KSP Residual norm 4.246645882500e-03
Mon Sep 21 15:13:31 2026<stdout>:9934 KSP Residual norm 4.246394594824e-03
Mon Sep 21 15:13:31 2026<stdout>:9935 KSP Residual norm 4.246365577361e-03
Mon Sep 21 15:13:31 2026<stdout>:9936 KSP Residual norm 4.243237933831e-03
Mon Sep 21 15:13:31 2026<stdout>:9937 KSP Residual norm 4.243094746806e-03
Mon Sep 21 15:13:31 2026<stdout>:9938 KSP Residual norm 4.226917712594e-03
Mon Sep 21 15:13:31 2026<stdout>:9939 KSP Residual norm 4.226616124912e-03
Mon Sep 21 15:13:31 2026<stdout>:9940 KSP Residual norm 4.203889799220e-03
Mon Sep 21 15:13:31 2026<stdout>:9941 KSP Residual norm 4.203887952791e-03
Mon Sep 21 15:13:31 2026<stdout>:9942 KSP Residual norm 4.202664534604e-03
Mon Sep 21 15:13:31 2026<stdout>:9943 KSP Residual norm 4.202663298410e-03
Mon Sep 21 15:13:31 2026<stdout>:9944 KSP Residual norm 4.192554674409e-03
Mon Sep 21 15:13:31 2026<stdout>:9945 KSP Residual norm 4.192333894366e-03
Mon Sep 21 15:13:31 2026<stdout>:9946 KSP Residual norm 4.165578836205e-03
Mon Sep 21 15:13:31 2026<stdout>:9947 KSP Residual norm 4.158653310831e-03
Mon Sep 21 15:13:31 2026<stdout>:9948 KSP Residual norm 4.157936603114e-03
Mon Sep 21 15:13:31 2026<stdout>:9949 KSP Residual norm 4.156353634407e-03
Mon Sep 21 15:13:31 2026<stdout>:9950 KSP Residual norm 4.154848145266e-03
Mon Sep 21 15:13:31 2026<stdout>:9951 KSP Residual norm 4.153760191210e-03
Mon Sep 21 15:13:31 2026<stdout>:9952 KSP Residual norm 4.153611175292e-03
Mon Sep 21 15:13:31 2026<stdout>:9953 KSP Residual norm 4.153610547375e-03
Mon Sep 21 15:13:31 2026<stdout>:9954 KSP Residual norm 4.148668413736e-03
Mon Sep 21 15:13:31 2026<stdout>:9955 KSP Residual norm 4.148522318392e-03
Mon Sep 21 15:13:31 2026<stdout>:9956 KSP Residual norm 4.138861513304e-03
Mon Sep 21 15:13:31 2026<stdout>:9957 KSP Residual norm 4.127988274349e-03
Mon Sep 21 15:13:31 2026<stdout>:9958 KSP Residual norm 4.127850130092e-03
Mon Sep 21 15:13:31 2026<stdout>:9959 KSP Residual norm 4.123747773920e-03
Mon Sep 21 15:13:31 2026<stdout>:9960 KSP Residual norm 4.123696070498e-03
Mon Sep 21 15:13:31 2026<stdout>:9961 KSP Residual norm 4.121954969290e-03
Mon Sep 21 15:13:31 2026<stdout>:9962 KSP Residual norm 4.120937675796e-03
Mon Sep 21 15:13:31 2026<stdout>:9963 KSP Residual norm 4.117952451317e-03
Mon Sep 21 15:13:31 2026<stdout>:9964 KSP Residual norm 4.109975828171e-03
Mon Sep 21 15:13:31 2026<stdout>:9965 KSP Residual norm 4.109875249544e-03
Mon Sep 21 15:13:31 2026<stdout>:9966 KSP Residual norm 4.108955070726e-03
Mon Sep 21 15:13:31 2026<stdout>:9967 KSP Residual norm 4.106770302284e-03
Mon Sep 21 15:13:32 2026<stdout>:9968 KSP Residual norm 4.102071704096e-03
Mon Sep 21 15:13:32 2026<stdout>:9969 KSP Residual norm 4.099669198637e-03
Mon Sep 21 15:13:32 2026<stdout>:9970 KSP Residual norm 4.095466464830e-03
Mon Sep 21 15:13:32 2026<stdout>:9971 KSP Residual norm 4.095440292481e-03
Mon Sep 21 15:13:32 2026<stdout>:9972 KSP Residual norm 4.095179098845e-03
Mon Sep 21 15:13:32 2026<stdout>:9973 KSP Residual norm 4.092655159598e-03
Mon Sep 21 15:13:32 2026<stdout>:9974 KSP Residual norm 4.091775872801e-03
Mon Sep 21 15:13:32 2026<stdout>:9975 KSP Residual norm 4.091773699941e-03
Mon Sep 21 15:13:32 2026<stdout>:9976 KSP Residual norm 4.089279031906e-03
Mon Sep 21 15:13:32 2026<stdout>:9977 KSP Residual norm 4.087511193115e-03
Mon Sep 21 15:13:32 2026<stdout>:9978 KSP Residual norm 4.087425387889e-03
Mon Sep 21 15:13:32 2026<stdout>:9979 KSP Residual norm 4.082574809802e-03
Mon Sep 21 15:13:32 2026<stdout>:9980 KSP Residual norm 4.078282453226e-03
Mon Sep 21 15:13:32 2026<stdout>:9981 KSP Residual norm 4.077646798254e-03
Mon Sep 21 15:13:32 2026<stdout>:9982 KSP Residual norm 4.076709515296e-03
Mon Sep 21 15:13:32 2026<stdout>:9983 KSP Residual norm 4.065777792559e-03
Mon Sep 21 15:13:32 2026<stdout>:9984 KSP Residual norm 4.065770715862e-03
Mon Sep 21 15:13:32 2026<stdout>:9985 KSP Residual norm 4.065441430202e-03
Mon Sep 21 15:13:32 2026<stdout>:9986 KSP Residual norm 4.059086625236e-03
Mon Sep 21 15:13:32 2026<stdout>:9987 KSP Residual norm 4.058694129628e-03
Mon Sep 21 15:13:32 2026<stdout>:9988 KSP Residual norm 4.055768015469e-03
Mon Sep 21 15:13:32 2026<stdout>:9989 KSP Residual norm 4.052690988979e-03
Mon Sep 21 15:13:32 2026<stdout>:9990 KSP Residual norm 4.044534066973e-03
Mon Sep 21 15:13:32 2026<stdout>:9991 KSP Residual norm 4.037475151378e-03
Mon Sep 21 15:13:32 2026<stdout>:9992 KSP Residual norm 4.037423375946e-03
Mon Sep 21 15:13:32 2026<stdout>:9993 KSP Residual norm 3.955074998989e-03
Mon Sep 21 15:13:32 2026<stdout>:9994 KSP Residual norm 3.945514221649e-03
Mon Sep 21 15:13:32 2026<stdout>:9995 KSP Residual norm 3.945314398775e-03
Mon Sep 21 15:13:32 2026<stdout>:9996 KSP Residual norm 3.944921940017e-03
Mon Sep 21 15:13:32 2026<stdout>:9997 KSP Residual norm 3.944390305319e-03
Mon Sep 21 15:13:32 2026<stdout>:9998 KSP Residual norm 3.943861772390e-03
Mon Sep 21 15:13:32 2026<stdout>:9999 KSP Residual norm 3.937981520440e-03
Mon Sep 21 15:13:32 2026<stdout>:10000 KSP Residual norm 3.937938146967e-03
Mon Sep 21 15:13:32 2026<stdout>:KSP Object: (options_slin) 1 MPI process
Mon Sep 21 15:13:32 2026<stdout>:  type: fgmres
Mon Sep 21 15:13:32 2026<stdout>:    restart=150, using modified Gram-Schmidt orthogonalization
Mon Sep 21 15:13:32 2026<stdout>:    happy breakdown tolerance=1e-30
Mon Sep 21 15:13:32 2026<stdout>:  maximum iterations=10000, initial guess is zero
Mon Sep 21 15:13:32 2026<stdout>:  tolerances: relative=1e-12, absolute=1e-20, divergence=10000.
Mon Sep 21 15:13:32 2026<stdout>:  right preconditioning
Mon Sep 21 15:13:32 2026<stdout>:  using UNPRECONDITIONED norm type for convergence test
Mon Sep 21 15:13:32 2026<stdout>:PC Object: (options_slin) 1 MPI process
Mon Sep 21 15:13:32 2026<stdout>:  type: gamg
Mon Sep 21 15:13:32 2026<stdout>:    type is MULTIPLICATIVE, levels=4 cycles=v
Mon Sep 21 15:13:32 2026<stdout>:      Cycles per PCApply=1
Mon Sep 21 15:13:32 2026<stdout>:      Using externally compute Galerkin coarse grid matrices
Mon Sep 21 15:13:32 2026<stdout>:  Mon Sep 21 15:13:32 2026<stdout>:    GAMG specific options
Mon Sep 21 15:13:32 2026<stdout>:        Threshold for dropping small values in graph on each level =   -1.   -1.  Mon Sep 21 15:13:32 2026<stdout>: -1.   -1.  
Mon Sep 21 15:13:32 2026<stdout>:        Threshold scaling factor for each level not specified = 1.
Mon Sep 21 15:13:32 2026<stdout>:        AGG specific options
Mon Sep 21 15:13:32 2026<stdout>:          Number of levels of aggressive coarsening 1
Mon Sep 21 15:13:32 2026<stdout>:          Square graph aggressive coarsening
Mon Sep 21 15:13:32 2026<stdout>:      Mon Sep 21 15:13:32 2026<stdout>:    MatCoarsen Object: (options_slin) 1 MPI process
Mon Sep 21 15:13:32 2026<stdout>:            type: misk
Mon Sep 21 15:13:32 2026<stdout>:  Mon Sep 21 15:13:32 2026<stdout>:        Number smoothing steps to construct prolongation 1
Mon Sep 21 15:13:32 2026<stdout>:        Complexity:    grid = 1.03211    operator = 1.02995
Mon Sep 21 15:13:32 2026<stdout>:        Per-level complexity: op = operator, int = interpolation
Mon Sep 21 15:13:32 2026<stdout>:            #equations  | #active PEs | avg nnz/row op | avg nnz/row int
Mon Sep 21 15:13:32 2026<stdout>:                 45            1             17                0
Mon Sep 21 15:13:32 2026<stdout>:                512            1             25                5
Mon Sep 21 15:13:32 2026<stdout>:               4038            1             16                5
Mon Sep 21 15:13:32 2026<stdout>:             143112            1             18                3
Mon Sep 21 15:13:32 2026<stdout>:  Coarse grid solver -- level 0 -------------------------------
Mon Sep 21 15:13:32 2026<stdout>:    Mon Sep 21 15:13:32 2026<stdout>:KSP Object: (options_slinmg_coarse_) 1 MPI process
Mon Sep 21 15:13:32 2026<stdout>:      type: preonly
Mon Sep 21 15:13:32 2026<stdout>:      maximum iterations=10000, initial guess is zero
Mon Sep 21 15:13:32 2026<stdout>:    Mon Sep 21 15:13:32 2026<stdout>:  tolerances: relative=1e-05, absolute=1e-50, divergence=10000.
Mon Sep 21 15:13:32 2026<stdout>:      left preconditioning
Mon Sep 21 15:13:32 2026<stdout>:      not checking for convergence
Mon Sep 21 15:13:32 2026<stdout>:    PC Object: (options_slinmg_coarse_) 1 MPI process
Mon Sep 21 15:13:32 2026<stdout>:      type: bjacobi
Mon Sep 21 15:13:32 2026<stdout>:        number of blocks = 1
Mon Sep 21 15:13:32 2026<stdout>:        Local solver information for first block is in the following KSP and PC objects on rank 0:
Mon Sep 21 15:13:32 2026<stdout>:      Mon Sep 21 15:13:32 2026<stdout>:  Use -options_slinmg_coarse_ksp_view ::ascii_info_detail to display information for all blocks
Mon Sep 21 15:13:32 2026<stdout>:        KSP Object: (options_slinmg_coarse_sub_) 1 MPI process
Mon Sep 21 15:13:32 2026<stdout>:          type: preonly
Mon Sep 21 15:13:32 2026<stdout>:          maximum iterations=1, initial guess is zero
Mon Sep 21 15:13:32 2026<stdout>:      Mon Sep 21 15:13:32 2026<stdout>:    tolerances: relative=1e-05, absolute=1e-50, divergence=10000.
Mon Sep 21 15:13:32 2026<stdout>:          left preconditioning
Mon Sep 21 15:13:32 2026<stdout>:          not checking for convergence
Mon Sep 21 15:13:32 2026<stdout>:        PC Object: (options_slinmg_coarse_sub_) 1 MPI process
Mon Sep 21 15:13:32 2026<stdout>:          type: lu
Mon Sep 21 15:13:32 2026<stdout>:            out-of-place factorization
Mon Sep 21 15:13:32 2026<stdout>:            tolerance for zero pivot 2.22045e-14
Mon Sep 21 15:13:32 2026<stdout>:            using diagonal shift on blocks to prevent zero pivot [INBLOCKS]
Mon Sep 21 15:13:32 2026<stdout>:            matrix ordering: nd
Mon Sep 21 15:13:32 2026<stdout>:            factor fill ratio given 5., needed 1.17274
Mon Sep 21 15:13:32 2026<stdout>:              Factored matrix:
Mon Sep 21 15:13:32 2026<stdout>:                Mat Object: (options_slinmg_coarse_sub_) 1 MPI process
Mon Sep 21 15:13:32 2026<stdout>:                  type: seqaij
Mon Sep 21 15:13:32 2026<stdout>:                  rows=45, cols=45
Mon Sep 21 15:13:32 2026<stdout>:                  package used to perform factorization: petsc
Mon Sep 21 15:13:32 2026<stdout>:                  total: nonzeros=869, allocated nonzeros=869
Mon Sep 21 15:13:32 2026<stdout>:      Mon Sep 21 15:13:32 2026<stdout>:              using I-node routines: found 28 nodes, limit used is 5
Mon Sep 21 15:13:32 2026<stdout>:          linear system matrix, which is also used to construct the preconditioner:
Mon Sep 21 15:13:32 2026<stdout>:          Mat Object: (options_slinmg_coarse_sub_) 1 MPI process
Mon Sep 21 15:13:32 2026<stdout>:            type: seqaij
Mon Sep 21 15:13:32 2026<stdout>:            rows=45, cols=45
Mon Sep 21 15:13:32 2026<stdout>:            total: nonzeros=741, allocated nonzeros=741
Mon Sep 21 15:13:32 2026<stdout>:            total number of mallocs used during MatSetValues calls=0
Mon Sep 21 15:13:32 2026<stdout>:              not using I-node routines
Mon Sep 21 15:13:32 2026<stdout>:      linear system matrix, which is also used to construct the preconditioner:
Mon Sep 21 15:13:32 2026<stdout>:      Mat Object: (options_slinmg_coarse_sub_) 1 MPI process
Mon Sep 21 15:13:32 2026<stdout>:        type: seqaij
Mon Sep 21 15:13:32 2026<stdout>:        rows=45, cols=45
Mon Sep 21 15:13:32 2026<stdout>:        total: nonzeros=741, allocated nonzeros=741
Mon Sep 21 15:13:32 2026<stdout>:    Mon Sep 21 15:13:32 2026<stdout>:    total number of mallocs used during MatSetValues calls=0
Mon Sep 21 15:13:32 2026<stdout>:          not using I-node routines
Mon Sep 21 15:13:32 2026<stdout>:  Down solver (pre-smoother) on level 1 -------------------------------
Mon Sep 21 15:13:32 2026<stdout>:    KSP Object: (options_slinmg_levels_1_) 1 MPI process
Mon Sep 21 15:13:32 2026<stdout>:      type: chebyshev
Mon Sep 21 15:13:32 2026<stdout>:        Chebyshev polynomial of first kind
Mon Sep 21 15:13:32 2026<stdout>:    Mon Sep 21 15:13:32 2026<stdout>:    eigenvalue targets used: min 1.27777e+16, max 1.40554e+17
Mon Sep 21 15:13:32 2026<stdout>:        eigenvalues provided (min 1.82736e+15, max 1.27777e+17) with transform: [0. 0.1; 0. 1.1]
Mon Sep 21 15:13:32 2026<stdout>:      maximum iterations=2, nonzero initial guess
Mon Sep 21 15:13:32 2026<stdout>:    Mon Sep 21 15:13:32 2026<stdout>:  tolerances: relative=1e-05, absolute=1e-50, divergence=10000.
Mon Sep 21 15:13:32 2026<stdout>:      left preconditioning
Mon Sep 21 15:13:32 2026<stdout>:      not checking for convergence
Mon Sep 21 15:13:32 2026<stdout>:    PC Object: (options_slinmg_levels_1_) 1 MPI process
Mon Sep 21 15:13:32 2026<stdout>:      type: jacobi
Mon Sep 21 15:13:32 2026<stdout>:        type DIAGONAL
Mon Sep 21 15:13:32 2026<stdout>:      linear system matrix, which is also used to construct the preconditioner:
Mon Sep 21 15:13:32 2026<stdout>:      Mat Object: 1 MPI process
Mon Sep 21 15:13:32 2026<stdout>:        type: seqaij
Mon Sep 21 15:13:32 2026<stdout>:        Mon Sep 21 15:13:32 2026<stdout>:rows=512, cols=512
Mon Sep 21 15:13:32 2026<stdout>:        Mon Sep 21 15:13:32 2026<stdout>:total: nonzeros=12378, allocated nonzeros=12378
Mon Sep 21 15:13:32 2026<stdout>:        total number of mallocs used during MatSetValues calls=0
Mon Sep 21 15:13:32 2026<stdout>:          not using I-node routines
Mon Sep 21 15:13:32 2026<stdout>:  Up solver (post-smoother) same as down solver (pre-smoother)
Mon Sep 21 15:13:32 2026<stdout>:  Down solver (pre-smoother) on level 2 -------------------------------
Mon Sep 21 15:13:32 2026<stdout>:    KSP Object: (options_slinmg_levels_2_) 1 MPI process
Mon Sep 21 15:13:32 2026<stdout>:      type: chebyshev
Mon Sep 21 15:13:32 2026<stdout>:        Chebyshev polynomial of first kind
Mon Sep 21 15:13:32 2026<stdout>:        eigenvalue targets used: min 7.0076e+15, max 7.70836e+16
Mon Sep 21 15:13:32 2026<stdout>:        eigenvalues provided (min 2.39773e+15, max 7.0076e+16) with transform: [0. 0.1; 0. 1.1]
Mon Sep 21 15:13:32 2026<stdout>:      maximum iterations=2, nonzero initial guess
Mon Sep 21 15:13:32 2026<stdout>:      tolerances: relative=1e-05, absolute=1e-50, divergence=10000.
Mon Sep 21 15:13:32 2026<stdout>:      left preconditioning
Mon Sep 21 15:13:32 2026<stdout>:      not checking for convergence
Mon Sep 21 15:13:32 2026<stdout>:    PC Object: (options_slinmg_levels_2_) 1 MPI process
Mon Sep 21 15:13:32 2026<stdout>:      type: jacobi
Mon Sep 21 15:13:32 2026<stdout>:        type DIAGONAL
Mon Sep 21 15:13:32 2026<stdout>:      linear system matrix, which is also used to construct the preconditioner:
Mon Sep 21 15:13:32 2026<stdout>:      Mat Object: 1 MPI process
Mon Sep 21 15:13:32 2026<stdout>:        type: seqaij
Mon Sep 21 15:13:32 2026<stdout>:        Mon Sep 21 15:13:32 2026<stdout>:rows=4038, cols=4038
Mon Sep 21 15:13:32 2026<stdout>:        total: nonzeros=62358, allocated nonzeros=62358
Mon Sep 21 15:13:32 2026<stdout>:        total number of mallocs used during MatSetValues calls=0
Mon Sep 21 15:13:32 2026<stdout>:          not using I-node routines
Mon Sep 21 15:13:32 2026<stdout>:  Up solver (post-smoother) same as down solver (pre-smoother)
Mon Sep 21 15:13:32 2026<stdout>:  Down solver (pre-smoother) on level 3 -------------------------------
Mon Sep 21 15:13:32 2026<stdout>:    Mon Sep 21 15:13:32 2026<stdout>:KSP Object: (options_slinmg_levels_3_) 1 MPI process
Mon Sep 21 15:13:32 2026<stdout>:      type: chebyshev
Mon Sep 21 15:13:32 2026<stdout>:        Chebyshev polynomial of first kind
Mon Sep 21 15:13:32 2026<stdout>:      Mon Sep 21 15:13:32 2026<stdout>:  eigenvalue targets used: min 2.4187e+18, max 2.66057e+19
Mon Sep 21 15:13:32 2026<stdout>:        eigenvalues provided (min 3.40937e+16, max 2.4187e+19) with transform: [0. 0.1; 0. 1.1]
Mon Sep 21 15:13:32 2026<stdout>:      maximum iterations=2, nonzero initial guess
Mon Sep 21 15:13:32 2026<stdout>:      tolerances: relative=1e-05, absolute=1e-50, divergence=10000.
Mon Sep 21 15:13:32 2026<stdout>:      left preconditioning
Mon Sep 21 15:13:32 2026<stdout>:      not checking for convergence
Mon Sep 21 15:13:32 2026<stdout>:  Mon Sep 21 15:13:32 2026<stdout>:  PC Object: (options_slinmg_levels_3_) 1 MPI process
Mon Sep 21 15:13:32 2026<stdout>:      type: jacobi
Mon Sep 21 15:13:32 2026<stdout>:        type DIAGONAL
Mon Sep 21 15:13:32 2026<stdout>:  Mon Sep 21 15:13:32 2026<stdout>:    linear system matrix, which is also used to construct the preconditioner:
Mon Sep 21 15:13:32 2026<stdout>:      Mat Object: (options_slin) 1 MPI process
Mon Sep 21 15:13:32 2026<stdout>:        type: seqaij
Mon Sep 21 15:13:32 2026<stdout>:        rows=143112, cols=143112
Mon Sep 21 15:13:32 2026<stdout>:        total: nonzeros=2519824, allocated nonzeros=2519824
Mon Sep 21 15:13:32 2026<stdout>:    Mon Sep 21 15:13:32 2026<stdout>:    total number of mallocs used during MatSetValues calls=0
Mon Sep 21 15:13:32 2026<stdout>:          not using I-node routines
Mon Sep 21 15:13:32 2026<stdout>:  Up solver (post-smoother) same as down solver (pre-smoother)
Mon Sep 21 15:13:32 2026<stdout>:  linear system matrix, which is also used to construct the preconditioner:
Mon Sep 21 15:13:32 2026<stdout>:  Mat Object: (options_slin) 1 MPI process
Mon Sep 21 15:13:32 2026<stdout>:    type: seqaij
Mon Sep 21 15:13:32 2026<stdout>:    rows=143112, cols=143112
Mon Sep 21 15:13:32 2026<stdout>:    total: nonzeros=2519824, allocated nonzeros=2519824
Mon Sep 21 15:13:32 2026<stdout>:    total number of mallocs used during MatSetValues calls=0
Mon Sep 21 15:13:32 2026<stdout>:      not using I-node routines
Mon Sep 21 15:13:32 2026<stdout>:Info      :  Ecriture des info pour une reprise
Mon Sep 21 15:13:32 2026<stdout>:
Mon Sep 21 15:13:32 2026<stdout>:Info      :  arret au premier pas de temps: rien à indiquer
Mon Sep 21 15:13:32 2026<stdout>:D1
