x,y,resource_caribou,resource_moose
0.3962962962962963,0.774074074074074,0.00020366598778004074,0.0
0.3962962962962963,0.774074074074074,0.00020366598778004074,0.0
0.3962962962962963,0.7814814814814826,0.0,0.0
0.3962962962962963,0.7814814814814826,0.0,0.0
0.3962962962962963,0.7888888888888886,0.00020366598778004074,0.0
0.3962962962962963,0.7888888888888886,0.00020366598778004074,0.0
0.3962962962962963,0.7962962962962972,0.00020366598778004074,0.0
0.3962962962962963,0.7962962962962972,0.00020366598778004074,0.0
0.3962962962962963,0.8037037037037034,0.00020366598778004074,0.0
0.3962962962962963,0.8037037037037034,0.00020366598778004074,0.0
0.3962962962962963,0.8111111111111118,0.00020366598778004074,0.0
0.3962962962962963,0.8111111111111118,0.00020366598778004074,0.0
0.3962962962962963,0.818518518518518,0.00020366598778004074,0.0
0.3962962962962963,0.818518518518518,0.00020366598778004074,0.0
0.3962962962962963,0.8259259259259264,0.00020366598778004074,0.0
0.3962962962962963,0.8259259259259264,0.00020366598778004074,0.0
0.3962962962962963,0.8333333333333326,0.0,0.0003518648838845883
0.3962962962962963,0.8333333333333326,0.0,0.0003518648838845883
0.3962962962962963,0.840740740740741,0.0,0.0
0.3962962962962963,0.840740740740741,0.0,0.0
0.3962962962962963,0.8481481481481472,0.0,0.0003518648838845883
0.3962962962962963,0.8481481481481472,0.0,0.0003518648838845883
0.3962962962962963,0.8555555555555556,0.0,0.0
0.3962962962962963,0.8555555555555556,0.0,0.0
0.3962962962962963,0.8629629629629642,0.0,0.0
0.3962962962962963,0.8629629629629642,0.0,0.0
0.3962962962962963,0.8703703703703702,0.0,0.0
0.3962962962962963,0.8703703703703702,0.0,0.0
0.3962962962962963,0.8777777777777788,0.0,0.0
0.3962962962962963,0.8777777777777788,0.0,0.0
0.3962962962962963,0.885185185185185,0.0,0.0
0.3962962962962963,0.885185185185185,0.0,0.0
0.3962962962962963,0.8925925925925934,0.0,0.0
0.3962962962962963,0.8925925925925934,0.0,0.0
0.3962962962962963,0.8999999999999996,0.0,0.0
0.3962962962962963,0.8999999999999996,0.0,0.0
0.3962962962962963,0.907407407407408,0.0,0.0
0.3962962962962963,0.907407407407408,0.0,0.0
0.3962962962962963,0.9148148148148142,0.0,0.0
0.3962962962962963,0.9148148148148142,0.0,0.0
0.3962962962962963,0.9222222222222226,0.0,0.0
0.3962962962962963,0.9222222222222226,0.0,0.0
0.3962962962962963,0.9296296296296288,0.0,0.0
0.3962962962962963,0.9296296296296288,0.0,0.0
0.3962962962962963,0.9370370370370372,0.00020366598778004074,0.0
0.3962962962962963,0.9370370370370372,0.00020366598778004074,0.0
0.3962962962962963,0.9444444444444434,0.00020366598778004074,0.0
0.3962962962962963,0.9444444444444434,0.00020366598778004074,0.0
0.3962962962962963,0.9518518518518518,0.00020366598778004074,0.0
0.3962962962962963,0.9518518518518518,0.00020366598778004074,0.0
0.3962962962962963,0.9592592592592604,0.00020366598778004074,0.0
0.3962962962962963,0.9592592592592604,0.00020366598778004074,0.0
0.3962962962962963,0.9666666666666666,0.00020366598778004074,0.0
0.3962962962962963,0.9666666666666666,0.00020366598778004074,0.0
0.3962962962962963,0.974074074074075,0.00020366598778004074,0.0
0.3962962962962963,0.974074074074075,0.00020366598778004074,0.0
0.3962962962962963,0.9814814814814812,0.00020366598778004074,0.0
0.3962962962962963,0.9814814814814812,0.00020366598778004074,0.0
0.3962962962962963,0.9888888888888896,0.0,0.0003518648838845883
0.3962962962962963,0.9888888888888896,0.0,0.0003518648838845883
0.3962962962962963,0.9962962962962958,0.0,0.0
0.3962962962962963,0.9962962962962958,0.0,0.0
0.4037037037037037,0.6703703703703694,0.0,0.0003518648838845883
0.4037037037037037,0.6703703703703694,0.0,0.0003518648838845883
0.4037037037037037,0.6777777777777778,0.0,0.0003518648838845883
0.4037037037037037,0.6777777777777778,0.0,0.0003518648838845883
0.4037037037037037,0.6851851851851862,0.0,0.0003518648838845883
0.4037037037037037,0.6851851851851862,0.0,0.0003518648838845883
0.4037037037037037,0.6925925925925924,0.0,0.0
0.4037037037037037,0.6925925925925924,0.0,0.0
0.4037037037037037,0.700000000000001,0.0,0.0003518648838845883
0.4037037037037037,0.700000000000001,0.0,0.0003518648838845883
0.4037037037037037,0.707407407407407,0.0,0.0003518648838845883
0.4037037037037037,0.707407407407407,0.0,0.0003518648838845883
0.4037037037037037,0.7148148148148156,0.00020366598778004074,0.0
0.4037037037037037,0.7148148148148156,0.00020366598778004074,0.0
0.4037037037037037,0.7222222222222218,0.0,0.0003518648838845883
0.4037037037037037,0.7222222222222218,0.0,0.0003518648838845883
0.4037037037037037,0.7296296296296302,0.0,0.0003518648838845883
0.4037037037037037,0.7296296296296302,0.0,0.0003518648838845883
0.4037037037037037,0.7370370370370364,0.0,0.0003518648838845883
0.4037037037037037,0.7370370370370364,0.0,0.0003518648838845883
0.4037037037037037,0.7444444444444448,0.0,0.0003518648838845883
0.4037037037037037,0.7444444444444448,0.0,0.0003518648838845883
0.4037037037037037,0.751851851851851,0.0,0.0003518648838845883
0.4037037037037037,0.751851851851851,0.0,0.0003518648838845883
0.4037037037037037,0.7592592592592594,0.00020366598778004074,0.0
0.4037037037037037,0.7592592592592594,0.00020366598778004074,0.0
0.4037037037037037,0.7666666666666656,0.0,0.0003518648838845883
0.4037037037037037,0.7666666666666656,0.0,0.0003518648838845883
0.4037037037037037,0.774074074074074,0.00020366598778004074,0.0
0.4037037037037037,0.774074074074074,0.00020366598778004074,0.0
0.4037037037037037,0.7814814814814826,0.00020366598778004074,0.0
0.4037037037037037,0.7814814814814826,0.00020366598778004074,0.0
0.4037037037037037,0.7888888888888886,0.00020366598778004074,0.0
0.4037037037037037,0.7888888888888886,0.00020366598778004074,0.0
0.4037037037037037,0.7962962962962972,0.00020366598778004074,0.0
0.4037037037037037,0.7962962962962972,0.00020366598778004074,0.0
0.4037037037037037,0.8037037037037034,0.00020366598778004074,0.0
0.4037037037037037,0.8037037037037034,0.00020366598778004074,0.0
0.4037037037037037,0.8111111111111118,0.00020366598778004074,0.0
0.4037037037037037,0.8111111111111118,0.00020366598778004074,0.0
0.4037037037037037,0.818518518518518,0.00020366598778004074,0.0
0.4037037037037037,0.818518518518518,0.00020366598778004074,0.0
0.4037037037037037,0.8259259259259264,0.00020366598778004074,0.0
0.4037037037037037,0.8259259259259264,0.00020366598778004074,0.0
0.4037037037037037,0.8333333333333326,0.00020366598778004074,0.0
0.4037037037037037,0.8333333333333326,0.00020366598778004074,0.0
0.4037037037037037,0.840740740740741,0.00020366598778004074,0.0
0.4037037037037037,0.840740740740741,0.00020366598778004074,0.0
0.4037037037037037,0.8481481481481472,0.00020366598778004074,0.0
0.4037037037037037,0.8481481481481472,0.00020366598778004074,0.0
0.4037037037037037,0.8555555555555556,0.00020366598778004074,0.0
0.4037037037037037,0.8555555555555556,0.00020366598778004074,0.0
0.4037037037037037,0.8629629629629642,0.0,0.0
0.4037037037037037,0.8629629629629642,0.0,0.0
0.4037037037037037,0.8703703703703702,0.0,0.0
0.4037037037037037,0.8703703703703702,0.0,0.0
0.4037037037037037,0.8777777777777788,0.0,0.0
0.4037037037037037,0.8777777777777788,0.0,0.0
0.4037037037037037,0.885185185185185,0.0,0.0
0.4037037037037037,0.885185185185185,0.0,0.0
0.4037037037037037,0.8925925925925934,0.0,0.0
0.4037037037037037,0.8925925925925934,0.0,0.0
0.4037037037037037,0.8999999999999996,0.00020366598778004074,0.0
0.4037037037037037,0.8999999999999996,0.00020366598778004074,0.0
0.4037037037037037,0.907407407407408,0.0,0.0
0.4037037037037037,0.907407407407408,0.0,0.0
0.4037037037037037,0.9148148148148142,0.00020366598778004074,0.0
0.4037037037037037,0.9148148148148142,0.00020366598778004074,0.0
0.4037037037037037,0.9222222222222226,0.00020366598778004074,0.0
0.4037037037037037,0.9222222222222226,0.00020366598778004074,0.0
0.4037037037037037,0.9296296296296288,0.0,0.0
0.4037037037037037,0.9296296296296288,0.0,0.0
0.4037037037037037,0.9370370370370372,0.00020366598778004074,0.0
0.4037037037037037,0.9370370370370372,0.00020366598778004074,0.0
0.4037037037037037,0.9444444444444434,0.00020366598778004074,0.0
0.4037037037037037,0.9444444444444434,0.00020366598778004074,0.0
0.4037037037037037,0.9518518518518518,0.0,0.0
0.4037037037037037,0.9518518518518518,0.0,0.0
0.4037037037037037,0.9592592592592604,0.00020366598778004074,0.0
0.4037037037037037,0.9592592592592604,0.00020366598778004074,0.0
0.4037037037037037,0.9666666666666666,0.00020366598778004074,0.0
0.4037037037037037,0.9666666666666666,0.00020366598778004074,0.0
0.4037037037037037,0.974074074074075,0.0,0.0
0.4037037037037037,0.974074074074075,0.0,0.0
0.4037037037037037,0.9814814814814812,0.0,0.0
0.4037037037037037,0.9814814814814812,0.0,0.0
0.4037037037037037,0.9888888888888896,0.0,0.0
0.4037037037037037,0.9888888888888896,0.0,0.0
0.4037037037037037,0.9962962962962958,0.00020366598778004074,0.0
0.4037037037037037,0.9962962962962958,0.00020366598778004074,0.0
0.4111111111111112,0.6703703703703694,0.0,0.0
0.4111111111111112,0.6703703703703694,0.0,0.0
0.4111111111111112,0.6777777777777778,0.0,0.0
0.4111111111111112,0.6777777777777778,0.0,0.0
0.4111111111111112,0.6851851851851862,0.0,0.0
0.4111111111111112,0.6851851851851862,0.0,0.0
0.4111111111111112,0.6925925925925924,0.0,0.0
0.4111111111111112,0.6925925925925924,0.0,0.0
0.4111111111111112,0.700000000000001,0.0,0.0
0.4111111111111112,0.700000000000001,0.0,0.0
0.4111111111111112,0.707407407407407,0.0,0.0003518648838845883
0.4111111111111112,0.707407407407407,0.0,0.0003518648838845883
0.4111111111111112,0.7148148148148156,0.0,0.0003518648838845883
0.4111111111111112,0.7148148148148156,0.0,0.0003518648838845883
0.4111111111111112,0.7222222222222218,0.00020366598778004074,0.0
0.4111111111111112,0.7222222222222218,0.00020366598778004074,0.0
0.4111111111111112,0.7296296296296302,0.0,0.0
0.4111111111111112,0.7296296296296302,0.0,0.0
0.4111111111111112,0.7370370370370364,0.0,0.0003518648838845883
0.4111111111111112,0.7370370370370364,0.0,0.0003518648838845883
0.4111111111111112,0.7444444444444448,0.0,0.0003518648838845883
0.4111111111111112,0.7444444444444448,0.0,0.0003518648838845883
0.4111111111111112,0.751851851851851,0.00020366598778004074,0.0
0.4111111111111112,0.751851851851851,0.00020366598778004074,0.0
0.4111111111111112,0.7592592592592594,0.00020366598778004074,0.0
0.4111111111111112,0.7592592592592594,0.00020366598778004074,0.0
0.4111111111111112,0.7666666666666656,0.00020366598778004074,0.0
0.4111111111111112,0.7666666666666656,0.00020366598778004074,0.0
0.4111111111111112,0.774074074074074,0.00020366598778004074,0.0
0.4111111111111112,0.774074074074074,0.00020366598778004074,0.0
0.4111111111111112,0.7814814814814826,0.00020366598778004074,0.0
0.4111111111111112,0.7814814814814826,0.00020366598778004074,0.0
0.4111111111111112,0.7888888888888886,0.00020366598778004074,0.0
0.4111111111111112,0.7888888888888886,0.00020366598778004074,0.0
0.4111111111111112,0.7962962962962972,0.0,0.0003518648838845883
0.4111111111111112,0.7962962962962972,0.0,0.0003518648838845883
0.4111111111111112,0.8037037037037034,0.0,0.0
0.4111111111111112,0.8037037037037034,0.0,0.0
0.4111111111111112,0.8111111111111118,0.00020366598778004074,0.0
0.4111111111111112,0.8111111111111118,0.00020366598778004074,0.0
0.4111111111111112,0.818518518518518,0.00020366598778004074,0.0
0.4111111111111112,0.818518518518518,0.00020366598778004074,0.0
0.4111111111111112,0.8259259259259264,0.00020366598778004074,0.0
0.4111111111111112,0.8259259259259264,0.00020366598778004074,0.0
0.4111111111111112,0.8333333333333326,0.00020366598778004074,0.0
0.4111111111111112,0.8333333333333326,0.00020366598778004074,0.0
0.4111111111111112,0.840740740740741,0.00020366598778004074,0.0
0.4111111111111112,0.840740740740741,0.00020366598778004074,0.0
0.4111111111111112,0.8481481481481472,0.00020366598778004074,0.0
0.4111111111111112,0.8481481481481472,0.00020366598778004074,0.0
0.4111111111111112,0.8555555555555556,0.00020366598778004074,0.0
0.4111111111111112,0.8555555555555556,0.00020366598778004074,0.0
0.4111111111111112,0.8629629629629642,0.00020366598778004074,0.0
0.4111111111111112,0.8629629629629642,0.00020366598778004074,0.0
0.4111111111111112,0.8703703703703702,0.00020366598778004074,0.0
0.4111111111111112,0.8703703703703702,0.00020366598778004074,0.0
0.4111111111111112,0.8777777777777788,0.0,0.0
0.4111111111111112,0.8777777777777788,0.0,0.0
0.4111111111111112,0.885185185185185,0.0,0.0
0.4111111111111112,0.885185185185185,0.0,0.0
0.4111111111111112,0.8925925925925934,0.0,0.0
0.4111111111111112,0.8925925925925934,0.0,0.0
0.4111111111111112,0.8999999999999996,0.00020366598778004074,0.0
0.4111111111111112,0.8999999999999996,0.00020366598778004074,0.0
0.4111111111111112,0.907407407407408,0.00020366598778004074,0.0
0.4111111111111112,0.907407407407408,0.00020366598778004074,0.0
0.4111111111111112,0.9148148148148142,0.00020366598778004074,0.0
0.4111111111111112,0.9148148148148142,0.00020366598778004074,0.0
0.4111111111111112,0.9222222222222226,0.0,0.0
0.4111111111111112,0.9222222222222226,0.0,0.0
0.4111111111111112,0.9296296296296288,0.0,0.0
0.4111111111111112,0.9296296296296288,0.0,0.0
0.4111111111111112,0.9370370370370372,0.0,0.0
0.4111111111111112,0.9370370370370372,0.0,0.0
0.4111111111111112,0.9444444444444434,0.0,0.0
0.4111111111111112,0.9444444444444434,0.0,0.0
0.4111111111111112,0.9518518518518518,0.00020366598778004074,0.0
0.4111111111111112,0.9518518518518518,0.00020366598778004074,0.0
0.4111111111111112,0.9592592592592604,0.0,0.0
0.4111111111111112,0.9592592592592604,0.0,0.0
0.4111111111111112,0.9666666666666666,0.00020366598778004074,0.0
0.4111111111111112,0.9666666666666666,0.00020366598778004074,0.0
0.4111111111111112,0.974074074074075,0.0,0.0
0.4111111111111112,0.974074074074075,0.0,0.0
0.4111111111111112,0.9814814814814812,0.00020366598778004074,0.0
0.4111111111111112,0.9814814814814812,0.00020366598778004074,0.0
0.4111111111111112,0.9888888888888896,0.0,0.0
0.4111111111111112,0.9888888888888896,0.0,0.0
0.4111111111111112,0.9962962962962958,0.00020366598778004074,0.0
0.4111111111111112,0.9962962962962958,0.00020366598778004074,0.0
0.4185185185185185,0.6555555555555548,0.0,0.0003518648838845883
0.4185185185185185,0.6555555555555548,0.0,0.0003518648838845883
0.4185185185185185,0.6629629629629632,0.0,0.0
0.4185185185185185,0.6629629629629632,0.0,0.0
0.4185185185185185,0.6703703703703694,0.0,0.0
0.4185185185185185,0.6703703703703694,0.0,0.0
0.4185185185185185,0.6777777777777778,0.00020366598778004074,0.0
0.4185185185185185,0.6777777777777778,0.00020366598778004074,0.0
0.4185185185185185,0.6851851851851862,0.00020366598778004074,0.0
0.4185185185185185,0.6851851851851862,0.00020366598778004074,0.0
0.4185185185185185,0.6925925925925924,0.00020366598778004074,0.0
0.4185185185185185,0.6925925925925924,0.00020366598778004074,0.0
0.4185185185185185,0.700000000000001,0.00020366598778004074,0.0
0.4185185185185185,0.700000000000001,0.00020366598778004074,0.0
0.4185185185185185,0.707407407407407,0.00020366598778004074,0.0
0.4185185185185185,0.707407407407407,0.00020366598778004074,0.0
0.4185185185185185,0.7148148148148156,0.00020366598778004074,0.0
0.4185185185185185,0.7148148148148156,0.00020366598778004074,0.0
0.4185185185185185,0.7222222222222218,0.0,0.0
0.4185185185185185,0.7222222222222218,0.0,0.0
0.4185185185185185,0.7296296296296302,0.00020366598778004074,0.0
0.4185185185185185,0.7296296296296302,0.00020366598778004074,0.0
0.4185185185185185,0.7370370370370364,0.00020366598778004074,0.0
0.4185185185185185,0.7370370370370364,0.00020366598778004074,0.0
0.4185185185185185,0.7444444444444448,0.00020366598778004074,0.0
0.4185185185185185,0.7444444444444448,0.00020366598778004074,0.0
0.4185185185185185,0.751851851851851,0.00020366598778004074,0.0
0.4185185185185185,0.751851851851851,0.00020366598778004074,0.0
0.4185185185185185,0.7592592592592594,0.00020366598778004074,0.0
0.4185185185185185,0.7592592592592594,0.00020366598778004074,0.0
0.4185185185185185,0.7666666666666656,0.00020366598778004074,0.0
0.4185185185185185,0.7666666666666656,0.00020366598778004074,0.0
0.4185185185185185,0.774074074074074,0.00020366598778004074,0.0
0.4185185185185185,0.774074074074074,0.00020366598778004074,0.0
0.4185185185185185,0.7814814814814826,0.00020366598778004074,0.0
0.4185185185185185,0.7814814814814826,0.00020366598778004074,0.0
0.4185185185185185,0.7888888888888886,0.00020366598778004074,0.0
0.4185185185185185,0.7888888888888886,0.00020366598778004074,0.0
0.4185185185185185,0.7962962962962972,0.00020366598778004074,0.0
0.4185185185185185,0.7962962962962972,0.00020366598778004074,0.0
0.4185185185185185,0.8037037037037034,0.00020366598778004074,0.0
0.4185185185185185,0.8037037037037034,0.00020366598778004074,0.0
0.4185185185185185,0.8111111111111118,0.00020366598778004074,0.0
0.4185185185185185,0.8111111111111118,0.00020366598778004074,0.0
0.4185185185185185,0.818518518518518,0.00020366598778004074,0.0
0.4185185185185185,0.818518518518518,0.00020366598778004074,0.0
0.4185185185185185,0.8259259259259264,0.00020366598778004074,0.0
0.4185185185185185,0.8259259259259264,0.00020366598778004074,0.0
0.4185185185185185,0.8333333333333326,0.00020366598778004074,0.0
0.4185185185185185,0.8333333333333326,0.00020366598778004074,0.0
0.4185185185185185,0.840740740740741,0.00020366598778004074,0.0
0.4185185185185185,0.840740740740741,0.00020366598778004074,0.0
0.4185185185185185,0.8481481481481472,0.0,0.0
0.4185185185185185,0.8481481481481472,0.0,0.0
0.4185185185185185,0.8555555555555556,0.00020366598778004074,0.0
0.4185185185185185,0.8555555555555556,0.00020366598778004074,0.0
0.4185185185185185,0.8629629629629642,0.00020366598778004074,0.0
0.4185185185185185,0.8629629629629642,0.00020366598778004074,0.0
0.4185185185185185,0.8703703703703702,0.00020366598778004074,0.0
0.4185185185185185,0.8703703703703702,0.00020366598778004074,0.0
0.4185185185185185,0.8777777777777788,0.0,0.0
0.4185185185185185,0.8777777777777788,0.0,0.0
0.4185185185185185,0.885185185185185,0.0,0.0
0.4185185185185185,0.885185185185185,0.0,0.0
0.4185185185185185,0.8925925925925934,0.0,0.0
0.4185185185185185,0.8925925925925934,0.0,0.0
0.4185185185185185,0.8999999999999996,0.0,0.0
0.4185185185185185,0.8999999999999996,0.0,0.0
0.4185185185185185,0.907407407407408,0.0,0.0
0.4185185185185185,0.907407407407408,0.0,0.0
0.4185185185185185,0.9148148148148142,0.0,0.0
0.4185185185185185,0.9148148148148142,0.0,0.0
0.4185185185185185,0.9222222222222226,0.0,0.0
0.4185185185185185,0.9222222222222226,0.0,0.0
0.4185185185185185,0.9296296296296288,0.0,0.0
0.4185185185185185,0.9296296296296288,0.0,0.0
0.4185185185185185,0.9370370370370372,0.00020366598778004074,0.0
0.4185185185185185,0.9370370370370372,0.00020366598778004074,0.0
0.4185185185185185,0.9444444444444434,0.00020366598778004074,0.0
0.4185185185185185,0.9444444444444434,0.00020366598778004074,0.0
0.4185185185185185,0.9518518518518518,0.0,0.0
0.4185185185185185,0.9518518518518518,0.0,0.0
0.4185185185185185,0.9592592592592604,0.0,0.0
0.4185185185185185,0.9592592592592604,0.0,0.0
0.4185185185185185,0.9666666666666666,0.0,0.0
0.4185185185185185,0.9666666666666666,0.0,0.0
0.4185185185185185,0.974074074074075,0.00020366598778004074,0.0
0.4185185185185185,0.974074074074075,0.00020366598778004074,0.0
0.4185185185185185,0.9814814814814812,0.0,0.0
0.4185185185185185,0.9814814814814812,0.0,0.0
0.4185185185185185,0.9888888888888896,0.00020366598778004074,0.0
0.4185185185185185,0.9888888888888896,0.00020366598778004074,0.0
0.4185185185185185,0.9962962962962958,0.00020366598778004074,0.0
0.4185185185185185,0.9962962962962958,0.00020366598778004074,0.0
0.4259259259259259,0.6555555555555548,0.0,0.0
0.4259259259259259,0.6555555555555548,0.0,0.0
0.4259259259259259,0.6629629629629632,0.0,0.0003518648838845883
0.4259259259259259,0.6629629629629632,0.0,0.0003518648838845883
0.4259259259259259,0.6703703703703694,0.0,0.0
0.4259259259259259,0.6703703703703694,0.0,0.0
0.4259259259259259,0.6777777777777778,0.00020366598778004074,0.0
0.4259259259259259,0.6777777777777778,0.00020366598778004074,0.0
0.4259259259259259,0.6851851851851862,0.0,0.0
0.4259259259259259,0.6851851851851862,0.0,0.0
0.4259259259259259,0.6925925925925924,0.00020366598778004074,0.0
0.4259259259259259,0.6925925925925924,0.00020366598778004074,0.0
0.4259259259259259,0.700000000000001,0.00020366598778004074,0.0
0.4259259259259259,0.700000000000001,0.00020366598778004074,0.0
0.4259259259259259,0.707407407407407,0.00020366598778004074,0.0
0.4259259259259259,0.707407407407407,0.00020366598778004074,0.0
0.4259259259259259,0.7148148148148156,0.0,0.0003518648838845883
0.4259259259259259,0.7148148148148156,0.0,0.0003518648838845883
0.4259259259259259,0.7222222222222218,0.0,0.0
0.4259259259259259,0.7222222222222218,0.0,0.0
0.4259259259259259,0.7296296296296302,0.00020366598778004074,0.0
0.4259259259259259,0.7296296296296302,0.00020366598778004074,0.0
0.4259259259259259,0.7370370370370364,0.00020366598778004074,0.0
0.4259259259259259,0.7370370370370364,0.00020366598778004074,0.0
0.4259259259259259,0.7444444444444448,0.00020366598778004074,0.0
0.4259259259259259,0.7444444444444448,0.00020366598778004074,0.0
0.4259259259259259,0.751851851851851,0.00020366598778004074,0.0
0.4259259259259259,0.751851851851851,0.00020366598778004074,0.0
0.4259259259259259,0.7592592592592594,0.00020366598778004074,0.0
0.4259259259259259,0.7592592592592594,0.00020366598778004074,0.0
0.4259259259259259,0.7666666666666656,0.00020366598778004074,0.0
0.4259259259259259,0.7666666666666656,0.00020366598778004074,0.0
0.4259259259259259,0.774074074074074,0.00020366598778004074,0.0
0.4259259259259259,0.774074074074074,0.00020366598778004074,0.0
0.4259259259259259,0.7814814814814826,0.00020366598778004074,0.0
0.4259259259259259,0.7814814814814826,0.00020366598778004074,0.0
0.4259259259259259,0.7888888888888886,0.00020366598778004074,0.0
0.4259259259259259,0.7888888888888886,0.00020366598778004074,0.0
0.4259259259259259,0.7962962962962972,0.0,0.0003518648838845883
0.4259259259259259,0.7962962962962972,0.0,0.0003518648838845883
0.4259259259259259,0.8037037037037034,0.00020366598778004074,0.0
0.4259259259259259,0.8037037037037034,0.00020366598778004074,0.0
0.4259259259259259,0.8111111111111118,0.00020366598778004074,0.0
0.4259259259259259,0.8111111111111118,0.00020366598778004074,0.0
0.4259259259259259,0.818518518518518,0.00020366598778004074,0.0
0.4259259259259259,0.818518518518518,0.00020366598778004074,0.0
0.4259259259259259,0.8259259259259264,0.00020366598778004074,0.0
0.4259259259259259,0.8259259259259264,0.00020366598778004074,0.0
0.4259259259259259,0.8333333333333326,0.00020366598778004074,0.0
0.4259259259259259,0.8333333333333326,0.00020366598778004074,0.0
0.4259259259259259,0.840740740740741,0.00020366598778004074,0.0
0.4259259259259259,0.840740740740741,0.00020366598778004074,0.0
0.4259259259259259,0.8481481481481472,0.00020366598778004074,0.0
0.4259259259259259,0.8481481481481472,0.00020366598778004074,0.0
0.4259259259259259,0.8555555555555556,0.00020366598778004074,0.0
0.4259259259259259,0.8555555555555556,0.00020366598778004074,0.0
0.4259259259259259,0.8629629629629642,0.0,0.0
0.4259259259259259,0.8629629629629642,0.0,0.0
0.4259259259259259,0.8703703703703702,0.0,0.0
0.4259259259259259,0.8703703703703702,0.0,0.0
0.4259259259259259,0.8777777777777788,0.0,0.0
0.4259259259259259,0.8777777777777788,0.0,0.0
0.4259259259259259,0.885185185185185,0.0,0.0
0.4259259259259259,0.885185185185185,0.0,0.0
0.4259259259259259,0.8925925925925934,0.0,0.0
0.4259259259259259,0.8925925925925934,0.0,0.0
0.4259259259259259,0.8999999999999996,0.0,0.0
0.4259259259259259,0.8999999999999996,0.0,0.0
0.4259259259259259,0.907407407407408,0.0,0.0
0.4259259259259259,0.907407407407408,0.0,0.0
0.4259259259259259,0.9148148148148142,0.0,0.0003518648838845883
0.4259259259259259,0.9148148148148142,0.0,0.0003518648838845883
0.4259259259259259,0.9222222222222226,0.0,0.0
0.4259259259259259,0.9222222222222226,0.0,0.0
0.4259259259259259,0.9296296296296288,0.0,0.0
0.4259259259259259,0.9296296296296288,0.0,0.0
0.4259259259259259,0.9370370370370372,0.0,0.0003518648838845883
0.4259259259259259,0.9370370370370372,0.0,0.0003518648838845883
0.4259259259259259,0.9444444444444434,0.0,0.0
0.4259259259259259,0.9444444444444434,0.0,0.0
0.4259259259259259,0.9518518518518518,0.0,0.0
0.4259259259259259,0.9518518518518518,0.0,0.0
0.4259259259259259,0.9592592592592604,0.0,0.0
0.4259259259259259,0.9592592592592604,0.0,0.0
0.4259259259259259,0.9666666666666666,0.00020366598778004074,0.0
0.4259259259259259,0.9666666666666666,0.00020366598778004074,0.0
0.4259259259259259,0.974074074074075,0.00020366598778004074,0.0
0.4259259259259259,0.974074074074075,0.00020366598778004074,0.0
0.4259259259259259,0.9814814814814812,0.00020366598778004074,0.0
0.4259259259259259,0.9814814814814812,0.00020366598778004074,0.0
0.4259259259259259,0.9888888888888896,0.00020366598778004074,0.0
0.4259259259259259,0.9888888888888896,0.00020366598778004074,0.0
0.4259259259259259,0.9962962962962958,0.0,0.0
0.4259259259259259,0.9962962962962958,0.0,0.0
0.4333333333333334,0.6555555555555548,0.0,0.0
0.4333333333333334,0.6555555555555548,0.0,0.0
0.4333333333333334,0.6629629629629632,0.0,0.0
0.4333333333333334,0.6629629629629632,0.0,0.0
0.4333333333333334,0.6703703703703694,0.0,0.0
0.4333333333333334,0.6703703703703694,0.0,0.0
0.4333333333333334,0.6777777777777778,0.00020366598778004074,0.0
0.4333333333333334,0.6777777777777778,0.00020366598778004074,0.0
0.4333333333333334,0.6851851851851862,0.00020366598778004074,0.0
0.4333333333333334,0.6851851851851862,0.00020366598778004074,0.0
0.4333333333333334,0.6925925925925924,0.00020366598778004074,0.0
0.4333333333333334,0.6925925925925924,0.00020366598778004074,0.0
0.4333333333333334,0.700000000000001,0.00020366598778004074,0.0
0.4333333333333334,0.700000000000001,0.00020366598778004074,0.0
0.4333333333333334,0.707407407407407,0.00020366598778004074,0.0
0.4333333333333334,0.707407407407407,0.00020366598778004074,0.0
0.4333333333333334,0.7148148148148156,0.0,0.0
0.4333333333333334,0.7148148148148156,0.0,0.0
0.4333333333333334,0.7222222222222218,0.00020366598778004074,0.0
0.4333333333333334,0.7222222222222218,0.00020366598778004074,0.0
0.4333333333333334,0.7296296296296302,0.00020366598778004074,0.0
0.4333333333333334,0.7296296296296302,0.00020366598778004074,0.0
0.4333333333333334,0.7370370370370364,0.00020366598778004074,0.0
0.4333333333333334,0.7370370370370364,0.00020366598778004074,0.0
0.4333333333333334,0.7444444444444448,0.00020366598778004074,0.0
0.4333333333333334,0.7444444444444448,0.00020366598778004074,0.0
0.4333333333333334,0.751851851851851,0.00020366598778004074,0.0
0.4333333333333334,0.751851851851851,0.00020366598778004074,0.0
0.4333333333333334,0.7592592592592594,0.00020366598778004074,0.0
0.4333333333333334,0.7592592592592594,0.00020366598778004074,0.0
0.4333333333333334,0.7666666666666656,0.00020366598778004074,0.0
0.4333333333333334,0.7666666666666656,0.00020366598778004074,0.0
0.4333333333333334,0.774074074074074,0.00020366598778004074,0.0
0.4333333333333334,0.774074074074074,0.00020366598778004074,0.0
0.4333333333333334,0.7814814814814826,0.00020366598778004074,0.0
0.4333333333333334,0.7814814814814826,0.00020366598778004074,0.0
0.4333333333333334,0.7888888888888886,0.00020366598778004074,0.0
0.4333333333333334,0.7888888888888886,0.00020366598778004074,0.0
0.4333333333333334,0.7962962962962972,0.00020366598778004074,0.0
0.4333333333333334,0.7962962962962972,0.00020366598778004074,0.0
0.4333333333333334,0.8037037037037034,0.0,0.0003518648838845883
0.4333333333333334,0.8037037037037034,0.0,0.0003518648838845883
0.4333333333333334,0.8111111111111118,0.0,0.0003518648838845883
0.4333333333333334,0.8111111111111118,0.0,0.0003518648838845883
0.4333333333333334,0.818518518518518,0.00020366598778004074,0.0
0.4333333333333334,0.818518518518518,0.00020366598778004074,0.0
0.4333333333333334,0.8259259259259264,0.00020366598778004074,0.0
0.4333333333333334,0.8259259259259264,0.00020366598778004074,0.0
0.4333333333333334,0.8333333333333326,0.00020366598778004074,0.0
0.4333333333333334,0.8333333333333326,0.00020366598778004074,0.0
0.4333333333333334,0.840740740740741,0.00020366598778004074,0.0
0.4333333333333334,0.840740740740741,0.00020366598778004074,0.0
0.4333333333333334,0.8481481481481472,0.00020366598778004074,0.0
0.4333333333333334,0.8481481481481472,0.00020366598778004074,0.0
0.4333333333333334,0.8555555555555556,0.0,0.0003518648838845883
0.4333333333333334,0.8555555555555556,0.0,0.0003518648838845883
0.4333333333333334,0.8629629629629642,0.0,0.0
0.4333333333333334,0.8629629629629642,0.0,0.0
0.4333333333333334,0.8703703703703702,0.0,0.0
0.4333333333333334,0.8703703703703702,0.0,0.0
0.4333333333333334,0.8777777777777788,0.0,0.0
0.4333333333333334,0.8777777777777788,0.0,0.0
0.4333333333333334,0.885185185185185,0.0,0.0
0.4333333333333334,0.885185185185185,0.0,0.0
0.4333333333333334,0.8925925925925934,0.0,0.0
0.4333333333333334,0.8925925925925934,0.0,0.0
0.4333333333333334,0.8999999999999996,0.0,0.0
0.4333333333333334,0.8999999999999996,0.0,0.0
0.4333333333333334,0.907407407407408,0.0,0.0
0.4333333333333334,0.907407407407408,0.0,0.0
0.4333333333333334,0.9148148148148142,0.0,0.0003518648838845883
0.4333333333333334,0.9148148148148142,0.0,0.0003518648838845883
0.4333333333333334,0.9222222222222226,0.0,0.0003518648838845883
0.4333333333333334,0.9222222222222226,0.0,0.0003518648838845883
0.4333333333333334,0.9296296296296288,0.0,0.0003518648838845883
0.4333333333333334,0.9296296296296288,0.0,0.0003518648838845883
0.4333333333333334,0.9370370370370372,0.0,0.0003518648838845883
0.4333333333333334,0.9370370370370372,0.0,0.0003518648838845883
0.4333333333333334,0.9444444444444434,0.0,0.0003518648838845883
0.4333333333333334,0.9444444444444434,0.0,0.0003518648838845883
0.4333333333333334,0.9518518518518518,0.0,0.0003518648838845883
0.4333333333333334,0.9518518518518518,0.0,0.0003518648838845883
0.4333333333333334,0.9592592592592604,0.0,0.0
0.4333333333333334,0.9592592592592604,0.0,0.0
0.4333333333333334,0.9666666666666666,0.0,0.0
0.4333333333333334,0.9666666666666666,0.0,0.0
0.4333333333333334,0.974074074074075,0.0,0.0003518648838845883
0.4333333333333334,0.974074074074075,0.0,0.0003518648838845883
0.4333333333333334,0.9814814814814812,0.00020366598778004074,0.0
0.4333333333333334,0.9814814814814812,0.00020366598778004074,0.0
0.4333333333333334,0.9888888888888896,0.0,0.0
0.4333333333333334,0.9888888888888896,0.0,0.0
0.4333333333333334,0.9962962962962958,0.0,0.0
0.4333333333333334,0.9962962962962958,0.0,0.0
0.4407407407407408,0.6555555555555548,0.0,0.0
0.4407407407407408,0.6555555555555548,0.0,0.0
0.4407407407407408,0.6629629629629632,0.0,0.0
0.4407407407407408,0.6629629629629632,0.0,0.0
0.4407407407407408,0.6703703703703694,0.00020366598778004074,0.0
0.4407407407407408,0.6703703703703694,0.00020366598778004074,0.0
0.4407407407407408,0.6777777777777778,0.00020366598778004074,0.0
0.4407407407407408,0.6777777777777778,0.00020366598778004074,0.0
0.4407407407407408,0.6851851851851862,0.0,0.0
0.4407407407407408,0.6851851851851862,0.0,0.0
0.4407407407407408,0.6925925925925924,0.00020366598778004074,0.0
0.4407407407407408,0.6925925925925924,0.00020366598778004074,0.0
0.4407407407407408,0.700000000000001,0.00020366598778004074,0.0
0.4407407407407408,0.700000000000001,0.00020366598778004074,0.0
0.4407407407407408,0.707407407407407,0.00020366598778004074,0.0
0.4407407407407408,0.707407407407407,0.00020366598778004074,0.0
0.4407407407407408,0.7148148148148156,0.00020366598778004074,0.0
0.4407407407407408,0.7148148148148156,0.00020366598778004074,0.0
0.4407407407407408,0.7222222222222218,0.00020366598778004074,0.0
0.4407407407407408,0.7222222222222218,0.00020366598778004074,0.0
0.4407407407407408,0.7296296296296302,0.00020366598778004074,0.0
0.4407407407407408,0.7296296296296302,0.00020366598778004074,0.0
0.4407407407407408,0.7370370370370364,0.00020366598778004074,0.0
0.4407407407407408,0.7370370370370364,0.00020366598778004074,0.0
0.4407407407407408,0.7444444444444448,0.00020366598778004074,0.0
0.4407407407407408,0.7444444444444448,0.00020366598778004074,0.0
0.4407407407407408,0.751851851851851,0.00020366598778004074,0.0
0.4407407407407408,0.751851851851851,0.00020366598778004074,0.0
0.4407407407407408,0.7592592592592594,0.00020366598778004074,0.0
0.4407407407407408,0.7592592592592594,0.00020366598778004074,0.0
0.4407407407407408,0.7666666666666656,0.00020366598778004074,0.0
0.4407407407407408,0.7666666666666656,0.00020366598778004074,0.0
0.4407407407407408,0.774074074074074,0.00020366598778004074,0.0
0.4407407407407408,0.774074074074074,0.00020366598778004074,0.0
0.4407407407407408,0.7814814814814826,0.00020366598778004074,0.0
0.4407407407407408,0.7814814814814826,0.00020366598778004074,0.0
0.4407407407407408,0.7888888888888886,0.00020366598778004074,0.0
0.4407407407407408,0.7888888888888886,0.00020366598778004074,0.0
0.4407407407407408,0.7962962962962972,0.00020366598778004074,0.0
0.4407407407407408,0.7962962962962972,0.00020366598778004074,0.0
0.4407407407407408,0.8037037037037034,0.0,0.0003518648838845883
0.4407407407407408,0.8037037037037034,0.0,0.0003518648838845883
0.4407407407407408,0.8111111111111118,0.0,0.0003518648838845883
0.4407407407407408,0.8111111111111118,0.0,0.0003518648838845883
0.4407407407407408,0.818518518518518,0.00020366598778004074,0.0
0.4407407407407408,0.818518518518518,0.00020366598778004074,0.0
0.4407407407407408,0.8259259259259264,0.00020366598778004074,0.0
0.4407407407407408,0.8259259259259264,0.00020366598778004074,0.0
0.4407407407407408,0.8333333333333326,0.00020366598778004074,0.0
0.4407407407407408,0.8333333333333326,0.00020366598778004074,0.0
0.4407407407407408,0.840740740740741,0.00020366598778004074,0.0
0.4407407407407408,0.840740740740741,0.00020366598778004074,0.0
0.4407407407407408,0.8481481481481472,0.00020366598778004074,0.0
0.4407407407407408,0.8481481481481472,0.00020366598778004074,0.0
0.4407407407407408,0.8555555555555556,0.00020366598778004074,0.0
0.4407407407407408,0.8555555555555556,0.00020366598778004074,0.0
0.4407407407407408,0.8629629629629642,0.0,0.0
0.4407407407407408,0.8629629629629642,0.0,0.0
0.4407407407407408,0.8703703703703702,0.0,0.0
0.4407407407407408,0.8703703703703702,0.0,0.0
0.4407407407407408,0.8777777777777788,0.00020366598778004074,0.0
0.4407407407407408,0.8777777777777788,0.00020366598778004074,0.0
0.4407407407407408,0.885185185185185,0.0,0.0
0.4407407407407408,0.885185185185185,0.0,0.0
0.4407407407407408,0.8925925925925934,0.0,0.0
0.4407407407407408,0.8925925925925934,0.0,0.0
0.4407407407407408,0.8999999999999996,0.0,0.0
0.4407407407407408,0.8999999999999996,0.0,0.0
0.4407407407407408,0.907407407407408,0.0,0.0
0.4407407407407408,0.907407407407408,0.0,0.0
0.4407407407407408,0.9148148148148142,0.0,0.0003518648838845883
0.4407407407407408,0.9148148148148142,0.0,0.0003518648838845883
0.4407407407407408,0.9222222222222226,0.0,0.0003518648838845883
0.4407407407407408,0.9222222222222226,0.0,0.0003518648838845883
0.4407407407407408,0.9296296296296288,0.0,0.0003518648838845883
0.4407407407407408,0.9296296296296288,0.0,0.0003518648838845883
0.4407407407407408,0.9370370370370372,0.0,0.0003518648838845883
0.4407407407407408,0.9370370370370372,0.0,0.0003518648838845883
0.4407407407407408,0.9444444444444434,0.0,0.0003518648838845883
0.4407407407407408,0.9444444444444434,0.0,0.0003518648838845883
0.4407407407407408,0.9518518518518518,0.0,0.0
0.4407407407407408,0.9518518518518518,0.0,0.0
0.4407407407407408,0.9592592592592604,0.0,0.0
0.4407407407407408,0.9592592592592604,0.0,0.0
0.4407407407407408,0.9666666666666666,0.0,0.0003518648838845883
0.4407407407407408,0.9666666666666666,0.0,0.0003518648838845883
0.4407407407407408,0.974074074074075,0.0,0.0
0.4407407407407408,0.974074074074075,0.0,0.0
0.4407407407407408,0.9814814814814812,0.0,0.0
0.4407407407407408,0.9814814814814812,0.0,0.0
0.4407407407407408,0.9888888888888896,0.0,0.0
0.4407407407407408,0.9888888888888896,0.0,0.0
0.4407407407407408,0.9962962962962958,0.0,0.0
0.4407407407407408,0.9962962962962958,0.0,0.0
0.4481481481481481,0.5296296296296292,0.0,0.0003518648838845883
0.4481481481481481,0.5296296296296292,0.0,0.0003518648838845883
0.4481481481481481,0.5370370370370378,0.0,0.0
0.4481481481481481,0.5370370370370378,0.0,0.0
0.4481481481481481,0.5444444444444438,0.0,0.0003518648838845883
0.4481481481481481,0.5444444444444438,0.0,0.0003518648838845883
0.4481481481481481,0.5518518518518524,0.0,0.0003518648838845883
0.4481481481481481,0.5518518518518524,0.0,0.0003518648838845883
0.4481481481481481,0.5592592592592586,0.0,0.0003518648838845883
0.4481481481481481,0.5592592592592586,0.0,0.0003518648838845883
0.4481481481481481,0.566666666666667,0.0,0.0003518648838845883
0.4481481481481481,0.566666666666667,0.0,0.0003518648838845883
0.4481481481481481,0.5740740740740732,0.0,0.0003518648838845883
0.4481481481481481,0.5740740740740732,0.0,0.0003518648838845883
0.4481481481481481,0.5814814814814816,0.0,0.0003518648838845883
0.4481481481481481,0.5814814814814816,0.0,0.0003518648838845883
0.4481481481481481,0.58888888888889,0.0,0.0
0.4481481481481481,0.58888888888889,0.0,0.0
0.4481481481481481,0.5962962962962962,0.0,0.0003518648838845883
0.4481481481481481,0.5962962962962962,0.0,0.0003518648838845883
0.4481481481481481,0.6037037037037046,0.00020366598778004074,0.0
0.4481481481481481,0.6037037037037046,0.00020366598778004074,0.0
0.4481481481481481,0.6111111111111108,0.00020366598778004074,0.0
0.4481481481481481,0.6111111111111108,0.00020366598778004074,0.0
0.4481481481481481,0.6185185185185194,0.0,0.0003518648838845883
0.4481481481481481,0.6185185185185194,0.0,0.0003518648838845883
0.4481481481481481,0.6259259259259254,0.0,0.0
0.4481481481481481,0.6259259259259254,0.0,0.0
0.4481481481481481,0.633333333333334,0.0,0.0
0.4481481481481481,0.633333333333334,0.0,0.0
0.4481481481481481,0.6407407407407402,0.0,0.0003518648838845883
0.4481481481481481,0.6407407407407402,0.0,0.0003518648838845883
0.4481481481481481,0.6481481481481486,0.0,0.0
0.4481481481481481,0.6481481481481486,0.0,0.0
0.4481481481481481,0.6555555555555548,0.0,0.0
0.4481481481481481,0.6555555555555548,0.0,0.0
0.4481481481481481,0.6629629629629632,0.0,0.0
0.4481481481481481,0.6629629629629632,0.0,0.0
0.4481481481481481,0.6703703703703694,0.00020366598778004074,0.0
0.4481481481481481,0.6703703703703694,0.00020366598778004074,0.0
0.4481481481481481,0.6777777777777778,0.00020366598778004074,0.0
0.4481481481481481,0.6777777777777778,0.00020366598778004074,0.0
0.4481481481481481,0.6851851851851862,0.00020366598778004074,0.0
0.4481481481481481,0.6851851851851862,0.00020366598778004074,0.0
0.4481481481481481,0.6925925925925924,0.00020366598778004074,0.0
0.4481481481481481,0.6925925925925924,0.00020366598778004074,0.0
0.4481481481481481,0.700000000000001,0.0,0.0
0.4481481481481481,0.700000000000001,0.0,0.0
0.4481481481481481,0.707407407407407,0.0,0.0
0.4481481481481481,0.707407407407407,0.0,0.0
0.4481481481481481,0.7148148148148156,0.00020366598778004074,0.0
0.4481481481481481,0.7148148148148156,0.00020366598778004074,0.0
0.4481481481481481,0.7222222222222218,0.00020366598778004074,0.0
0.4481481481481481,0.7222222222222218,0.00020366598778004074,0.0
0.4481481481481481,0.7296296296296302,0.00020366598778004074,0.0
0.4481481481481481,0.7296296296296302,0.00020366598778004074,0.0
0.4481481481481481,0.7370370370370364,0.00020366598778004074,0.0
0.4481481481481481,0.7370370370370364,0.00020366598778004074,0.0
0.4481481481481481,0.7444444444444448,0.00020366598778004074,0.0
0.4481481481481481,0.7444444444444448,0.00020366598778004074,0.0
0.4481481481481481,0.751851851851851,0.00020366598778004074,0.0
0.4481481481481481,0.751851851851851,0.00020366598778004074,0.0
0.4481481481481481,0.7592592592592594,0.00020366598778004074,0.0
0.4481481481481481,0.7592592592592594,0.00020366598778004074,0.0
0.4481481481481481,0.7666666666666656,0.0,0.0
0.4481481481481481,0.7666666666666656,0.0,0.0
0.4481481481481481,0.774074074074074,0.00020366598778004074,0.0
0.4481481481481481,0.774074074074074,0.00020366598778004074,0.0
0.4481481481481481,0.7814814814814826,0.0,0.0003518648838845883
0.4481481481481481,0.7814814814814826,0.0,0.0003518648838845883
0.4481481481481481,0.7888888888888886,0.00020366598778004074,0.0
0.4481481481481481,0.7888888888888886,0.00020366598778004074,0.0
0.4481481481481481,0.7962962962962972,0.0,0.0003518648838845883
0.4481481481481481,0.7962962962962972,0.0,0.0003518648838845883
0.4481481481481481,0.8037037037037034,0.0,0.0003518648838845883
0.4481481481481481,0.8037037037037034,0.0,0.0003518648838845883
0.4481481481481481,0.8111111111111118,0.0,0.0003518648838845883
0.4481481481481481,0.8111111111111118,0.0,0.0003518648838845883
0.4481481481481481,0.818518518518518,0.00020366598778004074,0.0
0.4481481481481481,0.818518518518518,0.00020366598778004074,0.0
0.4481481481481481,0.8259259259259264,0.0,0.0003518648838845883
0.4481481481481481,0.8259259259259264,0.0,0.0003518648838845883
0.4481481481481481,0.8333333333333326,0.00020366598778004074,0.0
0.4481481481481481,0.8333333333333326,0.00020366598778004074,0.0
0.4481481481481481,0.840740740740741,0.00020366598778004074,0.0
0.4481481481481481,0.840740740740741,0.00020366598778004074,0.0
0.4481481481481481,0.8481481481481472,0.0,0.0
0.4481481481481481,0.8481481481481472,0.0,0.0
0.4481481481481481,0.8555555555555556,0.0,0.0003518648838845883
0.4481481481481481,0.8555555555555556,0.0,0.0003518648838845883
0.4481481481481481,0.8629629629629642,0.0,0.0
0.4481481481481481,0.8629629629629642,0.0,0.0
0.4481481481481481,0.8703703703703702,0.0,0.0
0.4481481481481481,0.8703703703703702,0.0,0.0
0.4481481481481481,0.8777777777777788,0.0,0.0
0.4481481481481481,0.8777777777777788,0.0,0.0
0.4481481481481481,0.885185185185185,0.00020366598778004074,0.0
0.4481481481481481,0.885185185185185,0.00020366598778004074,0.0
0.4481481481481481,0.8925925925925934,0.0,0.0
0.4481481481481481,0.8925925925925934,0.0,0.0
0.4481481481481481,0.8999999999999996,0.0,0.0
0.4481481481481481,0.8999999999999996,0.0,0.0
0.4481481481481481,0.907407407407408,0.0,0.0
0.4481481481481481,0.907407407407408,0.0,0.0
0.4481481481481481,0.9148148148148142,0.0,0.0003518648838845883
0.4481481481481481,0.9148148148148142,0.0,0.0003518648838845883
0.4481481481481481,0.9222222222222226,0.0,0.0003518648838845883
0.4481481481481481,0.9222222222222226,0.0,0.0003518648838845883
0.4481481481481481,0.9296296296296288,0.0,0.0003518648838845883
0.4481481481481481,0.9296296296296288,0.0,0.0003518648838845883
0.4481481481481481,0.9370370370370372,0.00020366598778004074,0.0
0.4481481481481481,0.9370370370370372,0.00020366598778004074,0.0
0.4481481481481481,0.9444444444444434,0.00020366598778004074,0.0
0.4481481481481481,0.9444444444444434,0.00020366598778004074,0.0
0.4481481481481481,0.9518518518518518,0.0,0.0
0.4481481481481481,0.9518518518518518,0.0,0.0
0.4481481481481481,0.9592592592592604,0.0,0.0
0.4481481481481481,0.9592592592592604,0.0,0.0
0.4481481481481481,0.9666666666666666,0.0,0.0
0.4481481481481481,0.9666666666666666,0.0,0.0
0.4481481481481481,0.974074074074075,0.00020366598778004074,0.0
0.4481481481481481,0.974074074074075,0.00020366598778004074,0.0
0.4481481481481481,0.9814814814814812,0.00020366598778004074,0.0
0.4481481481481481,0.9814814814814812,0.00020366598778004074,0.0
0.4481481481481481,0.9888888888888896,0.0,0.0
0.4481481481481481,0.9888888888888896,0.0,0.0
0.4481481481481481,0.9962962962962958,0.0,0.0
0.4481481481481481,0.9962962962962958,0.0,0.0
0.4555555555555555,0.4259259259259269,0.0,0.0003518648838845883
0.4555555555555555,0.4259259259259269,0.0,0.0003518648838845883
0.4555555555555555,0.433333333333333,0.0,0.0003518648838845883
0.4555555555555555,0.433333333333333,0.0,0.0003518648838845883
0.4555555555555555,0.4407407407407415,0.0,0.0003518648838845883
0.4555555555555555,0.4407407407407415,0.0,0.0003518648838845883
0.4555555555555555,0.4481481481481477,0.0,0.0003518648838845883
0.4555555555555555,0.4481481481481477,0.0,0.0003518648838845883
0.4555555555555555,0.4555555555555561,0.0,0.0003518648838845883
0.4555555555555555,0.4555555555555561,0.0,0.0003518648838845883
0.4555555555555555,0.4629629629629623,0.0,0.0
0.4555555555555555,0.4629629629629623,0.0,0.0
0.4555555555555555,0.4703703703703707,0.0,0.0
0.4555555555555555,0.4703703703703707,0.0,0.0
0.4555555555555555,0.4777777777777769,0.0,0.0
0.4555555555555555,0.4777777777777769,0.0,0.0
0.4555555555555555,0.4851851851851854,0.0,0.0
0.4555555555555555,0.4851851851851854,0.0,0.0
0.4555555555555555,0.4925925925925915,0.0,0.0
0.4555555555555555,0.4925925925925915,0.0,0.0
0.4555555555555555,0.5,0.0,0.0003518648838845883
0.4555555555555555,0.5,0.0,0.0003518648838845883
0.4555555555555555,0.5074074074074084,0.0,0.0003518648838845883
0.4555555555555555,0.5074074074074084,0.0,0.0003518648838845883
0.4555555555555555,0.5148148148148146,0.00020366598778004074,0.0
0.4555555555555555,0.5148148148148146,0.00020366598778004074,0.0
0.4555555555555555,0.522222222222223,0.0,0.0003518648838845883
0.4555555555555555,0.522222222222223,0.0,0.0003518648838845883
0.4555555555555555,0.5296296296296292,0.0,0.0003518648838845883
0.4555555555555555,0.5296296296296292,0.0,0.0003518648838845883
0.4555555555555555,0.5370370370370378,0.0,0.0003518648838845883
0.4555555555555555,0.5370370370370378,0.0,0.0003518648838845883
0.4555555555555555,0.5444444444444438,0.0,0.0003518648838845883
0.4555555555555555,0.5444444444444438,0.0,0.0003518648838845883
0.4555555555555555,0.5518518518518524,0.0,0.0003518648838845883
0.4555555555555555,0.5518518518518524,0.0,0.0003518648838845883
0.4555555555555555,0.5592592592592586,0.0,0.0003518648838845883
0.4555555555555555,0.5592592592592586,0.0,0.0003518648838845883
0.4555555555555555,0.566666666666667,0.0,0.0003518648838845883
0.4555555555555555,0.566666666666667,0.0,0.0003518648838845883
0.4555555555555555,0.5740740740740732,0.0,0.0003518648838845883
0.4555555555555555,0.5740740740740732,0.0,0.0003518648838845883
0.4555555555555555,0.5814814814814816,0.0,0.0003518648838845883
0.4555555555555555,0.5814814814814816,0.0,0.0003518648838845883
0.4555555555555555,0.58888888888889,0.0,0.0
0.4555555555555555,0.58888888888889,0.0,0.0
0.4555555555555555,0.5962962962962962,0.00020366598778004074,0.0
0.4555555555555555,0.5962962962962962,0.00020366598778004074,0.0
0.4555555555555555,0.6037037037037046,0.00020366598778004074,0.0
0.4555555555555555,0.6037037037037046,0.00020366598778004074,0.0
0.4555555555555555,0.6111111111111108,0.00020366598778004074,0.0
0.4555555555555555,0.6111111111111108,0.00020366598778004074,0.0
0.4555555555555555,0.6185185185185194,0.0,0.0
0.4555555555555555,0.6185185185185194,0.0,0.0
0.4555555555555555,0.6259259259259254,0.0,0.0
0.4555555555555555,0.6259259259259254,0.0,0.0
0.4555555555555555,0.633333333333334,0.0,0.0
0.4555555555555555,0.633333333333334,0.0,0.0
0.4555555555555555,0.6407407407407402,0.0,0.0003518648838845883
0.4555555555555555,0.6407407407407402,0.0,0.0003518648838845883
0.4555555555555555,0.6481481481481486,0.0,0.0
0.4555555555555555,0.6481481481481486,0.0,0.0
0.4555555555555555,0.6555555555555548,0.0,0.0
0.4555555555555555,0.6555555555555548,0.0,0.0
0.4555555555555555,0.6629629629629632,0.0,0.0
0.4555555555555555,0.6629629629629632,0.0,0.0
0.4555555555555555,0.6703703703703694,0.00020366598778004074,0.0
0.4555555555555555,0.6703703703703694,0.00020366598778004074,0.0
0.4555555555555555,0.6777777777777778,0.00020366598778004074,0.0
0.4555555555555555,0.6777777777777778,0.00020366598778004074,0.0
0.4555555555555555,0.6851851851851862,0.00020366598778004074,0.0
0.4555555555555555,0.6851851851851862,0.00020366598778004074,0.0
0.4555555555555555,0.6925925925925924,0.00020366598778004074,0.0
0.4555555555555555,0.6925925925925924,0.00020366598778004074,0.0
0.4555555555555555,0.700000000000001,0.00020366598778004074,0.0
0.4555555555555555,0.700000000000001,0.00020366598778004074,0.0
0.4555555555555555,0.707407407407407,0.00020366598778004074,0.0
0.4555555555555555,0.707407407407407,0.00020366598778004074,0.0
0.4555555555555555,0.7148148148148156,0.00020366598778004074,0.0
0.4555555555555555,0.7148148148148156,0.00020366598778004074,0.0
0.4555555555555555,0.7222222222222218,0.00020366598778004074,0.0
0.4555555555555555,0.7222222222222218,0.00020366598778004074,0.0
0.4555555555555555,0.7296296296296302,0.00020366598778004074,0.0
0.4555555555555555,0.7296296296296302,0.00020366598778004074,0.0
0.4555555555555555,0.7370370370370364,0.00020366598778004074,0.0
0.4555555555555555,0.7370370370370364,0.00020366598778004074,0.0
0.4555555555555555,0.7444444444444448,0.00020366598778004074,0.0
0.4555555555555555,0.7444444444444448,0.00020366598778004074,0.0
0.4555555555555555,0.751851851851851,0.00020366598778004074,0.0
0.4555555555555555,0.751851851851851,0.00020366598778004074,0.0
0.4555555555555555,0.7592592592592594,0.0,0.0003518648838845883
0.4555555555555555,0.7592592592592594,0.0,0.0003518648838845883
0.4555555555555555,0.7666666666666656,0.00020366598778004074,0.0
0.4555555555555555,0.7666666666666656,0.00020366598778004074,0.0
0.4555555555555555,0.774074074074074,0.00020366598778004074,0.0
0.4555555555555555,0.774074074074074,0.00020366598778004074,0.0
0.4555555555555555,0.7814814814814826,0.00020366598778004074,0.0
0.4555555555555555,0.7814814814814826,0.00020366598778004074,0.0
0.4555555555555555,0.7888888888888886,0.00020366598778004074,0.0
0.4555555555555555,0.7888888888888886,0.00020366598778004074,0.0
0.4555555555555555,0.7962962962962972,0.0,0.0003518648838845883
0.4555555555555555,0.7962962962962972,0.0,0.0003518648838845883
0.4555555555555555,0.8037037037037034,0.0,0.0003518648838845883
0.4555555555555555,0.8037037037037034,0.0,0.0003518648838845883
0.4555555555555555,0.8111111111111118,0.0,0.0003518648838845883
0.4555555555555555,0.8111111111111118,0.0,0.0003518648838845883
0.4555555555555555,0.818518518518518,0.0,0.0003518648838845883
0.4555555555555555,0.818518518518518,0.0,0.0003518648838845883
0.4555555555555555,0.8259259259259264,0.0,0.0003518648838845883
0.4555555555555555,0.8259259259259264,0.0,0.0003518648838845883
0.4555555555555555,0.8333333333333326,0.00020366598778004074,0.0
0.4555555555555555,0.8333333333333326,0.00020366598778004074,0.0
0.4555555555555555,0.840740740740741,0.00020366598778004074,0.0
0.4555555555555555,0.840740740740741,0.00020366598778004074,0.0
0.4555555555555555,0.8481481481481472,0.00020366598778004074,0.0
0.4555555555555555,0.8481481481481472,0.00020366598778004074,0.0
0.4555555555555555,0.8555555555555556,0.0,0.0
0.4555555555555555,0.8555555555555556,0.0,0.0
0.4555555555555555,0.8629629629629642,0.0,0.0
0.4555555555555555,0.8629629629629642,0.0,0.0
0.4555555555555555,0.8703703703703702,0.0,0.0
0.4555555555555555,0.8703703703703702,0.0,0.0
0.4555555555555555,0.8777777777777788,0.0,0.0
0.4555555555555555,0.8777777777777788,0.0,0.0
0.4555555555555555,0.885185185185185,0.0,0.0
0.4555555555555555,0.885185185185185,0.0,0.0
0.4555555555555555,0.8925925925925934,0.0,0.0
0.4555555555555555,0.8925925925925934,0.0,0.0
0.4555555555555555,0.8999999999999996,0.0,0.0
0.4555555555555555,0.8999999999999996,0.0,0.0
0.4555555555555555,0.907407407407408,0.0,0.0
0.4555555555555555,0.907407407407408,0.0,0.0
0.4555555555555555,0.9148148148148142,0.0,0.0003518648838845883
0.4555555555555555,0.9148148148148142,0.0,0.0003518648838845883
0.4555555555555555,0.9222222222222226,0.0,0.0003518648838845883
0.4555555555555555,0.9222222222222226,0.0,0.0003518648838845883
0.4555555555555555,0.9296296296296288,0.0,0.0003518648838845883
0.4555555555555555,0.9296296296296288,0.0,0.0003518648838845883
0.4555555555555555,0.9370370370370372,0.0,0.0003518648838845883
0.4555555555555555,0.9370370370370372,0.0,0.0003518648838845883
0.4555555555555555,0.9444444444444434,0.00020366598778004074,0.0
0.4555555555555555,0.9444444444444434,0.00020366598778004074,0.0
0.4555555555555555,0.9518518518518518,0.0,0.0
0.4555555555555555,0.9518518518518518,0.0,0.0
0.4555555555555555,0.9592592592592604,0.00020366598778004074,0.0
0.4555555555555555,0.9592592592592604,0.00020366598778004074,0.0
0.4555555555555555,0.9666666666666666,0.0,0.0
0.4555555555555555,0.9666666666666666,0.0,0.0
0.4555555555555555,0.974074074074075,0.0,0.0
0.4555555555555555,0.974074074074075,0.0,0.0
0.4555555555555555,0.9814814814814812,0.0,0.0
0.4555555555555555,0.9814814814814812,0.0,0.0
0.4555555555555555,0.9888888888888896,0.0,0.0
0.4555555555555555,0.9888888888888896,0.0,0.0
0.4555555555555555,0.9962962962962958,0.0,0.0
0.4555555555555555,0.9962962962962958,0.0,0.0
0.462962962962963,0.4259259259259269,0.0,0.0003518648838845883
0.462962962962963,0.4259259259259269,0.0,0.0003518648838845883
0.462962962962963,0.433333333333333,0.0,0.0003518648838845883
0.462962962962963,0.433333333333333,0.0,0.0003518648838845883
0.462962962962963,0.4407407407407415,0.0,0.0003518648838845883
0.462962962962963,0.4407407407407415,0.0,0.0003518648838845883
0.462962962962963,0.4481481481481477,0.0,0.0003518648838845883
0.462962962962963,0.4481481481481477,0.0,0.0003518648838845883
0.462962962962963,0.4555555555555561,0.0,0.0
0.462962962962963,0.4555555555555561,0.0,0.0
0.462962962962963,0.4629629629629623,0.0,0.0
0.462962962962963,0.4629629629629623,0.0,0.0
0.462962962962963,0.4703703703703707,0.0,0.0
0.462962962962963,0.4703703703703707,0.0,0.0
0.462962962962963,0.4777777777777769,0.0,0.0
0.462962962962963,0.4777777777777769,0.0,0.0
0.462962962962963,0.4851851851851854,0.0,0.0
0.462962962962963,0.4851851851851854,0.0,0.0
0.462962962962963,0.4925925925925915,0.0,0.0
0.462962962962963,0.4925925925925915,0.0,0.0
0.462962962962963,0.5,0.0,0.0
0.462962962962963,0.5,0.0,0.0
0.462962962962963,0.5074074074074084,0.0,0.0
0.462962962962963,0.5074074074074084,0.0,0.0
0.462962962962963,0.5148148148148146,0.0,0.0003518648838845883
0.462962962962963,0.5148148148148146,0.0,0.0003518648838845883
0.462962962962963,0.522222222222223,0.0,0.0003518648838845883
0.462962962962963,0.522222222222223,0.0,0.0003518648838845883
0.462962962962963,0.5296296296296292,0.0,0.0003518648838845883
0.462962962962963,0.5296296296296292,0.0,0.0003518648838845883
0.462962962962963,0.5370370370370378,0.0,0.0003518648838845883
0.462962962962963,0.5370370370370378,0.0,0.0003518648838845883
0.462962962962963,0.5444444444444438,0.0,0.0003518648838845883
0.462962962962963,0.5444444444444438,0.0,0.0003518648838845883
0.462962962962963,0.5518518518518524,0.0,0.0003518648838845883
0.462962962962963,0.5518518518518524,0.0,0.0003518648838845883
0.462962962962963,0.5592592592592586,0.0,0.0003518648838845883
0.462962962962963,0.5592592592592586,0.0,0.0003518648838845883
0.462962962962963,0.566666666666667,0.0,0.0003518648838845883
0.462962962962963,0.566666666666667,0.0,0.0003518648838845883
0.462962962962963,0.5740740740740732,0.0,0.0003518648838845883
0.462962962962963,0.5740740740740732,0.0,0.0003518648838845883
0.462962962962963,0.5814814814814816,0.0,0.0003518648838845883
0.462962962962963,0.5814814814814816,0.0,0.0003518648838845883
0.462962962962963,0.58888888888889,0.00020366598778004074,0.0
0.462962962962963,0.58888888888889,0.00020366598778004074,0.0
0.462962962962963,0.5962962962962962,0.00020366598778004074,0.0
0.462962962962963,0.5962962962962962,0.00020366598778004074,0.0
0.462962962962963,0.6037037037037046,0.00020366598778004074,0.0
0.462962962962963,0.6037037037037046,0.00020366598778004074,0.0
0.462962962962963,0.6111111111111108,0.00020366598778004074,0.0
0.462962962962963,0.6111111111111108,0.00020366598778004074,0.0
0.462962962962963,0.6185185185185194,0.0,0.0003518648838845883
0.462962962962963,0.6185185185185194,0.0,0.0003518648838845883
0.462962962962963,0.6259259259259254,0.0,0.0003518648838845883
0.462962962962963,0.6259259259259254,0.0,0.0003518648838845883
0.462962962962963,0.633333333333334,0.0,0.0
0.462962962962963,0.633333333333334,0.0,0.0
0.462962962962963,0.6407407407407402,0.0,0.0
0.462962962962963,0.6407407407407402,0.0,0.0
0.462962962962963,0.6481481481481486,0.00020366598778004074,0.0
0.462962962962963,0.6481481481481486,0.00020366598778004074,0.0
0.462962962962963,0.6555555555555548,0.0,0.0
0.462962962962963,0.6555555555555548,0.0,0.0
0.462962962962963,0.6629629629629632,0.0,0.0
0.462962962962963,0.6629629629629632,0.0,0.0
0.462962962962963,0.6703703703703694,0.00020366598778004074,0.0
0.462962962962963,0.6703703703703694,0.00020366598778004074,0.0
0.462962962962963,0.6777777777777778,0.00020366598778004074,0.0
0.462962962962963,0.6777777777777778,0.00020366598778004074,0.0
0.462962962962963,0.6851851851851862,0.00020366598778004074,0.0
0.462962962962963,0.6851851851851862,0.00020366598778004074,0.0
0.462962962962963,0.6925925925925924,0.00020366598778004074,0.0
0.462962962962963,0.6925925925925924,0.00020366598778004074,0.0
0.462962962962963,0.700000000000001,0.0,0.0
0.462962962962963,0.700000000000001,0.0,0.0
0.462962962962963,0.707407407407407,0.00020366598778004074,0.0
0.462962962962963,0.707407407407407,0.00020366598778004074,0.0
0.462962962962963,0.7148148148148156,0.00020366598778004074,0.0
0.462962962962963,0.7148148148148156,0.00020366598778004074,0.0
0.462962962962963,0.7222222222222218,0.0,0.0
0.462962962962963,0.7222222222222218,0.0,0.0
0.462962962962963,0.7296296296296302,0.0,0.0
0.462962962962963,0.7296296296296302,0.0,0.0
0.462962962962963,0.7370370370370364,0.00020366598778004074,0.0
0.462962962962963,0.7370370370370364,0.00020366598778004074,0.0
0.462962962962963,0.7444444444444448,0.00020366598778004074,0.0
0.462962962962963,0.7444444444444448,0.00020366598778004074,0.0
0.462962962962963,0.751851851851851,0.00020366598778004074,0.0
0.462962962962963,0.751851851851851,0.00020366598778004074,0.0
0.462962962962963,0.7592592592592594,0.00020366598778004074,0.0
0.462962962962963,0.7592592592592594,0.00020366598778004074,0.0
0.462962962962963,0.7666666666666656,0.00020366598778004074,0.0
0.462962962962963,0.7666666666666656,0.00020366598778004074,0.0
0.462962962962963,0.774074074074074,0.00020366598778004074,0.0
0.462962962962963,0.774074074074074,0.00020366598778004074,0.0
0.462962962962963,0.7814814814814826,0.00020366598778004074,0.0
0.462962962962963,0.7814814814814826,0.00020366598778004074,0.0
0.462962962962963,0.7888888888888886,0.00020366598778004074,0.0
0.462962962962963,0.7888888888888886,0.00020366598778004074,0.0
0.462962962962963,0.7962962962962972,0.00020366598778004074,0.0
0.462962962962963,0.7962962962962972,0.00020366598778004074,0.0
0.462962962962963,0.8037037037037034,0.00020366598778004074,0.0
0.462962962962963,0.8037037037037034,0.00020366598778004074,0.0
0.462962962962963,0.8111111111111118,0.00020366598778004074,0.0
0.462962962962963,0.8111111111111118,0.00020366598778004074,0.0
0.462962962962963,0.818518518518518,0.0,0.0003518648838845883
0.462962962962963,0.818518518518518,0.0,0.0003518648838845883
0.462962962962963,0.8259259259259264,0.0,0.0003518648838845883
0.462962962962963,0.8259259259259264,0.0,0.0003518648838845883
0.462962962962963,0.8333333333333326,0.00020366598778004074,0.0
0.462962962962963,0.8333333333333326,0.00020366598778004074,0.0
0.462962962962963,0.840740740740741,0.00020366598778004074,0.0
0.462962962962963,0.840740740740741,0.00020366598778004074,0.0
0.462962962962963,0.8481481481481472,0.00020366598778004074,0.0
0.462962962962963,0.8481481481481472,0.00020366598778004074,0.0
0.462962962962963,0.8555555555555556,0.0,0.0
0.462962962962963,0.8555555555555556,0.0,0.0
0.462962962962963,0.8629629629629642,0.0,0.0
0.462962962962963,0.8629629629629642,0.0,0.0
0.462962962962963,0.8703703703703702,0.0,0.0
0.462962962962963,0.8703703703703702,0.0,0.0
0.462962962962963,0.8777777777777788,0.0,0.0
0.462962962962963,0.8777777777777788,0.0,0.0
0.462962962962963,0.885185185185185,0.0,0.0
0.462962962962963,0.885185185185185,0.0,0.0
0.462962962962963,0.8925925925925934,0.0,0.0
0.462962962962963,0.8925925925925934,0.0,0.0
0.462962962962963,0.8999999999999996,0.0,0.0
0.462962962962963,0.8999999999999996,0.0,0.0
0.462962962962963,0.907407407407408,0.00020366598778004074,0.0
0.462962962962963,0.907407407407408,0.00020366598778004074,0.0
0.462962962962963,0.9148148148148142,0.00020366598778004074,0.0
0.462962962962963,0.9148148148148142,0.00020366598778004074,0.0
0.462962962962963,0.9222222222222226,0.0,0.0003518648838845883
0.462962962962963,0.9222222222222226,0.0,0.0003518648838845883
0.462962962962963,0.9296296296296288,0.0,0.0003518648838845883
0.462962962962963,0.9296296296296288,0.0,0.0003518648838845883
0.462962962962963,0.9370370370370372,0.0,0.0003518648838845883
0.462962962962963,0.9370370370370372,0.0,0.0003518648838845883
0.462962962962963,0.9444444444444434,0.00020366598778004074,0.0
0.462962962962963,0.9444444444444434,0.00020366598778004074,0.0
0.462962962962963,0.9518518518518518,0.00020366598778004074,0.0
0.462962962962963,0.9518518518518518,0.00020366598778004074,0.0
0.462962962962963,0.9592592592592604,0.0,0.0
0.462962962962963,0.9592592592592604,0.0,0.0
0.462962962962963,0.9666666666666666,0.00020366598778004074,0.0
0.462962962962963,0.9666666666666666,0.00020366598778004074,0.0
0.462962962962963,0.974074074074075,0.0,0.0
0.462962962962963,0.974074074074075,0.0,0.0
0.462962962962963,0.9814814814814812,0.0,0.0
0.462962962962963,0.9814814814814812,0.0,0.0
0.462962962962963,0.9888888888888896,0.0,0.0
0.462962962962963,0.9888888888888896,0.0,0.0
0.462962962962963,0.9962962962962958,0.0,0.0
0.462962962962963,0.9962962962962958,0.0,0.0
0.4703703703703704,0.4259259259259269,0.0,0.0
0.4703703703703704,0.4259259259259269,0.0,0.0
0.4703703703703704,0.433333333333333,0.0,0.0
0.4703703703703704,0.433333333333333,0.0,0.0
0.4703703703703704,0.4407407407407415,0.0,0.0
0.4703703703703704,0.4407407407407415,0.0,0.0
0.4703703703703704,0.4481481481481477,0.0,0.0
0.4703703703703704,0.4481481481481477,0.0,0.0
0.4703703703703704,0.4555555555555561,0.0,0.0
0.4703703703703704,0.4555555555555561,0.0,0.0
0.4703703703703704,0.4629629629629623,0.0,0.0
0.4703703703703704,0.4629629629629623,0.0,0.0
0.4703703703703704,0.4703703703703707,0.0,0.0003518648838845883
0.4703703703703704,0.4703703703703707,0.0,0.0003518648838845883
0.4703703703703704,0.4777777777777769,0.0,0.0
0.4703703703703704,0.4777777777777769,0.0,0.0
0.4703703703703704,0.4851851851851854,0.0,0.0
0.4703703703703704,0.4851851851851854,0.0,0.0
0.4703703703703704,0.4925925925925915,0.0,0.0
0.4703703703703704,0.4925925925925915,0.0,0.0
0.4703703703703704,0.5,0.0,0.0
0.4703703703703704,0.5,0.0,0.0
0.4703703703703704,0.5074074074074084,0.0,0.0
0.4703703703703704,0.5074074074074084,0.0,0.0
0.4703703703703704,0.5148148148148146,0.0,0.0003518648838845883
0.4703703703703704,0.5148148148148146,0.0,0.0003518648838845883
0.4703703703703704,0.522222222222223,0.0,0.0003518648838845883
0.4703703703703704,0.522222222222223,0.0,0.0003518648838845883
0.4703703703703704,0.5296296296296292,0.0,0.0
0.4703703703703704,0.5296296296296292,0.0,0.0
0.4703703703703704,0.5370370370370378,0.0,0.0003518648838845883
0.4703703703703704,0.5370370370370378,0.0,0.0003518648838845883
0.4703703703703704,0.5444444444444438,0.0,0.0003518648838845883
0.4703703703703704,0.5444444444444438,0.0,0.0003518648838845883
0.4703703703703704,0.5518518518518524,0.0,0.0003518648838845883
0.4703703703703704,0.5518518518518524,0.0,0.0003518648838845883
0.4703703703703704,0.5592592592592586,0.0,0.0003518648838845883
0.4703703703703704,0.5592592592592586,0.0,0.0003518648838845883
0.4703703703703704,0.566666666666667,0.0,0.0
0.4703703703703704,0.566666666666667,0.0,0.0
0.4703703703703704,0.5740740740740732,0.0,0.0
0.4703703703703704,0.5740740740740732,0.0,0.0
0.4703703703703704,0.5814814814814816,0.0,0.0003518648838845883
0.4703703703703704,0.5814814814814816,0.0,0.0003518648838845883
0.4703703703703704,0.58888888888889,0.0,0.0003518648838845883
0.4703703703703704,0.58888888888889,0.0,0.0003518648838845883
0.4703703703703704,0.5962962962962962,0.00020366598778004074,0.0
0.4703703703703704,0.5962962962962962,0.00020366598778004074,0.0
0.4703703703703704,0.6037037037037046,0.00020366598778004074,0.0
0.4703703703703704,0.6037037037037046,0.00020366598778004074,0.0
0.4703703703703704,0.6111111111111108,0.00020366598778004074,0.0
0.4703703703703704,0.6111111111111108,0.00020366598778004074,0.0
0.4703703703703704,0.6185185185185194,0.00020366598778004074,0.0
0.4703703703703704,0.6185185185185194,0.00020366598778004074,0.0
0.4703703703703704,0.6259259259259254,0.0,0.0
0.4703703703703704,0.6259259259259254,0.0,0.0
0.4703703703703704,0.633333333333334,0.0,0.0
0.4703703703703704,0.633333333333334,0.0,0.0
0.4703703703703704,0.6407407407407402,0.00020366598778004074,0.0
0.4703703703703704,0.6407407407407402,0.00020366598778004074,0.0
0.4703703703703704,0.6481481481481486,0.00020366598778004074,0.0
0.4703703703703704,0.6481481481481486,0.00020366598778004074,0.0
0.4703703703703704,0.6555555555555548,0.0,0.0
0.4703703703703704,0.6555555555555548,0.0,0.0
0.4703703703703704,0.6629629629629632,0.0,0.0
0.4703703703703704,0.6629629629629632,0.0,0.0
0.4703703703703704,0.6703703703703694,0.0,0.0
0.4703703703703704,0.6703703703703694,0.0,0.0
0.4703703703703704,0.6777777777777778,0.00020366598778004074,0.0
0.4703703703703704,0.6777777777777778,0.00020366598778004074,0.0
0.4703703703703704,0.6851851851851862,0.00020366598778004074,0.0
0.4703703703703704,0.6851851851851862,0.00020366598778004074,0.0
0.4703703703703704,0.6925925925925924,0.00020366598778004074,0.0
0.4703703703703704,0.6925925925925924,0.00020366598778004074,0.0
0.4703703703703704,0.700000000000001,0.00020366598778004074,0.0
0.4703703703703704,0.700000000000001,0.00020366598778004074,0.0
0.4703703703703704,0.707407407407407,0.00020366598778004074,0.0
0.4703703703703704,0.707407407407407,0.00020366598778004074,0.0
0.4703703703703704,0.7148148148148156,0.00020366598778004074,0.0
0.4703703703703704,0.7148148148148156,0.00020366598778004074,0.0
0.4703703703703704,0.7222222222222218,0.0,0.0003518648838845883
0.4703703703703704,0.7222222222222218,0.0,0.0003518648838845883
0.4703703703703704,0.7296296296296302,0.0,0.0
0.4703703703703704,0.7296296296296302,0.0,0.0
0.4703703703703704,0.7370370370370364,0.0,0.0
0.4703703703703704,0.7370370370370364,0.0,0.0
0.4703703703703704,0.7444444444444448,0.00020366598778004074,0.0
0.4703703703703704,0.7444444444444448,0.00020366598778004074,0.0
0.4703703703703704,0.751851851851851,0.00020366598778004074,0.0
0.4703703703703704,0.751851851851851,0.00020366598778004074,0.0
0.4703703703703704,0.7592592592592594,0.00020366598778004074,0.0
0.4703703703703704,0.7592592592592594,0.00020366598778004074,0.0
0.4703703703703704,0.7666666666666656,0.00020366598778004074,0.0
0.4703703703703704,0.7666666666666656,0.00020366598778004074,0.0
0.4703703703703704,0.774074074074074,0.00020366598778004074,0.0
0.4703703703703704,0.774074074074074,0.00020366598778004074,0.0
0.4703703703703704,0.7814814814814826,0.00020366598778004074,0.0
0.4703703703703704,0.7814814814814826,0.00020366598778004074,0.0
0.4703703703703704,0.7888888888888886,0.00020366598778004074,0.0
0.4703703703703704,0.7888888888888886,0.00020366598778004074,0.0
0.4703703703703704,0.7962962962962972,0.00020366598778004074,0.0
0.4703703703703704,0.7962962962962972,0.00020366598778004074,0.0
0.4703703703703704,0.8037037037037034,0.0,0.0
0.4703703703703704,0.8037037037037034,0.0,0.0
0.4703703703703704,0.8111111111111118,0.0,0.0003518648838845883
0.4703703703703704,0.8111111111111118,0.0,0.0003518648838845883
0.4703703703703704,0.818518518518518,0.0,0.0003518648838845883
0.4703703703703704,0.818518518518518,0.0,0.0003518648838845883
0.4703703703703704,0.8259259259259264,0.0,0.0003518648838845883
0.4703703703703704,0.8259259259259264,0.0,0.0003518648838845883
0.4703703703703704,0.8333333333333326,0.00020366598778004074,0.0
0.4703703703703704,0.8333333333333326,0.00020366598778004074,0.0
0.4703703703703704,0.840740740740741,0.00020366598778004074,0.0
0.4703703703703704,0.840740740740741,0.00020366598778004074,0.0
0.4703703703703704,0.8481481481481472,0.0,0.0
0.4703703703703704,0.8481481481481472,0.0,0.0
0.4703703703703704,0.8555555555555556,0.0,0.0
0.4703703703703704,0.8555555555555556,0.0,0.0
0.4703703703703704,0.8629629629629642,0.0,0.0
0.4703703703703704,0.8629629629629642,0.0,0.0
0.4703703703703704,0.8703703703703702,0.0,0.0
0.4703703703703704,0.8703703703703702,0.0,0.0
0.4703703703703704,0.8777777777777788,0.0,0.0
0.4703703703703704,0.8777777777777788,0.0,0.0
0.4703703703703704,0.885185185185185,0.0,0.0
0.4703703703703704,0.885185185185185,0.0,0.0
0.4703703703703704,0.8925925925925934,0.0,0.0
0.4703703703703704,0.8925925925925934,0.0,0.0
0.4703703703703704,0.8999999999999996,0.0,0.0
0.4703703703703704,0.8999999999999996,0.0,0.0
0.4703703703703704,0.907407407407408,0.0,0.0
0.4703703703703704,0.907407407407408,0.0,0.0
0.4703703703703704,0.9148148148148142,0.0,0.0
0.4703703703703704,0.9148148148148142,0.0,0.0
0.4703703703703704,0.9222222222222226,0.00020366598778004074,0.0
0.4703703703703704,0.9222222222222226,0.00020366598778004074,0.0
0.4703703703703704,0.9296296296296288,0.00020366598778004074,0.0
0.4703703703703704,0.9296296296296288,0.00020366598778004074,0.0
0.4703703703703704,0.9370370370370372,0.00020366598778004074,0.0
0.4703703703703704,0.9370370370370372,0.00020366598778004074,0.0
0.4703703703703704,0.9444444444444434,0.00020366598778004074,0.0
0.4703703703703704,0.9444444444444434,0.00020366598778004074,0.0
0.4703703703703704,0.9518518518518518,0.00020366598778004074,0.0
0.4703703703703704,0.9518518518518518,0.00020366598778004074,0.0
0.4703703703703704,0.9592592592592604,0.0,0.0
0.4703703703703704,0.9592592592592604,0.0,0.0
0.4703703703703704,0.9666666666666666,0.0,0.0
0.4703703703703704,0.9666666666666666,0.0,0.0
0.4703703703703704,0.974074074074075,0.0,0.0
0.4703703703703704,0.974074074074075,0.0,0.0
0.4703703703703704,0.9814814814814812,0.0,0.0
0.4703703703703704,0.9814814814814812,0.0,0.0
0.4703703703703704,0.9888888888888896,0.0,0.0
0.4703703703703704,0.9888888888888896,0.0,0.0
0.4703703703703704,0.9962962962962958,0.0,0.0
0.4703703703703704,0.9962962962962958,0.0,0.0
0.4777777777777777,0.4259259259259269,0.00020366598778004074,0.0
0.4777777777777777,0.4259259259259269,0.00020366598778004074,0.0
0.4777777777777777,0.433333333333333,0.00020366598778004074,0.0
0.4777777777777777,0.433333333333333,0.00020366598778004074,0.0
0.4777777777777777,0.4407407407407415,0.0,0.0
0.4777777777777777,0.4407407407407415,0.0,0.0
0.4777777777777777,0.4481481481481477,0.0,0.0
0.4777777777777777,0.4481481481481477,0.0,0.0
0.4777777777777777,0.4555555555555561,0.0,0.0
0.4777777777777777,0.4555555555555561,0.0,0.0
0.4777777777777777,0.4629629629629623,0.0,0.0003518648838845883
0.4777777777777777,0.4629629629629623,0.0,0.0003518648838845883
0.4777777777777777,0.4703703703703707,0.0,0.0
0.4777777777777777,0.4703703703703707,0.0,0.0
0.4777777777777777,0.4777777777777769,0.0,0.0
0.4777777777777777,0.4777777777777769,0.0,0.0
0.4777777777777777,0.4851851851851854,0.0,0.0
0.4777777777777777,0.4851851851851854,0.0,0.0
0.4777777777777777,0.4925925925925915,0.0,0.0
0.4777777777777777,0.4925925925925915,0.0,0.0
0.4777777777777777,0.5,0.0,0.0
0.4777777777777777,0.5,0.0,0.0
0.4777777777777777,0.5074074074074084,0.0,0.0003518648838845883
0.4777777777777777,0.5074074074074084,0.0,0.0003518648838845883
0.4777777777777777,0.5148148148148146,0.0,0.0003518648838845883
0.4777777777777777,0.5148148148148146,0.0,0.0003518648838845883
0.4777777777777777,0.522222222222223,0.0,0.0003518648838845883
0.4777777777777777,0.522222222222223,0.0,0.0003518648838845883
0.4777777777777777,0.5296296296296292,0.0,0.0
0.4777777777777777,0.5296296296296292,0.0,0.0
0.4777777777777777,0.5370370370370378,0.0,0.0003518648838845883
0.4777777777777777,0.5370370370370378,0.0,0.0003518648838845883
0.4777777777777777,0.5444444444444438,0.0,0.0003518648838845883
0.4777777777777777,0.5444444444444438,0.0,0.0003518648838845883
0.4777777777777777,0.5518518518518524,0.0,0.0003518648838845883
0.4777777777777777,0.5518518518518524,0.0,0.0003518648838845883
0.4777777777777777,0.5592592592592586,0.0,0.0
0.4777777777777777,0.5592592592592586,0.0,0.0
0.4777777777777777,0.566666666666667,0.00020366598778004074,0.0
0.4777777777777777,0.566666666666667,0.00020366598778004074,0.0
0.4777777777777777,0.5740740740740732,0.0,0.0003518648838845883
0.4777777777777777,0.5740740740740732,0.0,0.0003518648838845883
0.4777777777777777,0.5814814814814816,0.00020366598778004074,0.0
0.4777777777777777,0.5814814814814816,0.00020366598778004074,0.0
0.4777777777777777,0.58888888888889,0.00020366598778004074,0.0
0.4777777777777777,0.58888888888889,0.00020366598778004074,0.0
0.4777777777777777,0.5962962962962962,0.00020366598778004074,0.0
0.4777777777777777,0.5962962962962962,0.00020366598778004074,0.0
0.4777777777777777,0.6037037037037046,0.00020366598778004074,0.0
0.4777777777777777,0.6037037037037046,0.00020366598778004074,0.0
0.4777777777777777,0.6111111111111108,0.00020366598778004074,0.0
0.4777777777777777,0.6111111111111108,0.00020366598778004074,0.0
0.4777777777777777,0.6185185185185194,0.00020366598778004074,0.0
0.4777777777777777,0.6185185185185194,0.00020366598778004074,0.0
0.4777777777777777,0.6259259259259254,0.00020366598778004074,0.0
0.4777777777777777,0.6259259259259254,0.00020366598778004074,0.0
0.4777777777777777,0.633333333333334,0.00020366598778004074,0.0
0.4777777777777777,0.633333333333334,0.00020366598778004074,0.0
0.4777777777777777,0.6407407407407402,0.0,0.0
0.4777777777777777,0.6407407407407402,0.0,0.0
0.4777777777777777,0.6481481481481486,0.0,0.0
0.4777777777777777,0.6481481481481486,0.0,0.0
0.4777777777777777,0.6555555555555548,0.0,0.0
0.4777777777777777,0.6555555555555548,0.0,0.0
0.4777777777777777,0.6629629629629632,0.0,0.0
0.4777777777777777,0.6629629629629632,0.0,0.0
0.4777777777777777,0.6703703703703694,0.0,0.0
0.4777777777777777,0.6703703703703694,0.0,0.0
0.4777777777777777,0.6777777777777778,0.00020366598778004074,0.0
0.4777777777777777,0.6777777777777778,0.00020366598778004074,0.0
0.4777777777777777,0.6851851851851862,0.0,0.0
0.4777777777777777,0.6851851851851862,0.0,0.0
0.4777777777777777,0.6925925925925924,0.00020366598778004074,0.0
0.4777777777777777,0.6925925925925924,0.00020366598778004074,0.0
0.4777777777777777,0.700000000000001,0.00020366598778004074,0.0
0.4777777777777777,0.700000000000001,0.00020366598778004074,0.0
0.4777777777777777,0.707407407407407,0.00020366598778004074,0.0
0.4777777777777777,0.707407407407407,0.00020366598778004074,0.0
0.4777777777777777,0.7148148148148156,0.00020366598778004074,0.0
0.4777777777777777,0.7148148148148156,0.00020366598778004074,0.0
0.4777777777777777,0.7222222222222218,0.0,0.0
0.4777777777777777,0.7222222222222218,0.0,0.0
0.4777777777777777,0.7296296296296302,0.0,0.0003518648838845883
0.4777777777777777,0.7296296296296302,0.0,0.0003518648838845883
0.4777777777777777,0.7370370370370364,0.0,0.0003518648838845883
0.4777777777777777,0.7370370370370364,0.0,0.0003518648838845883
0.4777777777777777,0.7444444444444448,0.00020366598778004074,0.0
0.4777777777777777,0.7444444444444448,0.00020366598778004074,0.0
0.4777777777777777,0.751851851851851,0.00020366598778004074,0.0
0.4777777777777777,0.751851851851851,0.00020366598778004074,0.0
0.4777777777777777,0.7592592592592594,0.00020366598778004074,0.0
0.4777777777777777,0.7592592592592594,0.00020366598778004074,0.0
0.4777777777777777,0.7666666666666656,0.00020366598778004074,0.0
0.4777777777777777,0.7666666666666656,0.00020366598778004074,0.0
0.4777777777777777,0.774074074074074,0.00020366598778004074,0.0
0.4777777777777777,0.774074074074074,0.00020366598778004074,0.0
0.4777777777777777,0.7814814814814826,0.00020366598778004074,0.0
0.4777777777777777,0.7814814814814826,0.00020366598778004074,0.0
0.4777777777777777,0.7888888888888886,0.00020366598778004074,0.0
0.4777777777777777,0.7888888888888886,0.00020366598778004074,0.0
0.4777777777777777,0.7962962962962972,0.00020366598778004074,0.0
0.4777777777777777,0.7962962962962972,0.00020366598778004074,0.0
0.4777777777777777,0.8037037037037034,0.00020366598778004074,0.0
0.4777777777777777,0.8037037037037034,0.00020366598778004074,0.0
0.4777777777777777,0.8111111111111118,0.00020366598778004074,0.0
0.4777777777777777,0.8111111111111118,0.00020366598778004074,0.0
0.4777777777777777,0.818518518518518,0.0,0.0003518648838845883
0.4777777777777777,0.818518518518518,0.0,0.0003518648838845883
0.4777777777777777,0.8259259259259264,0.0,0.0003518648838845883
0.4777777777777777,0.8259259259259264,0.0,0.0003518648838845883
0.4777777777777777,0.8333333333333326,0.00020366598778004074,0.0
0.4777777777777777,0.8333333333333326,0.00020366598778004074,0.0
0.4777777777777777,0.840740740740741,0.00020366598778004074,0.0
0.4777777777777777,0.840740740740741,0.00020366598778004074,0.0
0.4777777777777777,0.8481481481481472,0.0,0.0
0.4777777777777777,0.8481481481481472,0.0,0.0
0.4777777777777777,0.8555555555555556,0.0,0.0
0.4777777777777777,0.8555555555555556,0.0,0.0
0.4777777777777777,0.8629629629629642,0.0,0.0
0.4777777777777777,0.8629629629629642,0.0,0.0
0.4777777777777777,0.8703703703703702,0.0,0.0
0.4777777777777777,0.8703703703703702,0.0,0.0
0.4777777777777777,0.8777777777777788,0.0,0.0
0.4777777777777777,0.8777777777777788,0.0,0.0
0.4777777777777777,0.885185185185185,0.0,0.0
0.4777777777777777,0.885185185185185,0.0,0.0
0.4777777777777777,0.8925925925925934,0.00020366598778004074,0.0
0.4777777777777777,0.8925925925925934,0.00020366598778004074,0.0
0.4777777777777777,0.8999999999999996,0.00020366598778004074,0.0
0.4777777777777777,0.8999999999999996,0.00020366598778004074,0.0
0.4777777777777777,0.907407407407408,0.00020366598778004074,0.0
0.4777777777777777,0.907407407407408,0.00020366598778004074,0.0
0.4777777777777777,0.9148148148148142,0.0,0.0
0.4777777777777777,0.9148148148148142,0.0,0.0
0.4777777777777777,0.9222222222222226,0.0,0.0
0.4777777777777777,0.9222222222222226,0.0,0.0
0.4777777777777777,0.9296296296296288,0.0,0.0
0.4777777777777777,0.9296296296296288,0.0,0.0
0.4777777777777777,0.9370370370370372,0.0,0.0
0.4777777777777777,0.9370370370370372,0.0,0.0
0.4777777777777777,0.9444444444444434,0.00020366598778004074,0.0
0.4777777777777777,0.9444444444444434,0.00020366598778004074,0.0
0.4777777777777777,0.9518518518518518,0.0,0.0
0.4777777777777777,0.9518518518518518,0.0,0.0
0.4777777777777777,0.9592592592592604,0.00020366598778004074,0.0
0.4777777777777777,0.9592592592592604,0.00020366598778004074,0.0
0.4777777777777777,0.9666666666666666,0.0,0.0
0.4777777777777777,0.9666666666666666,0.0,0.0
0.4777777777777777,0.974074074074075,0.0,0.0
0.4777777777777777,0.974074074074075,0.0,0.0
0.4777777777777777,0.9814814814814812,0.0,0.0
0.4777777777777777,0.9814814814814812,0.0,0.0
0.4777777777777777,0.9888888888888896,0.0,0.0
0.4777777777777777,0.9888888888888896,0.0,0.0
0.4777777777777777,0.9962962962962958,0.0,0.0
0.4777777777777777,0.9962962962962958,0.0,0.0
0.4851851851851851,0.4259259259259269,0.0,0.0003518648838845883
0.4851851851851851,0.4259259259259269,0.0,0.0003518648838845883
0.4851851851851851,0.433333333333333,0.0,0.0
0.4851851851851851,0.433333333333333,0.0,0.0
0.4851851851851851,0.4407407407407415,0.0,0.0
0.4851851851851851,0.4407407407407415,0.0,0.0
0.4851851851851851,0.4481481481481477,0.0,0.0
0.4851851851851851,0.4481481481481477,0.0,0.0
0.4851851851851851,0.4555555555555561,0.0,0.0003518648838845883
0.4851851851851851,0.4555555555555561,0.0,0.0003518648838845883
0.4851851851851851,0.4629629629629623,0.00020366598778004074,0.0
0.4851851851851851,0.4629629629629623,0.00020366598778004074,0.0
0.4851851851851851,0.4703703703703707,0.0,0.0
0.4851851851851851,0.4703703703703707,0.0,0.0
0.4851851851851851,0.4777777777777769,0.00020366598778004074,0.0
0.4851851851851851,0.4777777777777769,0.00020366598778004074,0.0
0.4851851851851851,0.4851851851851854,0.0,0.0
0.4851851851851851,0.4851851851851854,0.0,0.0
0.4851851851851851,0.4925925925925915,0.0,0.0
0.4851851851851851,0.4925925925925915,0.0,0.0
0.4851851851851851,0.5,0.0,0.0
0.4851851851851851,0.5,0.0,0.0
0.4851851851851851,0.5074074074074084,0.0,0.0003518648838845883
0.4851851851851851,0.5074074074074084,0.0,0.0003518648838845883
0.4851851851851851,0.5148148148148146,0.0,0.0003518648838845883
0.4851851851851851,0.5148148148148146,0.0,0.0003518648838845883
0.4851851851851851,0.522222222222223,0.0,0.0
0.4851851851851851,0.522222222222223,0.0,0.0
0.4851851851851851,0.5296296296296292,0.0,0.0003518648838845883
0.4851851851851851,0.5296296296296292,0.0,0.0003518648838845883
0.4851851851851851,0.5370370370370378,0.0,0.0003518648838845883
0.4851851851851851,0.5370370370370378,0.0,0.0003518648838845883
0.4851851851851851,0.5444444444444438,0.0,0.0003518648838845883
0.4851851851851851,0.5444444444444438,0.0,0.0003518648838845883
0.4851851851851851,0.5518518518518524,0.0,0.0
0.4851851851851851,0.5518518518518524,0.0,0.0
0.4851851851851851,0.5592592592592586,0.0,0.0
0.4851851851851851,0.5592592592592586,0.0,0.0
0.4851851851851851,0.566666666666667,0.00020366598778004074,0.0
0.4851851851851851,0.566666666666667,0.00020366598778004074,0.0
0.4851851851851851,0.5740740740740732,0.00020366598778004074,0.0
0.4851851851851851,0.5740740740740732,0.00020366598778004074,0.0
0.4851851851851851,0.5814814814814816,0.00020366598778004074,0.0
0.4851851851851851,0.5814814814814816,0.00020366598778004074,0.0
0.4851851851851851,0.58888888888889,0.0,0.0003518648838845883
0.4851851851851851,0.58888888888889,0.0,0.0003518648838845883
0.4851851851851851,0.5962962962962962,0.0,0.0003518648838845883
0.4851851851851851,0.5962962962962962,0.0,0.0003518648838845883
0.4851851851851851,0.6037037037037046,0.0,0.0
0.4851851851851851,0.6037037037037046,0.0,0.0
0.4851851851851851,0.6111111111111108,0.00020366598778004074,0.0
0.4851851851851851,0.6111111111111108,0.00020366598778004074,0.0
0.4851851851851851,0.6185185185185194,0.0,0.0
0.4851851851851851,0.6185185185185194,0.0,0.0
0.4851851851851851,0.6259259259259254,0.00020366598778004074,0.0
0.4851851851851851,0.6259259259259254,0.00020366598778004074,0.0
0.4851851851851851,0.633333333333334,0.0,0.0
0.4851851851851851,0.633333333333334,0.0,0.0
0.4851851851851851,0.6407407407407402,0.0,0.0
0.4851851851851851,0.6407407407407402,0.0,0.0
0.4851851851851851,0.6481481481481486,0.0,0.0
0.4851851851851851,0.6481481481481486,0.0,0.0
0.4851851851851851,0.6555555555555548,0.0,0.0
0.4851851851851851,0.6555555555555548,0.0,0.0
0.4851851851851851,0.6629629629629632,0.0,0.0
0.4851851851851851,0.6629629629629632,0.0,0.0
0.4851851851851851,0.6703703703703694,0.0,0.0
0.4851851851851851,0.6703703703703694,0.0,0.0
0.4851851851851851,0.6777777777777778,0.00020366598778004074,0.0
0.4851851851851851,0.6777777777777778,0.00020366598778004074,0.0
0.4851851851851851,0.6851851851851862,0.00020366598778004074,0.0
0.4851851851851851,0.6851851851851862,0.00020366598778004074,0.0
0.4851851851851851,0.6925925925925924,0.00020366598778004074,0.0
0.4851851851851851,0.6925925925925924,0.00020366598778004074,0.0
0.4851851851851851,0.700000000000001,0.00020366598778004074,0.0
0.4851851851851851,0.700000000000001,0.00020366598778004074,0.0
0.4851851851851851,0.707407407407407,0.00020366598778004074,0.0
0.4851851851851851,0.707407407407407,0.00020366598778004074,0.0
0.4851851851851851,0.7148148148148156,0.00020366598778004074,0.0
0.4851851851851851,0.7148148148148156,0.00020366598778004074,0.0
0.4851851851851851,0.7222222222222218,0.0,0.0
0.4851851851851851,0.7222222222222218,0.0,0.0
0.4851851851851851,0.7296296296296302,0.00020366598778004074,0.0
0.4851851851851851,0.7296296296296302,0.00020366598778004074,0.0
0.4851851851851851,0.7370370370370364,0.0,0.0
0.4851851851851851,0.7370370370370364,0.0,0.0
0.4851851851851851,0.7444444444444448,0.0,0.0
0.4851851851851851,0.7444444444444448,0.0,0.0
0.4851851851851851,0.751851851851851,0.00020366598778004074,0.0
0.4851851851851851,0.751851851851851,0.00020366598778004074,0.0
0.4851851851851851,0.7592592592592594,0.0,0.0
0.4851851851851851,0.7592592592592594,0.0,0.0
0.4851851851851851,0.7666666666666656,0.0,0.0
0.4851851851851851,0.7666666666666656,0.0,0.0
0.4851851851851851,0.774074074074074,0.0,0.0
0.4851851851851851,0.774074074074074,0.0,0.0
0.4851851851851851,0.7814814814814826,0.00020366598778004074,0.0
0.4851851851851851,0.7814814814814826,0.00020366598778004074,0.0
0.4851851851851851,0.7888888888888886,0.00020366598778004074,0.0
0.4851851851851851,0.7888888888888886,0.00020366598778004074,0.0
0.4851851851851851,0.7962962962962972,0.00020366598778004074,0.0
0.4851851851851851,0.7962962962962972,0.00020366598778004074,0.0
0.4851851851851851,0.8037037037037034,0.0,0.0003518648838845883
0.4851851851851851,0.8037037037037034,0.0,0.0003518648838845883
0.4851851851851851,0.8111111111111118,0.0,0.0
0.4851851851851851,0.8111111111111118,0.0,0.0
0.4851851851851851,0.818518518518518,0.0,0.0003518648838845883
0.4851851851851851,0.818518518518518,0.0,0.0003518648838845883
0.4851851851851851,0.8259259259259264,0.0,0.0003518648838845883
0.4851851851851851,0.8259259259259264,0.0,0.0003518648838845883
0.4851851851851851,0.8333333333333326,0.0,0.0003518648838845883
0.4851851851851851,0.8333333333333326,0.0,0.0003518648838845883
0.4851851851851851,0.840740740740741,0.00020366598778004074,0.0
0.4851851851851851,0.840740740740741,0.00020366598778004074,0.0
0.4851851851851851,0.8481481481481472,0.0,0.0
0.4851851851851851,0.8481481481481472,0.0,0.0
0.4851851851851851,0.8555555555555556,0.00020366598778004074,0.0
0.4851851851851851,0.8555555555555556,0.00020366598778004074,0.0
0.4851851851851851,0.8629629629629642,0.0,0.0
0.4851851851851851,0.8629629629629642,0.0,0.0
0.4851851851851851,0.8703703703703702,0.0,0.0
0.4851851851851851,0.8703703703703702,0.0,0.0
0.4851851851851851,0.8777777777777788,0.0,0.0
0.4851851851851851,0.8777777777777788,0.0,0.0
0.4851851851851851,0.885185185185185,0.0,0.0
0.4851851851851851,0.885185185185185,0.0,0.0
0.4851851851851851,0.8925925925925934,0.0,0.0
0.4851851851851851,0.8925925925925934,0.0,0.0
0.4851851851851851,0.8999999999999996,0.00020366598778004074,0.0
0.4851851851851851,0.8999999999999996,0.00020366598778004074,0.0
0.4851851851851851,0.907407407407408,0.0,0.0
0.4851851851851851,0.907407407407408,0.0,0.0
0.4851851851851851,0.9148148148148142,0.0,0.0
0.4851851851851851,0.9148148148148142,0.0,0.0
0.4851851851851851,0.9222222222222226,0.0,0.0
0.4851851851851851,0.9222222222222226,0.0,0.0
0.4851851851851851,0.9296296296296288,0.0,0.0
0.4851851851851851,0.9296296296296288,0.0,0.0
0.4851851851851851,0.9370370370370372,0.0,0.0
0.4851851851851851,0.9370370370370372,0.0,0.0
0.4851851851851851,0.9444444444444434,0.00020366598778004074,0.0
0.4851851851851851,0.9444444444444434,0.00020366598778004074,0.0
0.4851851851851851,0.9518518518518518,0.00020366598778004074,0.0
0.4851851851851851,0.9518518518518518,0.00020366598778004074,0.0
0.4851851851851851,0.9592592592592604,0.00020366598778004074,0.0
0.4851851851851851,0.9592592592592604,0.00020366598778004074,0.0
0.4851851851851851,0.9666666666666666,0.0,0.0
0.4851851851851851,0.9666666666666666,0.0,0.0
0.4851851851851851,0.974074074074075,0.0,0.0
0.4851851851851851,0.974074074074075,0.0,0.0
0.4851851851851851,0.9814814814814812,0.0,0.0
0.4851851851851851,0.9814814814814812,0.0,0.0
0.4851851851851851,0.9888888888888896,0.0,0.0
0.4851851851851851,0.9888888888888896,0.0,0.0
0.4851851851851851,0.9962962962962958,0.0,0.0
0.4851851851851851,0.9962962962962958,0.0,0.0
0.4925925925925926,0.4259259259259269,0.0,0.0
0.4925925925925926,0.4259259259259269,0.0,0.0
0.4925925925925926,0.433333333333333,0.0,0.0
0.4925925925925926,0.433333333333333,0.0,0.0
0.4925925925925926,0.4407407407407415,0.0,0.0
0.4925925925925926,0.4407407407407415,0.0,0.0
0.4925925925925926,0.4481481481481477,0.0,0.0003518648838845883
0.4925925925925926,0.4481481481481477,0.0,0.0003518648838845883
0.4925925925925926,0.4555555555555561,0.0,0.0003518648838845883
0.4925925925925926,0.4555555555555561,0.0,0.0003518648838845883
0.4925925925925926,0.4629629629629623,0.0,0.0
0.4925925925925926,0.4629629629629623,0.0,0.0
0.4925925925925926,0.4703703703703707,0.0,0.0
0.4925925925925926,0.4703703703703707,0.0,0.0
0.4925925925925926,0.4777777777777769,0.0,0.0003518648838845883
0.4925925925925926,0.4777777777777769,0.0,0.0003518648838845883
0.4925925925925926,0.4851851851851854,0.0,0.0
0.4925925925925926,0.4851851851851854,0.0,0.0
0.4925925925925926,0.4925925925925915,0.0,0.0
0.4925925925925926,0.4925925925925915,0.0,0.0
0.4925925925925926,0.5,0.0,0.0003518648838845883
0.4925925925925926,0.5,0.0,0.0003518648838845883
0.4925925925925926,0.5074074074074084,0.0,0.0003518648838845883
0.4925925925925926,0.5074074074074084,0.0,0.0003518648838845883
0.4925925925925926,0.5148148148148146,0.0,0.0
0.4925925925925926,0.5148148148148146,0.0,0.0
0.4925925925925926,0.522222222222223,0.0,0.0003518648838845883
0.4925925925925926,0.522222222222223,0.0,0.0003518648838845883
0.4925925925925926,0.5296296296296292,0.0,0.0003518648838845883
0.4925925925925926,0.5296296296296292,0.0,0.0003518648838845883
0.4925925925925926,0.5370370370370378,0.0,0.0003518648838845883
0.4925925925925926,0.5370370370370378,0.0,0.0003518648838845883
0.4925925925925926,0.5444444444444438,0.0,0.0003518648838845883
0.4925925925925926,0.5444444444444438,0.0,0.0003518648838845883
0.4925925925925926,0.5518518518518524,0.0,0.0
0.4925925925925926,0.5518518518518524,0.0,0.0
0.4925925925925926,0.5592592592592586,0.00020366598778004074,0.0
0.4925925925925926,0.5592592592592586,0.00020366598778004074,0.0
0.4925925925925926,0.566666666666667,0.00020366598778004074,0.0
0.4925925925925926,0.566666666666667,0.00020366598778004074,0.0
0.4925925925925926,0.5740740740740732,0.00020366598778004074,0.0
0.4925925925925926,0.5740740740740732,0.00020366598778004074,0.0
0.4925925925925926,0.5814814814814816,0.00020366598778004074,0.0
0.4925925925925926,0.5814814814814816,0.00020366598778004074,0.0
0.4925925925925926,0.58888888888889,0.0,0.0003518648838845883
0.4925925925925926,0.58888888888889,0.0,0.0003518648838845883
0.4925925925925926,0.5962962962962962,0.0,0.0003518648838845883
0.4925925925925926,0.5962962962962962,0.0,0.0003518648838845883
0.4925925925925926,0.6037037037037046,0.0,0.0003518648838845883
0.4925925925925926,0.6037037037037046,0.0,0.0003518648838845883
0.4925925925925926,0.6111111111111108,0.0,0.0003518648838845883
0.4925925925925926,0.6111111111111108,0.0,0.0003518648838845883
0.4925925925925926,0.6185185185185194,0.00020366598778004074,0.0
0.4925925925925926,0.6185185185185194,0.00020366598778004074,0.0
0.4925925925925926,0.6259259259259254,0.00020366598778004074,0.0
0.4925925925925926,0.6259259259259254,0.00020366598778004074,0.0
0.4925925925925926,0.633333333333334,0.00020366598778004074,0.0
0.4925925925925926,0.633333333333334,0.00020366598778004074,0.0
0.4925925925925926,0.6407407407407402,0.0,0.0
0.4925925925925926,0.6407407407407402,0.0,0.0
0.4925925925925926,0.6481481481481486,0.0,0.0
0.4925925925925926,0.6481481481481486,0.0,0.0
0.4925925925925926,0.6555555555555548,0.0,0.0
0.4925925925925926,0.6555555555555548,0.0,0.0
0.4925925925925926,0.6629629629629632,0.0,0.0
0.4925925925925926,0.6629629629629632,0.0,0.0
0.4925925925925926,0.6703703703703694,0.0,0.0
0.4925925925925926,0.6703703703703694,0.0,0.0
0.4925925925925926,0.6777777777777778,0.0,0.0
0.4925925925925926,0.6777777777777778,0.0,0.0
0.4925925925925926,0.6851851851851862,0.0,0.0
0.4925925925925926,0.6851851851851862,0.0,0.0
0.4925925925925926,0.6925925925925924,0.00020366598778004074,0.0
0.4925925925925926,0.6925925925925924,0.00020366598778004074,0.0
0.4925925925925926,0.700000000000001,0.0,0.0
0.4925925925925926,0.700000000000001,0.0,0.0
0.4925925925925926,0.707407407407407,0.00020366598778004074,0.0
0.4925925925925926,0.707407407407407,0.00020366598778004074,0.0
0.4925925925925926,0.7148148148148156,0.0,0.0
0.4925925925925926,0.7148148148148156,0.0,0.0
0.4925925925925926,0.7222222222222218,0.0,0.0
0.4925925925925926,0.7222222222222218,0.0,0.0
0.4925925925925926,0.7296296296296302,0.0,0.0
0.4925925925925926,0.7296296296296302,0.0,0.0
0.4925925925925926,0.7370370370370364,0.0,0.0
0.4925925925925926,0.7370370370370364,0.0,0.0
0.4925925925925926,0.7444444444444448,0.0,0.0
0.4925925925925926,0.7444444444444448,0.0,0.0
0.4925925925925926,0.751851851851851,0.0,0.0
0.4925925925925926,0.751851851851851,0.0,0.0
0.4925925925925926,0.7592592592592594,0.0,0.0
0.4925925925925926,0.7592592592592594,0.0,0.0
0.4925925925925926,0.7666666666666656,0.0,0.0
0.4925925925925926,0.7666666666666656,0.0,0.0
0.4925925925925926,0.774074074074074,0.0,0.0
0.4925925925925926,0.774074074074074,0.0,0.0
0.4925925925925926,0.7814814814814826,0.00020366598778004074,0.0
0.4925925925925926,0.7814814814814826,0.00020366598778004074,0.0
0.4925925925925926,0.7888888888888886,0.00020366598778004074,0.0
0.4925925925925926,0.7888888888888886,0.00020366598778004074,0.0
0.4925925925925926,0.7962962962962972,0.00020366598778004074,0.0
0.4925925925925926,0.7962962962962972,0.00020366598778004074,0.0
0.4925925925925926,0.8037037037037034,0.0,0.0003518648838845883
0.4925925925925926,0.8037037037037034,0.0,0.0003518648838845883
0.4925925925925926,0.8111111111111118,0.0,0.0003518648838845883
0.4925925925925926,0.8111111111111118,0.0,0.0003518648838845883
0.4925925925925926,0.818518518518518,0.0,0.0003518648838845883
0.4925925925925926,0.818518518518518,0.0,0.0003518648838845883
0.4925925925925926,0.8259259259259264,0.0,0.0003518648838845883
0.4925925925925926,0.8259259259259264,0.0,0.0003518648838845883
0.4925925925925926,0.8333333333333326,0.0,0.0003518648838845883
0.4925925925925926,0.8333333333333326,0.0,0.0003518648838845883
0.4925925925925926,0.840740740740741,0.00020366598778004074,0.0
0.4925925925925926,0.840740740740741,0.00020366598778004074,0.0
0.4925925925925926,0.8481481481481472,0.0,0.0
0.4925925925925926,0.8481481481481472,0.0,0.0
0.4925925925925926,0.8555555555555556,0.0,0.0
0.4925925925925926,0.8555555555555556,0.0,0.0
0.4925925925925926,0.8629629629629642,0.0,0.0
0.4925925925925926,0.8629629629629642,0.0,0.0
0.4925925925925926,0.8703703703703702,0.0,0.0
0.4925925925925926,0.8703703703703702,0.0,0.0
0.4925925925925926,0.8777777777777788,0.0,0.0
0.4925925925925926,0.8777777777777788,0.0,0.0
0.4925925925925926,0.885185185185185,0.0,0.0
0.4925925925925926,0.885185185185185,0.0,0.0
0.4925925925925926,0.8925925925925934,0.0,0.0
0.4925925925925926,0.8925925925925934,0.0,0.0
0.4925925925925926,0.8999999999999996,0.0,0.0
0.4925925925925926,0.8999999999999996,0.0,0.0
0.4925925925925926,0.907407407407408,0.0,0.0
0.4925925925925926,0.907407407407408,0.0,0.0
0.4925925925925926,0.9148148148148142,0.0,0.0
0.4925925925925926,0.9148148148148142,0.0,0.0
0.4925925925925926,0.9222222222222226,0.0,0.0
0.4925925925925926,0.9222222222222226,0.0,0.0
0.4925925925925926,0.9296296296296288,0.0,0.0
0.4925925925925926,0.9296296296296288,0.0,0.0
0.4925925925925926,0.9370370370370372,0.0,0.0
0.4925925925925926,0.9370370370370372,0.0,0.0
0.4925925925925926,0.9444444444444434,0.0,0.0
0.4925925925925926,0.9444444444444434,0.0,0.0
0.4925925925925926,0.9518518518518518,0.00020366598778004074,0.0
0.4925925925925926,0.9518518518518518,0.00020366598778004074,0.0
0.4925925925925926,0.9592592592592604,0.00020366598778004074,0.0
0.4925925925925926,0.9592592592592604,0.00020366598778004074,0.0
0.4925925925925926,0.9666666666666666,0.0,0.0
0.4925925925925926,0.9666666666666666,0.0,0.0
0.4925925925925926,0.974074074074075,0.0,0.0
0.4925925925925926,0.974074074074075,0.0,0.0
0.4925925925925926,0.9814814814814812,0.0,0.0
0.4925925925925926,0.9814814814814812,0.0,0.0
0.4925925925925926,0.9888888888888896,0.0,0.0
0.4925925925925926,0.9888888888888896,0.0,0.0
0.4925925925925926,0.9962962962962958,0.0,0.0003518648838845883
0.4925925925925926,0.9962962962962958,0.0,0.0003518648838845883
0.5000000000000001,0.4259259259259269,0.0,0.0
0.5000000000000001,0.4259259259259269,0.0,0.0
0.5000000000000001,0.433333333333333,0.0,0.0003518648838845883
0.5000000000000001,0.433333333333333,0.0,0.0003518648838845883
0.5000000000000001,0.4407407407407415,0.00020366598778004074,0.0
0.5000000000000001,0.4407407407407415,0.00020366598778004074,0.0
0.5000000000000001,0.4481481481481477,0.0,0.0003518648838845883
0.5000000000000001,0.4481481481481477,0.0,0.0003518648838845883
0.5000000000000001,0.4555555555555561,0.0,0.0003518648838845883
0.5000000000000001,0.4555555555555561,0.0,0.0003518648838845883
0.5000000000000001,0.4629629629629623,0.0,0.0003518648838845883
0.5000000000000001,0.4629629629629623,0.0,0.0003518648838845883
0.5000000000000001,0.4703703703703707,0.0,0.0
0.5000000000000001,0.4703703703703707,0.0,0.0
0.5000000000000001,0.4777777777777769,0.0,0.0003518648838845883
0.5000000000000001,0.4777777777777769,0.0,0.0003518648838845883
0.5000000000000001,0.4851851851851854,0.0,0.0
0.5000000000000001,0.4851851851851854,0.0,0.0
0.5000000000000001,0.4925925925925915,0.0,0.0003518648838845883
0.5000000000000001,0.4925925925925915,0.0,0.0003518648838845883
0.5000000000000001,0.5,0.0,0.0003518648838845883
0.5000000000000001,0.5,0.0,0.0003518648838845883
0.5000000000000001,0.5074074074074084,0.0,0.0003518648838845883
0.5000000000000001,0.5074074074074084,0.0,0.0003518648838845883
0.5000000000000001,0.5148148148148146,0.0,0.0
0.5000000000000001,0.5148148148148146,0.0,0.0
0.5000000000000001,0.522222222222223,0.0,0.0003518648838845883
0.5000000000000001,0.522222222222223,0.0,0.0003518648838845883
0.5000000000000001,0.5296296296296292,0.0,0.0003518648838845883
0.5000000000000001,0.5296296296296292,0.0,0.0003518648838845883
0.5000000000000001,0.5370370370370378,0.0,0.0003518648838845883
0.5000000000000001,0.5370370370370378,0.0,0.0003518648838845883
0.5000000000000001,0.5444444444444438,0.0,0.0003518648838845883
0.5000000000000001,0.5444444444444438,0.0,0.0003518648838845883
0.5000000000000001,0.5518518518518524,0.0,0.0
0.5000000000000001,0.5518518518518524,0.0,0.0
0.5000000000000001,0.5592592592592586,0.00020366598778004074,0.0
0.5000000000000001,0.5592592592592586,0.00020366598778004074,0.0
0.5000000000000001,0.566666666666667,0.0,0.0
0.5000000000000001,0.566666666666667,0.0,0.0
0.5000000000000001,0.5740740740740732,0.00020366598778004074,0.0
0.5000000000000001,0.5740740740740732,0.00020366598778004074,0.0
0.5000000000000001,0.5814814814814816,0.0,0.0003518648838845883
0.5000000000000001,0.5814814814814816,0.0,0.0003518648838845883
0.5000000000000001,0.58888888888889,0.0,0.0003518648838845883
0.5000000000000001,0.58888888888889,0.0,0.0003518648838845883
0.5000000000000001,0.5962962962962962,0.0,0.0003518648838845883
0.5000000000000001,0.5962962962962962,0.0,0.0003518648838845883
0.5000000000000001,0.6037037037037046,0.0,0.0003518648838845883
0.5000000000000001,0.6037037037037046,0.0,0.0003518648838845883
0.5000000000000001,0.6111111111111108,0.0,0.0003518648838845883
0.5000000000000001,0.6111111111111108,0.0,0.0003518648838845883
0.5000000000000001,0.6185185185185194,0.0,0.0
0.5000000000000001,0.6185185185185194,0.0,0.0
0.5000000000000001,0.6259259259259254,0.0,0.0
0.5000000000000001,0.6259259259259254,0.0,0.0
0.5000000000000001,0.633333333333334,0.0,0.0
0.5000000000000001,0.633333333333334,0.0,0.0
0.5000000000000001,0.6407407407407402,0.0,0.0
0.5000000000000001,0.6407407407407402,0.0,0.0
0.5000000000000001,0.6481481481481486,0.0,0.0003518648838845883
0.5000000000000001,0.6481481481481486,0.0,0.0003518648838845883
0.5000000000000001,0.6555555555555548,0.0,0.0
0.5000000000000001,0.6555555555555548,0.0,0.0
0.5000000000000001,0.6629629629629632,0.0,0.0
0.5000000000000001,0.6629629629629632,0.0,0.0
0.5000000000000001,0.6703703703703694,0.0,0.0
0.5000000000000001,0.6703703703703694,0.0,0.0
0.5000000000000001,0.6777777777777778,0.0,0.0
0.5000000000000001,0.6777777777777778,0.0,0.0
0.5000000000000001,0.6851851851851862,0.0,0.0
0.5000000000000001,0.6851851851851862,0.0,0.0
0.5000000000000001,0.6925925925925924,0.0,0.0
0.5000000000000001,0.6925925925925924,0.0,0.0
0.5000000000000001,0.700000000000001,0.0,0.0
0.5000000000000001,0.700000000000001,0.0,0.0
0.5000000000000001,0.707407407407407,0.00020366598778004074,0.0
0.5000000000000001,0.707407407407407,0.00020366598778004074,0.0
0.5000000000000001,0.7148148148148156,0.00020366598778004074,0.0
0.5000000000000001,0.7148148148148156,0.00020366598778004074,0.0
0.5000000000000001,0.7222222222222218,0.00020366598778004074,0.0
0.5000000000000001,0.7222222222222218,0.00020366598778004074,0.0
0.5000000000000001,0.7296296296296302,0.0,0.0
0.5000000000000001,0.7296296296296302,0.0,0.0
0.5000000000000001,0.7370370370370364,0.0,0.0
0.5000000000000001,0.7370370370370364,0.0,0.0
0.5000000000000001,0.7444444444444448,0.0,0.0003518648838845883
0.5000000000000001,0.7444444444444448,0.0,0.0003518648838845883
0.5000000000000001,0.751851851851851,0.0,0.0003518648838845883
0.5000000000000001,0.751851851851851,0.0,0.0003518648838845883
0.5000000000000001,0.7592592592592594,0.0,0.0
0.5000000000000001,0.7592592592592594,0.0,0.0
0.5000000000000001,0.7666666666666656,0.00020366598778004074,0.0
0.5000000000000001,0.7666666666666656,0.00020366598778004074,0.0
0.5000000000000001,0.774074074074074,0.0,0.0
0.5000000000000001,0.774074074074074,0.0,0.0
0.5000000000000001,0.7814814814814826,0.00020366598778004074,0.0
0.5000000000000001,0.7814814814814826,0.00020366598778004074,0.0
0.5000000000000001,0.7888888888888886,0.00020366598778004074,0.0
0.5000000000000001,0.7888888888888886,0.00020366598778004074,0.0
0.5000000000000001,0.7962962962962972,0.00020366598778004074,0.0
0.5000000000000001,0.7962962962962972,0.00020366598778004074,0.0
0.5000000000000001,0.8037037037037034,0.0,0.0003518648838845883
0.5000000000000001,0.8037037037037034,0.0,0.0003518648838845883
0.5000000000000001,0.8111111111111118,0.0,0.0003518648838845883
0.5000000000000001,0.8111111111111118,0.0,0.0003518648838845883
0.5000000000000001,0.818518518518518,0.0,0.0003518648838845883
0.5000000000000001,0.818518518518518,0.0,0.0003518648838845883
0.5000000000000001,0.8259259259259264,0.0,0.0003518648838845883
0.5000000000000001,0.8259259259259264,0.0,0.0003518648838845883
0.5000000000000001,0.8333333333333326,0.0,0.0003518648838845883
0.5000000000000001,0.8333333333333326,0.0,0.0003518648838845883
0.5000000000000001,0.840740740740741,0.00020366598778004074,0.0
0.5000000000000001,0.840740740740741,0.00020366598778004074,0.0
0.5000000000000001,0.8481481481481472,0.00020366598778004074,0.0
0.5000000000000001,0.8481481481481472,0.00020366598778004074,0.0
0.5000000000000001,0.8555555555555556,0.0,0.0
0.5000000000000001,0.8555555555555556,0.0,0.0
0.5000000000000001,0.8629629629629642,0.0,0.0
0.5000000000000001,0.8629629629629642,0.0,0.0
0.5000000000000001,0.8703703703703702,0.0,0.0
0.5000000000000001,0.8703703703703702,0.0,0.0
0.5000000000000001,0.8777777777777788,0.00020366598778004074,0.0
0.5000000000000001,0.8777777777777788,0.00020366598778004074,0.0
0.5000000000000001,0.885185185185185,0.00020366598778004074,0.0
0.5000000000000001,0.885185185185185,0.00020366598778004074,0.0
0.5000000000000001,0.8925925925925934,0.0,0.0003518648838845883
0.5000000000000001,0.8925925925925934,0.0,0.0003518648838845883
0.5000000000000001,0.8999999999999996,0.00020366598778004074,0.0
0.5000000000000001,0.8999999999999996,0.00020366598778004074,0.0
0.5000000000000001,0.907407407407408,0.0,0.0
0.5000000000000001,0.907407407407408,0.0,0.0
0.5000000000000001,0.9148148148148142,0.0,0.0
0.5000000000000001,0.9148148148148142,0.0,0.0
0.5000000000000001,0.9222222222222226,0.0,0.0
0.5000000000000001,0.9222222222222226,0.0,0.0
0.5000000000000001,0.9296296296296288,0.0,0.0
0.5000000000000001,0.9296296296296288,0.0,0.0
0.5000000000000001,0.9370370370370372,0.0,0.0003518648838845883
0.5000000000000001,0.9370370370370372,0.0,0.0003518648838845883
0.5000000000000001,0.9444444444444434,0.00020366598778004074,0.0
0.5000000000000001,0.9444444444444434,0.00020366598778004074,0.0
0.5000000000000001,0.9518518518518518,0.00020366598778004074,0.0
0.5000000000000001,0.9518518518518518,0.00020366598778004074,0.0
0.5000000000000001,0.9592592592592604,0.00020366598778004074,0.0
0.5000000000000001,0.9592592592592604,0.00020366598778004074,0.0
0.5000000000000001,0.9666666666666666,0.0,0.0
0.5000000000000001,0.9666666666666666,0.0,0.0
0.5000000000000001,0.974074074074075,0.0,0.0
0.5000000000000001,0.974074074074075,0.0,0.0
0.5000000000000001,0.9814814814814812,0.0,0.0
0.5000000000000001,0.9814814814814812,0.0,0.0
0.5000000000000001,0.9888888888888896,0.0,0.0
0.5000000000000001,0.9888888888888896,0.0,0.0
0.5000000000000001,0.9962962962962958,0.0,0.0
0.5000000000000001,0.9962962962962958,0.0,0.0
0.5074074074074074,0.4259259259259269,0.0,0.0003518648838845883
0.5074074074074074,0.4259259259259269,0.0,0.0003518648838845883
0.5074074074074074,0.433333333333333,0.0,0.0003518648838845883
0.5074074074074074,0.433333333333333,0.0,0.0003518648838845883
0.5074074074074074,0.4407407407407415,0.0,0.0
0.5074074074074074,0.4407407407407415,0.0,0.0
0.5074074074074074,0.4481481481481477,0.00020366598778004074,0.0
0.5074074074074074,0.4481481481481477,0.00020366598778004074,0.0
0.5074074074074074,0.4555555555555561,0.0,0.0
0.5074074074074074,0.4555555555555561,0.0,0.0
0.5074074074074074,0.4629629629629623,0.0,0.0003518648838845883
0.5074074074074074,0.4629629629629623,0.0,0.0003518648838845883
0.5074074074074074,0.4703703703703707,0.0,0.0
0.5074074074074074,0.4703703703703707,0.0,0.0
0.5074074074074074,0.4777777777777769,0.0,0.0
0.5074074074074074,0.4777777777777769,0.0,0.0
0.5074074074074074,0.4851851851851854,0.0,0.0003518648838845883
0.5074074074074074,0.4851851851851854,0.0,0.0003518648838845883
0.5074074074074074,0.4925925925925915,0.0,0.0003518648838845883
0.5074074074074074,0.4925925925925915,0.0,0.0003518648838845883
0.5074074074074074,0.5,0.0,0.0003518648838845883
0.5074074074074074,0.5,0.0,0.0003518648838845883
0.5074074074074074,0.5074074074074084,0.0,0.0003518648838845883
0.5074074074074074,0.5074074074074084,0.0,0.0003518648838845883
0.5074074074074074,0.5148148148148146,0.0,0.0003518648838845883
0.5074074074074074,0.5148148148148146,0.0,0.0003518648838845883
0.5074074074074074,0.522222222222223,0.0,0.0003518648838845883
0.5074074074074074,0.522222222222223,0.0,0.0003518648838845883
0.5074074074074074,0.5296296296296292,0.0,0.0003518648838845883
0.5074074074074074,0.5296296296296292,0.0,0.0003518648838845883
0.5074074074074074,0.5370370370370378,0.0,0.0003518648838845883
0.5074074074074074,0.5370370370370378,0.0,0.0003518648838845883
0.5074074074074074,0.5444444444444438,0.0,0.0003518648838845883
0.5074074074074074,0.5444444444444438,0.0,0.0003518648838845883
0.5074074074074074,0.5518518518518524,0.0,0.0
0.5074074074074074,0.5518518518518524,0.0,0.0
0.5074074074074074,0.5592592592592586,0.00020366598778004074,0.0
0.5074074074074074,0.5592592592592586,0.00020366598778004074,0.0
0.5074074074074074,0.566666666666667,0.00020366598778004074,0.0
0.5074074074074074,0.566666666666667,0.00020366598778004074,0.0
0.5074074074074074,0.5740740740740732,0.00020366598778004074,0.0
0.5074074074074074,0.5740740740740732,0.00020366598778004074,0.0
0.5074074074074074,0.5814814814814816,0.0,0.0003518648838845883
0.5074074074074074,0.5814814814814816,0.0,0.0003518648838845883
0.5074074074074074,0.58888888888889,0.0,0.0003518648838845883
0.5074074074074074,0.58888888888889,0.0,0.0003518648838845883
0.5074074074074074,0.5962962962962962,0.0,0.0003518648838845883
0.5074074074074074,0.5962962962962962,0.0,0.0003518648838845883
0.5074074074074074,0.6037037037037046,0.0,0.0003518648838845883
0.5074074074074074,0.6037037037037046,0.0,0.0003518648838845883
0.5074074074074074,0.6111111111111108,0.0,0.0003518648838845883
0.5074074074074074,0.6111111111111108,0.0,0.0003518648838845883
0.5074074074074074,0.6185185185185194,0.0,0.0
0.5074074074074074,0.6185185185185194,0.0,0.0
0.5074074074074074,0.6259259259259254,0.00020366598778004074,0.0
0.5074074074074074,0.6259259259259254,0.00020366598778004074,0.0
0.5074074074074074,0.633333333333334,0.0,0.0
0.5074074074074074,0.633333333333334,0.0,0.0
0.5074074074074074,0.6407407407407402,0.00020366598778004074,0.0
0.5074074074074074,0.6407407407407402,0.00020366598778004074,0.0
0.5074074074074074,0.6481481481481486,0.0,0.0
0.5074074074074074,0.6481481481481486,0.0,0.0
0.5074074074074074,0.6555555555555548,0.0,0.0
0.5074074074074074,0.6555555555555548,0.0,0.0
0.5074074074074074,0.6629629629629632,0.0,0.0
0.5074074074074074,0.6629629629629632,0.0,0.0
0.5074074074074074,0.6703703703703694,0.0,0.0
0.5074074074074074,0.6703703703703694,0.0,0.0
0.5074074074074074,0.6777777777777778,0.0,0.0
0.5074074074074074,0.6777777777777778,0.0,0.0
0.5074074074074074,0.6851851851851862,0.0,0.0
0.5074074074074074,0.6851851851851862,0.0,0.0
0.5074074074074074,0.6925925925925924,0.0,0.0
0.5074074074074074,0.6925925925925924,0.0,0.0
0.5074074074074074,0.700000000000001,0.00020366598778004074,0.0
0.5074074074074074,0.700000000000001,0.00020366598778004074,0.0
0.5074074074074074,0.707407407407407,0.00020366598778004074,0.0
0.5074074074074074,0.707407407407407,0.00020366598778004074,0.0
0.5074074074074074,0.7148148148148156,0.00020366598778004074,0.0
0.5074074074074074,0.7148148148148156,0.00020366598778004074,0.0
0.5074074074074074,0.7222222222222218,0.00020366598778004074,0.0
0.5074074074074074,0.7222222222222218,0.00020366598778004074,0.0
0.5074074074074074,0.7296296296296302,0.00020366598778004074,0.0
0.5074074074074074,0.7296296296296302,0.00020366598778004074,0.0
0.5074074074074074,0.7370370370370364,0.00020366598778004074,0.0
0.5074074074074074,0.7370370370370364,0.00020366598778004074,0.0
0.5074074074074074,0.7444444444444448,0.0,0.0
0.5074074074074074,0.7444444444444448,0.0,0.0
0.5074074074074074,0.751851851851851,0.0,0.0
0.5074074074074074,0.751851851851851,0.0,0.0
0.5074074074074074,0.7592592592592594,0.0,0.0003518648838845883
0.5074074074074074,0.7592592592592594,0.0,0.0003518648838845883
0.5074074074074074,0.7666666666666656,0.0,0.0
0.5074074074074074,0.7666666666666656,0.0,0.0
0.5074074074074074,0.774074074074074,0.00020366598778004074,0.0
0.5074074074074074,0.774074074074074,0.00020366598778004074,0.0
0.5074074074074074,0.7814814814814826,0.00020366598778004074,0.0
0.5074074074074074,0.7814814814814826,0.00020366598778004074,0.0
0.5074074074074074,0.7888888888888886,0.00020366598778004074,0.0
0.5074074074074074,0.7888888888888886,0.00020366598778004074,0.0
0.5074074074074074,0.7962962962962972,0.00020366598778004074,0.0
0.5074074074074074,0.7962962962962972,0.00020366598778004074,0.0
0.5074074074074074,0.8037037037037034,0.00020366598778004074,0.0
0.5074074074074074,0.8037037037037034,0.00020366598778004074,0.0
0.5074074074074074,0.8111111111111118,0.0,0.0003518648838845883
0.5074074074074074,0.8111111111111118,0.0,0.0003518648838845883
0.5074074074074074,0.818518518518518,0.0,0.0003518648838845883
0.5074074074074074,0.818518518518518,0.0,0.0003518648838845883
0.5074074074074074,0.8259259259259264,0.0,0.0003518648838845883
0.5074074074074074,0.8259259259259264,0.0,0.0003518648838845883
0.5074074074074074,0.8333333333333326,0.00020366598778004074,0.0
0.5074074074074074,0.8333333333333326,0.00020366598778004074,0.0
0.5074074074074074,0.840740740740741,0.00020366598778004074,0.0
0.5074074074074074,0.840740740740741,0.00020366598778004074,0.0
0.5074074074074074,0.8481481481481472,0.00020366598778004074,0.0
0.5074074074074074,0.8481481481481472,0.00020366598778004074,0.0
0.5074074074074074,0.8555555555555556,0.0,0.0
0.5074074074074074,0.8555555555555556,0.0,0.0
0.5074074074074074,0.8629629629629642,0.0,0.0
0.5074074074074074,0.8629629629629642,0.0,0.0
0.5074074074074074,0.8703703703703702,0.0,0.0
0.5074074074074074,0.8703703703703702,0.0,0.0
0.5074074074074074,0.8777777777777788,0.00020366598778004074,0.0
0.5074074074074074,0.8777777777777788,0.00020366598778004074,0.0
0.5074074074074074,0.885185185185185,0.0,0.0
0.5074074074074074,0.885185185185185,0.0,0.0
0.5074074074074074,0.8925925925925934,0.0,0.0003518648838845883
0.5074074074074074,0.8925925925925934,0.0,0.0003518648838845883
0.5074074074074074,0.8999999999999996,0.0,0.0003518648838845883
0.5074074074074074,0.8999999999999996,0.0,0.0003518648838845883
0.5074074074074074,0.907407407407408,0.0,0.0003518648838845883
0.5074074074074074,0.907407407407408,0.0,0.0003518648838845883
0.5074074074074074,0.9148148148148142,0.0,0.0
0.5074074074074074,0.9148148148148142,0.0,0.0
0.5074074074074074,0.9222222222222226,0.00020366598778004074,0.0
0.5074074074074074,0.9222222222222226,0.00020366598778004074,0.0
0.5074074074074074,0.9296296296296288,0.00020366598778004074,0.0
0.5074074074074074,0.9296296296296288,0.00020366598778004074,0.0
0.5074074074074074,0.9370370370370372,0.0,0.0
0.5074074074074074,0.9370370370370372,0.0,0.0
0.5074074074074074,0.9444444444444434,0.0,0.0003518648838845883
0.5074074074074074,0.9444444444444434,0.0,0.0003518648838845883
0.5074074074074074,0.9518518518518518,0.0,0.0
0.5074074074074074,0.9518518518518518,0.0,0.0
0.5074074074074074,0.9592592592592604,0.00020366598778004074,0.0
0.5074074074074074,0.9592592592592604,0.00020366598778004074,0.0
0.5074074074074074,0.9666666666666666,0.0,0.0
0.5074074074074074,0.9666666666666666,0.0,0.0
0.5074074074074074,0.974074074074075,0.0,0.0
0.5074074074074074,0.974074074074075,0.0,0.0
0.5074074074074074,0.9814814814814812,0.0,0.0
0.5074074074074074,0.9814814814814812,0.0,0.0
0.5074074074074074,0.9888888888888896,0.0,0.0
0.5074074074074074,0.9888888888888896,0.0,0.0
0.5074074074074074,0.9962962962962958,0.0,0.0
0.5074074074074074,0.9962962962962958,0.0,0.0
0.5148148148148148,0.4259259259259269,0.0,0.0003518648838845883
0.5148148148148148,0.4259259259259269,0.0,0.0003518648838845883
0.5148148148148148,0.433333333333333,0.0,0.0
0.5148148148148148,0.433333333333333,0.0,0.0
0.5148148148148148,0.4407407407407415,0.0,0.0003518648838845883
0.5148148148148148,0.4407407407407415,0.0,0.0003518648838845883
0.5148148148148148,0.4481481481481477,0.0,0.0
0.5148148148148148,0.4481481481481477,0.0,0.0
0.5148148148148148,0.4555555555555561,0.0,0.0
0.5148148148148148,0.4555555555555561,0.0,0.0
0.5148148148148148,0.4629629629629623,0.0,0.0003518648838845883
0.5148148148148148,0.4629629629629623,0.0,0.0003518648838845883
0.5148148148148148,0.4703703703703707,0.0,0.0
0.5148148148148148,0.4703703703703707,0.0,0.0
0.5148148148148148,0.4777777777777769,0.0,0.0
0.5148148148148148,0.4777777777777769,0.0,0.0
0.5148148148148148,0.4851851851851854,0.0,0.0003518648838845883
0.5148148148148148,0.4851851851851854,0.0,0.0003518648838845883
0.5148148148148148,0.4925925925925915,0.0,0.0003518648838845883
0.5148148148148148,0.4925925925925915,0.0,0.0003518648838845883
0.5148148148148148,0.5,0.0,0.0003518648838845883
0.5148148148148148,0.5,0.0,0.0003518648838845883
0.5148148148148148,0.5074074074074084,0.0,0.0003518648838845883
0.5148148148148148,0.5074074074074084,0.0,0.0003518648838845883
0.5148148148148148,0.5148148148148146,0.0,0.0003518648838845883
0.5148148148148148,0.5148148148148146,0.0,0.0003518648838845883
0.5148148148148148,0.522222222222223,0.0,0.0003518648838845883
0.5148148148148148,0.522222222222223,0.0,0.0003518648838845883
0.5148148148148148,0.5296296296296292,0.0,0.0003518648838845883
0.5148148148148148,0.5296296296296292,0.0,0.0003518648838845883
0.5148148148148148,0.5370370370370378,0.0,0.0003518648838845883
0.5148148148148148,0.5370370370370378,0.0,0.0003518648838845883
0.5148148148148148,0.5444444444444438,0.0,0.0003518648838845883
0.5148148148148148,0.5444444444444438,0.0,0.0003518648838845883
0.5148148148148148,0.5518518518518524,0.0,0.0
0.5148148148148148,0.5518518518518524,0.0,0.0
0.5148148148148148,0.5592592592592586,0.00020366598778004074,0.0
0.5148148148148148,0.5592592592592586,0.00020366598778004074,0.0
0.5148148148148148,0.566666666666667,0.0,0.0
0.5148148148148148,0.566666666666667,0.0,0.0
0.5148148148148148,0.5740740740740732,0.0,0.0003518648838845883
0.5148148148148148,0.5740740740740732,0.0,0.0003518648838845883
0.5148148148148148,0.5814814814814816,0.0,0.0003518648838845883
0.5148148148148148,0.5814814814814816,0.0,0.0003518648838845883
0.5148148148148148,0.58888888888889,0.0,0.0003518648838845883
0.5148148148148148,0.58888888888889,0.0,0.0003518648838845883
0.5148148148148148,0.5962962962962962,0.0,0.0003518648838845883
0.5148148148148148,0.5962962962962962,0.0,0.0003518648838845883
0.5148148148148148,0.6037037037037046,0.0,0.0003518648838845883
0.5148148148148148,0.6037037037037046,0.0,0.0003518648838845883
0.5148148148148148,0.6111111111111108,0.0,0.0
0.5148148148148148,0.6111111111111108,0.0,0.0
0.5148148148148148,0.6185185185185194,0.00020366598778004074,0.0
0.5148148148148148,0.6185185185185194,0.00020366598778004074,0.0
0.5148148148148148,0.6259259259259254,0.0,0.0
0.5148148148148148,0.6259259259259254,0.0,0.0
0.5148148148148148,0.633333333333334,0.0,0.0
0.5148148148148148,0.633333333333334,0.0,0.0
0.5148148148148148,0.6407407407407402,0.0,0.0
0.5148148148148148,0.6407407407407402,0.0,0.0
0.5148148148148148,0.6481481481481486,0.0,0.0
0.5148148148148148,0.6481481481481486,0.0,0.0
0.5148148148148148,0.6555555555555548,0.0,0.0
0.5148148148148148,0.6555555555555548,0.0,0.0
0.5148148148148148,0.6629629629629632,0.0,0.0
0.5148148148148148,0.6629629629629632,0.0,0.0
0.5148148148148148,0.6703703703703694,0.0,0.0
0.5148148148148148,0.6703703703703694,0.0,0.0
0.5148148148148148,0.6777777777777778,0.0,0.0
0.5148148148148148,0.6777777777777778,0.0,0.0
0.5148148148148148,0.6851851851851862,0.0,0.0
0.5148148148148148,0.6851851851851862,0.0,0.0
0.5148148148148148,0.6925925925925924,0.00020366598778004074,0.0
0.5148148148148148,0.6925925925925924,0.00020366598778004074,0.0
0.5148148148148148,0.700000000000001,0.0,0.0
0.5148148148148148,0.700000000000001,0.0,0.0
0.5148148148148148,0.707407407407407,0.0,0.0
0.5148148148148148,0.707407407407407,0.0,0.0
0.5148148148148148,0.7148148148148156,0.0,0.0
0.5148148148148148,0.7148148148148156,0.0,0.0
0.5148148148148148,0.7222222222222218,0.00020366598778004074,0.0
0.5148148148148148,0.7222222222222218,0.00020366598778004074,0.0
0.5148148148148148,0.7296296296296302,0.00020366598778004074,0.0
0.5148148148148148,0.7296296296296302,0.00020366598778004074,0.0
0.5148148148148148,0.7370370370370364,0.00020366598778004074,0.0
0.5148148148148148,0.7370370370370364,0.00020366598778004074,0.0
0.5148148148148148,0.7444444444444448,0.0,0.0
0.5148148148148148,0.7444444444444448,0.0,0.0
0.5148148148148148,0.751851851851851,0.0,0.0
0.5148148148148148,0.751851851851851,0.0,0.0
0.5148148148148148,0.7592592592592594,0.0,0.0003518648838845883
0.5148148148148148,0.7592592592592594,0.0,0.0003518648838845883
0.5148148148148148,0.7666666666666656,0.0,0.0003518648838845883
0.5148148148148148,0.7666666666666656,0.0,0.0003518648838845883
0.5148148148148148,0.774074074074074,0.00020366598778004074,0.0
0.5148148148148148,0.774074074074074,0.00020366598778004074,0.0
0.5148148148148148,0.7814814814814826,0.00020366598778004074,0.0
0.5148148148148148,0.7814814814814826,0.00020366598778004074,0.0
0.5148148148148148,0.7888888888888886,0.00020366598778004074,0.0
0.5148148148148148,0.7888888888888886,0.00020366598778004074,0.0
0.5148148148148148,0.7962962962962972,0.00020366598778004074,0.0
0.5148148148148148,0.7962962962962972,0.00020366598778004074,0.0
0.5148148148148148,0.8037037037037034,0.00020366598778004074,0.0
0.5148148148148148,0.8037037037037034,0.00020366598778004074,0.0
0.5148148148148148,0.8111111111111118,0.00020366598778004074,0.0
0.5148148148148148,0.8111111111111118,0.00020366598778004074,0.0
0.5148148148148148,0.818518518518518,0.0,0.0003518648838845883
0.5148148148148148,0.818518518518518,0.0,0.0003518648838845883
0.5148148148148148,0.8259259259259264,0.00020366598778004074,0.0
0.5148148148148148,0.8259259259259264,0.00020366598778004074,0.0
0.5148148148148148,0.8333333333333326,0.00020366598778004074,0.0
0.5148148148148148,0.8333333333333326,0.00020366598778004074,0.0
0.5148148148148148,0.840740740740741,0.00020366598778004074,0.0
0.5148148148148148,0.840740740740741,0.00020366598778004074,0.0
0.5148148148148148,0.8481481481481472,0.00020366598778004074,0.0
0.5148148148148148,0.8481481481481472,0.00020366598778004074,0.0
0.5148148148148148,0.8555555555555556,0.00020366598778004074,0.0
0.5148148148148148,0.8555555555555556,0.00020366598778004074,0.0
0.5148148148148148,0.8629629629629642,0.0,0.0
0.5148148148148148,0.8629629629629642,0.0,0.0
0.5148148148148148,0.8703703703703702,0.00020366598778004074,0.0
0.5148148148148148,0.8703703703703702,0.00020366598778004074,0.0
0.5148148148148148,0.8777777777777788,0.00020366598778004074,0.0
0.5148148148148148,0.8777777777777788,0.00020366598778004074,0.0
0.5148148148148148,0.885185185185185,0.0,0.0003518648838845883
0.5148148148148148,0.885185185185185,0.0,0.0003518648838845883
0.5148148148148148,0.8925925925925934,0.00020366598778004074,0.0
0.5148148148148148,0.8925925925925934,0.00020366598778004074,0.0
0.5148148148148148,0.8999999999999996,0.0,0.0
0.5148148148148148,0.8999999999999996,0.0,0.0
0.5148148148148148,0.907407407407408,0.00020366598778004074,0.0
0.5148148148148148,0.907407407407408,0.00020366598778004074,0.0
0.5148148148148148,0.9148148148148142,0.0,0.0
0.5148148148148148,0.9148148148148142,0.0,0.0
0.5148148148148148,0.9222222222222226,0.00020366598778004074,0.0
0.5148148148148148,0.9222222222222226,0.00020366598778004074,0.0
0.5148148148148148,0.9296296296296288,0.00020366598778004074,0.0
0.5148148148148148,0.9296296296296288,0.00020366598778004074,0.0
0.5148148148148148,0.9370370370370372,0.00020366598778004074,0.0
0.5148148148148148,0.9370370370370372,0.00020366598778004074,0.0
0.5148148148148148,0.9444444444444434,0.0,0.0003518648838845883
0.5148148148148148,0.9444444444444434,0.0,0.0003518648838845883
0.5148148148148148,0.9518518518518518,0.00020366598778004074,0.0
0.5148148148148148,0.9518518518518518,0.00020366598778004074,0.0
0.5148148148148148,0.9592592592592604,0.00020366598778004074,0.0
0.5148148148148148,0.9592592592592604,0.00020366598778004074,0.0
0.5148148148148148,0.9666666666666666,0.00020366598778004074,0.0
0.5148148148148148,0.9666666666666666,0.00020366598778004074,0.0
0.5148148148148148,0.974074074074075,0.0,0.0
0.5148148148148148,0.974074074074075,0.0,0.0
0.5148148148148148,0.9814814814814812,0.0,0.0
0.5148148148148148,0.9814814814814812,0.0,0.0
0.5148148148148148,0.9888888888888896,0.0,0.0
0.5148148148148148,0.9888888888888896,0.0,0.0
0.5148148148148148,0.9962962962962958,0.0,0.0
0.5148148148148148,0.9962962962962958,0.0,0.0
0.5222222222222223,0.4259259259259269,0.0,0.0003518648838845883
0.5222222222222223,0.4259259259259269,0.0,0.0003518648838845883
0.5222222222222223,0.433333333333333,0.0,0.0003518648838845883
0.5222222222222223,0.433333333333333,0.0,0.0003518648838845883
0.5222222222222223,0.4407407407407415,0.00020366598778004074,0.0
0.5222222222222223,0.4407407407407415,0.00020366598778004074,0.0
0.5222222222222223,0.4481481481481477,0.00020366598778004074,0.0
0.5222222222222223,0.4481481481481477,0.00020366598778004074,0.0
0.5222222222222223,0.4555555555555561,0.0,0.0
0.5222222222222223,0.4555555555555561,0.0,0.0
0.5222222222222223,0.4629629629629623,0.0,0.0
0.5222222222222223,0.4629629629629623,0.0,0.0
0.5222222222222223,0.4703703703703707,0.0,0.0
0.5222222222222223,0.4703703703703707,0.0,0.0
0.5222222222222223,0.4777777777777769,0.00020366598778004074,0.0
0.5222222222222223,0.4777777777777769,0.00020366598778004074,0.0
0.5222222222222223,0.4851851851851854,0.0,0.0003518648838845883
0.5222222222222223,0.4851851851851854,0.0,0.0003518648838845883
0.5222222222222223,0.4925925925925915,0.0,0.0003518648838845883
0.5222222222222223,0.4925925925925915,0.0,0.0003518648838845883
0.5222222222222223,0.5,0.0,0.0003518648838845883
0.5222222222222223,0.5,0.0,0.0003518648838845883
0.5222222222222223,0.5074074074074084,0.0,0.0003518648838845883
0.5222222222222223,0.5074074074074084,0.0,0.0003518648838845883
0.5222222222222223,0.5148148148148146,0.0,0.0003518648838845883
0.5222222222222223,0.5148148148148146,0.0,0.0003518648838845883
0.5222222222222223,0.522222222222223,0.0,0.0003518648838845883
0.5222222222222223,0.522222222222223,0.0,0.0003518648838845883
0.5222222222222223,0.5296296296296292,0.0,0.0003518648838845883
0.5222222222222223,0.5296296296296292,0.0,0.0003518648838845883
0.5222222222222223,0.5370370370370378,0.0,0.0003518648838845883
0.5222222222222223,0.5370370370370378,0.0,0.0003518648838845883
0.5222222222222223,0.5444444444444438,0.0,0.0003518648838845883
0.5222222222222223,0.5444444444444438,0.0,0.0003518648838845883
0.5222222222222223,0.5518518518518524,0.0,0.0
0.5222222222222223,0.5518518518518524,0.0,0.0
0.5222222222222223,0.5592592592592586,0.00020366598778004074,0.0
0.5222222222222223,0.5592592592592586,0.00020366598778004074,0.0
0.5222222222222223,0.566666666666667,0.0,0.0
0.5222222222222223,0.566666666666667,0.0,0.0
0.5222222222222223,0.5740740740740732,0.0,0.0
0.5222222222222223,0.5740740740740732,0.0,0.0
0.5222222222222223,0.5814814814814816,0.0,0.0003518648838845883
0.5222222222222223,0.5814814814814816,0.0,0.0003518648838845883
0.5222222222222223,0.58888888888889,0.0,0.0003518648838845883
0.5222222222222223,0.58888888888889,0.0,0.0003518648838845883
0.5222222222222223,0.5962962962962962,0.0,0.0003518648838845883
0.5222222222222223,0.5962962962962962,0.0,0.0003518648838845883
0.5222222222222223,0.6037037037037046,0.0,0.0
0.5222222222222223,0.6037037037037046,0.0,0.0
0.5222222222222223,0.6111111111111108,0.00020366598778004074,0.0
0.5222222222222223,0.6111111111111108,0.00020366598778004074,0.0
0.5222222222222223,0.6185185185185194,0.00020366598778004074,0.0
0.5222222222222223,0.6185185185185194,0.00020366598778004074,0.0
0.5222222222222223,0.6259259259259254,0.00020366598778004074,0.0
0.5222222222222223,0.6259259259259254,0.00020366598778004074,0.0
0.5222222222222223,0.633333333333334,0.00020366598778004074,0.0
0.5222222222222223,0.633333333333334,0.00020366598778004074,0.0
0.5222222222222223,0.6407407407407402,0.0,0.0
0.5222222222222223,0.6407407407407402,0.0,0.0
0.5222222222222223,0.6481481481481486,0.0,0.0
0.5222222222222223,0.6481481481481486,0.0,0.0
0.5222222222222223,0.6555555555555548,0.0,0.0
0.5222222222222223,0.6555555555555548,0.0,0.0
0.5222222222222223,0.6629629629629632,0.0,0.0
0.5222222222222223,0.6629629629629632,0.0,0.0
0.5222222222222223,0.6703703703703694,0.0,0.0
0.5222222222222223,0.6703703703703694,0.0,0.0
0.5222222222222223,0.6777777777777778,0.00020366598778004074,0.0
0.5222222222222223,0.6777777777777778,0.00020366598778004074,0.0
0.5222222222222223,0.6851851851851862,0.0,0.0
0.5222222222222223,0.6851851851851862,0.0,0.0
0.5222222222222223,0.6925925925925924,0.0,0.0
0.5222222222222223,0.6925925925925924,0.0,0.0
0.5222222222222223,0.700000000000001,0.0,0.0
0.5222222222222223,0.700000000000001,0.0,0.0
0.5222222222222223,0.707407407407407,0.00020366598778004074,0.0
0.5222222222222223,0.707407407407407,0.00020366598778004074,0.0
0.5222222222222223,0.7148148148148156,0.00020366598778004074,0.0
0.5222222222222223,0.7148148148148156,0.00020366598778004074,0.0
0.5222222222222223,0.7222222222222218,0.00020366598778004074,0.0
0.5222222222222223,0.7222222222222218,0.00020366598778004074,0.0
0.5222222222222223,0.7296296296296302,0.0,0.0
0.5222222222222223,0.7296296296296302,0.0,0.0
0.5222222222222223,0.7370370370370364,0.0,0.0
0.5222222222222223,0.7370370370370364,0.0,0.0
0.5222222222222223,0.7444444444444448,0.0,0.0
0.5222222222222223,0.7444444444444448,0.0,0.0
0.5222222222222223,0.751851851851851,0.0,0.0
0.5222222222222223,0.751851851851851,0.0,0.0
0.5222222222222223,0.7592592592592594,0.0,0.0003518648838845883
0.5222222222222223,0.7592592592592594,0.0,0.0003518648838845883
0.5222222222222223,0.7666666666666656,0.0,0.0003518648838845883
0.5222222222222223,0.7666666666666656,0.0,0.0003518648838845883
0.5222222222222223,0.774074074074074,0.0,0.0003518648838845883
0.5222222222222223,0.774074074074074,0.0,0.0003518648838845883
0.5222222222222223,0.7814814814814826,0.0,0.0
0.5222222222222223,0.7814814814814826,0.0,0.0
0.5222222222222223,0.7888888888888886,0.00020366598778004074,0.0
0.5222222222222223,0.7888888888888886,0.00020366598778004074,0.0
0.5222222222222223,0.7962962962962972,0.00020366598778004074,0.0
0.5222222222222223,0.7962962962962972,0.00020366598778004074,0.0
0.5222222222222223,0.8037037037037034,0.00020366598778004074,0.0
0.5222222222222223,0.8037037037037034,0.00020366598778004074,0.0
0.5222222222222223,0.8111111111111118,0.00020366598778004074,0.0
0.5222222222222223,0.8111111111111118,0.00020366598778004074,0.0
0.5222222222222223,0.818518518518518,0.00020366598778004074,0.0
0.5222222222222223,0.818518518518518,0.00020366598778004074,0.0
0.5222222222222223,0.8259259259259264,0.00020366598778004074,0.0
0.5222222222222223,0.8259259259259264,0.00020366598778004074,0.0
0.5222222222222223,0.8333333333333326,0.00020366598778004074,0.0
0.5222222222222223,0.8333333333333326,0.00020366598778004074,0.0
0.5222222222222223,0.840740740740741,0.0,0.0003518648838845883
0.5222222222222223,0.840740740740741,0.0,0.0003518648838845883
0.5222222222222223,0.8481481481481472,0.0,0.0
0.5222222222222223,0.8481481481481472,0.0,0.0
0.5222222222222223,0.8555555555555556,0.0,0.0
0.5222222222222223,0.8555555555555556,0.0,0.0
0.5222222222222223,0.8629629629629642,0.00020366598778004074,0.0
0.5222222222222223,0.8629629629629642,0.00020366598778004074,0.0
0.5222222222222223,0.8703703703703702,0.0,0.0
0.5222222222222223,0.8703703703703702,0.0,0.0
0.5222222222222223,0.8777777777777788,0.0,0.0
0.5222222222222223,0.8777777777777788,0.0,0.0
0.5222222222222223,0.885185185185185,0.0,0.0003518648838845883
0.5222222222222223,0.885185185185185,0.0,0.0003518648838845883
0.5222222222222223,0.8925925925925934,0.00020366598778004074,0.0
0.5222222222222223,0.8925925925925934,0.00020366598778004074,0.0
0.5222222222222223,0.8999999999999996,0.00020366598778004074,0.0
0.5222222222222223,0.8999999999999996,0.00020366598778004074,0.0
0.5222222222222223,0.907407407407408,0.0,0.0
0.5222222222222223,0.907407407407408,0.0,0.0
0.5222222222222223,0.9148148148148142,0.0,0.0
0.5222222222222223,0.9148148148148142,0.0,0.0
0.5222222222222223,0.9222222222222226,0.0,0.0
0.5222222222222223,0.9222222222222226,0.0,0.0
0.5222222222222223,0.9296296296296288,0.0,0.0
0.5222222222222223,0.9296296296296288,0.0,0.0
0.5222222222222223,0.9370370370370372,0.00020366598778004074,0.0
0.5222222222222223,0.9370370370370372,0.00020366598778004074,0.0
0.5222222222222223,0.9444444444444434,0.00020366598778004074,0.0
0.5222222222222223,0.9444444444444434,0.00020366598778004074,0.0
0.5222222222222223,0.9518518518518518,0.00020366598778004074,0.0
0.5222222222222223,0.9518518518518518,0.00020366598778004074,0.0
0.5222222222222223,0.9592592592592604,0.00020366598778004074,0.0
0.5222222222222223,0.9592592592592604,0.00020366598778004074,0.0
0.5222222222222223,0.9666666666666666,0.00020366598778004074,0.0
0.5222222222222223,0.9666666666666666,0.00020366598778004074,0.0
0.5222222222222223,0.974074074074075,0.0,0.0003518648838845883
0.5222222222222223,0.974074074074075,0.0,0.0003518648838845883
0.5222222222222223,0.9814814814814812,0.0,0.0
0.5222222222222223,0.9814814814814812,0.0,0.0
0.5222222222222223,0.9888888888888896,0.00020366598778004074,0.0
0.5222222222222223,0.9888888888888896,0.00020366598778004074,0.0
0.5222222222222223,0.9962962962962958,0.0,0.0
0.5222222222222223,0.9962962962962958,0.0,0.0
0.5296296296296297,0.4259259259259269,0.0,0.0003518648838845883
0.5296296296296297,0.4259259259259269,0.0,0.0003518648838845883
0.5296296296296297,0.433333333333333,0.0,0.0003518648838845883
0.5296296296296297,0.433333333333333,0.0,0.0003518648838845883
0.5296296296296297,0.4407407407407415,0.00020366598778004074,0.0
0.5296296296296297,0.4407407407407415,0.00020366598778004074,0.0
0.5296296296296297,0.4481481481481477,0.0,0.0
0.5296296296296297,0.4481481481481477,0.0,0.0
0.5296296296296297,0.4555555555555561,0.0,0.0003518648838845883
0.5296296296296297,0.4555555555555561,0.0,0.0003518648838845883
0.5296296296296297,0.4629629629629623,0.00020366598778004074,0.0
0.5296296296296297,0.4629629629629623,0.00020366598778004074,0.0
0.5296296296296297,0.4703703703703707,0.0,0.0
0.5296296296296297,0.4703703703703707,0.0,0.0
0.5296296296296297,0.4777777777777769,0.0,0.0003518648838845883
0.5296296296296297,0.4777777777777769,0.0,0.0003518648838845883
0.5296296296296297,0.4851851851851854,0.0,0.0003518648838845883
0.5296296296296297,0.4851851851851854,0.0,0.0003518648838845883
0.5296296296296297,0.4925925925925915,0.0,0.0003518648838845883
0.5296296296296297,0.4925925925925915,0.0,0.0003518648838845883
0.5296296296296297,0.5,0.0,0.0003518648838845883
0.5296296296296297,0.5,0.0,0.0003518648838845883
0.5296296296296297,0.5074074074074084,0.0,0.0003518648838845883
0.5296296296296297,0.5074074074074084,0.0,0.0003518648838845883
0.5296296296296297,0.5148148148148146,0.0,0.0003518648838845883
0.5296296296296297,0.5148148148148146,0.0,0.0003518648838845883
0.5296296296296297,0.522222222222223,0.0,0.0003518648838845883
0.5296296296296297,0.522222222222223,0.0,0.0003518648838845883
0.5296296296296297,0.5296296296296292,0.0,0.0003518648838845883
0.5296296296296297,0.5296296296296292,0.0,0.0003518648838845883
0.5296296296296297,0.5370370370370378,0.0,0.0003518648838845883
0.5296296296296297,0.5370370370370378,0.0,0.0003518648838845883
0.5296296296296297,0.5444444444444438,0.0,0.0003518648838845883
0.5296296296296297,0.5444444444444438,0.0,0.0003518648838845883
0.5296296296296297,0.5518518518518524,0.0,0.0
0.5296296296296297,0.5518518518518524,0.0,0.0
0.5296296296296297,0.5592592592592586,0.0,0.0
0.5296296296296297,0.5592592592592586,0.0,0.0
0.5296296296296297,0.566666666666667,0.0,0.0
0.5296296296296297,0.566666666666667,0.0,0.0
0.5296296296296297,0.5740740740740732,0.0,0.0
0.5296296296296297,0.5740740740740732,0.0,0.0
0.5296296296296297,0.5814814814814816,0.0,0.0003518648838845883
0.5296296296296297,0.5814814814814816,0.0,0.0003518648838845883
0.5296296296296297,0.58888888888889,0.0,0.0003518648838845883
0.5296296296296297,0.58888888888889,0.0,0.0003518648838845883
0.5296296296296297,0.5962962962962962,0.0,0.0
0.5296296296296297,0.5962962962962962,0.0,0.0
0.5296296296296297,0.6037037037037046,0.0,0.0
0.5296296296296297,0.6037037037037046,0.0,0.0
0.5296296296296297,0.6111111111111108,0.00020366598778004074,0.0
0.5296296296296297,0.6111111111111108,0.00020366598778004074,0.0
0.5296296296296297,0.6185185185185194,0.0,0.0
0.5296296296296297,0.6185185185185194,0.0,0.0
0.5296296296296297,0.6259259259259254,0.00020366598778004074,0.0
0.5296296296296297,0.6259259259259254,0.00020366598778004074,0.0
0.5296296296296297,0.633333333333334,0.0,0.0
0.5296296296296297,0.633333333333334,0.0,0.0
0.5296296296296297,0.6407407407407402,0.0,0.0
0.5296296296296297,0.6407407407407402,0.0,0.0
0.5296296296296297,0.6481481481481486,0.00020366598778004074,0.0
0.5296296296296297,0.6481481481481486,0.00020366598778004074,0.0
0.5296296296296297,0.6555555555555548,0.00020366598778004074,0.0
0.5296296296296297,0.6555555555555548,0.00020366598778004074,0.0
0.5296296296296297,0.6629629629629632,0.0,0.0
0.5296296296296297,0.6629629629629632,0.0,0.0
0.5296296296296297,0.6703703703703694,0.00020366598778004074,0.0
0.5296296296296297,0.6703703703703694,0.00020366598778004074,0.0
0.5296296296296297,0.6777777777777778,0.00020366598778004074,0.0
0.5296296296296297,0.6777777777777778,0.00020366598778004074,0.0
0.5296296296296297,0.6851851851851862,0.0,0.0
0.5296296296296297,0.6851851851851862,0.0,0.0
0.5296296296296297,0.6925925925925924,0.0,0.0
0.5296296296296297,0.6925925925925924,0.0,0.0
0.5296296296296297,0.700000000000001,0.0,0.0
0.5296296296296297,0.700000000000001,0.0,0.0
0.5296296296296297,0.707407407407407,0.0,0.0
0.5296296296296297,0.707407407407407,0.0,0.0
0.5296296296296297,0.7148148148148156,0.0,0.0
0.5296296296296297,0.7148148148148156,0.0,0.0
0.5296296296296297,0.7222222222222218,0.00020366598778004074,0.0
0.5296296296296297,0.7222222222222218,0.00020366598778004074,0.0
0.5296296296296297,0.7296296296296302,0.0,0.0
0.5296296296296297,0.7296296296296302,0.0,0.0
0.5296296296296297,0.7370370370370364,0.0,0.0003518648838845883
0.5296296296296297,0.7370370370370364,0.0,0.0003518648838845883
0.5296296296296297,0.7444444444444448,0.0,0.0003518648838845883
0.5296296296296297,0.7444444444444448,0.0,0.0003518648838845883
0.5296296296296297,0.751851851851851,0.0,0.0
0.5296296296296297,0.751851851851851,0.0,0.0
0.5296296296296297,0.7592592592592594,0.0,0.0
0.5296296296296297,0.7592592592592594,0.0,0.0
0.5296296296296297,0.7666666666666656,0.00020366598778004074,0.0
0.5296296296296297,0.7666666666666656,0.00020366598778004074,0.0
0.5296296296296297,0.774074074074074,0.00020366598778004074,0.0
0.5296296296296297,0.774074074074074,0.00020366598778004074,0.0
0.5296296296296297,0.7814814814814826,0.00020366598778004074,0.0
0.5296296296296297,0.7814814814814826,0.00020366598778004074,0.0
0.5296296296296297,0.7888888888888886,0.00020366598778004074,0.0
0.5296296296296297,0.7888888888888886,0.00020366598778004074,0.0
0.5296296296296297,0.7962962962962972,0.00020366598778004074,0.0
0.5296296296296297,0.7962962962962972,0.00020366598778004074,0.0
0.5296296296296297,0.8037037037037034,0.00020366598778004074,0.0
0.5296296296296297,0.8037037037037034,0.00020366598778004074,0.0
0.5296296296296297,0.8111111111111118,0.00020366598778004074,0.0
0.5296296296296297,0.8111111111111118,0.00020366598778004074,0.0
0.5296296296296297,0.818518518518518,0.00020366598778004074,0.0
0.5296296296296297,0.818518518518518,0.00020366598778004074,0.0
0.5296296296296297,0.8259259259259264,0.00020366598778004074,0.0
0.5296296296296297,0.8259259259259264,0.00020366598778004074,0.0
0.5296296296296297,0.8333333333333326,0.0,0.0003518648838845883
0.5296296296296297,0.8333333333333326,0.0,0.0003518648838845883
0.5296296296296297,0.840740740740741,0.0,0.0
0.5296296296296297,0.840740740740741,0.0,0.0
0.5296296296296297,0.8481481481481472,0.00020366598778004074,0.0
0.5296296296296297,0.8481481481481472,0.00020366598778004074,0.0
0.5296296296296297,0.8555555555555556,0.0,0.0
0.5296296296296297,0.8555555555555556,0.0,0.0
0.5296296296296297,0.8629629629629642,0.00020366598778004074,0.0
0.5296296296296297,0.8629629629629642,0.00020366598778004074,0.0
0.5296296296296297,0.8703703703703702,0.0,0.0
0.5296296296296297,0.8703703703703702,0.0,0.0
0.5296296296296297,0.8777777777777788,0.0,0.0
0.5296296296296297,0.8777777777777788,0.0,0.0
0.5296296296296297,0.885185185185185,0.0,0.0
0.5296296296296297,0.885185185185185,0.0,0.0
0.5296296296296297,0.8925925925925934,0.00020366598778004074,0.0
0.5296296296296297,0.8925925925925934,0.00020366598778004074,0.0
0.5296296296296297,0.8999999999999996,0.0,0.0
0.5296296296296297,0.8999999999999996,0.0,0.0
0.5296296296296297,0.907407407407408,0.0,0.0
0.5296296296296297,0.907407407407408,0.0,0.0
0.5296296296296297,0.9148148148148142,0.00020366598778004074,0.0
0.5296296296296297,0.9148148148148142,0.00020366598778004074,0.0
0.5296296296296297,0.9222222222222226,0.0,0.0
0.5296296296296297,0.9222222222222226,0.0,0.0
0.5296296296296297,0.9296296296296288,0.00020366598778004074,0.0
0.5296296296296297,0.9296296296296288,0.00020366598778004074,0.0
0.5296296296296297,0.9370370370370372,0.00020366598778004074,0.0
0.5296296296296297,0.9370370370370372,0.00020366598778004074,0.0
0.5296296296296297,0.9444444444444434,0.00020366598778004074,0.0
0.5296296296296297,0.9444444444444434,0.00020366598778004074,0.0
0.5296296296296297,0.9518518518518518,0.00020366598778004074,0.0
0.5296296296296297,0.9518518518518518,0.00020366598778004074,0.0
0.5296296296296297,0.9592592592592604,0.00020366598778004074,0.0
0.5296296296296297,0.9592592592592604,0.00020366598778004074,0.0
0.5296296296296297,0.9666666666666666,0.00020366598778004074,0.0
0.5296296296296297,0.9666666666666666,0.00020366598778004074,0.0
0.5296296296296297,0.974074074074075,0.0,0.0
0.5296296296296297,0.974074074074075,0.0,0.0
0.5296296296296297,0.9814814814814812,0.0,0.0
0.5296296296296297,0.9814814814814812,0.0,0.0
0.5296296296296297,0.9888888888888896,0.00020366598778004074,0.0
0.5296296296296297,0.9888888888888896,0.00020366598778004074,0.0
0.5296296296296297,0.9962962962962958,0.0,0.0
0.5296296296296297,0.9962962962962958,0.0,0.0
0.537037037037037,0.4259259259259269,0.0,0.0003518648838845883
0.537037037037037,0.4259259259259269,0.0,0.0003518648838845883
0.537037037037037,0.433333333333333,0.0,0.0003518648838845883
0.537037037037037,0.433333333333333,0.0,0.0003518648838845883
0.537037037037037,0.4407407407407415,0.00020366598778004074,0.0
0.537037037037037,0.4407407407407415,0.00020366598778004074,0.0
0.537037037037037,0.4481481481481477,0.00020366598778004074,0.0
0.537037037037037,0.4481481481481477,0.00020366598778004074,0.0
0.537037037037037,0.4555555555555561,0.0,0.0
0.537037037037037,0.4555555555555561,0.0,0.0
0.537037037037037,0.4629629629629623,0.0,0.0
0.537037037037037,0.4629629629629623,0.0,0.0
0.537037037037037,0.4703703703703707,0.0,0.0003518648838845883
0.537037037037037,0.4703703703703707,0.0,0.0003518648838845883
0.537037037037037,0.4777777777777769,0.0,0.0003518648838845883
0.537037037037037,0.4777777777777769,0.0,0.0003518648838845883
0.537037037037037,0.4851851851851854,0.0,0.0003518648838845883
0.537037037037037,0.4851851851851854,0.0,0.0003518648838845883
0.537037037037037,0.4925925925925915,0.0,0.0
0.537037037037037,0.4925925925925915,0.0,0.0
0.537037037037037,0.5,0.0,0.0003518648838845883
0.537037037037037,0.5,0.0,0.0003518648838845883
0.537037037037037,0.5074074074074084,0.0,0.0003518648838845883
0.537037037037037,0.5074074074074084,0.0,0.0003518648838845883
0.537037037037037,0.5148148148148146,0.0,0.0003518648838845883
0.537037037037037,0.5148148148148146,0.0,0.0003518648838845883
0.537037037037037,0.522222222222223,0.0,0.0003518648838845883
0.537037037037037,0.522222222222223,0.0,0.0003518648838845883
0.537037037037037,0.5296296296296292,0.0,0.0003518648838845883
0.537037037037037,0.5296296296296292,0.0,0.0003518648838845883
0.537037037037037,0.5370370370370378,0.0,0.0
0.537037037037037,0.5370370370370378,0.0,0.0
0.537037037037037,0.5444444444444438,0.0,0.0
0.537037037037037,0.5444444444444438,0.0,0.0
0.537037037037037,0.5518518518518524,0.0,0.0
0.537037037037037,0.5518518518518524,0.0,0.0
0.537037037037037,0.5592592592592586,0.0,0.0
0.537037037037037,0.5592592592592586,0.0,0.0
0.537037037037037,0.566666666666667,0.0,0.0
0.537037037037037,0.566666666666667,0.0,0.0
0.537037037037037,0.5740740740740732,0.0,0.0
0.537037037037037,0.5740740740740732,0.0,0.0
0.537037037037037,0.5814814814814816,0.0,0.0
0.537037037037037,0.5814814814814816,0.0,0.0
0.537037037037037,0.58888888888889,0.0,0.0
0.537037037037037,0.58888888888889,0.0,0.0
0.537037037037037,0.5962962962962962,0.0,0.0
0.537037037037037,0.5962962962962962,0.0,0.0
0.537037037037037,0.6037037037037046,0.00020366598778004074,0.0
0.537037037037037,0.6037037037037046,0.00020366598778004074,0.0
0.537037037037037,0.6111111111111108,0.00020366598778004074,0.0
0.537037037037037,0.6111111111111108,0.00020366598778004074,0.0
0.537037037037037,0.6185185185185194,0.0,0.0
0.537037037037037,0.6185185185185194,0.0,0.0
0.537037037037037,0.6259259259259254,0.0,0.0
0.537037037037037,0.6259259259259254,0.0,0.0
0.537037037037037,0.633333333333334,0.0,0.0
0.537037037037037,0.633333333333334,0.0,0.0
0.537037037037037,0.6407407407407402,0.0,0.0
0.537037037037037,0.6407407407407402,0.0,0.0
0.537037037037037,0.6481481481481486,0.0,0.0
0.537037037037037,0.6481481481481486,0.0,0.0
0.537037037037037,0.6555555555555548,0.0,0.0
0.537037037037037,0.6555555555555548,0.0,0.0
0.537037037037037,0.6629629629629632,0.0,0.0
0.537037037037037,0.6629629629629632,0.0,0.0
0.537037037037037,0.6703703703703694,0.00020366598778004074,0.0
0.537037037037037,0.6703703703703694,0.00020366598778004074,0.0
0.537037037037037,0.6777777777777778,0.00020366598778004074,0.0
0.537037037037037,0.6777777777777778,0.00020366598778004074,0.0
0.537037037037037,0.6851851851851862,0.0,0.0
0.537037037037037,0.6851851851851862,0.0,0.0
0.537037037037037,0.6925925925925924,0.0,0.0
0.537037037037037,0.6925925925925924,0.0,0.0
0.537037037037037,0.700000000000001,0.0,0.0
0.537037037037037,0.700000000000001,0.0,0.0
0.537037037037037,0.707407407407407,0.0,0.0
0.537037037037037,0.707407407407407,0.0,0.0
0.537037037037037,0.7148148148148156,0.0,0.0
0.537037037037037,0.7148148148148156,0.0,0.0
0.537037037037037,0.7222222222222218,0.0,0.0
0.537037037037037,0.7222222222222218,0.0,0.0
0.537037037037037,0.7296296296296302,0.0,0.0
0.537037037037037,0.7296296296296302,0.0,0.0
0.537037037037037,0.7370370370370364,0.0,0.0
0.537037037037037,0.7370370370370364,0.0,0.0
0.537037037037037,0.7444444444444448,0.0,0.0
0.537037037037037,0.7444444444444448,0.0,0.0
0.537037037037037,0.751851851851851,0.0,0.0
0.537037037037037,0.751851851851851,0.0,0.0
0.537037037037037,0.7592592592592594,0.0,0.0
0.537037037037037,0.7592592592592594,0.0,0.0
0.537037037037037,0.7666666666666656,0.0,0.0003518648838845883
0.537037037037037,0.7666666666666656,0.0,0.0003518648838845883
0.537037037037037,0.774074074074074,0.00020366598778004074,0.0
0.537037037037037,0.774074074074074,0.00020366598778004074,0.0
0.537037037037037,0.7814814814814826,0.00020366598778004074,0.0
0.537037037037037,0.7814814814814826,0.00020366598778004074,0.0
0.537037037037037,0.7888888888888886,0.00020366598778004074,0.0
0.537037037037037,0.7888888888888886,0.00020366598778004074,0.0
0.537037037037037,0.7962962962962972,0.00020366598778004074,0.0
0.537037037037037,0.7962962962962972,0.00020366598778004074,0.0
0.537037037037037,0.8037037037037034,0.00020366598778004074,0.0
0.537037037037037,0.8037037037037034,0.00020366598778004074,0.0
0.537037037037037,0.8111111111111118,0.00020366598778004074,0.0
0.537037037037037,0.8111111111111118,0.00020366598778004074,0.0
0.537037037037037,0.818518518518518,0.00020366598778004074,0.0
0.537037037037037,0.818518518518518,0.00020366598778004074,0.0
0.537037037037037,0.8259259259259264,0.00020366598778004074,0.0
0.537037037037037,0.8259259259259264,0.00020366598778004074,0.0
0.537037037037037,0.8333333333333326,0.00020366598778004074,0.0
0.537037037037037,0.8333333333333326,0.00020366598778004074,0.0
0.537037037037037,0.840740740740741,0.00020366598778004074,0.0
0.537037037037037,0.840740740740741,0.00020366598778004074,0.0
0.537037037037037,0.8481481481481472,0.00020366598778004074,0.0
0.537037037037037,0.8481481481481472,0.00020366598778004074,0.0
0.537037037037037,0.8555555555555556,0.00020366598778004074,0.0
0.537037037037037,0.8555555555555556,0.00020366598778004074,0.0
0.537037037037037,0.8629629629629642,0.00020366598778004074,0.0
0.537037037037037,0.8629629629629642,0.00020366598778004074,0.0
0.537037037037037,0.8703703703703702,0.0,0.0
0.537037037037037,0.8703703703703702,0.0,0.0
0.537037037037037,0.8777777777777788,0.0,0.0
0.537037037037037,0.8777777777777788,0.0,0.0
0.537037037037037,0.885185185185185,0.00020366598778004074,0.0
0.537037037037037,0.885185185185185,0.00020366598778004074,0.0
0.537037037037037,0.8925925925925934,0.0,0.0003518648838845883
0.537037037037037,0.8925925925925934,0.0,0.0003518648838845883
0.537037037037037,0.8999999999999996,0.0,0.0
0.537037037037037,0.8999999999999996,0.0,0.0
0.537037037037037,0.907407407407408,0.0,0.0
0.537037037037037,0.907407407407408,0.0,0.0
0.537037037037037,0.9148148148148142,0.0,0.0
0.537037037037037,0.9148148148148142,0.0,0.0
0.537037037037037,0.9222222222222226,0.00020366598778004074,0.0
0.537037037037037,0.9222222222222226,0.00020366598778004074,0.0
0.537037037037037,0.9296296296296288,0.00020366598778004074,0.0
0.537037037037037,0.9296296296296288,0.00020366598778004074,0.0
0.537037037037037,0.9370370370370372,0.0,0.0
0.537037037037037,0.9370370370370372,0.0,0.0
0.537037037037037,0.9444444444444434,0.0,0.0
0.537037037037037,0.9444444444444434,0.0,0.0
0.537037037037037,0.9518518518518518,0.00020366598778004074,0.0
0.537037037037037,0.9518518518518518,0.00020366598778004074,0.0
0.537037037037037,0.9592592592592604,0.0,0.0
0.537037037037037,0.9592592592592604,0.0,0.0
0.537037037037037,0.9666666666666666,0.0,0.0
0.537037037037037,0.9666666666666666,0.0,0.0
0.537037037037037,0.974074074074075,0.0,0.0
0.537037037037037,0.974074074074075,0.0,0.0
0.537037037037037,0.9814814814814812,0.00020366598778004074,0.0
0.537037037037037,0.9814814814814812,0.00020366598778004074,0.0
0.537037037037037,0.9888888888888896,0.0,0.0
0.537037037037037,0.9888888888888896,0.0,0.0
0.537037037037037,0.9962962962962958,0.0,0.0003518648838845883
0.537037037037037,0.9962962962962958,0.0,0.0003518648838845883
0.5444444444444444,0.4259259259259269,0.0,0.0
0.5444444444444444,0.4259259259259269,0.0,0.0
0.5444444444444444,0.433333333333333,0.0,0.0
0.5444444444444444,0.433333333333333,0.0,0.0
0.5444444444444444,0.4407407407407415,0.0,0.0
0.5444444444444444,0.4407407407407415,0.0,0.0
0.5444444444444444,0.4481481481481477,0.0,0.0
0.5444444444444444,0.4481481481481477,0.0,0.0
0.5444444444444444,0.4555555555555561,0.0,0.0
0.5444444444444444,0.4555555555555561,0.0,0.0
0.5444444444444444,0.4629629629629623,0.0,0.0003518648838845883
0.5444444444444444,0.4629629629629623,0.0,0.0003518648838845883
0.5444444444444444,0.4703703703703707,0.0,0.0003518648838845883
0.5444444444444444,0.4703703703703707,0.0,0.0003518648838845883
0.5444444444444444,0.4777777777777769,0.0,0.0003518648838845883
0.5444444444444444,0.4777777777777769,0.0,0.0003518648838845883
0.5444444444444444,0.4851851851851854,0.0,0.0
0.5444444444444444,0.4851851851851854,0.0,0.0
0.5444444444444444,0.4925925925925915,0.0,0.0
0.5444444444444444,0.4925925925925915,0.0,0.0
0.5444444444444444,0.5,0.0,0.0
0.5444444444444444,0.5,0.0,0.0
0.5444444444444444,0.5074074074074084,0.0,0.0003518648838845883
0.5444444444444444,0.5074074074074084,0.0,0.0003518648838845883
0.5444444444444444,0.5148148148148146,0.0,0.0003518648838845883
0.5444444444444444,0.5148148148148146,0.0,0.0003518648838845883
0.5444444444444444,0.522222222222223,0.0,0.0
0.5444444444444444,0.522222222222223,0.0,0.0
0.5444444444444444,0.5296296296296292,0.0,0.0003518648838845883
0.5444444444444444,0.5296296296296292,0.0,0.0003518648838845883
0.5444444444444444,0.5370370370370378,0.0,0.0
0.5444444444444444,0.5370370370370378,0.0,0.0
0.5444444444444444,0.5444444444444438,0.0,0.0
0.5444444444444444,0.5444444444444438,0.0,0.0
0.5444444444444444,0.5518518518518524,0.0,0.0
0.5444444444444444,0.5518518518518524,0.0,0.0
0.5444444444444444,0.5592592592592586,0.0,0.0
0.5444444444444444,0.5592592592592586,0.0,0.0
0.5444444444444444,0.566666666666667,0.0,0.0
0.5444444444444444,0.566666666666667,0.0,0.0
0.5444444444444444,0.5740740740740732,0.0,0.0
0.5444444444444444,0.5740740740740732,0.0,0.0
0.5444444444444444,0.5814814814814816,0.0,0.0
0.5444444444444444,0.5814814814814816,0.0,0.0
0.5444444444444444,0.58888888888889,0.0,0.0
0.5444444444444444,0.58888888888889,0.0,0.0
0.5444444444444444,0.5962962962962962,0.0,0.0
0.5444444444444444,0.5962962962962962,0.0,0.0
0.5444444444444444,0.6037037037037046,0.0,0.0
0.5444444444444444,0.6037037037037046,0.0,0.0
0.5444444444444444,0.6111111111111108,0.0,0.0
0.5444444444444444,0.6111111111111108,0.0,0.0
0.5444444444444444,0.6185185185185194,0.0,0.0
0.5444444444444444,0.6185185185185194,0.0,0.0
0.5444444444444444,0.6259259259259254,0.0,0.0
0.5444444444444444,0.6259259259259254,0.0,0.0
0.5444444444444444,0.633333333333334,0.0,0.0
0.5444444444444444,0.633333333333334,0.0,0.0
0.5444444444444444,0.6407407407407402,0.0,0.0
0.5444444444444444,0.6407407407407402,0.0,0.0
0.5444444444444444,0.6481481481481486,0.00020366598778004074,0.0
0.5444444444444444,0.6481481481481486,0.00020366598778004074,0.0
0.5444444444444444,0.6555555555555548,0.00020366598778004074,0.0
0.5444444444444444,0.6555555555555548,0.00020366598778004074,0.0
0.5444444444444444,0.6629629629629632,0.0,0.0
0.5444444444444444,0.6629629629629632,0.0,0.0
0.5444444444444444,0.6703703703703694,0.0,0.0
0.5444444444444444,0.6703703703703694,0.0,0.0
0.5444444444444444,0.6777777777777778,0.00020366598778004074,0.0
0.5444444444444444,0.6777777777777778,0.00020366598778004074,0.0
0.5444444444444444,0.6851851851851862,0.0,0.0
0.5444444444444444,0.6851851851851862,0.0,0.0
0.5444444444444444,0.6925925925925924,0.0,0.0
0.5444444444444444,0.6925925925925924,0.0,0.0
0.5444444444444444,0.700000000000001,0.0,0.0
0.5444444444444444,0.700000000000001,0.0,0.0
0.5444444444444444,0.707407407407407,0.0,0.0
0.5444444444444444,0.707407407407407,0.0,0.0
0.5444444444444444,0.7148148148148156,0.0,0.0
0.5444444444444444,0.7148148148148156,0.0,0.0
0.5444444444444444,0.7222222222222218,0.0,0.0
0.5444444444444444,0.7222222222222218,0.0,0.0
0.5444444444444444,0.7296296296296302,0.00020366598778004074,0.0
0.5444444444444444,0.7296296296296302,0.00020366598778004074,0.0
0.5444444444444444,0.7370370370370364,0.00020366598778004074,0.0
0.5444444444444444,0.7370370370370364,0.00020366598778004074,0.0
0.5444444444444444,0.7444444444444448,0.00020366598778004074,0.0
0.5444444444444444,0.7444444444444448,0.00020366598778004074,0.0
0.5444444444444444,0.751851851851851,0.0,0.0
0.5444444444444444,0.751851851851851,0.0,0.0
0.5444444444444444,0.7592592592592594,0.0,0.0
0.5444444444444444,0.7592592592592594,0.0,0.0
0.5444444444444444,0.7666666666666656,0.00020366598778004074,0.0
0.5444444444444444,0.7666666666666656,0.00020366598778004074,0.0
0.5444444444444444,0.774074074074074,0.00020366598778004074,0.0
0.5444444444444444,0.774074074074074,0.00020366598778004074,0.0
0.5444444444444444,0.7814814814814826,0.0,0.0
0.5444444444444444,0.7814814814814826,0.0,0.0
0.5444444444444444,0.7888888888888886,0.00020366598778004074,0.0
0.5444444444444444,0.7888888888888886,0.00020366598778004074,0.0
0.5444444444444444,0.7962962962962972,0.00020366598778004074,0.0
0.5444444444444444,0.7962962962962972,0.00020366598778004074,0.0
0.5444444444444444,0.8037037037037034,0.00020366598778004074,0.0
0.5444444444444444,0.8037037037037034,0.00020366598778004074,0.0
0.5444444444444444,0.8111111111111118,0.0,0.0
0.5444444444444444,0.8111111111111118,0.0,0.0
0.5444444444444444,0.818518518518518,0.00020366598778004074,0.0
0.5444444444444444,0.818518518518518,0.00020366598778004074,0.0
0.5444444444444444,0.8259259259259264,0.00020366598778004074,0.0
0.5444444444444444,0.8259259259259264,0.00020366598778004074,0.0
0.5444444444444444,0.8333333333333326,0.00020366598778004074,0.0
0.5444444444444444,0.8333333333333326,0.00020366598778004074,0.0
0.5444444444444444,0.840740740740741,0.00020366598778004074,0.0
0.5444444444444444,0.840740740740741,0.00020366598778004074,0.0
0.5444444444444444,0.8481481481481472,0.0,0.0003518648838845883
0.5444444444444444,0.8481481481481472,0.0,0.0003518648838845883
0.5444444444444444,0.8555555555555556,0.0,0.0003518648838845883
0.5444444444444444,0.8555555555555556,0.0,0.0003518648838845883
0.5444444444444444,0.8629629629629642,0.0,0.0003518648838845883
0.5444444444444444,0.8629629629629642,0.0,0.0003518648838845883
0.5444444444444444,0.8703703703703702,0.0,0.0003518648838845883
0.5444444444444444,0.8703703703703702,0.0,0.0003518648838845883
0.5444444444444444,0.8777777777777788,0.0,0.0
0.5444444444444444,0.8777777777777788,0.0,0.0
0.5444444444444444,0.885185185185185,0.00020366598778004074,0.0
0.5444444444444444,0.885185185185185,0.00020366598778004074,0.0
0.5444444444444444,0.8925925925925934,0.00020366598778004074,0.0
0.5444444444444444,0.8925925925925934,0.00020366598778004074,0.0
0.5444444444444444,0.8999999999999996,0.0,0.0
0.5444444444444444,0.8999999999999996,0.0,0.0
0.5444444444444444,0.907407407407408,0.0,0.0
0.5444444444444444,0.907407407407408,0.0,0.0
0.5444444444444444,0.9148148148148142,0.0,0.0
0.5444444444444444,0.9148148148148142,0.0,0.0
0.5444444444444444,0.9222222222222226,0.00020366598778004074,0.0
0.5444444444444444,0.9222222222222226,0.00020366598778004074,0.0
0.5444444444444444,0.9296296296296288,0.0,0.0
0.5444444444444444,0.9296296296296288,0.0,0.0
0.5444444444444444,0.9370370370370372,0.0,0.0
0.5444444444444444,0.9370370370370372,0.0,0.0
0.5444444444444444,0.9444444444444434,0.00020366598778004074,0.0
0.5444444444444444,0.9444444444444434,0.00020366598778004074,0.0
0.5444444444444444,0.9518518518518518,0.00020366598778004074,0.0
0.5444444444444444,0.9518518518518518,0.00020366598778004074,0.0
0.5444444444444444,0.9592592592592604,0.00020366598778004074,0.0
0.5444444444444444,0.9592592592592604,0.00020366598778004074,0.0
0.5444444444444444,0.9666666666666666,0.00020366598778004074,0.0
0.5444444444444444,0.9666666666666666,0.00020366598778004074,0.0
0.5444444444444444,0.974074074074075,0.00020366598778004074,0.0
0.5444444444444444,0.974074074074075,0.00020366598778004074,0.0
0.5444444444444444,0.9814814814814812,0.0,0.0
0.5444444444444444,0.9814814814814812,0.0,0.0
0.5444444444444444,0.9888888888888896,0.0,0.0
0.5444444444444444,0.9888888888888896,0.0,0.0
0.5444444444444444,0.9962962962962958,0.0,0.0003518648838845883
0.5444444444444444,0.9962962962962958,0.0,0.0003518648838845883
0.5518518518518519,0.4259259259259269,0.0,0.0003518648838845883
0.5518518518518519,0.4259259259259269,0.0,0.0003518648838845883
0.5518518518518519,0.433333333333333,0.0,0.0003518648838845883
0.5518518518518519,0.433333333333333,0.0,0.0003518648838845883
0.5518518518518519,0.4407407407407415,0.0,0.0
0.5518518518518519,0.4407407407407415,0.0,0.0
0.5518518518518519,0.4481481481481477,0.0,0.0
0.5518518518518519,0.4481481481481477,0.0,0.0
0.5518518518518519,0.4555555555555561,0.00020366598778004074,0.0
0.5518518518518519,0.4555555555555561,0.00020366598778004074,0.0
0.5518518518518519,0.4629629629629623,0.0,0.0
0.5518518518518519,0.4629629629629623,0.0,0.0
0.5518518518518519,0.4703703703703707,0.0,0.0
0.5518518518518519,0.4703703703703707,0.0,0.0
0.5518518518518519,0.4777777777777769,0.0,0.0
0.5518518518518519,0.4777777777777769,0.0,0.0
0.5518518518518519,0.4851851851851854,0.0,0.0
0.5518518518518519,0.4851851851851854,0.0,0.0
0.5518518518518519,0.4925925925925915,0.0,0.0
0.5518518518518519,0.4925925925925915,0.0,0.0
0.5518518518518519,0.5,0.0,0.0
0.5518518518518519,0.5,0.0,0.0
0.5518518518518519,0.5074074074074084,0.0,0.0003518648838845883
0.5518518518518519,0.5074074074074084,0.0,0.0003518648838845883
0.5518518518518519,0.5148148148148146,0.0,0.0
0.5518518518518519,0.5148148148148146,0.0,0.0
0.5518518518518519,0.522222222222223,0.0,0.0003518648838845883
0.5518518518518519,0.522222222222223,0.0,0.0003518648838845883
0.5518518518518519,0.5296296296296292,0.0,0.0003518648838845883
0.5518518518518519,0.5296296296296292,0.0,0.0003518648838845883
0.5518518518518519,0.5370370370370378,0.0,0.0003518648838845883
0.5518518518518519,0.5370370370370378,0.0,0.0003518648838845883
0.5518518518518519,0.5444444444444438,0.0,0.0003518648838845883
0.5518518518518519,0.5444444444444438,0.0,0.0003518648838845883
0.5518518518518519,0.5518518518518524,0.0,0.0
0.5518518518518519,0.5518518518518524,0.0,0.0
0.5518518518518519,0.5592592592592586,0.0,0.0
0.5518518518518519,0.5592592592592586,0.0,0.0
0.5518518518518519,0.566666666666667,0.0,0.0
0.5518518518518519,0.566666666666667,0.0,0.0
0.5518518518518519,0.5740740740740732,0.0,0.0
0.5518518518518519,0.5740740740740732,0.0,0.0
0.5518518518518519,0.5814814814814816,0.0,0.0
0.5518518518518519,0.5814814814814816,0.0,0.0
0.5518518518518519,0.58888888888889,0.00020366598778004074,0.0
0.5518518518518519,0.58888888888889,0.00020366598778004074,0.0
0.5518518518518519,0.5962962962962962,0.0,0.0
0.5518518518518519,0.5962962962962962,0.0,0.0
0.5518518518518519,0.6037037037037046,0.0,0.0
0.5518518518518519,0.6037037037037046,0.0,0.0
0.5518518518518519,0.6111111111111108,0.0,0.0
0.5518518518518519,0.6111111111111108,0.0,0.0
0.5518518518518519,0.6185185185185194,0.0,0.0
0.5518518518518519,0.6185185185185194,0.0,0.0
0.5518518518518519,0.6259259259259254,0.0,0.0
0.5518518518518519,0.6259259259259254,0.0,0.0
0.5518518518518519,0.633333333333334,0.0,0.0
0.5518518518518519,0.633333333333334,0.0,0.0
0.5518518518518519,0.6407407407407402,0.0,0.0
0.5518518518518519,0.6407407407407402,0.0,0.0
0.5518518518518519,0.6481481481481486,0.00020366598778004074,0.0
0.5518518518518519,0.6481481481481486,0.00020366598778004074,0.0
0.5518518518518519,0.6555555555555548,0.00020366598778004074,0.0
0.5518518518518519,0.6555555555555548,0.00020366598778004074,0.0
0.5518518518518519,0.6629629629629632,0.00020366598778004074,0.0
0.5518518518518519,0.6629629629629632,0.00020366598778004074,0.0
0.5518518518518519,0.6703703703703694,0.00020366598778004074,0.0
0.5518518518518519,0.6703703703703694,0.00020366598778004074,0.0
0.5518518518518519,0.6777777777777778,0.00020366598778004074,0.0
0.5518518518518519,0.6777777777777778,0.00020366598778004074,0.0
0.5518518518518519,0.6851851851851862,0.0,0.0
0.5518518518518519,0.6851851851851862,0.0,0.0
0.5518518518518519,0.6925925925925924,0.0,0.0
0.5518518518518519,0.6925925925925924,0.0,0.0
0.5518518518518519,0.700000000000001,0.0,0.0
0.5518518518518519,0.700000000000001,0.0,0.0
0.5518518518518519,0.707407407407407,0.0,0.0
0.5518518518518519,0.707407407407407,0.0,0.0
0.5518518518518519,0.7148148148148156,0.0,0.0
0.5518518518518519,0.7148148148148156,0.0,0.0
0.5518518518518519,0.7222222222222218,0.0,0.0
0.5518518518518519,0.7222222222222218,0.0,0.0
0.5518518518518519,0.7296296296296302,0.0,0.0
0.5518518518518519,0.7296296296296302,0.0,0.0
0.5518518518518519,0.7370370370370364,0.00020366598778004074,0.0
0.5518518518518519,0.7370370370370364,0.00020366598778004074,0.0
0.5518518518518519,0.7444444444444448,0.00020366598778004074,0.0
0.5518518518518519,0.7444444444444448,0.00020366598778004074,0.0
0.5518518518518519,0.751851851851851,0.0,0.0
0.5518518518518519,0.751851851851851,0.0,0.0
0.5518518518518519,0.7592592592592594,0.0,0.0
0.5518518518518519,0.7592592592592594,0.0,0.0
0.5518518518518519,0.7666666666666656,0.0,0.0
0.5518518518518519,0.7666666666666656,0.0,0.0
0.5518518518518519,0.774074074074074,0.00020366598778004074,0.0
0.5518518518518519,0.774074074074074,0.00020366598778004074,0.0
0.5518518518518519,0.7814814814814826,0.0,0.0
0.5518518518518519,0.7814814814814826,0.0,0.0
0.5518518518518519,0.7888888888888886,0.00020366598778004074,0.0
0.5518518518518519,0.7888888888888886,0.00020366598778004074,0.0
0.5518518518518519,0.7962962962962972,0.00020366598778004074,0.0
0.5518518518518519,0.7962962962962972,0.00020366598778004074,0.0
0.5518518518518519,0.8037037037037034,0.0,0.0
0.5518518518518519,0.8037037037037034,0.0,0.0
0.5518518518518519,0.8111111111111118,0.0,0.0
0.5518518518518519,0.8111111111111118,0.0,0.0
0.5518518518518519,0.818518518518518,0.00020366598778004074,0.0
0.5518518518518519,0.818518518518518,0.00020366598778004074,0.0
0.5518518518518519,0.8259259259259264,0.00020366598778004074,0.0
0.5518518518518519,0.8259259259259264,0.00020366598778004074,0.0
0.5518518518518519,0.8333333333333326,0.00020366598778004074,0.0
0.5518518518518519,0.8333333333333326,0.00020366598778004074,0.0
0.5518518518518519,0.840740740740741,0.0,0.0003518648838845883
0.5518518518518519,0.840740740740741,0.0,0.0003518648838845883
0.5518518518518519,0.8481481481481472,0.0,0.0003518648838845883
0.5518518518518519,0.8481481481481472,0.0,0.0003518648838845883
0.5518518518518519,0.8555555555555556,0.0,0.0003518648838845883
0.5518518518518519,0.8555555555555556,0.0,0.0003518648838845883
0.5518518518518519,0.8629629629629642,0.0,0.0003518648838845883
0.5518518518518519,0.8629629629629642,0.0,0.0003518648838845883
0.5518518518518519,0.8703703703703702,0.0,0.0003518648838845883
0.5518518518518519,0.8703703703703702,0.0,0.0003518648838845883
0.5518518518518519,0.8777777777777788,0.0,0.0003518648838845883
0.5518518518518519,0.8777777777777788,0.0,0.0003518648838845883
0.5518518518518519,0.885185185185185,0.0,0.0
0.5518518518518519,0.885185185185185,0.0,0.0
0.5518518518518519,0.8925925925925934,0.00020366598778004074,0.0
0.5518518518518519,0.8925925925925934,0.00020366598778004074,0.0
0.5518518518518519,0.8999999999999996,0.00020366598778004074,0.0
0.5518518518518519,0.8999999999999996,0.00020366598778004074,0.0
0.5518518518518519,0.907407407407408,0.0,0.0
0.5518518518518519,0.907407407407408,0.0,0.0
0.5518518518518519,0.9148148148148142,0.0,0.0
0.5518518518518519,0.9148148148148142,0.0,0.0
0.5518518518518519,0.9222222222222226,0.0,0.0
0.5518518518518519,0.9222222222222226,0.0,0.0
0.5518518518518519,0.9296296296296288,0.0,0.0
0.5518518518518519,0.9296296296296288,0.0,0.0
0.5518518518518519,0.9370370370370372,0.00020366598778004074,0.0
0.5518518518518519,0.9370370370370372,0.00020366598778004074,0.0
0.5518518518518519,0.9444444444444434,0.0,0.0003518648838845883
0.5518518518518519,0.9444444444444434,0.0,0.0003518648838845883
0.5518518518518519,0.9518518518518518,0.0,0.0
0.5518518518518519,0.9518518518518518,0.0,0.0
0.5518518518518519,0.9592592592592604,0.0,0.0
0.5518518518518519,0.9592592592592604,0.0,0.0
0.5518518518518519,0.9666666666666666,0.0,0.0
0.5518518518518519,0.9666666666666666,0.0,0.0
0.5518518518518519,0.974074074074075,0.0,0.0
0.5518518518518519,0.974074074074075,0.0,0.0
0.5518518518518519,0.9814814814814812,0.00020366598778004074,0.0
0.5518518518518519,0.9814814814814812,0.00020366598778004074,0.0
0.5518518518518519,0.9888888888888896,0.0,0.0
0.5518518518518519,0.9888888888888896,0.0,0.0
0.5518518518518519,0.9962962962962958,0.00020366598778004074,0.0
0.5518518518518519,0.9962962962962958,0.00020366598778004074,0.0
0.5592592592592593,0.4259259259259269,0.0,0.0003518648838845883
0.5592592592592593,0.4259259259259269,0.0,0.0003518648838845883
0.5592592592592593,0.433333333333333,0.0,0.0
0.5592592592592593,0.433333333333333,0.0,0.0
0.5592592592592593,0.4407407407407415,0.0,0.0
0.5592592592592593,0.4407407407407415,0.0,0.0
0.5592592592592593,0.4481481481481477,0.00020366598778004074,0.0
0.5592592592592593,0.4481481481481477,0.00020366598778004074,0.0
0.5592592592592593,0.4555555555555561,0.00020366598778004074,0.0
0.5592592592592593,0.4555555555555561,0.00020366598778004074,0.0
0.5592592592592593,0.4629629629629623,0.00020366598778004074,0.0
0.5592592592592593,0.4629629629629623,0.00020366598778004074,0.0
0.5592592592592593,0.4703703703703707,0.00020366598778004074,0.0
0.5592592592592593,0.4703703703703707,0.00020366598778004074,0.0
0.5592592592592593,0.4777777777777769,0.0,0.0
0.5592592592592593,0.4777777777777769,0.0,0.0
0.5592592592592593,0.4851851851851854,0.0,0.0
0.5592592592592593,0.4851851851851854,0.0,0.0
0.5592592592592593,0.4925925925925915,0.0,0.0
0.5592592592592593,0.4925925925925915,0.0,0.0
0.5592592592592593,0.5,0.0,0.0
0.5592592592592593,0.5,0.0,0.0
0.5592592592592593,0.5074074074074084,0.0,0.0
0.5592592592592593,0.5074074074074084,0.0,0.0
0.5592592592592593,0.5148148148148146,0.0,0.0003518648838845883
0.5592592592592593,0.5148148148148146,0.0,0.0003518648838845883
0.5592592592592593,0.522222222222223,0.0,0.0003518648838845883
0.5592592592592593,0.522222222222223,0.0,0.0003518648838845883
0.5592592592592593,0.5296296296296292,0.0,0.0003518648838845883
0.5592592592592593,0.5296296296296292,0.0,0.0003518648838845883
0.5592592592592593,0.5370370370370378,0.0,0.0003518648838845883
0.5592592592592593,0.5370370370370378,0.0,0.0003518648838845883
0.5592592592592593,0.5444444444444438,0.0,0.0003518648838845883
0.5592592592592593,0.5444444444444438,0.0,0.0003518648838845883
0.5592592592592593,0.5518518518518524,0.0,0.0
0.5592592592592593,0.5518518518518524,0.0,0.0
0.5592592592592593,0.5592592592592586,0.00020366598778004074,0.0
0.5592592592592593,0.5592592592592586,0.00020366598778004074,0.0
0.5592592592592593,0.566666666666667,0.0,0.0
0.5592592592592593,0.566666666666667,0.0,0.0
0.5592592592592593,0.5740740740740732,0.0,0.0
0.5592592592592593,0.5740740740740732,0.0,0.0
0.5592592592592593,0.5814814814814816,0.0,0.0
0.5592592592592593,0.5814814814814816,0.0,0.0
0.5592592592592593,0.58888888888889,0.00020366598778004074,0.0
0.5592592592592593,0.58888888888889,0.00020366598778004074,0.0
0.5592592592592593,0.5962962962962962,0.0,0.0
0.5592592592592593,0.5962962962962962,0.0,0.0
0.5592592592592593,0.6037037037037046,0.0,0.0
0.5592592592592593,0.6037037037037046,0.0,0.0
0.5592592592592593,0.6111111111111108,0.0,0.0
0.5592592592592593,0.6111111111111108,0.0,0.0
0.5592592592592593,0.6185185185185194,0.0,0.0
0.5592592592592593,0.6185185185185194,0.0,0.0
0.5592592592592593,0.6259259259259254,0.0,0.0
0.5592592592592593,0.6259259259259254,0.0,0.0
0.5592592592592593,0.633333333333334,0.0,0.0
0.5592592592592593,0.633333333333334,0.0,0.0
0.5592592592592593,0.6407407407407402,0.0,0.0
0.5592592592592593,0.6407407407407402,0.0,0.0
0.5592592592592593,0.6481481481481486,0.0,0.0
0.5592592592592593,0.6481481481481486,0.0,0.0
0.5592592592592593,0.6555555555555548,0.0,0.0
0.5592592592592593,0.6555555555555548,0.0,0.0
0.5592592592592593,0.6629629629629632,0.00020366598778004074,0.0
0.5592592592592593,0.6629629629629632,0.00020366598778004074,0.0
0.5592592592592593,0.6703703703703694,0.0,0.0
0.5592592592592593,0.6703703703703694,0.0,0.0
0.5592592592592593,0.6777777777777778,0.00020366598778004074,0.0
0.5592592592592593,0.6777777777777778,0.00020366598778004074,0.0
0.5592592592592593,0.6851851851851862,0.0,0.0
0.5592592592592593,0.6851851851851862,0.0,0.0
0.5592592592592593,0.6925925925925924,0.0,0.0
0.5592592592592593,0.6925925925925924,0.0,0.0
0.5592592592592593,0.700000000000001,0.0,0.0
0.5592592592592593,0.700000000000001,0.0,0.0
0.5592592592592593,0.707407407407407,0.0,0.0
0.5592592592592593,0.707407407407407,0.0,0.0
0.5592592592592593,0.7148148148148156,0.0,0.0
0.5592592592592593,0.7148148148148156,0.0,0.0
0.5592592592592593,0.7222222222222218,0.0,0.0
0.5592592592592593,0.7222222222222218,0.0,0.0
0.5592592592592593,0.7296296296296302,0.0,0.0
0.5592592592592593,0.7296296296296302,0.0,0.0
0.5592592592592593,0.7370370370370364,0.0,0.0
0.5592592592592593,0.7370370370370364,0.0,0.0
0.5592592592592593,0.7444444444444448,0.0,0.0
0.5592592592592593,0.7444444444444448,0.0,0.0
0.5592592592592593,0.751851851851851,0.00020366598778004074,0.0
0.5592592592592593,0.751851851851851,0.00020366598778004074,0.0
0.5592592592592593,0.7592592592592594,0.00020366598778004074,0.0
0.5592592592592593,0.7592592592592594,0.00020366598778004074,0.0
0.5592592592592593,0.7666666666666656,0.0,0.0
0.5592592592592593,0.7666666666666656,0.0,0.0
0.5592592592592593,0.774074074074074,0.00020366598778004074,0.0
0.5592592592592593,0.774074074074074,0.00020366598778004074,0.0
0.5592592592592593,0.7814814814814826,0.00020366598778004074,0.0
0.5592592592592593,0.7814814814814826,0.00020366598778004074,0.0
0.5592592592592593,0.7888888888888886,0.00020366598778004074,0.0
0.5592592592592593,0.7888888888888886,0.00020366598778004074,0.0
0.5592592592592593,0.7962962962962972,0.00020366598778004074,0.0
0.5592592592592593,0.7962962962962972,0.00020366598778004074,0.0
0.5592592592592593,0.8037037037037034,0.00020366598778004074,0.0
0.5592592592592593,0.8037037037037034,0.00020366598778004074,0.0
0.5592592592592593,0.8111111111111118,0.00020366598778004074,0.0
0.5592592592592593,0.8111111111111118,0.00020366598778004074,0.0
0.5592592592592593,0.818518518518518,0.00020366598778004074,0.0
0.5592592592592593,0.818518518518518,0.00020366598778004074,0.0
0.5592592592592593,0.8259259259259264,0.00020366598778004074,0.0
0.5592592592592593,0.8259259259259264,0.00020366598778004074,0.0
0.5592592592592593,0.8333333333333326,0.00020366598778004074,0.0
0.5592592592592593,0.8333333333333326,0.00020366598778004074,0.0
0.5592592592592593,0.840740740740741,0.00020366598778004074,0.0
0.5592592592592593,0.840740740740741,0.00020366598778004074,0.0
0.5592592592592593,0.8481481481481472,0.00020366598778004074,0.0
0.5592592592592593,0.8481481481481472,0.00020366598778004074,0.0
0.5592592592592593,0.8555555555555556,0.00020366598778004074,0.0
0.5592592592592593,0.8555555555555556,0.00020366598778004074,0.0
0.5592592592592593,0.8629629629629642,0.0,0.0
0.5592592592592593,0.8629629629629642,0.0,0.0
0.5592592592592593,0.8703703703703702,0.00020366598778004074,0.0
0.5592592592592593,0.8703703703703702,0.00020366598778004074,0.0
0.5592592592592593,0.8777777777777788,0.0,0.0
0.5592592592592593,0.8777777777777788,0.0,0.0
0.5592592592592593,0.885185185185185,0.0,0.0
0.5592592592592593,0.885185185185185,0.0,0.0
0.5592592592592593,0.8925925925925934,0.00020366598778004074,0.0
0.5592592592592593,0.8925925925925934,0.00020366598778004074,0.0
0.5592592592592593,0.8999999999999996,0.00020366598778004074,0.0
0.5592592592592593,0.8999999999999996,0.00020366598778004074,0.0
0.5592592592592593,0.907407407407408,0.0,0.0
0.5592592592592593,0.907407407407408,0.0,0.0
0.5592592592592593,0.9148148148148142,0.0,0.0
0.5592592592592593,0.9148148148148142,0.0,0.0
0.5592592592592593,0.9222222222222226,0.00020366598778004074,0.0
0.5592592592592593,0.9222222222222226,0.00020366598778004074,0.0
0.5592592592592593,0.9296296296296288,0.00020366598778004074,0.0
0.5592592592592593,0.9296296296296288,0.00020366598778004074,0.0
0.5592592592592593,0.9370370370370372,0.00020366598778004074,0.0
0.5592592592592593,0.9370370370370372,0.00020366598778004074,0.0
0.5592592592592593,0.9444444444444434,0.0,0.0
0.5592592592592593,0.9444444444444434,0.0,0.0
0.5592592592592593,0.9518518518518518,0.0,0.0
0.5592592592592593,0.9518518518518518,0.0,0.0
0.5592592592592593,0.9592592592592604,0.0,0.0
0.5592592592592593,0.9592592592592604,0.0,0.0
0.5592592592592593,0.9666666666666666,0.00020366598778004074,0.0
0.5592592592592593,0.9666666666666666,0.00020366598778004074,0.0
0.5592592592592593,0.974074074074075,0.0,0.0
0.5592592592592593,0.974074074074075,0.0,0.0
0.5592592592592593,0.9814814814814812,0.00020366598778004074,0.0
0.5592592592592593,0.9814814814814812,0.00020366598778004074,0.0
0.5592592592592593,0.9888888888888896,0.00020366598778004074,0.0
0.5592592592592593,0.9888888888888896,0.00020366598778004074,0.0
0.5592592592592593,0.9962962962962958,0.0,0.0003518648838845883
0.5592592592592593,0.9962962962962958,0.0,0.0003518648838845883
0.5666666666666667,0.4259259259259269,0.0,0.0
0.5666666666666667,0.4259259259259269,0.0,0.0
0.5666666666666667,0.433333333333333,0.0,0.0003518648838845883
0.5666666666666667,0.433333333333333,0.0,0.0003518648838845883
0.5666666666666667,0.4407407407407415,0.00020366598778004074,0.0
0.5666666666666667,0.4407407407407415,0.00020366598778004074,0.0
0.5666666666666667,0.4481481481481477,0.00020366598778004074,0.0
0.5666666666666667,0.4481481481481477,0.00020366598778004074,0.0
0.5666666666666667,0.4555555555555561,0.00020366598778004074,0.0
0.5666666666666667,0.4555555555555561,0.00020366598778004074,0.0
0.5666666666666667,0.4629629629629623,0.0,0.0
0.5666666666666667,0.4629629629629623,0.0,0.0
0.5666666666666667,0.4703703703703707,0.0,0.0
0.5666666666666667,0.4703703703703707,0.0,0.0
0.5666666666666667,0.4777777777777769,0.00020366598778004074,0.0
0.5666666666666667,0.4777777777777769,0.00020366598778004074,0.0
0.5666666666666667,0.4851851851851854,0.0,0.0
0.5666666666666667,0.4851851851851854,0.0,0.0
0.5666666666666667,0.4925925925925915,0.0,0.0
0.5666666666666667,0.4925925925925915,0.0,0.0
0.5666666666666667,0.5,0.0,0.0
0.5666666666666667,0.5,0.0,0.0
0.5666666666666667,0.5074074074074084,0.00020366598778004074,0.0
0.5666666666666667,0.5074074074074084,0.00020366598778004074,0.0
0.5666666666666667,0.5148148148148146,0.0,0.0003518648838845883
0.5666666666666667,0.5148148148148146,0.0,0.0003518648838845883
0.5666666666666667,0.522222222222223,0.0,0.0003518648838845883
0.5666666666666667,0.522222222222223,0.0,0.0003518648838845883
0.5666666666666667,0.5296296296296292,0.0,0.0003518648838845883
0.5666666666666667,0.5296296296296292,0.0,0.0003518648838845883
0.5666666666666667,0.5370370370370378,0.0,0.0003518648838845883
0.5666666666666667,0.5370370370370378,0.0,0.0003518648838845883
0.5666666666666667,0.5444444444444438,0.0,0.0003518648838845883
0.5666666666666667,0.5444444444444438,0.0,0.0003518648838845883
0.5666666666666667,0.5518518518518524,0.0,0.0003518648838845883
0.5666666666666667,0.5518518518518524,0.0,0.0003518648838845883
0.5666666666666667,0.5592592592592586,0.00020366598778004074,0.0
0.5666666666666667,0.5592592592592586,0.00020366598778004074,0.0
0.5666666666666667,0.566666666666667,0.0,0.0
0.5666666666666667,0.566666666666667,0.0,0.0
0.5666666666666667,0.5740740740740732,0.0,0.0
0.5666666666666667,0.5740740740740732,0.0,0.0
0.5666666666666667,0.5814814814814816,0.00020366598778004074,0.0
0.5666666666666667,0.5814814814814816,0.00020366598778004074,0.0
0.5666666666666667,0.58888888888889,0.00020366598778004074,0.0
0.5666666666666667,0.58888888888889,0.00020366598778004074,0.0
0.5666666666666667,0.5962962962962962,0.00020366598778004074,0.0
0.5666666666666667,0.5962962962962962,0.00020366598778004074,0.0
0.5666666666666667,0.6037037037037046,0.0,0.0
0.5666666666666667,0.6037037037037046,0.0,0.0
0.5666666666666667,0.6111111111111108,0.0,0.0
0.5666666666666667,0.6111111111111108,0.0,0.0
0.5666666666666667,0.6185185185185194,0.0,0.0
0.5666666666666667,0.6185185185185194,0.0,0.0
0.5666666666666667,0.6259259259259254,0.0,0.0
0.5666666666666667,0.6259259259259254,0.0,0.0
0.5666666666666667,0.633333333333334,0.0,0.0
0.5666666666666667,0.633333333333334,0.0,0.0
0.5666666666666667,0.6407407407407402,0.00020366598778004074,0.0
0.5666666666666667,0.6407407407407402,0.00020366598778004074,0.0
0.5666666666666667,0.6481481481481486,0.0,0.0
0.5666666666666667,0.6481481481481486,0.0,0.0
0.5666666666666667,0.6555555555555548,0.00020366598778004074,0.0
0.5666666666666667,0.6555555555555548,0.00020366598778004074,0.0
0.5666666666666667,0.6629629629629632,0.00020366598778004074,0.0
0.5666666666666667,0.6629629629629632,0.00020366598778004074,0.0
0.5666666666666667,0.6703703703703694,0.0,0.0
0.5666666666666667,0.6703703703703694,0.0,0.0
0.5666666666666667,0.6777777777777778,0.0,0.0
0.5666666666666667,0.6777777777777778,0.0,0.0
0.5666666666666667,0.6851851851851862,0.0,0.0
0.5666666666666667,0.6851851851851862,0.0,0.0
0.5666666666666667,0.6925925925925924,0.0,0.0
0.5666666666666667,0.6925925925925924,0.0,0.0
0.5666666666666667,0.700000000000001,0.0,0.0
0.5666666666666667,0.700000000000001,0.0,0.0
0.5666666666666667,0.707407407407407,0.0,0.0
0.5666666666666667,0.707407407407407,0.0,0.0
0.5666666666666667,0.7148148148148156,0.0,0.0
0.5666666666666667,0.7148148148148156,0.0,0.0
0.5666666666666667,0.7222222222222218,0.0,0.0
0.5666666666666667,0.7222222222222218,0.0,0.0
0.5666666666666667,0.7296296296296302,0.0,0.0
0.5666666666666667,0.7296296296296302,0.0,0.0
0.5666666666666667,0.7370370370370364,0.0,0.0
0.5666666666666667,0.7370370370370364,0.0,0.0
0.5666666666666667,0.7444444444444448,0.0,0.0
0.5666666666666667,0.7444444444444448,0.0,0.0
0.5666666666666667,0.751851851851851,0.00020366598778004074,0.0
0.5666666666666667,0.751851851851851,0.00020366598778004074,0.0
0.5666666666666667,0.7592592592592594,0.0,0.0
0.5666666666666667,0.7592592592592594,0.0,0.0
0.5666666666666667,0.7666666666666656,0.0,0.0
0.5666666666666667,0.7666666666666656,0.0,0.0
0.5666666666666667,0.774074074074074,0.0,0.0
0.5666666666666667,0.774074074074074,0.0,0.0
0.5666666666666667,0.7814814814814826,0.00020366598778004074,0.0
0.5666666666666667,0.7814814814814826,0.00020366598778004074,0.0
0.5666666666666667,0.7888888888888886,0.00020366598778004074,0.0
0.5666666666666667,0.7888888888888886,0.00020366598778004074,0.0
0.5666666666666667,0.7962962962962972,0.00020366598778004074,0.0
0.5666666666666667,0.7962962962962972,0.00020366598778004074,0.0
0.5666666666666667,0.8037037037037034,0.00020366598778004074,0.0
0.5666666666666667,0.8037037037037034,0.00020366598778004074,0.0
0.5666666666666667,0.8111111111111118,0.00020366598778004074,0.0
0.5666666666666667,0.8111111111111118,0.00020366598778004074,0.0
0.5666666666666667,0.818518518518518,0.00020366598778004074,0.0
0.5666666666666667,0.818518518518518,0.00020366598778004074,0.0
0.5666666666666667,0.8259259259259264,0.00020366598778004074,0.0
0.5666666666666667,0.8259259259259264,0.00020366598778004074,0.0
0.5666666666666667,0.8333333333333326,0.0,0.0
0.5666666666666667,0.8333333333333326,0.0,0.0
0.5666666666666667,0.840740740740741,0.0,0.0
0.5666666666666667,0.840740740740741,0.0,0.0
0.5666666666666667,0.8481481481481472,0.00020366598778004074,0.0
0.5666666666666667,0.8481481481481472,0.00020366598778004074,0.0
0.5666666666666667,0.8555555555555556,0.00020366598778004074,0.0
0.5666666666666667,0.8555555555555556,0.00020366598778004074,0.0
0.5666666666666667,0.8629629629629642,0.00020366598778004074,0.0
0.5666666666666667,0.8629629629629642,0.00020366598778004074,0.0
0.5666666666666667,0.8703703703703702,0.00020366598778004074,0.0
0.5666666666666667,0.8703703703703702,0.00020366598778004074,0.0
0.5666666666666667,0.8777777777777788,0.00020366598778004074,0.0
0.5666666666666667,0.8777777777777788,0.00020366598778004074,0.0
0.5666666666666667,0.885185185185185,0.00020366598778004074,0.0
0.5666666666666667,0.885185185185185,0.00020366598778004074,0.0
0.5666666666666667,0.8925925925925934,0.0,0.0
0.5666666666666667,0.8925925925925934,0.0,0.0
0.5666666666666667,0.8999999999999996,0.00020366598778004074,0.0
0.5666666666666667,0.8999999999999996,0.00020366598778004074,0.0
0.5666666666666667,0.907407407407408,0.0,0.0
0.5666666666666667,0.907407407407408,0.0,0.0
0.5666666666666667,0.9148148148148142,0.00020366598778004074,0.0
0.5666666666666667,0.9148148148148142,0.00020366598778004074,0.0
0.5666666666666667,0.9222222222222226,0.00020366598778004074,0.0
0.5666666666666667,0.9222222222222226,0.00020366598778004074,0.0
0.5666666666666667,0.9296296296296288,0.00020366598778004074,0.0
0.5666666666666667,0.9296296296296288,0.00020366598778004074,0.0
0.5666666666666667,0.9370370370370372,0.00020366598778004074,0.0
0.5666666666666667,0.9370370370370372,0.00020366598778004074,0.0
0.5666666666666667,0.9444444444444434,0.00020366598778004074,0.0
0.5666666666666667,0.9444444444444434,0.00020366598778004074,0.0
0.5666666666666667,0.9518518518518518,0.0,0.0
0.5666666666666667,0.9518518518518518,0.0,0.0
0.5666666666666667,0.9592592592592604,0.0,0.0
0.5666666666666667,0.9592592592592604,0.0,0.0
0.5666666666666667,0.9666666666666666,0.0,0.0
0.5666666666666667,0.9666666666666666,0.0,0.0
0.5666666666666667,0.974074074074075,0.0,0.0
0.5666666666666667,0.974074074074075,0.0,0.0
0.5666666666666667,0.9814814814814812,0.00020366598778004074,0.0
0.5666666666666667,0.9814814814814812,0.00020366598778004074,0.0
0.5666666666666667,0.9888888888888896,0.00020366598778004074,0.0
0.5666666666666667,0.9888888888888896,0.00020366598778004074,0.0
0.5666666666666667,0.9962962962962958,0.0,0.0003518648838845883
0.5666666666666667,0.9962962962962958,0.0,0.0003518648838845883
0.5740740740740741,0.4259259259259269,0.00020366598778004074,0.0
0.5740740740740741,0.4259259259259269,0.00020366598778004074,0.0
0.5740740740740741,0.433333333333333,0.0,0.0003518648838845883
0.5740740740740741,0.433333333333333,0.0,0.0003518648838845883
0.5740740740740741,0.4407407407407415,0.0,0.0003518648838845883
0.5740740740740741,0.4407407407407415,0.0,0.0003518648838845883
0.5740740740740741,0.4481481481481477,0.0,0.0003518648838845883
0.5740740740740741,0.4481481481481477,0.0,0.0003518648838845883
0.5740740740740741,0.4555555555555561,0.00020366598778004074,0.0
0.5740740740740741,0.4555555555555561,0.00020366598778004074,0.0
0.5740740740740741,0.4629629629629623,0.00020366598778004074,0.0
0.5740740740740741,0.4629629629629623,0.00020366598778004074,0.0
0.5740740740740741,0.4703703703703707,0.00020366598778004074,0.0
0.5740740740740741,0.4703703703703707,0.00020366598778004074,0.0
0.5740740740740741,0.4777777777777769,0.0,0.0
0.5740740740740741,0.4777777777777769,0.0,0.0
0.5740740740740741,0.4851851851851854,0.0,0.0003518648838845883
0.5740740740740741,0.4851851851851854,0.0,0.0003518648838845883
0.5740740740740741,0.4925925925925915,0.0,0.0
0.5740740740740741,0.4925925925925915,0.0,0.0
0.5740740740740741,0.5,0.0,0.0003518648838845883
0.5740740740740741,0.5,0.0,0.0003518648838845883
0.5740740740740741,0.5074074074074084,0.0,0.0003518648838845883
0.5740740740740741,0.5074074074074084,0.0,0.0003518648838845883
0.5740740740740741,0.5148148148148146,0.0,0.0003518648838845883
0.5740740740740741,0.5148148148148146,0.0,0.0003518648838845883
0.5740740740740741,0.522222222222223,0.0,0.0003518648838845883
0.5740740740740741,0.522222222222223,0.0,0.0003518648838845883
0.5740740740740741,0.5296296296296292,0.0,0.0003518648838845883
0.5740740740740741,0.5296296296296292,0.0,0.0003518648838845883
0.5740740740740741,0.5370370370370378,0.0,0.0003518648838845883
0.5740740740740741,0.5370370370370378,0.0,0.0003518648838845883
0.5740740740740741,0.5444444444444438,0.0,0.0003518648838845883
0.5740740740740741,0.5444444444444438,0.0,0.0003518648838845883
0.5740740740740741,0.5518518518518524,0.0,0.0003518648838845883
0.5740740740740741,0.5518518518518524,0.0,0.0003518648838845883
0.5740740740740741,0.5592592592592586,0.00020366598778004074,0.0
0.5740740740740741,0.5592592592592586,0.00020366598778004074,0.0
0.5740740740740741,0.566666666666667,0.0,0.0
0.5740740740740741,0.566666666666667,0.0,0.0
0.5740740740740741,0.5740740740740732,0.00020366598778004074,0.0
0.5740740740740741,0.5740740740740732,0.00020366598778004074,0.0
0.5740740740740741,0.5814814814814816,0.00020366598778004074,0.0
0.5740740740740741,0.5814814814814816,0.00020366598778004074,0.0
0.5740740740740741,0.58888888888889,0.00020366598778004074,0.0
0.5740740740740741,0.58888888888889,0.00020366598778004074,0.0
0.5740740740740741,0.5962962962962962,0.0,0.0
0.5740740740740741,0.5962962962962962,0.0,0.0
0.5740740740740741,0.6037037037037046,0.0,0.0
0.5740740740740741,0.6037037037037046,0.0,0.0
0.5740740740740741,0.6111111111111108,0.0,0.0
0.5740740740740741,0.6111111111111108,0.0,0.0
0.5740740740740741,0.6185185185185194,0.0,0.0
0.5740740740740741,0.6185185185185194,0.0,0.0
0.5740740740740741,0.6259259259259254,0.0,0.0
0.5740740740740741,0.6259259259259254,0.0,0.0
0.5740740740740741,0.633333333333334,0.0,0.0
0.5740740740740741,0.633333333333334,0.0,0.0
0.5740740740740741,0.6407407407407402,0.0,0.0
0.5740740740740741,0.6407407407407402,0.0,0.0
0.5740740740740741,0.6481481481481486,0.00020366598778004074,0.0
0.5740740740740741,0.6481481481481486,0.00020366598778004074,0.0
0.5740740740740741,0.6555555555555548,0.0,0.0003518648838845883
0.5740740740740741,0.6555555555555548,0.0,0.0003518648838845883
0.5740740740740741,0.6629629629629632,0.00020366598778004074,0.0
0.5740740740740741,0.6629629629629632,0.00020366598778004074,0.0
0.5740740740740741,0.6703703703703694,0.0,0.0003518648838845883
0.5740740740740741,0.6703703703703694,0.0,0.0003518648838845883
0.5740740740740741,0.6777777777777778,0.0,0.0
0.5740740740740741,0.6777777777777778,0.0,0.0
0.5740740740740741,0.6851851851851862,0.0,0.0
0.5740740740740741,0.6851851851851862,0.0,0.0
0.5740740740740741,0.6925925925925924,0.0,0.0
0.5740740740740741,0.6925925925925924,0.0,0.0
0.5740740740740741,0.700000000000001,0.0,0.0
0.5740740740740741,0.700000000000001,0.0,0.0
0.5740740740740741,0.707407407407407,0.0,0.0
0.5740740740740741,0.707407407407407,0.0,0.0
0.5740740740740741,0.7148148148148156,0.0,0.0
0.5740740740740741,0.7148148148148156,0.0,0.0
0.5740740740740741,0.7222222222222218,0.0,0.0
0.5740740740740741,0.7222222222222218,0.0,0.0
0.5740740740740741,0.7296296296296302,0.0,0.0
0.5740740740740741,0.7296296296296302,0.0,0.0
0.5740740740740741,0.7370370370370364,0.0,0.0
0.5740740740740741,0.7370370370370364,0.0,0.0
0.5740740740740741,0.7444444444444448,0.0,0.0
0.5740740740740741,0.7444444444444448,0.0,0.0
0.5740740740740741,0.751851851851851,0.0,0.0
0.5740740740740741,0.751851851851851,0.0,0.0
0.5740740740740741,0.7592592592592594,0.00020366598778004074,0.0
0.5740740740740741,0.7592592592592594,0.00020366598778004074,0.0
0.5740740740740741,0.7666666666666656,0.0,0.0
0.5740740740740741,0.7666666666666656,0.0,0.0
0.5740740740740741,0.774074074074074,0.00020366598778004074,0.0
0.5740740740740741,0.774074074074074,0.00020366598778004074,0.0
0.5740740740740741,0.7814814814814826,0.00020366598778004074,0.0
0.5740740740740741,0.7814814814814826,0.00020366598778004074,0.0
0.5740740740740741,0.7888888888888886,0.00020366598778004074,0.0
0.5740740740740741,0.7888888888888886,0.00020366598778004074,0.0
0.5740740740740741,0.7962962962962972,0.00020366598778004074,0.0
0.5740740740740741,0.7962962962962972,0.00020366598778004074,0.0
0.5740740740740741,0.8037037037037034,0.00020366598778004074,0.0
0.5740740740740741,0.8037037037037034,0.00020366598778004074,0.0
0.5740740740740741,0.8111111111111118,0.00020366598778004074,0.0
0.5740740740740741,0.8111111111111118,0.00020366598778004074,0.0
0.5740740740740741,0.818518518518518,0.0,0.0
0.5740740740740741,0.818518518518518,0.0,0.0
0.5740740740740741,0.8259259259259264,0.0,0.0
0.5740740740740741,0.8259259259259264,0.0,0.0
0.5740740740740741,0.8333333333333326,0.00020366598778004074,0.0
0.5740740740740741,0.8333333333333326,0.00020366598778004074,0.0
0.5740740740740741,0.840740740740741,0.0,0.0
0.5740740740740741,0.840740740740741,0.0,0.0
0.5740740740740741,0.8481481481481472,0.0,0.0
0.5740740740740741,0.8481481481481472,0.0,0.0
0.5740740740740741,0.8555555555555556,0.0,0.0
0.5740740740740741,0.8555555555555556,0.0,0.0
0.5740740740740741,0.8629629629629642,0.0,0.0
0.5740740740740741,0.8629629629629642,0.0,0.0
0.5740740740740741,0.8703703703703702,0.0,0.0
0.5740740740740741,0.8703703703703702,0.0,0.0
0.5740740740740741,0.8777777777777788,0.00020366598778004074,0.0
0.5740740740740741,0.8777777777777788,0.00020366598778004074,0.0
0.5740740740740741,0.885185185185185,0.0,0.0
0.5740740740740741,0.885185185185185,0.0,0.0
0.5740740740740741,0.8925925925925934,0.0,0.0
0.5740740740740741,0.8925925925925934,0.0,0.0
0.5740740740740741,0.8999999999999996,0.0,0.0
0.5740740740740741,0.8999999999999996,0.0,0.0
0.5740740740740741,0.907407407407408,0.0,0.0
0.5740740740740741,0.907407407407408,0.0,0.0
0.5740740740740741,0.9148148148148142,0.0,0.0
0.5740740740740741,0.9148148148148142,0.0,0.0
0.5740740740740741,0.9222222222222226,0.00020366598778004074,0.0
0.5740740740740741,0.9222222222222226,0.00020366598778004074,0.0
0.5740740740740741,0.9296296296296288,0.0,0.0003518648838845883
0.5740740740740741,0.9296296296296288,0.0,0.0003518648838845883
0.5740740740740741,0.9370370370370372,0.0,0.0
0.5740740740740741,0.9370370370370372,0.0,0.0
0.5740740740740741,0.9444444444444434,0.0,0.0
0.5740740740740741,0.9444444444444434,0.0,0.0
0.5740740740740741,0.9518518518518518,0.0,0.0
0.5740740740740741,0.9518518518518518,0.0,0.0
0.5740740740740741,0.9592592592592604,0.0,0.0
0.5740740740740741,0.9592592592592604,0.0,0.0
0.5740740740740741,0.9666666666666666,0.00020366598778004074,0.0
0.5740740740740741,0.9666666666666666,0.00020366598778004074,0.0
0.5740740740740741,0.974074074074075,0.00020366598778004074,0.0
0.5740740740740741,0.974074074074075,0.00020366598778004074,0.0
0.5740740740740741,0.9814814814814812,0.0,0.0
0.5740740740740741,0.9814814814814812,0.0,0.0
0.5740740740740741,0.9888888888888896,0.00020366598778004074,0.0
0.5740740740740741,0.9888888888888896,0.00020366598778004074,0.0
0.5740740740740741,0.9962962962962958,0.0,0.0
0.5740740740740741,0.9962962962962958,0.0,0.0
0.5814814814814815,0.4259259259259269,0.00020366598778004074,0.0
0.5814814814814815,0.4259259259259269,0.00020366598778004074,0.0
0.5814814814814815,0.433333333333333,0.0,0.0003518648838845883
0.5814814814814815,0.433333333333333,0.0,0.0003518648838845883
0.5814814814814815,0.4407407407407415,0.0,0.0003518648838845883
0.5814814814814815,0.4407407407407415,0.0,0.0003518648838845883
0.5814814814814815,0.4481481481481477,0.0,0.0003518648838845883
0.5814814814814815,0.4481481481481477,0.0,0.0003518648838845883
0.5814814814814815,0.4555555555555561,0.0,0.0
0.5814814814814815,0.4555555555555561,0.0,0.0
0.5814814814814815,0.4629629629629623,0.0,0.0
0.5814814814814815,0.4629629629629623,0.0,0.0
0.5814814814814815,0.4703703703703707,0.00020366598778004074,0.0
0.5814814814814815,0.4703703703703707,0.00020366598778004074,0.0
0.5814814814814815,0.4777777777777769,0.0,0.0
0.5814814814814815,0.4777777777777769,0.0,0.0
0.5814814814814815,0.4851851851851854,0.0,0.0003518648838845883
0.5814814814814815,0.4851851851851854,0.0,0.0003518648838845883
0.5814814814814815,0.4925925925925915,0.0,0.0
0.5814814814814815,0.4925925925925915,0.0,0.0
0.5814814814814815,0.5,0.0,0.0003518648838845883
0.5814814814814815,0.5,0.0,0.0003518648838845883
0.5814814814814815,0.5074074074074084,0.0,0.0003518648838845883
0.5814814814814815,0.5074074074074084,0.0,0.0003518648838845883
0.5814814814814815,0.5148148148148146,0.0,0.0003518648838845883
0.5814814814814815,0.5148148148148146,0.0,0.0003518648838845883
0.5814814814814815,0.522222222222223,0.0,0.0003518648838845883
0.5814814814814815,0.522222222222223,0.0,0.0003518648838845883
0.5814814814814815,0.5296296296296292,0.0,0.0003518648838845883
0.5814814814814815,0.5296296296296292,0.0,0.0003518648838845883
0.5814814814814815,0.5370370370370378,0.0,0.0003518648838845883
0.5814814814814815,0.5370370370370378,0.0,0.0003518648838845883
0.5814814814814815,0.5444444444444438,0.0,0.0
0.5814814814814815,0.5444444444444438,0.0,0.0
0.5814814814814815,0.5518518518518524,0.0,0.0003518648838845883
0.5814814814814815,0.5518518518518524,0.0,0.0003518648838845883
0.5814814814814815,0.5592592592592586,0.0,0.0
0.5814814814814815,0.5592592592592586,0.0,0.0
0.5814814814814815,0.566666666666667,0.0,0.0
0.5814814814814815,0.566666666666667,0.0,0.0
0.5814814814814815,0.5740740740740732,0.00020366598778004074,0.0
0.5814814814814815,0.5740740740740732,0.00020366598778004074,0.0
0.5814814814814815,0.5814814814814816,0.00020366598778004074,0.0
0.5814814814814815,0.5814814814814816,0.00020366598778004074,0.0
0.5814814814814815,0.58888888888889,0.0,0.0
0.5814814814814815,0.58888888888889,0.0,0.0
0.5814814814814815,0.5962962962962962,0.0,0.0
0.5814814814814815,0.5962962962962962,0.0,0.0
0.5814814814814815,0.6037037037037046,0.0,0.0
0.5814814814814815,0.6037037037037046,0.0,0.0
0.5814814814814815,0.6111111111111108,0.0,0.0
0.5814814814814815,0.6111111111111108,0.0,0.0
0.5814814814814815,0.6185185185185194,0.0,0.0
0.5814814814814815,0.6185185185185194,0.0,0.0
0.5814814814814815,0.6259259259259254,0.0,0.0
0.5814814814814815,0.6259259259259254,0.0,0.0
0.5814814814814815,0.633333333333334,0.0,0.0
0.5814814814814815,0.633333333333334,0.0,0.0
0.5814814814814815,0.6407407407407402,0.0,0.0
0.5814814814814815,0.6407407407407402,0.0,0.0
0.5814814814814815,0.6481481481481486,0.00020366598778004074,0.0
0.5814814814814815,0.6481481481481486,0.00020366598778004074,0.0
0.5814814814814815,0.6555555555555548,0.00020366598778004074,0.0
0.5814814814814815,0.6555555555555548,0.00020366598778004074,0.0
0.5814814814814815,0.6629629629629632,0.00020366598778004074,0.0
0.5814814814814815,0.6629629629629632,0.00020366598778004074,0.0
0.5814814814814815,0.6703703703703694,0.0,0.0
0.5814814814814815,0.6703703703703694,0.0,0.0
0.5814814814814815,0.6777777777777778,0.0,0.0
0.5814814814814815,0.6777777777777778,0.0,0.0
0.5814814814814815,0.6851851851851862,0.0,0.0
0.5814814814814815,0.6851851851851862,0.0,0.0
0.5814814814814815,0.6925925925925924,0.0,0.0
0.5814814814814815,0.6925925925925924,0.0,0.0
0.5814814814814815,0.700000000000001,0.0,0.0
0.5814814814814815,0.700000000000001,0.0,0.0
0.5814814814814815,0.707407407407407,0.0,0.0
0.5814814814814815,0.707407407407407,0.0,0.0
0.5814814814814815,0.7148148148148156,0.0,0.0
0.5814814814814815,0.7148148148148156,0.0,0.0
0.5814814814814815,0.7222222222222218,0.0,0.0
0.5814814814814815,0.7222222222222218,0.0,0.0
0.5814814814814815,0.7296296296296302,0.0,0.0
0.5814814814814815,0.7296296296296302,0.0,0.0
0.5814814814814815,0.7370370370370364,0.0,0.0
0.5814814814814815,0.7370370370370364,0.0,0.0
0.5814814814814815,0.7444444444444448,0.0,0.0
0.5814814814814815,0.7444444444444448,0.0,0.0
0.5814814814814815,0.751851851851851,0.0,0.0
0.5814814814814815,0.751851851851851,0.0,0.0
0.5814814814814815,0.7592592592592594,0.00020366598778004074,0.0
0.5814814814814815,0.7592592592592594,0.00020366598778004074,0.0
0.5814814814814815,0.7666666666666656,0.00020366598778004074,0.0
0.5814814814814815,0.7666666666666656,0.00020366598778004074,0.0
0.5814814814814815,0.774074074074074,0.0,0.0
0.5814814814814815,0.774074074074074,0.0,0.0
0.5814814814814815,0.7814814814814826,0.00020366598778004074,0.0
0.5814814814814815,0.7814814814814826,0.00020366598778004074,0.0
0.5814814814814815,0.7888888888888886,0.0,0.0
0.5814814814814815,0.7888888888888886,0.0,0.0
0.5814814814814815,0.7962962962962972,0.00020366598778004074,0.0
0.5814814814814815,0.7962962962962972,0.00020366598778004074,0.0
0.5814814814814815,0.8037037037037034,0.0,0.0
0.5814814814814815,0.8037037037037034,0.0,0.0
0.5814814814814815,0.8111111111111118,0.0,0.0
0.5814814814814815,0.8111111111111118,0.0,0.0
0.5814814814814815,0.818518518518518,0.0,0.0
0.5814814814814815,0.818518518518518,0.0,0.0
0.5814814814814815,0.8259259259259264,0.0,0.0
0.5814814814814815,0.8259259259259264,0.0,0.0
0.5814814814814815,0.8333333333333326,0.0,0.0003518648838845883
0.5814814814814815,0.8333333333333326,0.0,0.0003518648838845883
0.5814814814814815,0.840740740740741,0.0,0.0003518648838845883
0.5814814814814815,0.840740740740741,0.0,0.0003518648838845883
0.5814814814814815,0.8481481481481472,0.0,0.0003518648838845883
0.5814814814814815,0.8481481481481472,0.0,0.0003518648838845883
0.5814814814814815,0.8555555555555556,0.0,0.0
0.5814814814814815,0.8555555555555556,0.0,0.0
0.5814814814814815,0.8629629629629642,0.00020366598778004074,0.0
0.5814814814814815,0.8629629629629642,0.00020366598778004074,0.0
0.5814814814814815,0.8703703703703702,0.0,0.0003518648838845883
0.5814814814814815,0.8703703703703702,0.0,0.0003518648838845883
0.5814814814814815,0.8777777777777788,0.00020366598778004074,0.0
0.5814814814814815,0.8777777777777788,0.00020366598778004074,0.0
0.5814814814814815,0.885185185185185,0.00020366598778004074,0.0
0.5814814814814815,0.885185185185185,0.00020366598778004074,0.0
0.5814814814814815,0.8925925925925934,0.00020366598778004074,0.0
0.5814814814814815,0.8925925925925934,0.00020366598778004074,0.0
0.5814814814814815,0.8999999999999996,0.00020366598778004074,0.0
0.5814814814814815,0.8999999999999996,0.00020366598778004074,0.0
0.5814814814814815,0.907407407407408,0.0,0.0
0.5814814814814815,0.907407407407408,0.0,0.0
0.5814814814814815,0.9148148148148142,0.0,0.0
0.5814814814814815,0.9148148148148142,0.0,0.0
0.5814814814814815,0.9222222222222226,0.00020366598778004074,0.0
0.5814814814814815,0.9222222222222226,0.00020366598778004074,0.0
0.5814814814814815,0.9296296296296288,0.0,0.0003518648838845883
0.5814814814814815,0.9296296296296288,0.0,0.0003518648838845883
0.5814814814814815,0.9370370370370372,0.0,0.0
0.5814814814814815,0.9370370370370372,0.0,0.0
0.5814814814814815,0.9444444444444434,0.0,0.0
0.5814814814814815,0.9444444444444434,0.0,0.0
0.5814814814814815,0.9518518518518518,0.0,0.0
0.5814814814814815,0.9518518518518518,0.0,0.0
0.5814814814814815,0.9592592592592604,0.0,0.0
0.5814814814814815,0.9592592592592604,0.0,0.0
0.5814814814814815,0.9666666666666666,0.00020366598778004074,0.0
0.5814814814814815,0.9666666666666666,0.00020366598778004074,0.0
0.5814814814814815,0.974074074074075,0.00020366598778004074,0.0
0.5814814814814815,0.974074074074075,0.00020366598778004074,0.0
0.5814814814814815,0.9814814814814812,0.00020366598778004074,0.0
0.5814814814814815,0.9814814814814812,0.00020366598778004074,0.0
0.5814814814814815,0.9888888888888896,0.0,0.0
0.5814814814814815,0.9888888888888896,0.0,0.0
0.5814814814814815,0.9962962962962958,0.0,0.0
0.5814814814814815,0.9962962962962958,0.0,0.0
0.5888888888888889,0.4259259259259269,0.0,0.0003518648838845883
0.5888888888888889,0.4259259259259269,0.0,0.0003518648838845883
0.5888888888888889,0.433333333333333,0.0,0.0003518648838845883
0.5888888888888889,0.433333333333333,0.0,0.0003518648838845883
0.5888888888888889,0.4407407407407415,0.0,0.0003518648838845883
0.5888888888888889,0.4407407407407415,0.0,0.0003518648838845883
0.5888888888888889,0.4481481481481477,0.0,0.0003518648838845883
0.5888888888888889,0.4481481481481477,0.0,0.0003518648838845883
0.5888888888888889,0.4555555555555561,0.0,0.0
0.5888888888888889,0.4555555555555561,0.0,0.0
0.5888888888888889,0.4629629629629623,0.0,0.0
0.5888888888888889,0.4629629629629623,0.0,0.0
0.5888888888888889,0.4703703703703707,0.0,0.0
0.5888888888888889,0.4703703703703707,0.0,0.0
0.5888888888888889,0.4777777777777769,0.0,0.0
0.5888888888888889,0.4777777777777769,0.0,0.0
0.5888888888888889,0.4851851851851854,0.0,0.0
0.5888888888888889,0.4851851851851854,0.0,0.0
0.5888888888888889,0.4925925925925915,0.0,0.0
0.5888888888888889,0.4925925925925915,0.0,0.0
0.5888888888888889,0.5,0.0,0.0003518648838845883
0.5888888888888889,0.5,0.0,0.0003518648838845883
0.5888888888888889,0.5074074074074084,0.0,0.0003518648838845883
0.5888888888888889,0.5074074074074084,0.0,0.0003518648838845883
0.5888888888888889,0.5148148148148146,0.0,0.0003518648838845883
0.5888888888888889,0.5148148148148146,0.0,0.0003518648838845883
0.5888888888888889,0.522222222222223,0.0,0.0003518648838845883
0.5888888888888889,0.522222222222223,0.0,0.0003518648838845883
0.5888888888888889,0.5296296296296292,0.0,0.0003518648838845883
0.5888888888888889,0.5296296296296292,0.0,0.0003518648838845883
0.5888888888888889,0.5370370370370378,0.0,0.0003518648838845883
0.5888888888888889,0.5370370370370378,0.0,0.0003518648838845883
0.5888888888888889,0.5444444444444438,0.0,0.0003518648838845883
0.5888888888888889,0.5444444444444438,0.0,0.0003518648838845883
0.5888888888888889,0.5518518518518524,0.00020366598778004074,0.0
0.5888888888888889,0.5518518518518524,0.00020366598778004074,0.0
0.5888888888888889,0.5592592592592586,0.0,0.0
0.5888888888888889,0.5592592592592586,0.0,0.0
0.5888888888888889,0.566666666666667,0.00020366598778004074,0.0
0.5888888888888889,0.566666666666667,0.00020366598778004074,0.0
0.5888888888888889,0.5740740740740732,0.0,0.0
0.5888888888888889,0.5740740740740732,0.0,0.0
0.5888888888888889,0.5814814814814816,0.0,0.0
0.5888888888888889,0.5814814814814816,0.0,0.0
0.5888888888888889,0.58888888888889,0.00020366598778004074,0.0
0.5888888888888889,0.58888888888889,0.00020366598778004074,0.0
0.5888888888888889,0.5962962962962962,0.00020366598778004074,0.0
0.5888888888888889,0.5962962962962962,0.00020366598778004074,0.0
0.5888888888888889,0.6037037037037046,0.0,0.0
0.5888888888888889,0.6037037037037046,0.0,0.0
0.5888888888888889,0.6111111111111108,0.00020366598778004074,0.0
0.5888888888888889,0.6111111111111108,0.00020366598778004074,0.0
0.5888888888888889,0.6185185185185194,0.00020366598778004074,0.0
0.5888888888888889,0.6185185185185194,0.00020366598778004074,0.0
0.5888888888888889,0.6259259259259254,0.00020366598778004074,0.0
0.5888888888888889,0.6259259259259254,0.00020366598778004074,0.0
0.5888888888888889,0.633333333333334,0.00020366598778004074,0.0
0.5888888888888889,0.633333333333334,0.00020366598778004074,0.0
0.5888888888888889,0.6407407407407402,0.00020366598778004074,0.0
0.5888888888888889,0.6407407407407402,0.00020366598778004074,0.0
0.5888888888888889,0.6481481481481486,0.0,0.0003518648838845883
0.5888888888888889,0.6481481481481486,0.0,0.0003518648838845883
0.5888888888888889,0.6555555555555548,0.0,0.0
0.5888888888888889,0.6555555555555548,0.0,0.0
0.5888888888888889,0.6629629629629632,0.0,0.0
0.5888888888888889,0.6629629629629632,0.0,0.0
0.5888888888888889,0.6703703703703694,0.0,0.0
0.5888888888888889,0.6703703703703694,0.0,0.0
0.5888888888888889,0.6777777777777778,0.0,0.0
0.5888888888888889,0.6777777777777778,0.0,0.0
0.5888888888888889,0.6851851851851862,0.0,0.0
0.5888888888888889,0.6851851851851862,0.0,0.0
0.5888888888888889,0.6925925925925924,0.0,0.0
0.5888888888888889,0.6925925925925924,0.0,0.0
0.5888888888888889,0.700000000000001,0.0,0.0
0.5888888888888889,0.700000000000001,0.0,0.0
0.5888888888888889,0.707407407407407,0.0,0.0
0.5888888888888889,0.707407407407407,0.0,0.0
0.5888888888888889,0.7148148148148156,0.0,0.0
0.5888888888888889,0.7148148148148156,0.0,0.0
0.5888888888888889,0.7222222222222218,0.0,0.0
0.5888888888888889,0.7222222222222218,0.0,0.0
0.5888888888888889,0.7296296296296302,0.0,0.0
0.5888888888888889,0.7296296296296302,0.0,0.0
0.5888888888888889,0.7370370370370364,0.0,0.0
0.5888888888888889,0.7370370370370364,0.0,0.0
0.5888888888888889,0.7444444444444448,0.0,0.0
0.5888888888888889,0.7444444444444448,0.0,0.0
0.5888888888888889,0.751851851851851,0.0,0.0
0.5888888888888889,0.751851851851851,0.0,0.0
0.5888888888888889,0.7592592592592594,0.0,0.0
0.5888888888888889,0.7592592592592594,0.0,0.0
0.5888888888888889,0.7666666666666656,0.00020366598778004074,0.0
0.5888888888888889,0.7666666666666656,0.00020366598778004074,0.0
0.5888888888888889,0.774074074074074,0.0,0.0
0.5888888888888889,0.774074074074074,0.0,0.0
0.5888888888888889,0.7814814814814826,0.00020366598778004074,0.0
0.5888888888888889,0.7814814814814826,0.00020366598778004074,0.0
0.5888888888888889,0.7888888888888886,0.00020366598778004074,0.0
0.5888888888888889,0.7888888888888886,0.00020366598778004074,0.0
0.5888888888888889,0.7962962962962972,0.0,0.0
0.5888888888888889,0.7962962962962972,0.0,0.0
0.5888888888888889,0.8037037037037034,0.0,0.0003518648838845883
0.5888888888888889,0.8037037037037034,0.0,0.0003518648838845883
0.5888888888888889,0.8111111111111118,0.0,0.0003518648838845883
0.5888888888888889,0.8111111111111118,0.0,0.0003518648838845883
0.5888888888888889,0.818518518518518,0.0,0.0003518648838845883
0.5888888888888889,0.818518518518518,0.0,0.0003518648838845883
0.5888888888888889,0.8259259259259264,0.0,0.0003518648838845883
0.5888888888888889,0.8259259259259264,0.0,0.0003518648838845883
0.5888888888888889,0.8333333333333326,0.0,0.0003518648838845883
0.5888888888888889,0.8333333333333326,0.0,0.0003518648838845883
0.5888888888888889,0.840740740740741,0.0,0.0003518648838845883
0.5888888888888889,0.840740740740741,0.0,0.0003518648838845883
0.5888888888888889,0.8481481481481472,0.0,0.0003518648838845883
0.5888888888888889,0.8481481481481472,0.0,0.0003518648838845883
0.5888888888888889,0.8555555555555556,0.0,0.0003518648838845883
0.5888888888888889,0.8555555555555556,0.0,0.0003518648838845883
0.5888888888888889,0.8629629629629642,0.0,0.0003518648838845883
0.5888888888888889,0.8629629629629642,0.0,0.0003518648838845883
0.5888888888888889,0.8703703703703702,0.0,0.0003518648838845883
0.5888888888888889,0.8703703703703702,0.0,0.0003518648838845883
0.5888888888888889,0.8777777777777788,0.00020366598778004074,0.0
0.5888888888888889,0.8777777777777788,0.00020366598778004074,0.0
0.5888888888888889,0.885185185185185,0.00020366598778004074,0.0
0.5888888888888889,0.885185185185185,0.00020366598778004074,0.0
0.5888888888888889,0.8925925925925934,0.00020366598778004074,0.0
0.5888888888888889,0.8925925925925934,0.00020366598778004074,0.0
0.5888888888888889,0.8999999999999996,0.00020366598778004074,0.0
0.5888888888888889,0.8999999999999996,0.00020366598778004074,0.0
0.5888888888888889,0.907407407407408,0.00020366598778004074,0.0
0.5888888888888889,0.907407407407408,0.00020366598778004074,0.0
0.5888888888888889,0.9148148148148142,0.00020366598778004074,0.0
0.5888888888888889,0.9148148148148142,0.00020366598778004074,0.0
0.5888888888888889,0.9222222222222226,0.00020366598778004074,0.0
0.5888888888888889,0.9222222222222226,0.00020366598778004074,0.0
0.5888888888888889,0.9296296296296288,0.00020366598778004074,0.0
0.5888888888888889,0.9296296296296288,0.00020366598778004074,0.0
0.5888888888888889,0.9370370370370372,0.0,0.0
0.5888888888888889,0.9370370370370372,0.0,0.0
0.5888888888888889,0.9444444444444434,0.0,0.0
0.5888888888888889,0.9444444444444434,0.0,0.0
0.5888888888888889,0.9518518518518518,0.00020366598778004074,0.0
0.5888888888888889,0.9518518518518518,0.00020366598778004074,0.0
0.5888888888888889,0.9592592592592604,0.00020366598778004074,0.0
0.5888888888888889,0.9592592592592604,0.00020366598778004074,0.0
0.5888888888888889,0.9666666666666666,0.00020366598778004074,0.0
0.5888888888888889,0.9666666666666666,0.00020366598778004074,0.0
0.5888888888888889,0.974074074074075,0.00020366598778004074,0.0
0.5888888888888889,0.974074074074075,0.00020366598778004074,0.0
0.5888888888888889,0.9814814814814812,0.00020366598778004074,0.0
0.5888888888888889,0.9814814814814812,0.00020366598778004074,0.0
0.5888888888888889,0.9888888888888896,0.00020366598778004074,0.0
0.5888888888888889,0.9888888888888896,0.00020366598778004074,0.0
0.5888888888888889,0.9962962962962958,0.00020366598778004074,0.0
0.5888888888888889,0.9962962962962958,0.00020366598778004074,0.0
0.5962962962962964,0.4259259259259269,0.0,0.0003518648838845883
0.5962962962962964,0.4259259259259269,0.0,0.0003518648838845883
0.5962962962962964,0.433333333333333,0.0,0.0003518648838845883
0.5962962962962964,0.433333333333333,0.0,0.0003518648838845883
0.5962962962962964,0.4407407407407415,0.0,0.0003518648838845883
0.5962962962962964,0.4407407407407415,0.0,0.0003518648838845883
0.5962962962962964,0.4481481481481477,0.0,0.0003518648838845883
0.5962962962962964,0.4481481481481477,0.0,0.0003518648838845883
0.5962962962962964,0.4555555555555561,0.0,0.0003518648838845883
0.5962962962962964,0.4555555555555561,0.0,0.0003518648838845883
0.5962962962962964,0.4629629629629623,0.0,0.0
0.5962962962962964,0.4629629629629623,0.0,0.0
0.5962962962962964,0.4703703703703707,0.0,0.0
0.5962962962962964,0.4703703703703707,0.0,0.0
0.5962962962962964,0.4777777777777769,0.0,0.0003518648838845883
0.5962962962962964,0.4777777777777769,0.0,0.0003518648838845883
0.5962962962962964,0.4851851851851854,0.0,0.0003518648838845883
0.5962962962962964,0.4851851851851854,0.0,0.0003518648838845883
0.5962962962962964,0.4925925925925915,0.00020366598778004074,0.0
0.5962962962962964,0.4925925925925915,0.00020366598778004074,0.0
0.5962962962962964,0.5,0.0,0.0
0.5962962962962964,0.5,0.0,0.0
0.5962962962962964,0.5074074074074084,0.0,0.0
0.5962962962962964,0.5074074074074084,0.0,0.0
0.5962962962962964,0.5148148148148146,0.0,0.0003518648838845883
0.5962962962962964,0.5148148148148146,0.0,0.0003518648838845883
0.5962962962962964,0.522222222222223,0.0,0.0003518648838845883
0.5962962962962964,0.522222222222223,0.0,0.0003518648838845883
0.5962962962962964,0.5296296296296292,0.0,0.0003518648838845883
0.5962962962962964,0.5296296296296292,0.0,0.0003518648838845883
0.5962962962962964,0.5370370370370378,0.0,0.0003518648838845883
0.5962962962962964,0.5370370370370378,0.0,0.0003518648838845883
0.5962962962962964,0.5444444444444438,0.0,0.0003518648838845883
0.5962962962962964,0.5444444444444438,0.0,0.0003518648838845883
0.5962962962962964,0.5518518518518524,0.0,0.0003518648838845883
0.5962962962962964,0.5518518518518524,0.0,0.0003518648838845883
0.5962962962962964,0.5592592592592586,0.00020366598778004074,0.0
0.5962962962962964,0.5592592592592586,0.00020366598778004074,0.0
0.5962962962962964,0.566666666666667,0.00020366598778004074,0.0
0.5962962962962964,0.566666666666667,0.00020366598778004074,0.0
0.5962962962962964,0.5740740740740732,0.00020366598778004074,0.0
0.5962962962962964,0.5740740740740732,0.00020366598778004074,0.0
0.5962962962962964,0.5814814814814816,0.0,0.0
0.5962962962962964,0.5814814814814816,0.0,0.0
0.5962962962962964,0.58888888888889,0.0,0.0
0.5962962962962964,0.58888888888889,0.0,0.0
0.5962962962962964,0.5962962962962962,0.00020366598778004074,0.0
0.5962962962962964,0.5962962962962962,0.00020366598778004074,0.0
0.5962962962962964,0.6037037037037046,0.00020366598778004074,0.0
0.5962962962962964,0.6037037037037046,0.00020366598778004074,0.0
0.5962962962962964,0.6111111111111108,0.0,0.0
0.5962962962962964,0.6111111111111108,0.0,0.0
0.5962962962962964,0.6185185185185194,0.0,0.0
0.5962962962962964,0.6185185185185194,0.0,0.0
0.5962962962962964,0.6259259259259254,0.00020366598778004074,0.0
0.5962962962962964,0.6259259259259254,0.00020366598778004074,0.0
0.5962962962962964,0.633333333333334,0.0,0.0
0.5962962962962964,0.633333333333334,0.0,0.0
0.5962962962962964,0.6407407407407402,0.00020366598778004074,0.0
0.5962962962962964,0.6407407407407402,0.00020366598778004074,0.0
0.5962962962962964,0.6481481481481486,0.0,0.0003518648838845883
0.5962962962962964,0.6481481481481486,0.0,0.0003518648838845883
0.5962962962962964,0.6555555555555548,0.0,0.0
0.5962962962962964,0.6555555555555548,0.0,0.0
0.5962962962962964,0.6629629629629632,0.0,0.0
0.5962962962962964,0.6629629629629632,0.0,0.0
0.5962962962962964,0.6703703703703694,0.0,0.0
0.5962962962962964,0.6703703703703694,0.0,0.0
0.5962962962962964,0.6777777777777778,0.0,0.0
0.5962962962962964,0.6777777777777778,0.0,0.0
0.5962962962962964,0.6851851851851862,0.0,0.0
0.5962962962962964,0.6851851851851862,0.0,0.0
0.5962962962962964,0.6925925925925924,0.0,0.0
0.5962962962962964,0.6925925925925924,0.0,0.0
0.5962962962962964,0.700000000000001,0.0,0.0
0.5962962962962964,0.700000000000001,0.0,0.0
0.5962962962962964,0.707407407407407,0.0,0.0
0.5962962962962964,0.707407407407407,0.0,0.0
0.5962962962962964,0.7148148148148156,0.0,0.0
0.5962962962962964,0.7148148148148156,0.0,0.0
0.5962962962962964,0.7222222222222218,0.0,0.0
0.5962962962962964,0.7222222222222218,0.0,0.0
0.5962962962962964,0.7296296296296302,0.0,0.0
0.5962962962962964,0.7296296296296302,0.0,0.0
0.5962962962962964,0.7370370370370364,0.0,0.0
0.5962962962962964,0.7370370370370364,0.0,0.0
0.5962962962962964,0.7444444444444448,0.0,0.0
0.5962962962962964,0.7444444444444448,0.0,0.0
0.5962962962962964,0.751851851851851,0.0,0.0
0.5962962962962964,0.751851851851851,0.0,0.0
0.5962962962962964,0.7592592592592594,0.0,0.0
0.5962962962962964,0.7592592592592594,0.0,0.0
0.5962962962962964,0.7666666666666656,0.0,0.0
0.5962962962962964,0.7666666666666656,0.0,0.0
0.5962962962962964,0.774074074074074,0.0,0.0
0.5962962962962964,0.774074074074074,0.0,0.0
0.5962962962962964,0.7814814814814826,0.00020366598778004074,0.0
0.5962962962962964,0.7814814814814826,0.00020366598778004074,0.0
0.5962962962962964,0.7888888888888886,0.00020366598778004074,0.0
0.5962962962962964,0.7888888888888886,0.00020366598778004074,0.0
0.5962962962962964,0.7962962962962972,0.00020366598778004074,0.0
0.5962962962962964,0.7962962962962972,0.00020366598778004074,0.0
0.5962962962962964,0.8037037037037034,0.0,0.0003518648838845883
0.5962962962962964,0.8037037037037034,0.0,0.0003518648838845883
0.5962962962962964,0.8111111111111118,0.00020366598778004074,0.0
0.5962962962962964,0.8111111111111118,0.00020366598778004074,0.0
0.5962962962962964,0.818518518518518,0.0,0.0003518648838845883
0.5962962962962964,0.818518518518518,0.0,0.0003518648838845883
0.5962962962962964,0.8259259259259264,0.0,0.0003518648838845883
0.5962962962962964,0.8259259259259264,0.0,0.0003518648838845883
0.5962962962962964,0.8333333333333326,0.0,0.0003518648838845883
0.5962962962962964,0.8333333333333326,0.0,0.0003518648838845883
0.5962962962962964,0.840740740740741,0.0,0.0003518648838845883
0.5962962962962964,0.840740740740741,0.0,0.0003518648838845883
0.5962962962962964,0.8481481481481472,0.0,0.0003518648838845883
0.5962962962962964,0.8481481481481472,0.0,0.0003518648838845883
0.5962962962962964,0.8555555555555556,0.0,0.0003518648838845883
0.5962962962962964,0.8555555555555556,0.0,0.0003518648838845883
0.5962962962962964,0.8629629629629642,0.0,0.0
0.5962962962962964,0.8629629629629642,0.0,0.0
0.5962962962962964,0.8703703703703702,0.0,0.0003518648838845883
0.5962962962962964,0.8703703703703702,0.0,0.0003518648838845883
0.5962962962962964,0.8777777777777788,0.00020366598778004074,0.0
0.5962962962962964,0.8777777777777788,0.00020366598778004074,0.0
0.5962962962962964,0.885185185185185,0.00020366598778004074,0.0
0.5962962962962964,0.885185185185185,0.00020366598778004074,0.0
0.5962962962962964,0.8925925925925934,0.00020366598778004074,0.0
0.5962962962962964,0.8925925925925934,0.00020366598778004074,0.0
0.5962962962962964,0.8999999999999996,0.00020366598778004074,0.0
0.5962962962962964,0.8999999999999996,0.00020366598778004074,0.0
0.5962962962962964,0.907407407407408,0.00020366598778004074,0.0
0.5962962962962964,0.907407407407408,0.00020366598778004074,0.0
0.5962962962962964,0.9148148148148142,0.00020366598778004074,0.0
0.5962962962962964,0.9148148148148142,0.00020366598778004074,0.0
0.5962962962962964,0.9222222222222226,0.00020366598778004074,0.0
0.5962962962962964,0.9222222222222226,0.00020366598778004074,0.0
0.5962962962962964,0.9296296296296288,0.00020366598778004074,0.0
0.5962962962962964,0.9296296296296288,0.00020366598778004074,0.0
0.5962962962962964,0.9370370370370372,0.00020366598778004074,0.0
0.5962962962962964,0.9370370370370372,0.00020366598778004074,0.0
0.5962962962962964,0.9444444444444434,0.00020366598778004074,0.0
0.5962962962962964,0.9444444444444434,0.00020366598778004074,0.0
0.5962962962962964,0.9518518518518518,0.00020366598778004074,0.0
0.5962962962962964,0.9518518518518518,0.00020366598778004074,0.0
0.5962962962962964,0.9592592592592604,0.00020366598778004074,0.0
0.5962962962962964,0.9592592592592604,0.00020366598778004074,0.0
0.5962962962962964,0.9666666666666666,0.00020366598778004074,0.0
0.5962962962962964,0.9666666666666666,0.00020366598778004074,0.0
0.5962962962962964,0.974074074074075,0.00020366598778004074,0.0
0.5962962962962964,0.974074074074075,0.00020366598778004074,0.0
0.5962962962962964,0.9814814814814812,0.00020366598778004074,0.0
0.5962962962962964,0.9814814814814812,0.00020366598778004074,0.0
0.5962962962962964,0.9888888888888896,0.00020366598778004074,0.0
0.5962962962962964,0.9888888888888896,0.00020366598778004074,0.0
0.5962962962962964,0.9962962962962958,0.0,0.0003518648838845883
0.5962962962962964,0.9962962962962958,0.0,0.0003518648838845883
0.6037037037037037,0.4259259259259269,0.0,0.0003518648838845883
0.6037037037037037,0.4259259259259269,0.0,0.0003518648838845883
0.6037037037037037,0.433333333333333,0.0,0.0003518648838845883
0.6037037037037037,0.433333333333333,0.0,0.0003518648838845883
0.6037037037037037,0.4407407407407415,0.0,0.0003518648838845883
0.6037037037037037,0.4407407407407415,0.0,0.0003518648838845883
0.6037037037037037,0.4481481481481477,0.0,0.0003518648838845883
0.6037037037037037,0.4481481481481477,0.0,0.0003518648838845883
0.6037037037037037,0.4555555555555561,0.0,0.0003518648838845883
0.6037037037037037,0.4555555555555561,0.0,0.0003518648838845883
0.6037037037037037,0.4629629629629623,0.0,0.0003518648838845883
0.6037037037037037,0.4629629629629623,0.0,0.0003518648838845883
0.6037037037037037,0.4703703703703707,0.0,0.0003518648838845883
0.6037037037037037,0.4703703703703707,0.0,0.0003518648838845883
0.6037037037037037,0.4777777777777769,0.0,0.0
0.6037037037037037,0.4777777777777769,0.0,0.0
0.6037037037037037,0.4851851851851854,0.00020366598778004074,0.0
0.6037037037037037,0.4851851851851854,0.00020366598778004074,0.0
0.6037037037037037,0.4925925925925915,0.0,0.0
0.6037037037037037,0.4925925925925915,0.0,0.0
0.6037037037037037,0.5,0.0,0.0
0.6037037037037037,0.5,0.0,0.0
0.6037037037037037,0.5074074074074084,0.0,0.0
0.6037037037037037,0.5074074074074084,0.0,0.0
0.6037037037037037,0.5148148148148146,0.0,0.0003518648838845883
0.6037037037037037,0.5148148148148146,0.0,0.0003518648838845883
0.6037037037037037,0.522222222222223,0.0,0.0003518648838845883
0.6037037037037037,0.522222222222223,0.0,0.0003518648838845883
0.6037037037037037,0.5296296296296292,0.0,0.0003518648838845883
0.6037037037037037,0.5296296296296292,0.0,0.0003518648838845883
0.6037037037037037,0.5370370370370378,0.00020366598778004074,0.0
0.6037037037037037,0.5370370370370378,0.00020366598778004074,0.0
0.6037037037037037,0.5444444444444438,0.0,0.0003518648838845883
0.6037037037037037,0.5444444444444438,0.0,0.0003518648838845883
0.6037037037037037,0.5518518518518524,0.0,0.0003518648838845883
0.6037037037037037,0.5518518518518524,0.0,0.0003518648838845883
0.6037037037037037,0.5592592592592586,0.00020366598778004074,0.0
0.6037037037037037,0.5592592592592586,0.00020366598778004074,0.0
0.6037037037037037,0.566666666666667,0.00020366598778004074,0.0
0.6037037037037037,0.566666666666667,0.00020366598778004074,0.0
0.6037037037037037,0.5740740740740732,0.0,0.0003518648838845883
0.6037037037037037,0.5740740740740732,0.0,0.0003518648838845883
0.6037037037037037,0.5814814814814816,0.0,0.0
0.6037037037037037,0.5814814814814816,0.0,0.0
0.6037037037037037,0.58888888888889,0.0,0.0
0.6037037037037037,0.58888888888889,0.0,0.0
0.6037037037037037,0.5962962962962962,0.0,0.0
0.6037037037037037,0.5962962962962962,0.0,0.0
0.6037037037037037,0.6037037037037046,0.00020366598778004074,0.0
0.6037037037037037,0.6037037037037046,0.00020366598778004074,0.0
0.6037037037037037,0.6111111111111108,0.00020366598778004074,0.0
0.6037037037037037,0.6111111111111108,0.00020366598778004074,0.0
0.6037037037037037,0.6185185185185194,0.00020366598778004074,0.0
0.6037037037037037,0.6185185185185194,0.00020366598778004074,0.0
0.6037037037037037,0.6259259259259254,0.00020366598778004074,0.0
0.6037037037037037,0.6259259259259254,0.00020366598778004074,0.0
0.6037037037037037,0.633333333333334,0.0,0.0003518648838845883
0.6037037037037037,0.633333333333334,0.0,0.0003518648838845883
0.6037037037037037,0.6407407407407402,0.0,0.0003518648838845883
0.6037037037037037,0.6407407407407402,0.0,0.0003518648838845883
0.6037037037037037,0.6481481481481486,0.0,0.0
0.6037037037037037,0.6481481481481486,0.0,0.0
0.6037037037037037,0.6555555555555548,0.0,0.0
0.6037037037037037,0.6555555555555548,0.0,0.0
0.6037037037037037,0.6629629629629632,0.0,0.0
0.6037037037037037,0.6629629629629632,0.0,0.0
0.6037037037037037,0.6703703703703694,0.0,0.0
0.6037037037037037,0.6703703703703694,0.0,0.0
0.6037037037037037,0.6777777777777778,0.0,0.0
0.6037037037037037,0.6777777777777778,0.0,0.0
0.6037037037037037,0.6851851851851862,0.0,0.0
0.6037037037037037,0.6851851851851862,0.0,0.0
0.6037037037037037,0.6925925925925924,0.0,0.0
0.6037037037037037,0.6925925925925924,0.0,0.0
0.6037037037037037,0.700000000000001,0.0,0.0
0.6037037037037037,0.700000000000001,0.0,0.0
0.6037037037037037,0.707407407407407,0.0,0.0
0.6037037037037037,0.707407407407407,0.0,0.0
0.6037037037037037,0.7148148148148156,0.0,0.0
0.6037037037037037,0.7148148148148156,0.0,0.0
0.6037037037037037,0.7222222222222218,0.0,0.0
0.6037037037037037,0.7222222222222218,0.0,0.0
0.6037037037037037,0.7296296296296302,0.0,0.0
0.6037037037037037,0.7296296296296302,0.0,0.0
0.6037037037037037,0.7370370370370364,0.0,0.0
0.6037037037037037,0.7370370370370364,0.0,0.0
0.6037037037037037,0.7444444444444448,0.0,0.0
0.6037037037037037,0.7444444444444448,0.0,0.0
0.6037037037037037,0.751851851851851,0.0,0.0
0.6037037037037037,0.751851851851851,0.0,0.0
0.6037037037037037,0.7592592592592594,0.00020366598778004074,0.0
0.6037037037037037,0.7592592592592594,0.00020366598778004074,0.0
0.6037037037037037,0.7666666666666656,0.00020366598778004074,0.0
0.6037037037037037,0.7666666666666656,0.00020366598778004074,0.0
0.6037037037037037,0.774074074074074,0.00020366598778004074,0.0
0.6037037037037037,0.774074074074074,0.00020366598778004074,0.0
0.6037037037037037,0.7814814814814826,0.0,0.0
0.6037037037037037,0.7814814814814826,0.0,0.0
0.6037037037037037,0.7888888888888886,0.00020366598778004074,0.0
0.6037037037037037,0.7888888888888886,0.00020366598778004074,0.0
0.6037037037037037,0.7962962962962972,0.00020366598778004074,0.0
0.6037037037037037,0.7962962962962972,0.00020366598778004074,0.0
0.6037037037037037,0.8037037037037034,0.0,0.0
0.6037037037037037,0.8037037037037034,0.0,0.0
0.6037037037037037,0.8111111111111118,0.00020366598778004074,0.0
0.6037037037037037,0.8111111111111118,0.00020366598778004074,0.0
0.6037037037037037,0.818518518518518,0.0,0.0003518648838845883
0.6037037037037037,0.818518518518518,0.0,0.0003518648838845883
0.6037037037037037,0.8259259259259264,0.0,0.0003518648838845883
0.6037037037037037,0.8259259259259264,0.0,0.0003518648838845883
0.6037037037037037,0.8333333333333326,0.0,0.0003518648838845883
0.6037037037037037,0.8333333333333326,0.0,0.0003518648838845883
0.6037037037037037,0.840740740740741,0.0,0.0003518648838845883
0.6037037037037037,0.840740740740741,0.0,0.0003518648838845883
0.6037037037037037,0.8481481481481472,0.0,0.0003518648838845883
0.6037037037037037,0.8481481481481472,0.0,0.0003518648838845883
0.6037037037037037,0.8555555555555556,0.0,0.0003518648838845883
0.6037037037037037,0.8555555555555556,0.0,0.0003518648838845883
0.6037037037037037,0.8629629629629642,0.0,0.0003518648838845883
0.6037037037037037,0.8629629629629642,0.0,0.0003518648838845883
0.6037037037037037,0.8703703703703702,0.0,0.0003518648838845883
0.6037037037037037,0.8703703703703702,0.0,0.0003518648838845883
0.6037037037037037,0.8777777777777788,0.0,0.0003518648838845883
0.6037037037037037,0.8777777777777788,0.0,0.0003518648838845883
0.6037037037037037,0.885185185185185,0.00020366598778004074,0.0
0.6037037037037037,0.885185185185185,0.00020366598778004074,0.0
0.6037037037037037,0.8925925925925934,0.00020366598778004074,0.0
0.6037037037037037,0.8925925925925934,0.00020366598778004074,0.0
0.6037037037037037,0.8999999999999996,0.00020366598778004074,0.0
0.6037037037037037,0.8999999999999996,0.00020366598778004074,0.0
0.6037037037037037,0.907407407407408,0.0,0.0003518648838845883
0.6037037037037037,0.907407407407408,0.0,0.0003518648838845883
0.6037037037037037,0.9148148148148142,0.0,0.0003518648838845883
0.6037037037037037,0.9148148148148142,0.0,0.0003518648838845883
0.6037037037037037,0.9222222222222226,0.0,0.0
0.6037037037037037,0.9222222222222226,0.0,0.0
0.6037037037037037,0.9296296296296288,0.00020366598778004074,0.0
0.6037037037037037,0.9296296296296288,0.00020366598778004074,0.0
0.6037037037037037,0.9370370370370372,0.00020366598778004074,0.0
0.6037037037037037,0.9370370370370372,0.00020366598778004074,0.0
0.6037037037037037,0.9444444444444434,0.00020366598778004074,0.0
0.6037037037037037,0.9444444444444434,0.00020366598778004074,0.0
0.6037037037037037,0.9518518518518518,0.00020366598778004074,0.0
0.6037037037037037,0.9518518518518518,0.00020366598778004074,0.0
0.6037037037037037,0.9592592592592604,0.00020366598778004074,0.0
0.6037037037037037,0.9592592592592604,0.00020366598778004074,0.0
0.6037037037037037,0.9666666666666666,0.00020366598778004074,0.0
0.6037037037037037,0.9666666666666666,0.00020366598778004074,0.0
0.6037037037037037,0.974074074074075,0.00020366598778004074,0.0
0.6037037037037037,0.974074074074075,0.00020366598778004074,0.0
0.6037037037037037,0.9814814814814812,0.00020366598778004074,0.0
0.6037037037037037,0.9814814814814812,0.00020366598778004074,0.0
0.6037037037037037,0.9888888888888896,0.00020366598778004074,0.0
0.6037037037037037,0.9888888888888896,0.00020366598778004074,0.0
0.6037037037037037,0.9962962962962958,0.00020366598778004074,0.0
0.6037037037037037,0.9962962962962958,0.00020366598778004074,0.0
0.6111111111111112,0.4259259259259269,0.0,0.0003518648838845883
0.6111111111111112,0.4259259259259269,0.0,0.0003518648838845883
0.6111111111111112,0.433333333333333,0.0,0.0003518648838845883
0.6111111111111112,0.433333333333333,0.0,0.0003518648838845883
0.6111111111111112,0.4407407407407415,0.0,0.0003518648838845883
0.6111111111111112,0.4407407407407415,0.0,0.0003518648838845883
0.6111111111111112,0.4481481481481477,0.0,0.0003518648838845883
0.6111111111111112,0.4481481481481477,0.0,0.0003518648838845883
0.6111111111111112,0.4555555555555561,0.0,0.0003518648838845883
0.6111111111111112,0.4555555555555561,0.0,0.0003518648838845883
0.6111111111111112,0.4629629629629623,0.0,0.0003518648838845883
0.6111111111111112,0.4629629629629623,0.0,0.0003518648838845883
0.6111111111111112,0.4703703703703707,0.0,0.0003518648838845883
0.6111111111111112,0.4703703703703707,0.0,0.0003518648838845883
0.6111111111111112,0.4777777777777769,0.00020366598778004074,0.0
0.6111111111111112,0.4777777777777769,0.00020366598778004074,0.0
0.6111111111111112,0.4851851851851854,0.0,0.0
0.6111111111111112,0.4851851851851854,0.0,0.0
0.6111111111111112,0.4925925925925915,0.0,0.0
0.6111111111111112,0.4925925925925915,0.0,0.0
0.6111111111111112,0.5,0.0,0.0
0.6111111111111112,0.5,0.0,0.0
0.6111111111111112,0.5074074074074084,0.00020366598778004074,0.0
0.6111111111111112,0.5074074074074084,0.00020366598778004074,0.0
0.6111111111111112,0.5148148148148146,0.0,0.0003518648838845883
0.6111111111111112,0.5148148148148146,0.0,0.0003518648838845883
0.6111111111111112,0.522222222222223,0.0,0.0003518648838845883
0.6111111111111112,0.522222222222223,0.0,0.0003518648838845883
0.6111111111111112,0.5296296296296292,0.0,0.0003518648838845883
0.6111111111111112,0.5296296296296292,0.0,0.0003518648838845883
0.6111111111111112,0.5370370370370378,0.00020366598778004074,0.0
0.6111111111111112,0.5370370370370378,0.00020366598778004074,0.0
0.6111111111111112,0.5444444444444438,0.0,0.0
0.6111111111111112,0.5444444444444438,0.0,0.0
0.6111111111111112,0.5518518518518524,0.0,0.0003518648838845883
0.6111111111111112,0.5518518518518524,0.0,0.0003518648838845883
0.6111111111111112,0.5592592592592586,0.0,0.0003518648838845883
0.6111111111111112,0.5592592592592586,0.0,0.0003518648838845883
0.6111111111111112,0.566666666666667,0.0,0.0003518648838845883
0.6111111111111112,0.566666666666667,0.0,0.0003518648838845883
0.6111111111111112,0.5740740740740732,0.00020366598778004074,0.0
0.6111111111111112,0.5740740740740732,0.00020366598778004074,0.0
0.6111111111111112,0.5814814814814816,0.0,0.0
0.6111111111111112,0.5814814814814816,0.0,0.0
0.6111111111111112,0.58888888888889,0.0,0.0
0.6111111111111112,0.58888888888889,0.0,0.0
0.6111111111111112,0.5962962962962962,0.0,0.0
0.6111111111111112,0.5962962962962962,0.0,0.0
0.6111111111111112,0.6037037037037046,0.0,0.0
0.6111111111111112,0.6037037037037046,0.0,0.0
0.6111111111111112,0.6111111111111108,0.00020366598778004074,0.0
0.6111111111111112,0.6111111111111108,0.00020366598778004074,0.0
0.6111111111111112,0.6185185185185194,0.00020366598778004074,0.0
0.6111111111111112,0.6185185185185194,0.00020366598778004074,0.0
0.6111111111111112,0.6259259259259254,0.0,0.0
0.6111111111111112,0.6259259259259254,0.0,0.0
0.6111111111111112,0.633333333333334,0.0,0.0
0.6111111111111112,0.633333333333334,0.0,0.0
0.6111111111111112,0.6407407407407402,0.0,0.0
0.6111111111111112,0.6407407407407402,0.0,0.0
0.6111111111111112,0.6481481481481486,0.0,0.0
0.6111111111111112,0.6481481481481486,0.0,0.0
0.6111111111111112,0.6555555555555548,0.0,0.0
0.6111111111111112,0.6555555555555548,0.0,0.0
0.6111111111111112,0.6629629629629632,0.0,0.0
0.6111111111111112,0.6629629629629632,0.0,0.0
0.6111111111111112,0.6703703703703694,0.0,0.0
0.6111111111111112,0.6703703703703694,0.0,0.0
0.6111111111111112,0.6777777777777778,0.00020366598778004074,0.0
0.6111111111111112,0.6777777777777778,0.00020366598778004074,0.0
0.6111111111111112,0.6851851851851862,0.0,0.0
0.6111111111111112,0.6851851851851862,0.0,0.0
0.6111111111111112,0.6925925925925924,0.0,0.0
0.6111111111111112,0.6925925925925924,0.0,0.0
0.6111111111111112,0.700000000000001,0.0,0.0
0.6111111111111112,0.700000000000001,0.0,0.0
0.6111111111111112,0.707407407407407,0.0,0.0
0.6111111111111112,0.707407407407407,0.0,0.0
0.6111111111111112,0.7148148148148156,0.0,0.0
0.6111111111111112,0.7148148148148156,0.0,0.0
0.6111111111111112,0.7222222222222218,0.00020366598778004074,0.0
0.6111111111111112,0.7222222222222218,0.00020366598778004074,0.0
0.6111111111111112,0.7296296296296302,0.00020366598778004074,0.0
0.6111111111111112,0.7296296296296302,0.00020366598778004074,0.0
0.6111111111111112,0.7370370370370364,0.0,0.0
0.6111111111111112,0.7370370370370364,0.0,0.0
0.6111111111111112,0.7444444444444448,0.0,0.0
0.6111111111111112,0.7444444444444448,0.0,0.0
0.6111111111111112,0.751851851851851,0.0,0.0
0.6111111111111112,0.751851851851851,0.0,0.0
0.6111111111111112,0.7592592592592594,0.00020366598778004074,0.0
0.6111111111111112,0.7592592592592594,0.00020366598778004074,0.0
0.6111111111111112,0.7666666666666656,0.00020366598778004074,0.0
0.6111111111111112,0.7666666666666656,0.00020366598778004074,0.0
0.6111111111111112,0.774074074074074,0.00020366598778004074,0.0
0.6111111111111112,0.774074074074074,0.00020366598778004074,0.0
0.6111111111111112,0.7814814814814826,0.00020366598778004074,0.0
0.6111111111111112,0.7814814814814826,0.00020366598778004074,0.0
0.6111111111111112,0.7888888888888886,0.00020366598778004074,0.0
0.6111111111111112,0.7888888888888886,0.00020366598778004074,0.0
0.6111111111111112,0.7962962962962972,0.00020366598778004074,0.0
0.6111111111111112,0.7962962962962972,0.00020366598778004074,0.0
0.6111111111111112,0.8037037037037034,0.00020366598778004074,0.0
0.6111111111111112,0.8037037037037034,0.00020366598778004074,0.0
0.6111111111111112,0.8111111111111118,0.00020366598778004074,0.0
0.6111111111111112,0.8111111111111118,0.00020366598778004074,0.0
0.6111111111111112,0.818518518518518,0.0,0.0003518648838845883
0.6111111111111112,0.818518518518518,0.0,0.0003518648838845883
0.6111111111111112,0.8259259259259264,0.0,0.0
0.6111111111111112,0.8259259259259264,0.0,0.0
0.6111111111111112,0.8333333333333326,0.0,0.0
0.6111111111111112,0.8333333333333326,0.0,0.0
0.6111111111111112,0.840740740740741,0.0,0.0003518648838845883
0.6111111111111112,0.840740740740741,0.0,0.0003518648838845883
0.6111111111111112,0.8481481481481472,0.00020366598778004074,0.0
0.6111111111111112,0.8481481481481472,0.00020366598778004074,0.0
0.6111111111111112,0.8555555555555556,0.00020366598778004074,0.0
0.6111111111111112,0.8555555555555556,0.00020366598778004074,0.0
0.6111111111111112,0.8629629629629642,0.0,0.0
0.6111111111111112,0.8629629629629642,0.0,0.0
0.6111111111111112,0.8703703703703702,0.0,0.0003518648838845883
0.6111111111111112,0.8703703703703702,0.0,0.0003518648838845883
0.6111111111111112,0.8777777777777788,0.0,0.0003518648838845883
0.6111111111111112,0.8777777777777788,0.0,0.0003518648838845883
0.6111111111111112,0.885185185185185,0.0,0.0003518648838845883
0.6111111111111112,0.885185185185185,0.0,0.0003518648838845883
0.6111111111111112,0.8925925925925934,0.0,0.0003518648838845883
0.6111111111111112,0.8925925925925934,0.0,0.0003518648838845883
0.6111111111111112,0.8999999999999996,0.0,0.0003518648838845883
0.6111111111111112,0.8999999999999996,0.0,0.0003518648838845883
0.6111111111111112,0.907407407407408,0.0,0.0003518648838845883
0.6111111111111112,0.907407407407408,0.0,0.0003518648838845883
0.6111111111111112,0.9148148148148142,0.0,0.0003518648838845883
0.6111111111111112,0.9148148148148142,0.0,0.0003518648838845883
0.6111111111111112,0.9222222222222226,0.0,0.0003518648838845883
0.6111111111111112,0.9222222222222226,0.0,0.0003518648838845883
0.6111111111111112,0.9296296296296288,0.00020366598778004074,0.0
0.6111111111111112,0.9296296296296288,0.00020366598778004074,0.0
0.6111111111111112,0.9370370370370372,0.00020366598778004074,0.0
0.6111111111111112,0.9370370370370372,0.00020366598778004074,0.0
0.6111111111111112,0.9444444444444434,0.00020366598778004074,0.0
0.6111111111111112,0.9444444444444434,0.00020366598778004074,0.0
0.6111111111111112,0.9518518518518518,0.00020366598778004074,0.0
0.6111111111111112,0.9518518518518518,0.00020366598778004074,0.0
0.6111111111111112,0.9592592592592604,0.00020366598778004074,0.0
0.6111111111111112,0.9592592592592604,0.00020366598778004074,0.0
0.6111111111111112,0.9666666666666666,0.00020366598778004074,0.0
0.6111111111111112,0.9666666666666666,0.00020366598778004074,0.0
0.6111111111111112,0.974074074074075,0.00020366598778004074,0.0
0.6111111111111112,0.974074074074075,0.00020366598778004074,0.0
0.6111111111111112,0.9814814814814812,0.00020366598778004074,0.0
0.6111111111111112,0.9814814814814812,0.00020366598778004074,0.0
0.6111111111111112,0.9888888888888896,0.00020366598778004074,0.0
0.6111111111111112,0.9888888888888896,0.00020366598778004074,0.0
0.6111111111111112,0.9962962962962958,0.00020366598778004074,0.0
0.6111111111111112,0.9962962962962958,0.00020366598778004074,0.0
0.6185185185185186,0.4259259259259269,0.0,0.0003518648838845883
0.6185185185185186,0.4259259259259269,0.0,0.0003518648838845883
0.6185185185185186,0.433333333333333,0.0,0.0003518648838845883
0.6185185185185186,0.433333333333333,0.0,0.0003518648838845883
0.6185185185185186,0.4407407407407415,0.0,0.0003518648838845883
0.6185185185185186,0.4407407407407415,0.0,0.0003518648838845883
0.6185185185185186,0.4481481481481477,0.0,0.0003518648838845883
0.6185185185185186,0.4481481481481477,0.0,0.0003518648838845883
0.6185185185185186,0.4555555555555561,0.0,0.0003518648838845883
0.6185185185185186,0.4555555555555561,0.0,0.0003518648838845883
0.6185185185185186,0.4629629629629623,0.0,0.0003518648838845883
0.6185185185185186,0.4629629629629623,0.0,0.0003518648838845883
0.6185185185185186,0.4703703703703707,0.0,0.0003518648838845883
0.6185185185185186,0.4703703703703707,0.0,0.0003518648838845883
0.6185185185185186,0.4777777777777769,0.0,0.0003518648838845883
0.6185185185185186,0.4777777777777769,0.0,0.0003518648838845883
0.6185185185185186,0.4851851851851854,0.0,0.0003518648838845883
0.6185185185185186,0.4851851851851854,0.0,0.0003518648838845883
0.6185185185185186,0.4925925925925915,0.0,0.0003518648838845883
0.6185185185185186,0.4925925925925915,0.0,0.0003518648838845883
0.6185185185185186,0.5,0.0,0.0
0.6185185185185186,0.5,0.0,0.0
0.6185185185185186,0.5074074074074084,0.0,0.0003518648838845883
0.6185185185185186,0.5074074074074084,0.0,0.0003518648838845883
0.6185185185185186,0.5148148148148146,0.0,0.0003518648838845883
0.6185185185185186,0.5148148148148146,0.0,0.0003518648838845883
0.6185185185185186,0.522222222222223,0.0,0.0
0.6185185185185186,0.522222222222223,0.0,0.0
0.6185185185185186,0.5296296296296292,0.0,0.0
0.6185185185185186,0.5296296296296292,0.0,0.0
0.6185185185185186,0.5370370370370378,0.0,0.0
0.6185185185185186,0.5370370370370378,0.0,0.0
0.6185185185185186,0.5444444444444438,0.0,0.0
0.6185185185185186,0.5444444444444438,0.0,0.0
0.6185185185185186,0.5518518518518524,0.0,0.0003518648838845883
0.6185185185185186,0.5518518518518524,0.0,0.0003518648838845883
0.6185185185185186,0.5592592592592586,0.0,0.0003518648838845883
0.6185185185185186,0.5592592592592586,0.0,0.0003518648838845883
0.6185185185185186,0.566666666666667,0.0,0.0003518648838845883
0.6185185185185186,0.566666666666667,0.0,0.0003518648838845883
0.6185185185185186,0.5740740740740732,0.0,0.0003518648838845883
0.6185185185185186,0.5740740740740732,0.0,0.0003518648838845883
0.6185185185185186,0.5814814814814816,0.0,0.0003518648838845883
0.6185185185185186,0.5814814814814816,0.0,0.0003518648838845883
0.6185185185185186,0.58888888888889,0.0,0.0
0.6185185185185186,0.58888888888889,0.0,0.0
0.6185185185185186,0.5962962962962962,0.0,0.0
0.6185185185185186,0.5962962962962962,0.0,0.0
0.6185185185185186,0.6037037037037046,0.0,0.0
0.6185185185185186,0.6037037037037046,0.0,0.0
0.6185185185185186,0.6111111111111108,0.0,0.0
0.6185185185185186,0.6111111111111108,0.0,0.0
0.6185185185185186,0.6185185185185194,0.00020366598778004074,0.0
0.6185185185185186,0.6185185185185194,0.00020366598778004074,0.0
0.6185185185185186,0.6259259259259254,0.00020366598778004074,0.0
0.6185185185185186,0.6259259259259254,0.00020366598778004074,0.0
0.6185185185185186,0.633333333333334,0.00020366598778004074,0.0
0.6185185185185186,0.633333333333334,0.00020366598778004074,0.0
0.6185185185185186,0.6407407407407402,0.0,0.0
0.6185185185185186,0.6407407407407402,0.0,0.0
0.6185185185185186,0.6481481481481486,0.0,0.0
0.6185185185185186,0.6481481481481486,0.0,0.0
0.6185185185185186,0.6555555555555548,0.0,0.0
0.6185185185185186,0.6555555555555548,0.0,0.0
0.6185185185185186,0.6629629629629632,0.0,0.0
0.6185185185185186,0.6629629629629632,0.0,0.0
0.6185185185185186,0.6703703703703694,0.0,0.0
0.6185185185185186,0.6703703703703694,0.0,0.0
0.6185185185185186,0.6777777777777778,0.0,0.0
0.6185185185185186,0.6777777777777778,0.0,0.0
0.6185185185185186,0.6851851851851862,0.00020366598778004074,0.0
0.6185185185185186,0.6851851851851862,0.00020366598778004074,0.0
0.6185185185185186,0.6925925925925924,0.0,0.0
0.6185185185185186,0.6925925925925924,0.0,0.0
0.6185185185185186,0.700000000000001,0.0,0.0
0.6185185185185186,0.700000000000001,0.0,0.0
0.6185185185185186,0.707407407407407,0.0,0.0
0.6185185185185186,0.707407407407407,0.0,0.0
0.6185185185185186,0.7148148148148156,0.0,0.0
0.6185185185185186,0.7148148148148156,0.0,0.0
0.6185185185185186,0.7222222222222218,0.00020366598778004074,0.0
0.6185185185185186,0.7222222222222218,0.00020366598778004074,0.0
0.6185185185185186,0.7296296296296302,0.00020366598778004074,0.0
0.6185185185185186,0.7296296296296302,0.00020366598778004074,0.0
0.6185185185185186,0.7370370370370364,0.00020366598778004074,0.0
0.6185185185185186,0.7370370370370364,0.00020366598778004074,0.0
0.6185185185185186,0.7444444444444448,0.0,0.0
0.6185185185185186,0.7444444444444448,0.0,0.0
0.6185185185185186,0.751851851851851,0.00020366598778004074,0.0
0.6185185185185186,0.751851851851851,0.00020366598778004074,0.0
0.6185185185185186,0.7592592592592594,0.00020366598778004074,0.0
0.6185185185185186,0.7592592592592594,0.00020366598778004074,0.0
0.6185185185185186,0.7666666666666656,0.00020366598778004074,0.0
0.6185185185185186,0.7666666666666656,0.00020366598778004074,0.0
0.6185185185185186,0.774074074074074,0.00020366598778004074,0.0
0.6185185185185186,0.774074074074074,0.00020366598778004074,0.0
0.6185185185185186,0.7814814814814826,0.00020366598778004074,0.0
0.6185185185185186,0.7814814814814826,0.00020366598778004074,0.0
0.6185185185185186,0.7888888888888886,0.00020366598778004074,0.0
0.6185185185185186,0.7888888888888886,0.00020366598778004074,0.0
0.6185185185185186,0.7962962962962972,0.00020366598778004074,0.0
0.6185185185185186,0.7962962962962972,0.00020366598778004074,0.0
0.6185185185185186,0.8037037037037034,0.0,0.0
0.6185185185185186,0.8037037037037034,0.0,0.0
0.6185185185185186,0.8111111111111118,0.00020366598778004074,0.0
0.6185185185185186,0.8111111111111118,0.00020366598778004074,0.0
0.6185185185185186,0.818518518518518,0.00020366598778004074,0.0
0.6185185185185186,0.818518518518518,0.00020366598778004074,0.0
0.6185185185185186,0.8259259259259264,0.0,0.0003518648838845883
0.6185185185185186,0.8259259259259264,0.0,0.0003518648838845883
0.6185185185185186,0.8333333333333326,0.0,0.0003518648838845883
0.6185185185185186,0.8333333333333326,0.0,0.0003518648838845883
0.6185185185185186,0.840740740740741,0.00020366598778004074,0.0
0.6185185185185186,0.840740740740741,0.00020366598778004074,0.0
0.6185185185185186,0.8481481481481472,0.00020366598778004074,0.0
0.6185185185185186,0.8481481481481472,0.00020366598778004074,0.0
0.6185185185185186,0.8555555555555556,0.0,0.0003518648838845883
0.6185185185185186,0.8555555555555556,0.0,0.0003518648838845883
0.6185185185185186,0.8629629629629642,0.0,0.0
0.6185185185185186,0.8629629629629642,0.0,0.0
0.6185185185185186,0.8703703703703702,0.0,0.0003518648838845883
0.6185185185185186,0.8703703703703702,0.0,0.0003518648838845883
0.6185185185185186,0.8777777777777788,0.0,0.0003518648838845883
0.6185185185185186,0.8777777777777788,0.0,0.0003518648838845883
0.6185185185185186,0.885185185185185,0.0,0.0003518648838845883
0.6185185185185186,0.885185185185185,0.0,0.0003518648838845883
0.6185185185185186,0.8925925925925934,0.0,0.0003518648838845883
0.6185185185185186,0.8925925925925934,0.0,0.0003518648838845883
0.6185185185185186,0.8999999999999996,0.0,0.0003518648838845883
0.6185185185185186,0.8999999999999996,0.0,0.0003518648838845883
0.6185185185185186,0.907407407407408,0.0,0.0003518648838845883
0.6185185185185186,0.907407407407408,0.0,0.0003518648838845883
0.6185185185185186,0.9148148148148142,0.00020366598778004074,0.0
0.6185185185185186,0.9148148148148142,0.00020366598778004074,0.0
0.6185185185185186,0.9222222222222226,0.00020366598778004074,0.0
0.6185185185185186,0.9222222222222226,0.00020366598778004074,0.0
0.6185185185185186,0.9296296296296288,0.00020366598778004074,0.0
0.6185185185185186,0.9296296296296288,0.00020366598778004074,0.0
0.6185185185185186,0.9370370370370372,0.00020366598778004074,0.0
0.6185185185185186,0.9370370370370372,0.00020366598778004074,0.0
0.6185185185185186,0.9444444444444434,0.00020366598778004074,0.0
0.6185185185185186,0.9444444444444434,0.00020366598778004074,0.0
0.6185185185185186,0.9518518518518518,0.00020366598778004074,0.0
0.6185185185185186,0.9518518518518518,0.00020366598778004074,0.0
0.6185185185185186,0.9592592592592604,0.00020366598778004074,0.0
0.6185185185185186,0.9592592592592604,0.00020366598778004074,0.0
0.6185185185185186,0.9666666666666666,0.00020366598778004074,0.0
0.6185185185185186,0.9666666666666666,0.00020366598778004074,0.0
0.6185185185185186,0.974074074074075,0.00020366598778004074,0.0
0.6185185185185186,0.974074074074075,0.00020366598778004074,0.0
0.6185185185185186,0.9814814814814812,0.00020366598778004074,0.0
0.6185185185185186,0.9814814814814812,0.00020366598778004074,0.0
0.6185185185185186,0.9888888888888896,0.00020366598778004074,0.0
0.6185185185185186,0.9888888888888896,0.00020366598778004074,0.0
0.6185185185185186,0.9962962962962958,0.00020366598778004074,0.0
0.6185185185185186,0.9962962962962958,0.00020366598778004074,0.0
0.625925925925926,0.4259259259259269,0.00020366598778004074,0.0
0.625925925925926,0.4259259259259269,0.00020366598778004074,0.0
0.625925925925926,0.433333333333333,0.0,0.0
0.625925925925926,0.433333333333333,0.0,0.0
0.625925925925926,0.4407407407407415,0.0,0.0
0.625925925925926,0.4407407407407415,0.0,0.0
0.625925925925926,0.4481481481481477,0.00020366598778004074,0.0
0.625925925925926,0.4481481481481477,0.00020366598778004074,0.0
0.625925925925926,0.4555555555555561,0.0,0.0003518648838845883
0.625925925925926,0.4555555555555561,0.0,0.0003518648838845883
0.625925925925926,0.4629629629629623,0.0,0.0003518648838845883
0.625925925925926,0.4629629629629623,0.0,0.0003518648838845883
0.625925925925926,0.4703703703703707,0.0,0.0003518648838845883
0.625925925925926,0.4703703703703707,0.0,0.0003518648838845883
0.625925925925926,0.4777777777777769,0.0,0.0003518648838845883
0.625925925925926,0.4777777777777769,0.0,0.0003518648838845883
0.625925925925926,0.4851851851851854,0.0,0.0003518648838845883
0.625925925925926,0.4851851851851854,0.0,0.0003518648838845883
0.625925925925926,0.4925925925925915,0.0,0.0003518648838845883
0.625925925925926,0.4925925925925915,0.0,0.0003518648838845883
0.625925925925926,0.5,0.0,0.0003518648838845883
0.625925925925926,0.5,0.0,0.0003518648838845883
0.625925925925926,0.5074074074074084,0.0,0.0
0.625925925925926,0.5074074074074084,0.0,0.0
0.625925925925926,0.5148148148148146,0.0,0.0003518648838845883
0.625925925925926,0.5148148148148146,0.0,0.0003518648838845883
0.625925925925926,0.522222222222223,0.0,0.0
0.625925925925926,0.522222222222223,0.0,0.0
0.625925925925926,0.5296296296296292,0.0,0.0
0.625925925925926,0.5296296296296292,0.0,0.0
0.625925925925926,0.5370370370370378,0.0,0.0
0.625925925925926,0.5370370370370378,0.0,0.0
0.625925925925926,0.5444444444444438,0.0,0.0
0.625925925925926,0.5444444444444438,0.0,0.0
0.625925925925926,0.5518518518518524,0.0,0.0003518648838845883
0.625925925925926,0.5518518518518524,0.0,0.0003518648838845883
0.625925925925926,0.5592592592592586,0.0,0.0
0.625925925925926,0.5592592592592586,0.0,0.0
0.625925925925926,0.566666666666667,0.0,0.0003518648838845883
0.625925925925926,0.566666666666667,0.0,0.0003518648838845883
0.625925925925926,0.5740740740740732,0.0,0.0003518648838845883
0.625925925925926,0.5740740740740732,0.0,0.0003518648838845883
0.625925925925926,0.5814814814814816,0.0,0.0003518648838845883
0.625925925925926,0.5814814814814816,0.0,0.0003518648838845883
0.625925925925926,0.58888888888889,0.0,0.0
0.625925925925926,0.58888888888889,0.0,0.0
0.625925925925926,0.5962962962962962,0.0,0.0003518648838845883
0.625925925925926,0.5962962962962962,0.0,0.0003518648838845883
0.625925925925926,0.6037037037037046,0.00020366598778004074,0.0
0.625925925925926,0.6037037037037046,0.00020366598778004074,0.0
0.625925925925926,0.6111111111111108,0.0,0.0003518648838845883
0.625925925925926,0.6111111111111108,0.0,0.0003518648838845883
0.625925925925926,0.6185185185185194,0.0,0.0003518648838845883
0.625925925925926,0.6185185185185194,0.0,0.0003518648838845883
0.625925925925926,0.6259259259259254,0.0,0.0
0.625925925925926,0.6259259259259254,0.0,0.0
0.625925925925926,0.633333333333334,0.0,0.0
0.625925925925926,0.633333333333334,0.0,0.0
0.625925925925926,0.6407407407407402,0.0,0.0
0.625925925925926,0.6407407407407402,0.0,0.0
0.625925925925926,0.6481481481481486,0.0,0.0
0.625925925925926,0.6481481481481486,0.0,0.0
0.625925925925926,0.6555555555555548,0.0,0.0
0.625925925925926,0.6555555555555548,0.0,0.0
0.625925925925926,0.6629629629629632,0.0,0.0
0.625925925925926,0.6629629629629632,0.0,0.0
0.625925925925926,0.6703703703703694,0.0,0.0
0.625925925925926,0.6703703703703694,0.0,0.0
0.625925925925926,0.6777777777777778,0.0,0.0
0.625925925925926,0.6777777777777778,0.0,0.0
0.625925925925926,0.6851851851851862,0.00020366598778004074,0.0
0.625925925925926,0.6851851851851862,0.00020366598778004074,0.0
0.625925925925926,0.6925925925925924,0.0,0.0
0.625925925925926,0.6925925925925924,0.0,0.0
0.625925925925926,0.700000000000001,0.0,0.0
0.625925925925926,0.700000000000001,0.0,0.0
0.625925925925926,0.707407407407407,0.0,0.0
0.625925925925926,0.707407407407407,0.0,0.0
0.625925925925926,0.7148148148148156,0.00020366598778004074,0.0
0.625925925925926,0.7148148148148156,0.00020366598778004074,0.0
0.625925925925926,0.7222222222222218,0.00020366598778004074,0.0
0.625925925925926,0.7222222222222218,0.00020366598778004074,0.0
0.625925925925926,0.7296296296296302,0.00020366598778004074,0.0
0.625925925925926,0.7296296296296302,0.00020366598778004074,0.0
0.625925925925926,0.7370370370370364,0.00020366598778004074,0.0
0.625925925925926,0.7370370370370364,0.00020366598778004074,0.0
0.625925925925926,0.7444444444444448,0.00020366598778004074,0.0
0.625925925925926,0.7444444444444448,0.00020366598778004074,0.0
0.625925925925926,0.751851851851851,0.00020366598778004074,0.0
0.625925925925926,0.751851851851851,0.00020366598778004074,0.0
0.625925925925926,0.7592592592592594,0.00020366598778004074,0.0
0.625925925925926,0.7592592592592594,0.00020366598778004074,0.0
0.625925925925926,0.7666666666666656,0.00020366598778004074,0.0
0.625925925925926,0.7666666666666656,0.00020366598778004074,0.0
0.625925925925926,0.774074074074074,0.00020366598778004074,0.0
0.625925925925926,0.774074074074074,0.00020366598778004074,0.0
0.625925925925926,0.7814814814814826,0.00020366598778004074,0.0
0.625925925925926,0.7814814814814826,0.00020366598778004074,0.0
0.625925925925926,0.7888888888888886,0.00020366598778004074,0.0
0.625925925925926,0.7888888888888886,0.00020366598778004074,0.0
0.625925925925926,0.7962962962962972,0.00020366598778004074,0.0
0.625925925925926,0.7962962962962972,0.00020366598778004074,0.0
0.625925925925926,0.8037037037037034,0.00020366598778004074,0.0
0.625925925925926,0.8037037037037034,0.00020366598778004074,0.0
0.625925925925926,0.8111111111111118,0.00020366598778004074,0.0
0.625925925925926,0.8111111111111118,0.00020366598778004074,0.0
0.625925925925926,0.818518518518518,0.00020366598778004074,0.0
0.625925925925926,0.818518518518518,0.00020366598778004074,0.0
0.625925925925926,0.8259259259259264,0.00020366598778004074,0.0
0.625925925925926,0.8259259259259264,0.00020366598778004074,0.0
0.625925925925926,0.8333333333333326,0.0,0.0
0.625925925925926,0.8333333333333326,0.0,0.0
0.625925925925926,0.840740740740741,0.00020366598778004074,0.0
0.625925925925926,0.840740740740741,0.00020366598778004074,0.0
0.625925925925926,0.8481481481481472,0.00020366598778004074,0.0
0.625925925925926,0.8481481481481472,0.00020366598778004074,0.0
0.625925925925926,0.8555555555555556,0.0,0.0003518648838845883
0.625925925925926,0.8555555555555556,0.0,0.0003518648838845883
0.625925925925926,0.8629629629629642,0.0,0.0003518648838845883
0.625925925925926,0.8629629629629642,0.0,0.0003518648838845883
0.625925925925926,0.8703703703703702,0.0,0.0003518648838845883
0.625925925925926,0.8703703703703702,0.0,0.0003518648838845883
0.625925925925926,0.8777777777777788,0.0,0.0003518648838845883
0.625925925925926,0.8777777777777788,0.0,0.0003518648838845883
0.625925925925926,0.885185185185185,0.0,0.0003518648838845883
0.625925925925926,0.885185185185185,0.0,0.0003518648838845883
0.625925925925926,0.8925925925925934,0.0,0.0003518648838845883
0.625925925925926,0.8925925925925934,0.0,0.0003518648838845883
0.625925925925926,0.8999999999999996,0.0,0.0003518648838845883
0.625925925925926,0.8999999999999996,0.0,0.0003518648838845883
0.625925925925926,0.907407407407408,0.0,0.0003518648838845883
0.625925925925926,0.907407407407408,0.0,0.0003518648838845883
0.625925925925926,0.9148148148148142,0.00020366598778004074,0.0
0.625925925925926,0.9148148148148142,0.00020366598778004074,0.0
0.625925925925926,0.9222222222222226,0.00020366598778004074,0.0
0.625925925925926,0.9222222222222226,0.00020366598778004074,0.0
0.625925925925926,0.9296296296296288,0.00020366598778004074,0.0
0.625925925925926,0.9296296296296288,0.00020366598778004074,0.0
0.625925925925926,0.9370370370370372,0.00020366598778004074,0.0
0.625925925925926,0.9370370370370372,0.00020366598778004074,0.0
0.625925925925926,0.9444444444444434,0.0,0.0003518648838845883
0.625925925925926,0.9444444444444434,0.0,0.0003518648838845883
0.625925925925926,0.9518518518518518,0.0,0.0003518648838845883
0.625925925925926,0.9518518518518518,0.0,0.0003518648838845883
0.625925925925926,0.9592592592592604,0.0,0.0003518648838845883
0.625925925925926,0.9592592592592604,0.0,0.0003518648838845883
0.625925925925926,0.9666666666666666,0.0,0.0003518648838845883
0.625925925925926,0.9666666666666666,0.0,0.0003518648838845883
0.625925925925926,0.974074074074075,0.0,0.0003518648838845883
0.625925925925926,0.974074074074075,0.0,0.0003518648838845883
0.625925925925926,0.9814814814814812,0.0,0.0003518648838845883
0.625925925925926,0.9814814814814812,0.0,0.0003518648838845883
0.625925925925926,0.9888888888888896,0.0,0.0003518648838845883
0.625925925925926,0.9888888888888896,0.0,0.0003518648838845883
0.625925925925926,0.9962962962962958,0.0,0.0
0.625925925925926,0.9962962962962958,0.0,0.0
0.6333333333333333,0.4259259259259269,0.00020366598778004074,0.0
0.6333333333333333,0.4259259259259269,0.00020366598778004074,0.0
0.6333333333333333,0.433333333333333,0.0,0.0
0.6333333333333333,0.433333333333333,0.0,0.0
0.6333333333333333,0.4407407407407415,0.00020366598778004074,0.0
0.6333333333333333,0.4407407407407415,0.00020366598778004074,0.0
0.6333333333333333,0.4481481481481477,0.00020366598778004074,0.0
0.6333333333333333,0.4481481481481477,0.00020366598778004074,0.0
0.6333333333333333,0.4555555555555561,0.0,0.0003518648838845883
0.6333333333333333,0.4555555555555561,0.0,0.0003518648838845883
0.6333333333333333,0.4629629629629623,0.0,0.0
0.6333333333333333,0.4629629629629623,0.0,0.0
0.6333333333333333,0.4703703703703707,0.0,0.0
0.6333333333333333,0.4703703703703707,0.0,0.0
0.6333333333333333,0.4777777777777769,0.0,0.0003518648838845883
0.6333333333333333,0.4777777777777769,0.0,0.0003518648838845883
0.6333333333333333,0.4851851851851854,0.0,0.0
0.6333333333333333,0.4851851851851854,0.0,0.0
0.6333333333333333,0.4925925925925915,0.0,0.0003518648838845883
0.6333333333333333,0.4925925925925915,0.0,0.0003518648838845883
0.6333333333333333,0.5,0.0,0.0003518648838845883
0.6333333333333333,0.5,0.0,0.0003518648838845883
0.6333333333333333,0.5074074074074084,0.0,0.0003518648838845883
0.6333333333333333,0.5074074074074084,0.0,0.0003518648838845883
0.6333333333333333,0.5148148148148146,0.0,0.0003518648838845883
0.6333333333333333,0.5148148148148146,0.0,0.0003518648838845883
0.6333333333333333,0.522222222222223,0.0,0.0003518648838845883
0.6333333333333333,0.522222222222223,0.0,0.0003518648838845883
0.6333333333333333,0.5296296296296292,0.0,0.0
0.6333333333333333,0.5296296296296292,0.0,0.0
0.6333333333333333,0.5370370370370378,0.0,0.0003518648838845883
0.6333333333333333,0.5370370370370378,0.0,0.0003518648838845883
0.6333333333333333,0.5444444444444438,0.0,0.0
0.6333333333333333,0.5444444444444438,0.0,0.0
0.6333333333333333,0.5518518518518524,0.00020366598778004074,0.0
0.6333333333333333,0.5518518518518524,0.00020366598778004074,0.0
0.6333333333333333,0.5592592592592586,0.0,0.0
0.6333333333333333,0.5592592592592586,0.0,0.0
0.6333333333333333,0.566666666666667,0.0,0.0
0.6333333333333333,0.566666666666667,0.0,0.0
0.6333333333333333,0.5740740740740732,0.00020366598778004074,0.0
0.6333333333333333,0.5740740740740732,0.00020366598778004074,0.0
0.6333333333333333,0.5814814814814816,0.0,0.0003518648838845883
0.6333333333333333,0.5814814814814816,0.0,0.0003518648838845883
0.6333333333333333,0.58888888888889,0.0,0.0003518648838845883
0.6333333333333333,0.58888888888889,0.0,0.0003518648838845883
0.6333333333333333,0.5962962962962962,0.0,0.0003518648838845883
0.6333333333333333,0.5962962962962962,0.0,0.0003518648838845883
0.6333333333333333,0.6037037037037046,0.00020366598778004074,0.0
0.6333333333333333,0.6037037037037046,0.00020366598778004074,0.0
0.6333333333333333,0.6111111111111108,0.00020366598778004074,0.0
0.6333333333333333,0.6111111111111108,0.00020366598778004074,0.0
0.6333333333333333,0.6185185185185194,0.0,0.0003518648838845883
0.6333333333333333,0.6185185185185194,0.0,0.0003518648838845883
0.6333333333333333,0.6259259259259254,0.0,0.0
0.6333333333333333,0.6259259259259254,0.0,0.0
0.6333333333333333,0.633333333333334,0.0,0.0
0.6333333333333333,0.633333333333334,0.0,0.0
0.6333333333333333,0.6407407407407402,0.0,0.0
0.6333333333333333,0.6407407407407402,0.0,0.0
0.6333333333333333,0.6481481481481486,0.0,0.0
0.6333333333333333,0.6481481481481486,0.0,0.0
0.6333333333333333,0.6555555555555548,0.0,0.0
0.6333333333333333,0.6555555555555548,0.0,0.0
0.6333333333333333,0.6629629629629632,0.0,0.0
0.6333333333333333,0.6629629629629632,0.0,0.0
0.6333333333333333,0.6703703703703694,0.0,0.0
0.6333333333333333,0.6703703703703694,0.0,0.0
0.6333333333333333,0.6777777777777778,0.0,0.0
0.6333333333333333,0.6777777777777778,0.0,0.0
0.6333333333333333,0.6851851851851862,0.0,0.0
0.6333333333333333,0.6851851851851862,0.0,0.0
0.6333333333333333,0.6925925925925924,0.0,0.0
0.6333333333333333,0.6925925925925924,0.0,0.0
0.6333333333333333,0.700000000000001,0.0,0.0
0.6333333333333333,0.700000000000001,0.0,0.0
0.6333333333333333,0.707407407407407,0.0,0.0
0.6333333333333333,0.707407407407407,0.0,0.0
0.6333333333333333,0.7148148148148156,0.00020366598778004074,0.0
0.6333333333333333,0.7148148148148156,0.00020366598778004074,0.0
0.6333333333333333,0.7222222222222218,0.0,0.0
0.6333333333333333,0.7222222222222218,0.0,0.0
0.6333333333333333,0.7296296296296302,0.00020366598778004074,0.0
0.6333333333333333,0.7296296296296302,0.00020366598778004074,0.0
0.6333333333333333,0.7370370370370364,0.00020366598778004074,0.0
0.6333333333333333,0.7370370370370364,0.00020366598778004074,0.0
0.6333333333333333,0.7444444444444448,0.00020366598778004074,0.0
0.6333333333333333,0.7444444444444448,0.00020366598778004074,0.0
0.6333333333333333,0.751851851851851,0.00020366598778004074,0.0
0.6333333333333333,0.751851851851851,0.00020366598778004074,0.0
0.6333333333333333,0.7592592592592594,0.00020366598778004074,0.0
0.6333333333333333,0.7592592592592594,0.00020366598778004074,0.0
0.6333333333333333,0.7666666666666656,0.00020366598778004074,0.0
0.6333333333333333,0.7666666666666656,0.00020366598778004074,0.0
0.6333333333333333,0.774074074074074,0.00020366598778004074,0.0
0.6333333333333333,0.774074074074074,0.00020366598778004074,0.0
0.6333333333333333,0.7814814814814826,0.00020366598778004074,0.0
0.6333333333333333,0.7814814814814826,0.00020366598778004074,0.0
0.6333333333333333,0.7888888888888886,0.00020366598778004074,0.0
0.6333333333333333,0.7888888888888886,0.00020366598778004074,0.0
0.6333333333333333,0.7962962962962972,0.00020366598778004074,0.0
0.6333333333333333,0.7962962962962972,0.00020366598778004074,0.0
0.6333333333333333,0.8037037037037034,0.00020366598778004074,0.0
0.6333333333333333,0.8037037037037034,0.00020366598778004074,0.0
0.6333333333333333,0.8111111111111118,0.00020366598778004074,0.0
0.6333333333333333,0.8111111111111118,0.00020366598778004074,0.0
0.6333333333333333,0.818518518518518,0.00020366598778004074,0.0
0.6333333333333333,0.818518518518518,0.00020366598778004074,0.0
0.6333333333333333,0.8259259259259264,0.00020366598778004074,0.0
0.6333333333333333,0.8259259259259264,0.00020366598778004074,0.0
0.6333333333333333,0.8333333333333326,0.00020366598778004074,0.0
0.6333333333333333,0.8333333333333326,0.00020366598778004074,0.0
0.6333333333333333,0.840740740740741,0.00020366598778004074,0.0
0.6333333333333333,0.840740740740741,0.00020366598778004074,0.0
0.6333333333333333,0.8481481481481472,0.00020366598778004074,0.0
0.6333333333333333,0.8481481481481472,0.00020366598778004074,0.0
0.6333333333333333,0.8555555555555556,0.0,0.0003518648838845883
0.6333333333333333,0.8555555555555556,0.0,0.0003518648838845883
0.6333333333333333,0.8629629629629642,0.0,0.0003518648838845883
0.6333333333333333,0.8629629629629642,0.0,0.0003518648838845883
0.6333333333333333,0.8703703703703702,0.0,0.0003518648838845883
0.6333333333333333,0.8703703703703702,0.0,0.0003518648838845883
0.6333333333333333,0.8777777777777788,0.0,0.0003518648838845883
0.6333333333333333,0.8777777777777788,0.0,0.0003518648838845883
0.6333333333333333,0.885185185185185,0.0,0.0003518648838845883
0.6333333333333333,0.885185185185185,0.0,0.0003518648838845883
0.6333333333333333,0.8925925925925934,0.0,0.0003518648838845883
0.6333333333333333,0.8925925925925934,0.0,0.0003518648838845883
0.6333333333333333,0.8999999999999996,0.0,0.0003518648838845883
0.6333333333333333,0.8999999999999996,0.0,0.0003518648838845883
0.6333333333333333,0.907407407407408,0.0,0.0003518648838845883
0.6333333333333333,0.907407407407408,0.0,0.0003518648838845883
0.6333333333333333,0.9148148148148142,0.0,0.0003518648838845883
0.6333333333333333,0.9148148148148142,0.0,0.0003518648838845883
0.6333333333333333,0.9222222222222226,0.00020366598778004074,0.0
0.6333333333333333,0.9222222222222226,0.00020366598778004074,0.0
0.6333333333333333,0.9296296296296288,0.00020366598778004074,0.0
0.6333333333333333,0.9296296296296288,0.00020366598778004074,0.0
0.6333333333333333,0.9370370370370372,0.00020366598778004074,0.0
0.6333333333333333,0.9370370370370372,0.00020366598778004074,0.0
0.6333333333333333,0.9444444444444434,0.00020366598778004074,0.0
0.6333333333333333,0.9444444444444434,0.00020366598778004074,0.0
0.6333333333333333,0.9518518518518518,0.00020366598778004074,0.0
0.6333333333333333,0.9518518518518518,0.00020366598778004074,0.0
0.6333333333333333,0.9592592592592604,0.0,0.0003518648838845883
0.6333333333333333,0.9592592592592604,0.0,0.0003518648838845883
0.6333333333333333,0.9666666666666666,0.0,0.0003518648838845883
0.6333333333333333,0.9666666666666666,0.0,0.0003518648838845883
0.6333333333333333,0.974074074074075,0.00020366598778004074,0.0
0.6333333333333333,0.974074074074075,0.00020366598778004074,0.0
0.6333333333333333,0.9814814814814812,0.0,0.0003518648838845883
0.6333333333333333,0.9814814814814812,0.0,0.0003518648838845883
0.6333333333333333,0.9888888888888896,0.0,0.0
0.6333333333333333,0.9888888888888896,0.0,0.0
0.6333333333333333,0.9962962962962958,0.0,0.0
0.6333333333333333,0.9962962962962958,0.0,0.0
0.6407407407407407,0.4259259259259269,0.0,0.0
0.6407407407407407,0.4259259259259269,0.0,0.0
0.6407407407407407,0.433333333333333,0.00020366598778004074,0.0
0.6407407407407407,0.433333333333333,0.00020366598778004074,0.0
0.6407407407407407,0.4407407407407415,0.00020366598778004074,0.0
0.6407407407407407,0.4407407407407415,0.00020366598778004074,0.0
0.6407407407407407,0.4481481481481477,0.0,0.0003518648838845883
0.6407407407407407,0.4481481481481477,0.0,0.0003518648838845883
0.6407407407407407,0.4555555555555561,0.0,0.0003518648838845883
0.6407407407407407,0.4555555555555561,0.0,0.0003518648838845883
0.6407407407407407,0.4629629629629623,0.0,0.0
0.6407407407407407,0.4629629629629623,0.0,0.0
0.6407407407407407,0.4703703703703707,0.0,0.0003518648838845883
0.6407407407407407,0.4703703703703707,0.0,0.0003518648838845883
0.6407407407407407,0.4777777777777769,0.0,0.0
0.6407407407407407,0.4777777777777769,0.0,0.0
0.6407407407407407,0.4851851851851854,0.0,0.0003518648838845883
0.6407407407407407,0.4851851851851854,0.0,0.0003518648838845883
0.6407407407407407,0.4925925925925915,0.0,0.0003518648838845883
0.6407407407407407,0.4925925925925915,0.0,0.0003518648838845883
0.6407407407407407,0.5,0.0,0.0003518648838845883
0.6407407407407407,0.5,0.0,0.0003518648838845883
0.6407407407407407,0.5074074074074084,0.0,0.0003518648838845883
0.6407407407407407,0.5074074074074084,0.0,0.0003518648838845883
0.6407407407407407,0.5148148148148146,0.0,0.0003518648838845883
0.6407407407407407,0.5148148148148146,0.0,0.0003518648838845883
0.6407407407407407,0.522222222222223,0.0,0.0
0.6407407407407407,0.522222222222223,0.0,0.0
0.6407407407407407,0.5296296296296292,0.0,0.0003518648838845883
0.6407407407407407,0.5296296296296292,0.0,0.0003518648838845883
0.6407407407407407,0.5370370370370378,0.0,0.0003518648838845883
0.6407407407407407,0.5370370370370378,0.0,0.0003518648838845883
0.6407407407407407,0.5444444444444438,0.0,0.0003518648838845883
0.6407407407407407,0.5444444444444438,0.0,0.0003518648838845883
0.6407407407407407,0.5518518518518524,0.0,0.0003518648838845883
0.6407407407407407,0.5518518518518524,0.0,0.0003518648838845883
0.6407407407407407,0.5592592592592586,0.0,0.0
0.6407407407407407,0.5592592592592586,0.0,0.0
0.6407407407407407,0.566666666666667,0.0,0.0
0.6407407407407407,0.566666666666667,0.0,0.0
0.6407407407407407,0.5740740740740732,0.00020366598778004074,0.0
0.6407407407407407,0.5740740740740732,0.00020366598778004074,0.0
0.6407407407407407,0.5814814814814816,0.00020366598778004074,0.0
0.6407407407407407,0.5814814814814816,0.00020366598778004074,0.0
0.6407407407407407,0.58888888888889,0.0,0.0003518648838845883
0.6407407407407407,0.58888888888889,0.0,0.0003518648838845883
0.6407407407407407,0.5962962962962962,0.0,0.0
0.6407407407407407,0.5962962962962962,0.0,0.0
0.6407407407407407,0.6037037037037046,0.00020366598778004074,0.0
0.6407407407407407,0.6037037037037046,0.00020366598778004074,0.0
0.6407407407407407,0.6111111111111108,0.00020366598778004074,0.0
0.6407407407407407,0.6111111111111108,0.00020366598778004074,0.0
0.6407407407407407,0.6185185185185194,0.00020366598778004074,0.0
0.6407407407407407,0.6185185185185194,0.00020366598778004074,0.0
0.6407407407407407,0.6259259259259254,0.0,0.0
0.6407407407407407,0.6259259259259254,0.0,0.0
0.6407407407407407,0.633333333333334,0.0,0.0
0.6407407407407407,0.633333333333334,0.0,0.0
0.6407407407407407,0.6407407407407402,0.0,0.0
0.6407407407407407,0.6407407407407402,0.0,0.0
0.6407407407407407,0.6481481481481486,0.0,0.0
0.6407407407407407,0.6481481481481486,0.0,0.0
0.6407407407407407,0.6555555555555548,0.0,0.0
0.6407407407407407,0.6555555555555548,0.0,0.0
0.6407407407407407,0.6629629629629632,0.0,0.0
0.6407407407407407,0.6629629629629632,0.0,0.0
0.6407407407407407,0.6703703703703694,0.0,0.0
0.6407407407407407,0.6703703703703694,0.0,0.0
0.6407407407407407,0.6777777777777778,0.0,0.0
0.6407407407407407,0.6777777777777778,0.0,0.0
0.6407407407407407,0.6851851851851862,0.0,0.0
0.6407407407407407,0.6851851851851862,0.0,0.0
0.6407407407407407,0.6925925925925924,0.0,0.0
0.6407407407407407,0.6925925925925924,0.0,0.0
0.6407407407407407,0.700000000000001,0.0,0.0
0.6407407407407407,0.700000000000001,0.0,0.0
0.6407407407407407,0.707407407407407,0.00020366598778004074,0.0
0.6407407407407407,0.707407407407407,0.00020366598778004074,0.0
0.6407407407407407,0.7148148148148156,0.0,0.0
0.6407407407407407,0.7148148148148156,0.0,0.0
0.6407407407407407,0.7222222222222218,0.00020366598778004074,0.0
0.6407407407407407,0.7222222222222218,0.00020366598778004074,0.0
0.6407407407407407,0.7296296296296302,0.00020366598778004074,0.0
0.6407407407407407,0.7296296296296302,0.00020366598778004074,0.0
0.6407407407407407,0.7370370370370364,0.00020366598778004074,0.0
0.6407407407407407,0.7370370370370364,0.00020366598778004074,0.0
0.6407407407407407,0.7444444444444448,0.0,0.0
0.6407407407407407,0.7444444444444448,0.0,0.0
0.6407407407407407,0.751851851851851,0.00020366598778004074,0.0
0.6407407407407407,0.751851851851851,0.00020366598778004074,0.0
0.6407407407407407,0.7592592592592594,0.00020366598778004074,0.0
0.6407407407407407,0.7592592592592594,0.00020366598778004074,0.0
0.6407407407407407,0.7666666666666656,0.00020366598778004074,0.0
0.6407407407407407,0.7666666666666656,0.00020366598778004074,0.0
0.6407407407407407,0.774074074074074,0.00020366598778004074,0.0
0.6407407407407407,0.774074074074074,0.00020366598778004074,0.0
0.6407407407407407,0.7814814814814826,0.00020366598778004074,0.0
0.6407407407407407,0.7814814814814826,0.00020366598778004074,0.0
0.6407407407407407,0.7888888888888886,0.00020366598778004074,0.0
0.6407407407407407,0.7888888888888886,0.00020366598778004074,0.0
0.6407407407407407,0.7962962962962972,0.00020366598778004074,0.0
0.6407407407407407,0.7962962962962972,0.00020366598778004074,0.0
0.6407407407407407,0.8037037037037034,0.00020366598778004074,0.0
0.6407407407407407,0.8037037037037034,0.00020366598778004074,0.0
0.6407407407407407,0.8111111111111118,0.00020366598778004074,0.0
0.6407407407407407,0.8111111111111118,0.00020366598778004074,0.0
0.6407407407407407,0.818518518518518,0.00020366598778004074,0.0
0.6407407407407407,0.818518518518518,0.00020366598778004074,0.0
0.6407407407407407,0.8259259259259264,0.00020366598778004074,0.0
0.6407407407407407,0.8259259259259264,0.00020366598778004074,0.0
0.6407407407407407,0.8333333333333326,0.00020366598778004074,0.0
0.6407407407407407,0.8333333333333326,0.00020366598778004074,0.0
0.6407407407407407,0.840740740740741,0.00020366598778004074,0.0
0.6407407407407407,0.840740740740741,0.00020366598778004074,0.0
0.6407407407407407,0.8481481481481472,0.00020366598778004074,0.0
0.6407407407407407,0.8481481481481472,0.00020366598778004074,0.0
0.6407407407407407,0.8555555555555556,0.00020366598778004074,0.0
0.6407407407407407,0.8555555555555556,0.00020366598778004074,0.0
0.6407407407407407,0.8629629629629642,0.00020366598778004074,0.0
0.6407407407407407,0.8629629629629642,0.00020366598778004074,0.0
0.6407407407407407,0.8703703703703702,0.00020366598778004074,0.0
0.6407407407407407,0.8703703703703702,0.00020366598778004074,0.0
0.6407407407407407,0.8777777777777788,0.0,0.0003518648838845883
0.6407407407407407,0.8777777777777788,0.0,0.0003518648838845883
0.6407407407407407,0.885185185185185,0.0,0.0003518648838845883
0.6407407407407407,0.885185185185185,0.0,0.0003518648838845883
0.6407407407407407,0.8925925925925934,0.00020366598778004074,0.0
0.6407407407407407,0.8925925925925934,0.00020366598778004074,0.0
0.6407407407407407,0.8999999999999996,0.00020366598778004074,0.0
0.6407407407407407,0.8999999999999996,0.00020366598778004074,0.0
0.6407407407407407,0.907407407407408,0.00020366598778004074,0.0
0.6407407407407407,0.907407407407408,0.00020366598778004074,0.0
0.6407407407407407,0.9148148148148142,0.00020366598778004074,0.0
0.6407407407407407,0.9148148148148142,0.00020366598778004074,0.0
0.6407407407407407,0.9222222222222226,0.0,0.0003518648838845883
0.6407407407407407,0.9222222222222226,0.0,0.0003518648838845883
0.6407407407407407,0.9296296296296288,0.0,0.0003518648838845883
0.6407407407407407,0.9296296296296288,0.0,0.0003518648838845883
0.6407407407407407,0.9370370370370372,0.00020366598778004074,0.0
0.6407407407407407,0.9370370370370372,0.00020366598778004074,0.0
0.6407407407407407,0.9444444444444434,0.00020366598778004074,0.0
0.6407407407407407,0.9444444444444434,0.00020366598778004074,0.0
0.6407407407407407,0.9518518518518518,0.00020366598778004074,0.0
0.6407407407407407,0.9518518518518518,0.00020366598778004074,0.0
0.6407407407407407,0.9592592592592604,0.00020366598778004074,0.0
0.6407407407407407,0.9592592592592604,0.00020366598778004074,0.0
0.6407407407407407,0.9666666666666666,0.00020366598778004074,0.0
0.6407407407407407,0.9666666666666666,0.00020366598778004074,0.0
0.6407407407407407,0.974074074074075,0.0,0.0003518648838845883
0.6407407407407407,0.974074074074075,0.0,0.0003518648838845883
0.6407407407407407,0.9814814814814812,0.0,0.0
0.6407407407407407,0.9814814814814812,0.0,0.0
0.6407407407407407,0.9888888888888896,0.0,0.0
0.6407407407407407,0.9888888888888896,0.0,0.0
0.6407407407407407,0.9962962962962958,0.0,0.0
0.6407407407407407,0.9962962962962958,0.0,0.0
0.6481481481481481,0.4259259259259269,0.00020366598778004074,0.0
0.6481481481481481,0.4259259259259269,0.00020366598778004074,0.0
0.6481481481481481,0.433333333333333,0.00020366598778004074,0.0
0.6481481481481481,0.433333333333333,0.00020366598778004074,0.0
0.6481481481481481,0.4407407407407415,0.00020366598778004074,0.0
0.6481481481481481,0.4407407407407415,0.00020366598778004074,0.0
0.6481481481481481,0.4481481481481477,0.0,0.0
0.6481481481481481,0.4481481481481477,0.0,0.0
0.6481481481481481,0.4555555555555561,0.0,0.0003518648838845883
0.6481481481481481,0.4555555555555561,0.0,0.0003518648838845883
0.6481481481481481,0.4629629629629623,0.0,0.0003518648838845883
0.6481481481481481,0.4629629629629623,0.0,0.0003518648838845883
0.6481481481481481,0.4703703703703707,0.0,0.0003518648838845883
0.6481481481481481,0.4703703703703707,0.0,0.0003518648838845883
0.6481481481481481,0.4777777777777769,0.0,0.0003518648838845883
0.6481481481481481,0.4777777777777769,0.0,0.0003518648838845883
0.6481481481481481,0.4851851851851854,0.0,0.0003518648838845883
0.6481481481481481,0.4851851851851854,0.0,0.0003518648838845883
0.6481481481481481,0.4925925925925915,0.0,0.0003518648838845883
0.6481481481481481,0.4925925925925915,0.0,0.0003518648838845883
0.6481481481481481,0.5,0.0,0.0003518648838845883
0.6481481481481481,0.5,0.0,0.0003518648838845883
0.6481481481481481,0.5074074074074084,0.0,0.0003518648838845883
0.6481481481481481,0.5074074074074084,0.0,0.0003518648838845883
0.6481481481481481,0.5148148148148146,0.0,0.0003518648838845883
0.6481481481481481,0.5148148148148146,0.0,0.0003518648838845883
0.6481481481481481,0.522222222222223,0.0,0.0
0.6481481481481481,0.522222222222223,0.0,0.0
0.6481481481481481,0.5296296296296292,0.0,0.0003518648838845883
0.6481481481481481,0.5296296296296292,0.0,0.0003518648838845883
0.6481481481481481,0.5370370370370378,0.0,0.0003518648838845883
0.6481481481481481,0.5370370370370378,0.0,0.0003518648838845883
0.6481481481481481,0.5444444444444438,0.0,0.0003518648838845883
0.6481481481481481,0.5444444444444438,0.0,0.0003518648838845883
0.6481481481481481,0.5518518518518524,0.0,0.0003518648838845883
0.6481481481481481,0.5518518518518524,0.0,0.0003518648838845883
0.6481481481481481,0.5592592592592586,0.0,0.0
0.6481481481481481,0.5592592592592586,0.0,0.0
0.6481481481481481,0.566666666666667,0.0,0.0
0.6481481481481481,0.566666666666667,0.0,0.0
0.6481481481481481,0.5740740740740732,0.0,0.0003518648838845883
0.6481481481481481,0.5740740740740732,0.0,0.0003518648838845883
0.6481481481481481,0.5814814814814816,0.00020366598778004074,0.0
0.6481481481481481,0.5814814814814816,0.00020366598778004074,0.0
0.6481481481481481,0.58888888888889,0.0,0.0003518648838845883
0.6481481481481481,0.58888888888889,0.0,0.0003518648838845883
0.6481481481481481,0.5962962962962962,0.0,0.0
0.6481481481481481,0.5962962962962962,0.0,0.0
0.6481481481481481,0.6037037037037046,0.00020366598778004074,0.0
0.6481481481481481,0.6037037037037046,0.00020366598778004074,0.0
0.6481481481481481,0.6111111111111108,0.00020366598778004074,0.0
0.6481481481481481,0.6111111111111108,0.00020366598778004074,0.0
0.6481481481481481,0.6185185185185194,0.0,0.0
0.6481481481481481,0.6185185185185194,0.0,0.0
0.6481481481481481,0.6259259259259254,0.0,0.0
0.6481481481481481,0.6259259259259254,0.0,0.0
0.6481481481481481,0.633333333333334,0.0,0.0
0.6481481481481481,0.633333333333334,0.0,0.0
0.6481481481481481,0.6407407407407402,0.0,0.0
0.6481481481481481,0.6407407407407402,0.0,0.0
0.6481481481481481,0.6481481481481486,0.0,0.0
0.6481481481481481,0.6481481481481486,0.0,0.0
0.6481481481481481,0.6555555555555548,0.0,0.0
0.6481481481481481,0.6555555555555548,0.0,0.0
0.6481481481481481,0.6629629629629632,0.0,0.0
0.6481481481481481,0.6629629629629632,0.0,0.0
0.6481481481481481,0.6703703703703694,0.0,0.0
0.6481481481481481,0.6703703703703694,0.0,0.0
0.6481481481481481,0.6777777777777778,0.0,0.0
0.6481481481481481,0.6777777777777778,0.0,0.0
0.6481481481481481,0.6851851851851862,0.0,0.0
0.6481481481481481,0.6851851851851862,0.0,0.0
0.6481481481481481,0.6925925925925924,0.0,0.0
0.6481481481481481,0.6925925925925924,0.0,0.0
0.6481481481481481,0.700000000000001,0.0,0.0
0.6481481481481481,0.700000000000001,0.0,0.0
0.6481481481481481,0.707407407407407,0.00020366598778004074,0.0
0.6481481481481481,0.707407407407407,0.00020366598778004074,0.0
0.6481481481481481,0.7148148148148156,0.00020366598778004074,0.0
0.6481481481481481,0.7148148148148156,0.00020366598778004074,0.0
0.6481481481481481,0.7222222222222218,0.00020366598778004074,0.0
0.6481481481481481,0.7222222222222218,0.00020366598778004074,0.0
0.6481481481481481,0.7296296296296302,0.00020366598778004074,0.0
0.6481481481481481,0.7296296296296302,0.00020366598778004074,0.0
0.6481481481481481,0.7370370370370364,0.00020366598778004074,0.0
0.6481481481481481,0.7370370370370364,0.00020366598778004074,0.0
0.6481481481481481,0.7444444444444448,0.00020366598778004074,0.0
0.6481481481481481,0.7444444444444448,0.00020366598778004074,0.0
0.6481481481481481,0.751851851851851,0.00020366598778004074,0.0
0.6481481481481481,0.751851851851851,0.00020366598778004074,0.0
0.6481481481481481,0.7592592592592594,0.00020366598778004074,0.0
0.6481481481481481,0.7592592592592594,0.00020366598778004074,0.0
0.6481481481481481,0.7666666666666656,0.00020366598778004074,0.0
0.6481481481481481,0.7666666666666656,0.00020366598778004074,0.0
0.6481481481481481,0.774074074074074,0.0,0.0
0.6481481481481481,0.774074074074074,0.0,0.0
0.6481481481481481,0.7814814814814826,0.00020366598778004074,0.0
0.6481481481481481,0.7814814814814826,0.00020366598778004074,0.0
0.6481481481481481,0.7888888888888886,0.00020366598778004074,0.0
0.6481481481481481,0.7888888888888886,0.00020366598778004074,0.0
0.6481481481481481,0.7962962962962972,0.00020366598778004074,0.0
0.6481481481481481,0.7962962962962972,0.00020366598778004074,0.0
0.6481481481481481,0.8037037037037034,0.00020366598778004074,0.0
0.6481481481481481,0.8037037037037034,0.00020366598778004074,0.0
0.6481481481481481,0.8111111111111118,0.00020366598778004074,0.0
0.6481481481481481,0.8111111111111118,0.00020366598778004074,0.0
0.6481481481481481,0.818518518518518,0.00020366598778004074,0.0
0.6481481481481481,0.818518518518518,0.00020366598778004074,0.0
0.6481481481481481,0.8259259259259264,0.00020366598778004074,0.0
0.6481481481481481,0.8259259259259264,0.00020366598778004074,0.0
0.6481481481481481,0.8333333333333326,0.00020366598778004074,0.0
0.6481481481481481,0.8333333333333326,0.00020366598778004074,0.0
0.6481481481481481,0.840740740740741,0.00020366598778004074,0.0
0.6481481481481481,0.840740740740741,0.00020366598778004074,0.0
0.6481481481481481,0.8481481481481472,0.00020366598778004074,0.0
0.6481481481481481,0.8481481481481472,0.00020366598778004074,0.0
0.6481481481481481,0.8555555555555556,0.00020366598778004074,0.0
0.6481481481481481,0.8555555555555556,0.00020366598778004074,0.0
0.6481481481481481,0.8629629629629642,0.00020366598778004074,0.0
0.6481481481481481,0.8629629629629642,0.00020366598778004074,0.0
0.6481481481481481,0.8703703703703702,0.00020366598778004074,0.0
0.6481481481481481,0.8703703703703702,0.00020366598778004074,0.0
0.6481481481481481,0.8777777777777788,0.00020366598778004074,0.0
0.6481481481481481,0.8777777777777788,0.00020366598778004074,0.0
0.6481481481481481,0.885185185185185,0.00020366598778004074,0.0
0.6481481481481481,0.885185185185185,0.00020366598778004074,0.0
0.6481481481481481,0.8925925925925934,0.00020366598778004074,0.0
0.6481481481481481,0.8925925925925934,0.00020366598778004074,0.0
0.6481481481481481,0.8999999999999996,0.00020366598778004074,0.0
0.6481481481481481,0.8999999999999996,0.00020366598778004074,0.0
0.6481481481481481,0.907407407407408,0.0,0.0
0.6481481481481481,0.907407407407408,0.0,0.0
0.6481481481481481,0.9148148148148142,0.00020366598778004074,0.0
0.6481481481481481,0.9148148148148142,0.00020366598778004074,0.0
0.6481481481481481,0.9222222222222226,0.00020366598778004074,0.0
0.6481481481481481,0.9222222222222226,0.00020366598778004074,0.0
0.6481481481481481,0.9296296296296288,0.00020366598778004074,0.0
0.6481481481481481,0.9296296296296288,0.00020366598778004074,0.0
0.6481481481481481,0.9370370370370372,0.00020366598778004074,0.0
0.6481481481481481,0.9370370370370372,0.00020366598778004074,0.0
0.6481481481481481,0.9444444444444434,0.00020366598778004074,0.0
0.6481481481481481,0.9444444444444434,0.00020366598778004074,0.0
0.6481481481481481,0.9518518518518518,0.00020366598778004074,0.0
0.6481481481481481,0.9518518518518518,0.00020366598778004074,0.0
0.6481481481481481,0.9592592592592604,0.00020366598778004074,0.0
0.6481481481481481,0.9592592592592604,0.00020366598778004074,0.0
0.6481481481481481,0.9666666666666666,0.00020366598778004074,0.0
0.6481481481481481,0.9666666666666666,0.00020366598778004074,0.0
0.6481481481481481,0.974074074074075,0.00020366598778004074,0.0
0.6481481481481481,0.974074074074075,0.00020366598778004074,0.0
0.6481481481481481,0.9814814814814812,0.0,0.0
0.6481481481481481,0.9814814814814812,0.0,0.0
0.6481481481481481,0.9888888888888896,0.00020366598778004074,0.0
0.6481481481481481,0.9888888888888896,0.00020366598778004074,0.0
0.6481481481481481,0.9962962962962958,0.00020366598778004074,0.0
0.6481481481481481,0.9962962962962958,0.00020366598778004074,0.0
0.6555555555555557,0.4259259259259269,0.00020366598778004074,0.0
0.6555555555555557,0.4259259259259269,0.00020366598778004074,0.0
0.6555555555555557,0.433333333333333,0.00020366598778004074,0.0
0.6555555555555557,0.433333333333333,0.00020366598778004074,0.0
0.6555555555555557,0.4407407407407415,0.0,0.0003518648838845883
0.6555555555555557,0.4407407407407415,0.0,0.0003518648838845883
0.6555555555555557,0.4481481481481477,0.00020366598778004074,0.0
0.6555555555555557,0.4481481481481477,0.00020366598778004074,0.0
0.6555555555555557,0.4555555555555561,0.00020366598778004074,0.0
0.6555555555555557,0.4555555555555561,0.00020366598778004074,0.0
0.6555555555555557,0.4629629629629623,0.0,0.0003518648838845883
0.6555555555555557,0.4629629629629623,0.0,0.0003518648838845883
0.6555555555555557,0.4703703703703707,0.0,0.0
0.6555555555555557,0.4703703703703707,0.0,0.0
0.6555555555555557,0.4777777777777769,0.0,0.0003518648838845883
0.6555555555555557,0.4777777777777769,0.0,0.0003518648838845883
0.6555555555555557,0.4851851851851854,0.0,0.0003518648838845883
0.6555555555555557,0.4851851851851854,0.0,0.0003518648838845883
0.6555555555555557,0.4925925925925915,0.0,0.0003518648838845883
0.6555555555555557,0.4925925925925915,0.0,0.0003518648838845883
0.6555555555555557,0.5,0.0,0.0003518648838845883
0.6555555555555557,0.5,0.0,0.0003518648838845883
0.6555555555555557,0.5074074074074084,0.0,0.0003518648838845883
0.6555555555555557,0.5074074074074084,0.0,0.0003518648838845883
0.6555555555555557,0.5148148148148146,0.0,0.0003518648838845883
0.6555555555555557,0.5148148148148146,0.0,0.0003518648838845883
0.6555555555555557,0.522222222222223,0.0,0.0003518648838845883
0.6555555555555557,0.522222222222223,0.0,0.0003518648838845883
0.6555555555555557,0.5296296296296292,0.0,0.0003518648838845883
0.6555555555555557,0.5296296296296292,0.0,0.0003518648838845883
0.6555555555555557,0.5370370370370378,0.0,0.0
0.6555555555555557,0.5370370370370378,0.0,0.0
0.6555555555555557,0.5444444444444438,0.0,0.0003518648838845883
0.6555555555555557,0.5444444444444438,0.0,0.0003518648838845883
0.6555555555555557,0.5518518518518524,0.0,0.0003518648838845883
0.6555555555555557,0.5518518518518524,0.0,0.0003518648838845883
0.6555555555555557,0.5592592592592586,0.0,0.0
0.6555555555555557,0.5592592592592586,0.0,0.0
0.6555555555555557,0.566666666666667,0.0,0.0003518648838845883
0.6555555555555557,0.566666666666667,0.0,0.0003518648838845883
0.6555555555555557,0.5740740740740732,0.0,0.0003518648838845883
0.6555555555555557,0.5740740740740732,0.0,0.0003518648838845883
0.6555555555555557,0.5814814814814816,0.00020366598778004074,0.0
0.6555555555555557,0.5814814814814816,0.00020366598778004074,0.0
0.6555555555555557,0.58888888888889,0.00020366598778004074,0.0
0.6555555555555557,0.58888888888889,0.00020366598778004074,0.0
0.6555555555555557,0.5962962962962962,0.00020366598778004074,0.0
0.6555555555555557,0.5962962962962962,0.00020366598778004074,0.0
0.6555555555555557,0.6037037037037046,0.0,0.0
0.6555555555555557,0.6037037037037046,0.0,0.0
0.6555555555555557,0.6111111111111108,0.00020366598778004074,0.0
0.6555555555555557,0.6111111111111108,0.00020366598778004074,0.0
0.6555555555555557,0.6185185185185194,0.00020366598778004074,0.0
0.6555555555555557,0.6185185185185194,0.00020366598778004074,0.0
0.6555555555555557,0.6259259259259254,0.0,0.0
0.6555555555555557,0.6259259259259254,0.0,0.0
0.6555555555555557,0.633333333333334,0.0,0.0
0.6555555555555557,0.633333333333334,0.0,0.0
0.6555555555555557,0.6407407407407402,0.0,0.0
0.6555555555555557,0.6407407407407402,0.0,0.0
0.6555555555555557,0.6481481481481486,0.0,0.0
0.6555555555555557,0.6481481481481486,0.0,0.0
0.6555555555555557,0.6555555555555548,0.0,0.0
0.6555555555555557,0.6555555555555548,0.0,0.0
0.6555555555555557,0.6629629629629632,0.0,0.0
0.6555555555555557,0.6629629629629632,0.0,0.0
0.6555555555555557,0.6703703703703694,0.0,0.0
0.6555555555555557,0.6703703703703694,0.0,0.0
0.6555555555555557,0.6777777777777778,0.0,0.0
0.6555555555555557,0.6777777777777778,0.0,0.0
0.6555555555555557,0.6851851851851862,0.0,0.0
0.6555555555555557,0.6851851851851862,0.0,0.0
0.6555555555555557,0.6925925925925924,0.0,0.0
0.6555555555555557,0.6925925925925924,0.0,0.0
0.6555555555555557,0.700000000000001,0.00020366598778004074,0.0
0.6555555555555557,0.700000000000001,0.00020366598778004074,0.0
0.6555555555555557,0.707407407407407,0.00020366598778004074,0.0
0.6555555555555557,0.707407407407407,0.00020366598778004074,0.0
0.6555555555555557,0.7148148148148156,0.00020366598778004074,0.0
0.6555555555555557,0.7148148148148156,0.00020366598778004074,0.0
0.6555555555555557,0.7222222222222218,0.00020366598778004074,0.0
0.6555555555555557,0.7222222222222218,0.00020366598778004074,0.0
0.6555555555555557,0.7296296296296302,0.00020366598778004074,0.0
0.6555555555555557,0.7296296296296302,0.00020366598778004074,0.0
0.6555555555555557,0.7370370370370364,0.00020366598778004074,0.0
0.6555555555555557,0.7370370370370364,0.00020366598778004074,0.0
0.6555555555555557,0.7444444444444448,0.00020366598778004074,0.0
0.6555555555555557,0.7444444444444448,0.00020366598778004074,0.0
0.6555555555555557,0.751851851851851,0.0,0.0
0.6555555555555557,0.751851851851851,0.0,0.0
0.6555555555555557,0.7592592592592594,0.0,0.0
0.6555555555555557,0.7592592592592594,0.0,0.0
0.6555555555555557,0.7666666666666656,0.00020366598778004074,0.0
0.6555555555555557,0.7666666666666656,0.00020366598778004074,0.0
0.6555555555555557,0.774074074074074,0.00020366598778004074,0.0
0.6555555555555557,0.774074074074074,0.00020366598778004074,0.0
0.6555555555555557,0.7814814814814826,0.00020366598778004074,0.0
0.6555555555555557,0.7814814814814826,0.00020366598778004074,0.0
0.6555555555555557,0.7888888888888886,0.00020366598778004074,0.0
0.6555555555555557,0.7888888888888886,0.00020366598778004074,0.0
0.6555555555555557,0.7962962962962972,0.00020366598778004074,0.0
0.6555555555555557,0.7962962962962972,0.00020366598778004074,0.0
0.6555555555555557,0.8037037037037034,0.00020366598778004074,0.0
0.6555555555555557,0.8037037037037034,0.00020366598778004074,0.0
0.6555555555555557,0.8111111111111118,0.00020366598778004074,0.0
0.6555555555555557,0.8111111111111118,0.00020366598778004074,0.0
0.6555555555555557,0.818518518518518,0.00020366598778004074,0.0
0.6555555555555557,0.818518518518518,0.00020366598778004074,0.0
0.6555555555555557,0.8259259259259264,0.00020366598778004074,0.0
0.6555555555555557,0.8259259259259264,0.00020366598778004074,0.0
0.6555555555555557,0.8333333333333326,0.00020366598778004074,0.0
0.6555555555555557,0.8333333333333326,0.00020366598778004074,0.0
0.6555555555555557,0.840740740740741,0.00020366598778004074,0.0
0.6555555555555557,0.840740740740741,0.00020366598778004074,0.0
0.6555555555555557,0.8481481481481472,0.00020366598778004074,0.0
0.6555555555555557,0.8481481481481472,0.00020366598778004074,0.0
0.6555555555555557,0.8555555555555556,0.00020366598778004074,0.0
0.6555555555555557,0.8555555555555556,0.00020366598778004074,0.0
0.6555555555555557,0.8629629629629642,0.00020366598778004074,0.0
0.6555555555555557,0.8629629629629642,0.00020366598778004074,0.0
0.6555555555555557,0.8703703703703702,0.00020366598778004074,0.0
0.6555555555555557,0.8703703703703702,0.00020366598778004074,0.0
0.6555555555555557,0.8777777777777788,0.00020366598778004074,0.0
0.6555555555555557,0.8777777777777788,0.00020366598778004074,0.0
0.6555555555555557,0.885185185185185,0.00020366598778004074,0.0
0.6555555555555557,0.885185185185185,0.00020366598778004074,0.0
0.6555555555555557,0.8925925925925934,0.00020366598778004074,0.0
0.6555555555555557,0.8925925925925934,0.00020366598778004074,0.0
0.6555555555555557,0.8999999999999996,0.00020366598778004074,0.0
0.6555555555555557,0.8999999999999996,0.00020366598778004074,0.0
0.6555555555555557,0.907407407407408,0.0,0.0
0.6555555555555557,0.907407407407408,0.0,0.0
0.6555555555555557,0.9148148148148142,0.0,0.0
0.6555555555555557,0.9148148148148142,0.0,0.0
0.6555555555555557,0.9222222222222226,0.0,0.0
0.6555555555555557,0.9222222222222226,0.0,0.0
0.6555555555555557,0.9296296296296288,0.0,0.0
0.6555555555555557,0.9296296296296288,0.0,0.0
0.6555555555555557,0.9370370370370372,0.00020366598778004074,0.0
0.6555555555555557,0.9370370370370372,0.00020366598778004074,0.0
0.6555555555555557,0.9444444444444434,0.00020366598778004074,0.0
0.6555555555555557,0.9444444444444434,0.00020366598778004074,0.0
0.6555555555555557,0.9518518518518518,0.00020366598778004074,0.0
0.6555555555555557,0.9518518518518518,0.00020366598778004074,0.0
0.6555555555555557,0.9592592592592604,0.00020366598778004074,0.0
0.6555555555555557,0.9592592592592604,0.00020366598778004074,0.0
0.6555555555555557,0.9666666666666666,0.0,0.0
0.6555555555555557,0.9666666666666666,0.0,0.0
0.6555555555555557,0.974074074074075,0.0,0.0
0.6555555555555557,0.974074074074075,0.0,0.0
0.6555555555555557,0.9814814814814812,0.0,0.0
0.6555555555555557,0.9814814814814812,0.0,0.0
0.6555555555555557,0.9888888888888896,0.0,0.0
0.6555555555555557,0.9888888888888896,0.0,0.0
0.6555555555555557,0.9962962962962958,0.0,0.0
0.6555555555555557,0.9962962962962958,0.0,0.0
0.662962962962963,0.4259259259259269,0.00020366598778004074,0.0
0.662962962962963,0.4259259259259269,0.00020366598778004074,0.0
0.662962962962963,0.433333333333333,0.00020366598778004074,0.0
0.662962962962963,0.433333333333333,0.00020366598778004074,0.0
0.662962962962963,0.4407407407407415,0.00020366598778004074,0.0
0.662962962962963,0.4407407407407415,0.00020366598778004074,0.0
0.662962962962963,0.4481481481481477,0.00020366598778004074,0.0
0.662962962962963,0.4481481481481477,0.00020366598778004074,0.0
0.662962962962963,0.4555555555555561,0.0,0.0
0.662962962962963,0.4555555555555561,0.0,0.0
0.662962962962963,0.4629629629629623,0.0,0.0003518648838845883
0.662962962962963,0.4629629629629623,0.0,0.0003518648838845883
0.662962962962963,0.4703703703703707,0.0,0.0003518648838845883
0.662962962962963,0.4703703703703707,0.0,0.0003518648838845883
0.662962962962963,0.4777777777777769,0.0,0.0003518648838845883
0.662962962962963,0.4777777777777769,0.0,0.0003518648838845883
0.662962962962963,0.4851851851851854,0.0,0.0003518648838845883
0.662962962962963,0.4851851851851854,0.0,0.0003518648838845883
0.662962962962963,0.4925925925925915,0.0,0.0003518648838845883
0.662962962962963,0.4925925925925915,0.0,0.0003518648838845883
0.662962962962963,0.5,0.0,0.0003518648838845883
0.662962962962963,0.5,0.0,0.0003518648838845883
0.662962962962963,0.5074074074074084,0.0,0.0
0.662962962962963,0.5074074074074084,0.0,0.0
0.662962962962963,0.5148148148148146,0.0,0.0003518648838845883
0.662962962962963,0.5148148148148146,0.0,0.0003518648838845883
0.662962962962963,0.522222222222223,0.0,0.0
0.662962962962963,0.522222222222223,0.0,0.0
0.662962962962963,0.5296296296296292,0.0,0.0003518648838845883
0.662962962962963,0.5296296296296292,0.0,0.0003518648838845883
0.662962962962963,0.5370370370370378,0.0,0.0003518648838845883
0.662962962962963,0.5370370370370378,0.0,0.0003518648838845883
0.662962962962963,0.5444444444444438,0.0,0.0003518648838845883
0.662962962962963,0.5444444444444438,0.0,0.0003518648838845883
0.662962962962963,0.5518518518518524,0.0,0.0
0.662962962962963,0.5518518518518524,0.0,0.0
0.662962962962963,0.5592592592592586,0.00020366598778004074,0.0
0.662962962962963,0.5592592592592586,0.00020366598778004074,0.0
0.662962962962963,0.566666666666667,0.0,0.0003518648838845883
0.662962962962963,0.566666666666667,0.0,0.0003518648838845883
0.662962962962963,0.5740740740740732,0.0,0.0003518648838845883
0.662962962962963,0.5740740740740732,0.0,0.0003518648838845883
0.662962962962963,0.5814814814814816,0.0,0.0003518648838845883
0.662962962962963,0.5814814814814816,0.0,0.0003518648838845883
0.662962962962963,0.58888888888889,0.00020366598778004074,0.0
0.662962962962963,0.58888888888889,0.00020366598778004074,0.0
0.662962962962963,0.5962962962962962,0.00020366598778004074,0.0
0.662962962962963,0.5962962962962962,0.00020366598778004074,0.0
0.662962962962963,0.6037037037037046,0.00020366598778004074,0.0
0.662962962962963,0.6037037037037046,0.00020366598778004074,0.0
0.662962962962963,0.6111111111111108,0.00020366598778004074,0.0
0.662962962962963,0.6111111111111108,0.00020366598778004074,0.0
0.662962962962963,0.6185185185185194,0.00020366598778004074,0.0
0.662962962962963,0.6185185185185194,0.00020366598778004074,0.0
0.662962962962963,0.6259259259259254,0.0,0.0
0.662962962962963,0.6259259259259254,0.0,0.0
0.662962962962963,0.633333333333334,0.0,0.0
0.662962962962963,0.633333333333334,0.0,0.0
0.662962962962963,0.6407407407407402,0.0,0.0
0.662962962962963,0.6407407407407402,0.0,0.0
0.662962962962963,0.6481481481481486,0.0,0.0
0.662962962962963,0.6481481481481486,0.0,0.0
0.662962962962963,0.6555555555555548,0.0,0.0
0.662962962962963,0.6555555555555548,0.0,0.0
0.662962962962963,0.6629629629629632,0.0,0.0
0.662962962962963,0.6629629629629632,0.0,0.0
0.662962962962963,0.6703703703703694,0.0,0.0
0.662962962962963,0.6703703703703694,0.0,0.0
0.662962962962963,0.6777777777777778,0.0,0.0
0.662962962962963,0.6777777777777778,0.0,0.0
0.662962962962963,0.6851851851851862,0.0,0.0
0.662962962962963,0.6851851851851862,0.0,0.0
0.662962962962963,0.6925925925925924,0.00020366598778004074,0.0
0.662962962962963,0.6925925925925924,0.00020366598778004074,0.0
0.662962962962963,0.700000000000001,0.00020366598778004074,0.0
0.662962962962963,0.700000000000001,0.00020366598778004074,0.0
0.662962962962963,0.707407407407407,0.00020366598778004074,0.0
0.662962962962963,0.707407407407407,0.00020366598778004074,0.0
0.662962962962963,0.7148148148148156,0.00020366598778004074,0.0
0.662962962962963,0.7148148148148156,0.00020366598778004074,0.0
0.662962962962963,0.7222222222222218,0.00020366598778004074,0.0
0.662962962962963,0.7222222222222218,0.00020366598778004074,0.0
0.662962962962963,0.7296296296296302,0.00020366598778004074,0.0
0.662962962962963,0.7296296296296302,0.00020366598778004074,0.0
0.662962962962963,0.7370370370370364,0.0,0.0
0.662962962962963,0.7370370370370364,0.0,0.0
0.662962962962963,0.7444444444444448,0.0,0.0
0.662962962962963,0.7444444444444448,0.0,0.0
0.662962962962963,0.751851851851851,0.0,0.0
0.662962962962963,0.751851851851851,0.0,0.0
0.662962962962963,0.7592592592592594,0.0,0.0
0.662962962962963,0.7592592592592594,0.0,0.0
0.662962962962963,0.7666666666666656,0.00020366598778004074,0.0
0.662962962962963,0.7666666666666656,0.00020366598778004074,0.0
0.662962962962963,0.774074074074074,0.00020366598778004074,0.0
0.662962962962963,0.774074074074074,0.00020366598778004074,0.0
0.662962962962963,0.7814814814814826,0.00020366598778004074,0.0
0.662962962962963,0.7814814814814826,0.00020366598778004074,0.0
0.662962962962963,0.7888888888888886,0.00020366598778004074,0.0
0.662962962962963,0.7888888888888886,0.00020366598778004074,0.0
0.662962962962963,0.7962962962962972,0.00020366598778004074,0.0
0.662962962962963,0.7962962962962972,0.00020366598778004074,0.0
0.662962962962963,0.8037037037037034,0.00020366598778004074,0.0
0.662962962962963,0.8037037037037034,0.00020366598778004074,0.0
0.662962962962963,0.8111111111111118,0.00020366598778004074,0.0
0.662962962962963,0.8111111111111118,0.00020366598778004074,0.0
0.662962962962963,0.818518518518518,0.00020366598778004074,0.0
0.662962962962963,0.818518518518518,0.00020366598778004074,0.0
0.662962962962963,0.8259259259259264,0.00020366598778004074,0.0
0.662962962962963,0.8259259259259264,0.00020366598778004074,0.0
0.662962962962963,0.8333333333333326,0.00020366598778004074,0.0
0.662962962962963,0.8333333333333326,0.00020366598778004074,0.0
0.662962962962963,0.840740740740741,0.0,0.0
0.662962962962963,0.840740740740741,0.0,0.0
0.662962962962963,0.8481481481481472,0.00020366598778004074,0.0
0.662962962962963,0.8481481481481472,0.00020366598778004074,0.0
0.662962962962963,0.8555555555555556,0.0,0.0
0.662962962962963,0.8555555555555556,0.0,0.0
0.662962962962963,0.8629629629629642,0.0,0.0
0.662962962962963,0.8629629629629642,0.0,0.0
0.662962962962963,0.8703703703703702,0.0,0.0
0.662962962962963,0.8703703703703702,0.0,0.0
0.662962962962963,0.8777777777777788,0.00020366598778004074,0.0
0.662962962962963,0.8777777777777788,0.00020366598778004074,0.0
0.662962962962963,0.885185185185185,0.00020366598778004074,0.0
0.662962962962963,0.885185185185185,0.00020366598778004074,0.0
0.662962962962963,0.8925925925925934,0.00020366598778004074,0.0
0.662962962962963,0.8925925925925934,0.00020366598778004074,0.0
0.662962962962963,0.8999999999999996,0.00020366598778004074,0.0
0.662962962962963,0.8999999999999996,0.00020366598778004074,0.0
0.662962962962963,0.907407407407408,0.00020366598778004074,0.0
0.662962962962963,0.907407407407408,0.00020366598778004074,0.0
0.662962962962963,0.9148148148148142,0.0,0.0
0.662962962962963,0.9148148148148142,0.0,0.0
0.662962962962963,0.9222222222222226,0.0,0.0
0.662962962962963,0.9222222222222226,0.0,0.0
0.662962962962963,0.9296296296296288,0.0,0.0
0.662962962962963,0.9296296296296288,0.0,0.0
0.662962962962963,0.9370370370370372,0.0,0.0
0.662962962962963,0.9370370370370372,0.0,0.0
0.662962962962963,0.9444444444444434,0.00020366598778004074,0.0
0.662962962962963,0.9444444444444434,0.00020366598778004074,0.0
0.662962962962963,0.9518518518518518,0.00020366598778004074,0.0
0.662962962962963,0.9518518518518518,0.00020366598778004074,0.0
0.662962962962963,0.9592592592592604,0.0,0.0
0.662962962962963,0.9592592592592604,0.0,0.0
0.662962962962963,0.9666666666666666,0.00020366598778004074,0.0
0.662962962962963,0.9666666666666666,0.00020366598778004074,0.0
0.662962962962963,0.974074074074075,0.00020366598778004074,0.0
0.662962962962963,0.974074074074075,0.00020366598778004074,0.0
0.662962962962963,0.9814814814814812,0.0,0.0
0.662962962962963,0.9814814814814812,0.0,0.0
0.662962962962963,0.9888888888888896,0.0,0.0
0.662962962962963,0.9888888888888896,0.0,0.0
0.662962962962963,0.9962962962962958,0.00020366598778004074,0.0
0.662962962962963,0.9962962962962958,0.00020366598778004074,0.0
0.6703703703703703,0.4185185185185184,0.00020366598778004074,0.0
0.6703703703703703,0.4185185185185184,0.00020366598778004074,0.0
0.6703703703703703,0.4259259259259269,0.00020366598778004074,0.0
0.6703703703703703,0.4259259259259269,0.00020366598778004074,0.0
0.6703703703703703,0.433333333333333,0.0,0.0003518648838845883
0.6703703703703703,0.433333333333333,0.0,0.0003518648838845883
0.6703703703703703,0.4407407407407415,0.00020366598778004074,0.0
0.6703703703703703,0.4407407407407415,0.00020366598778004074,0.0
0.6703703703703703,0.4481481481481477,0.00020366598778004074,0.0
0.6703703703703703,0.4481481481481477,0.00020366598778004074,0.0
0.6703703703703703,0.4555555555555561,0.0,0.0
0.6703703703703703,0.4555555555555561,0.0,0.0
0.6703703703703703,0.4629629629629623,0.0,0.0003518648838845883
0.6703703703703703,0.4629629629629623,0.0,0.0003518648838845883
0.6703703703703703,0.4703703703703707,0.0,0.0003518648838845883
0.6703703703703703,0.4703703703703707,0.0,0.0003518648838845883
0.6703703703703703,0.4777777777777769,0.0,0.0003518648838845883
0.6703703703703703,0.4777777777777769,0.0,0.0003518648838845883
0.6703703703703703,0.4851851851851854,0.0,0.0003518648838845883
0.6703703703703703,0.4851851851851854,0.0,0.0003518648838845883
0.6703703703703703,0.4925925925925915,0.0,0.0003518648838845883
0.6703703703703703,0.4925925925925915,0.0,0.0003518648838845883
0.6703703703703703,0.5,0.0,0.0003518648838845883
0.6703703703703703,0.5,0.0,0.0003518648838845883
0.6703703703703703,0.5074074074074084,0.0,0.0003518648838845883
0.6703703703703703,0.5074074074074084,0.0,0.0003518648838845883
0.6703703703703703,0.5148148148148146,0.0,0.0003518648838845883
0.6703703703703703,0.5148148148148146,0.0,0.0003518648838845883
0.6703703703703703,0.522222222222223,0.0,0.0
0.6703703703703703,0.522222222222223,0.0,0.0
0.6703703703703703,0.5296296296296292,0.00020366598778004074,0.0
0.6703703703703703,0.5296296296296292,0.00020366598778004074,0.0
0.6703703703703703,0.5370370370370378,0.0,0.0003518648838845883
0.6703703703703703,0.5370370370370378,0.0,0.0003518648838845883
0.6703703703703703,0.5444444444444438,0.0,0.0003518648838845883
0.6703703703703703,0.5444444444444438,0.0,0.0003518648838845883
0.6703703703703703,0.5518518518518524,0.0,0.0003518648838845883
0.6703703703703703,0.5518518518518524,0.0,0.0003518648838845883
0.6703703703703703,0.5592592592592586,0.0,0.0003518648838845883
0.6703703703703703,0.5592592592592586,0.0,0.0003518648838845883
0.6703703703703703,0.566666666666667,0.0,0.0003518648838845883
0.6703703703703703,0.566666666666667,0.0,0.0003518648838845883
0.6703703703703703,0.5740740740740732,0.00020366598778004074,0.0
0.6703703703703703,0.5740740740740732,0.00020366598778004074,0.0
0.6703703703703703,0.5814814814814816,0.00020366598778004074,0.0
0.6703703703703703,0.5814814814814816,0.00020366598778004074,0.0
0.6703703703703703,0.58888888888889,0.00020366598778004074,0.0
0.6703703703703703,0.58888888888889,0.00020366598778004074,0.0
0.6703703703703703,0.5962962962962962,0.00020366598778004074,0.0
0.6703703703703703,0.5962962962962962,0.00020366598778004074,0.0
0.6703703703703703,0.6037037037037046,0.00020366598778004074,0.0
0.6703703703703703,0.6037037037037046,0.00020366598778004074,0.0
0.6703703703703703,0.6111111111111108,0.00020366598778004074,0.0
0.6703703703703703,0.6111111111111108,0.00020366598778004074,0.0
0.6703703703703703,0.6185185185185194,0.0,0.0
0.6703703703703703,0.6185185185185194,0.0,0.0
0.6703703703703703,0.6259259259259254,0.0,0.0
0.6703703703703703,0.6259259259259254,0.0,0.0
0.6703703703703703,0.633333333333334,0.0,0.0
0.6703703703703703,0.633333333333334,0.0,0.0
0.6703703703703703,0.6407407407407402,0.0,0.0
0.6703703703703703,0.6407407407407402,0.0,0.0
0.6703703703703703,0.6481481481481486,0.0,0.0
0.6703703703703703,0.6481481481481486,0.0,0.0
0.6703703703703703,0.6555555555555548,0.0,0.0
0.6703703703703703,0.6555555555555548,0.0,0.0
0.6703703703703703,0.6629629629629632,0.0,0.0
0.6703703703703703,0.6629629629629632,0.0,0.0
0.6703703703703703,0.6703703703703694,0.0,0.0
0.6703703703703703,0.6703703703703694,0.0,0.0
0.6703703703703703,0.6777777777777778,0.0,0.0
0.6703703703703703,0.6777777777777778,0.0,0.0
0.6703703703703703,0.6851851851851862,0.0,0.0
0.6703703703703703,0.6851851851851862,0.0,0.0
0.6703703703703703,0.6925925925925924,0.00020366598778004074,0.0
0.6703703703703703,0.6925925925925924,0.00020366598778004074,0.0
0.6703703703703703,0.700000000000001,0.00020366598778004074,0.0
0.6703703703703703,0.700000000000001,0.00020366598778004074,0.0
0.6703703703703703,0.707407407407407,0.00020366598778004074,0.0
0.6703703703703703,0.707407407407407,0.00020366598778004074,0.0
0.6703703703703703,0.7148148148148156,0.00020366598778004074,0.0
0.6703703703703703,0.7148148148148156,0.00020366598778004074,0.0
0.6703703703703703,0.7222222222222218,0.00020366598778004074,0.0
0.6703703703703703,0.7222222222222218,0.00020366598778004074,0.0
0.6703703703703703,0.7296296296296302,0.0,0.0
0.6703703703703703,0.7296296296296302,0.0,0.0
0.6703703703703703,0.7370370370370364,0.0,0.0
0.6703703703703703,0.7370370370370364,0.0,0.0
0.6703703703703703,0.7444444444444448,0.0,0.0
0.6703703703703703,0.7444444444444448,0.0,0.0
0.6703703703703703,0.751851851851851,0.00020366598778004074,0.0
0.6703703703703703,0.751851851851851,0.00020366598778004074,0.0
0.6703703703703703,0.7592592592592594,0.00020366598778004074,0.0
0.6703703703703703,0.7592592592592594,0.00020366598778004074,0.0
0.6703703703703703,0.7666666666666656,0.00020366598778004074,0.0
0.6703703703703703,0.7666666666666656,0.00020366598778004074,0.0
0.6703703703703703,0.774074074074074,0.00020366598778004074,0.0
0.6703703703703703,0.774074074074074,0.00020366598778004074,0.0
0.6703703703703703,0.7814814814814826,0.00020366598778004074,0.0
0.6703703703703703,0.7814814814814826,0.00020366598778004074,0.0
0.6703703703703703,0.7888888888888886,0.00020366598778004074,0.0
0.6703703703703703,0.7888888888888886,0.00020366598778004074,0.0
0.6703703703703703,0.7962962962962972,0.0,0.0
0.6703703703703703,0.7962962962962972,0.0,0.0
0.6703703703703703,0.8037037037037034,0.00020366598778004074,0.0
0.6703703703703703,0.8037037037037034,0.00020366598778004074,0.0
0.6703703703703703,0.8111111111111118,0.00020366598778004074,0.0
0.6703703703703703,0.8111111111111118,0.00020366598778004074,0.0
0.6703703703703703,0.818518518518518,0.00020366598778004074,0.0
0.6703703703703703,0.818518518518518,0.00020366598778004074,0.0
0.6703703703703703,0.8259259259259264,0.0,0.0
0.6703703703703703,0.8259259259259264,0.0,0.0
0.6703703703703703,0.8333333333333326,0.0,0.0
0.6703703703703703,0.8333333333333326,0.0,0.0
0.6703703703703703,0.840740740740741,0.0,0.0
0.6703703703703703,0.840740740740741,0.0,0.0
0.6703703703703703,0.8481481481481472,0.00020366598778004074,0.0
0.6703703703703703,0.8481481481481472,0.00020366598778004074,0.0
0.6703703703703703,0.8555555555555556,0.0,0.0
0.6703703703703703,0.8555555555555556,0.0,0.0
0.6703703703703703,0.8629629629629642,0.0,0.0
0.6703703703703703,0.8629629629629642,0.0,0.0
0.6703703703703703,0.8703703703703702,0.0,0.0
0.6703703703703703,0.8703703703703702,0.0,0.0
0.6703703703703703,0.8777777777777788,0.0,0.0
0.6703703703703703,0.8777777777777788,0.0,0.0
0.6703703703703703,0.885185185185185,0.0,0.0
0.6703703703703703,0.885185185185185,0.0,0.0
0.6703703703703703,0.8925925925925934,0.0,0.0
0.6703703703703703,0.8925925925925934,0.0,0.0
0.6703703703703703,0.8999999999999996,0.0,0.0
0.6703703703703703,0.8999999999999996,0.0,0.0
0.6703703703703703,0.907407407407408,0.0,0.0003518648838845883
0.6703703703703703,0.907407407407408,0.0,0.0003518648838845883
0.6703703703703703,0.9148148148148142,0.0,0.0
0.6703703703703703,0.9148148148148142,0.0,0.0
0.6703703703703703,0.9222222222222226,0.0,0.0
0.6703703703703703,0.9222222222222226,0.0,0.0
0.6703703703703703,0.9296296296296288,0.0,0.0003518648838845883
0.6703703703703703,0.9296296296296288,0.0,0.0003518648838845883
0.6703703703703703,0.9370370370370372,0.00020366598778004074,0.0
0.6703703703703703,0.9370370370370372,0.00020366598778004074,0.0
0.6703703703703703,0.9444444444444434,0.0,0.0
0.6703703703703703,0.9444444444444434,0.0,0.0
0.6703703703703703,0.9518518518518518,0.00020366598778004074,0.0
0.6703703703703703,0.9518518518518518,0.00020366598778004074,0.0
0.6703703703703703,0.9592592592592604,0.00020366598778004074,0.0
0.6703703703703703,0.9592592592592604,0.00020366598778004074,0.0
0.6703703703703703,0.9666666666666666,0.00020366598778004074,0.0
0.6703703703703703,0.9666666666666666,0.00020366598778004074,0.0
0.6703703703703703,0.974074074074075,0.00020366598778004074,0.0
0.6703703703703703,0.974074074074075,0.00020366598778004074,0.0
0.6703703703703703,0.9814814814814812,0.00020366598778004074,0.0
0.6703703703703703,0.9814814814814812,0.00020366598778004074,0.0
0.6703703703703703,0.9888888888888896,0.0,0.0
0.6703703703703703,0.9888888888888896,0.0,0.0
0.6703703703703703,0.9962962962962958,0.0,0.0
0.6703703703703703,0.9962962962962958,0.0,0.0
0.6777777777777779,0.4185185185185184,0.00020366598778004074,0.0
0.6777777777777779,0.4185185185185184,0.00020366598778004074,0.0
0.6777777777777779,0.4259259259259269,0.00020366598778004074,0.0
0.6777777777777779,0.4259259259259269,0.00020366598778004074,0.0
0.6777777777777779,0.433333333333333,0.00020366598778004074,0.0
0.6777777777777779,0.433333333333333,0.00020366598778004074,0.0
0.6777777777777779,0.4407407407407415,0.00020366598778004074,0.0
0.6777777777777779,0.4407407407407415,0.00020366598778004074,0.0
0.6777777777777779,0.4481481481481477,0.00020366598778004074,0.0
0.6777777777777779,0.4481481481481477,0.00020366598778004074,0.0
0.6777777777777779,0.4555555555555561,0.0,0.0003518648838845883
0.6777777777777779,0.4555555555555561,0.0,0.0003518648838845883
0.6777777777777779,0.4629629629629623,0.0,0.0003518648838845883
0.6777777777777779,0.4629629629629623,0.0,0.0003518648838845883
0.6777777777777779,0.4703703703703707,0.0,0.0003518648838845883
0.6777777777777779,0.4703703703703707,0.0,0.0003518648838845883
0.6777777777777779,0.4777777777777769,0.0,0.0003518648838845883
0.6777777777777779,0.4777777777777769,0.0,0.0003518648838845883
0.6777777777777779,0.4851851851851854,0.0,0.0
0.6777777777777779,0.4851851851851854,0.0,0.0
0.6777777777777779,0.4925925925925915,0.0,0.0003518648838845883
0.6777777777777779,0.4925925925925915,0.0,0.0003518648838845883
0.6777777777777779,0.5,0.0,0.0003518648838845883
0.6777777777777779,0.5,0.0,0.0003518648838845883
0.6777777777777779,0.5074074074074084,0.0,0.0003518648838845883
0.6777777777777779,0.5074074074074084,0.0,0.0003518648838845883
0.6777777777777779,0.5148148148148146,0.0,0.0003518648838845883
0.6777777777777779,0.5148148148148146,0.0,0.0003518648838845883
0.6777777777777779,0.522222222222223,0.0,0.0003518648838845883
0.6777777777777779,0.522222222222223,0.0,0.0003518648838845883
0.6777777777777779,0.5296296296296292,0.0,0.0003518648838845883
0.6777777777777779,0.5296296296296292,0.0,0.0003518648838845883
0.6777777777777779,0.5370370370370378,0.0,0.0003518648838845883
0.6777777777777779,0.5370370370370378,0.0,0.0003518648838845883
0.6777777777777779,0.5444444444444438,0.0,0.0003518648838845883
0.6777777777777779,0.5444444444444438,0.0,0.0003518648838845883
0.6777777777777779,0.5518518518518524,0.0,0.0003518648838845883
0.6777777777777779,0.5518518518518524,0.0,0.0003518648838845883
0.6777777777777779,0.5592592592592586,0.0,0.0003518648838845883
0.6777777777777779,0.5592592592592586,0.0,0.0003518648838845883
0.6777777777777779,0.566666666666667,0.0,0.0003518648838845883
0.6777777777777779,0.566666666666667,0.0,0.0003518648838845883
0.6777777777777779,0.5740740740740732,0.0,0.0003518648838845883
0.6777777777777779,0.5740740740740732,0.0,0.0003518648838845883
0.6777777777777779,0.5814814814814816,0.0,0.0003518648838845883
0.6777777777777779,0.5814814814814816,0.0,0.0003518648838845883
0.6777777777777779,0.58888888888889,0.00020366598778004074,0.0
0.6777777777777779,0.58888888888889,0.00020366598778004074,0.0
0.6777777777777779,0.5962962962962962,0.00020366598778004074,0.0
0.6777777777777779,0.5962962962962962,0.00020366598778004074,0.0
0.6777777777777779,0.6037037037037046,0.00020366598778004074,0.0
0.6777777777777779,0.6037037037037046,0.00020366598778004074,0.0
0.6777777777777779,0.6111111111111108,0.00020366598778004074,0.0
0.6777777777777779,0.6111111111111108,0.00020366598778004074,0.0
0.6777777777777779,0.6185185185185194,0.0,0.0
0.6777777777777779,0.6185185185185194,0.0,0.0
0.6777777777777779,0.6259259259259254,0.0,0.0
0.6777777777777779,0.6259259259259254,0.0,0.0
0.6777777777777779,0.633333333333334,0.0,0.0
0.6777777777777779,0.633333333333334,0.0,0.0
0.6777777777777779,0.6407407407407402,0.0,0.0
0.6777777777777779,0.6407407407407402,0.0,0.0
0.6777777777777779,0.6481481481481486,0.0,0.0
0.6777777777777779,0.6481481481481486,0.0,0.0
0.6777777777777779,0.6555555555555548,0.0,0.0
0.6777777777777779,0.6555555555555548,0.0,0.0
0.6777777777777779,0.6629629629629632,0.0,0.0
0.6777777777777779,0.6629629629629632,0.0,0.0
0.6777777777777779,0.6703703703703694,0.0,0.0
0.6777777777777779,0.6703703703703694,0.0,0.0
0.6777777777777779,0.6777777777777778,0.00020366598778004074,0.0
0.6777777777777779,0.6777777777777778,0.00020366598778004074,0.0
0.6777777777777779,0.6851851851851862,0.00020366598778004074,0.0
0.6777777777777779,0.6851851851851862,0.00020366598778004074,0.0
0.6777777777777779,0.6925925925925924,0.00020366598778004074,0.0
0.6777777777777779,0.6925925925925924,0.00020366598778004074,0.0
0.6777777777777779,0.700000000000001,0.00020366598778004074,0.0
0.6777777777777779,0.700000000000001,0.00020366598778004074,0.0
0.6777777777777779,0.707407407407407,0.00020366598778004074,0.0
0.6777777777777779,0.707407407407407,0.00020366598778004074,0.0
0.6777777777777779,0.7148148148148156,0.0,0.0
0.6777777777777779,0.7148148148148156,0.0,0.0
0.6777777777777779,0.7222222222222218,0.00020366598778004074,0.0
0.6777777777777779,0.7222222222222218,0.00020366598778004074,0.0
0.6777777777777779,0.7296296296296302,0.0,0.0
0.6777777777777779,0.7296296296296302,0.0,0.0
0.6777777777777779,0.7370370370370364,0.0,0.0
0.6777777777777779,0.7370370370370364,0.0,0.0
0.6777777777777779,0.7444444444444448,0.00020366598778004074,0.0
0.6777777777777779,0.7444444444444448,0.00020366598778004074,0.0
0.6777777777777779,0.751851851851851,0.00020366598778004074,0.0
0.6777777777777779,0.751851851851851,0.00020366598778004074,0.0
0.6777777777777779,0.7592592592592594,0.00020366598778004074,0.0
0.6777777777777779,0.7592592592592594,0.00020366598778004074,0.0
0.6777777777777779,0.7666666666666656,0.00020366598778004074,0.0
0.6777777777777779,0.7666666666666656,0.00020366598778004074,0.0
0.6777777777777779,0.774074074074074,0.00020366598778004074,0.0
0.6777777777777779,0.774074074074074,0.00020366598778004074,0.0
0.6777777777777779,0.7814814814814826,0.00020366598778004074,0.0
0.6777777777777779,0.7814814814814826,0.00020366598778004074,0.0
0.6777777777777779,0.7888888888888886,0.00020366598778004074,0.0
0.6777777777777779,0.7888888888888886,0.00020366598778004074,0.0
0.6777777777777779,0.7962962962962972,0.00020366598778004074,0.0
0.6777777777777779,0.7962962962962972,0.00020366598778004074,0.0
0.6777777777777779,0.8037037037037034,0.00020366598778004074,0.0
0.6777777777777779,0.8037037037037034,0.00020366598778004074,0.0
0.6777777777777779,0.8111111111111118,0.00020366598778004074,0.0
0.6777777777777779,0.8111111111111118,0.00020366598778004074,0.0
0.6777777777777779,0.818518518518518,0.00020366598778004074,0.0
0.6777777777777779,0.818518518518518,0.00020366598778004074,0.0
0.6777777777777779,0.8259259259259264,0.00020366598778004074,0.0
0.6777777777777779,0.8259259259259264,0.00020366598778004074,0.0
0.6777777777777779,0.8333333333333326,0.0,0.0
0.6777777777777779,0.8333333333333326,0.0,0.0
0.6777777777777779,0.840740740740741,0.0,0.0
0.6777777777777779,0.840740740740741,0.0,0.0
0.6777777777777779,0.8481481481481472,0.0,0.0
0.6777777777777779,0.8481481481481472,0.0,0.0
0.6777777777777779,0.8555555555555556,0.0,0.0
0.6777777777777779,0.8555555555555556,0.0,0.0
0.6777777777777779,0.8629629629629642,0.0,0.0
0.6777777777777779,0.8629629629629642,0.0,0.0
0.6777777777777779,0.8703703703703702,0.0,0.0
0.6777777777777779,0.8703703703703702,0.0,0.0
0.6777777777777779,0.8777777777777788,0.0,0.0
0.6777777777777779,0.8777777777777788,0.0,0.0
0.6777777777777779,0.885185185185185,0.00020366598778004074,0.0
0.6777777777777779,0.885185185185185,0.00020366598778004074,0.0
0.6777777777777779,0.8925925925925934,0.0,0.0
0.6777777777777779,0.8925925925925934,0.0,0.0
0.6777777777777779,0.8999999999999996,0.0,0.0
0.6777777777777779,0.8999999999999996,0.0,0.0
0.6777777777777779,0.907407407407408,0.0,0.0
0.6777777777777779,0.907407407407408,0.0,0.0
0.6777777777777779,0.9148148148148142,0.0,0.0
0.6777777777777779,0.9148148148148142,0.0,0.0
0.6777777777777779,0.9222222222222226,0.0,0.0
0.6777777777777779,0.9222222222222226,0.0,0.0
0.6777777777777779,0.9296296296296288,0.0,0.0
0.6777777777777779,0.9296296296296288,0.0,0.0
0.6777777777777779,0.9370370370370372,0.00020366598778004074,0.0
0.6777777777777779,0.9370370370370372,0.00020366598778004074,0.0
0.6777777777777779,0.9444444444444434,0.00020366598778004074,0.0
0.6777777777777779,0.9444444444444434,0.00020366598778004074,0.0
0.6777777777777779,0.9518518518518518,0.00020366598778004074,0.0
0.6777777777777779,0.9518518518518518,0.00020366598778004074,0.0
0.6777777777777779,0.9592592592592604,0.00020366598778004074,0.0
0.6777777777777779,0.9592592592592604,0.00020366598778004074,0.0
0.6777777777777779,0.9666666666666666,0.00020366598778004074,0.0
0.6777777777777779,0.9666666666666666,0.00020366598778004074,0.0
0.6777777777777779,0.974074074074075,0.0,0.0
0.6777777777777779,0.974074074074075,0.0,0.0
0.6777777777777779,0.9814814814814812,0.0,0.0
0.6777777777777779,0.9814814814814812,0.0,0.0
0.6777777777777779,0.9888888888888896,0.0,0.0
0.6777777777777779,0.9888888888888896,0.0,0.0
0.6777777777777779,0.9962962962962958,0.00020366598778004074,0.0
0.6777777777777779,0.9962962962962958,0.00020366598778004074,0.0
0.6851851851851852,0.4185185185185184,0.00020366598778004074,0.0
0.6851851851851852,0.4185185185185184,0.00020366598778004074,0.0
0.6851851851851852,0.4259259259259269,0.00020366598778004074,0.0
0.6851851851851852,0.4259259259259269,0.00020366598778004074,0.0
0.6851851851851852,0.433333333333333,0.00020366598778004074,0.0
0.6851851851851852,0.433333333333333,0.00020366598778004074,0.0
0.6851851851851852,0.4407407407407415,0.00020366598778004074,0.0
0.6851851851851852,0.4407407407407415,0.00020366598778004074,0.0
0.6851851851851852,0.4481481481481477,0.0,0.0003518648838845883
0.6851851851851852,0.4481481481481477,0.0,0.0003518648838845883
0.6851851851851852,0.4555555555555561,0.0,0.0003518648838845883
0.6851851851851852,0.4555555555555561,0.0,0.0003518648838845883
0.6851851851851852,0.4629629629629623,0.0,0.0003518648838845883
0.6851851851851852,0.4629629629629623,0.0,0.0003518648838845883
0.6851851851851852,0.4703703703703707,0.0,0.0003518648838845883
0.6851851851851852,0.4703703703703707,0.0,0.0003518648838845883
0.6851851851851852,0.4777777777777769,0.0,0.0003518648838845883
0.6851851851851852,0.4777777777777769,0.0,0.0003518648838845883
0.6851851851851852,0.4851851851851854,0.0,0.0003518648838845883
0.6851851851851852,0.4851851851851854,0.0,0.0003518648838845883
0.6851851851851852,0.4925925925925915,0.0,0.0003518648838845883
0.6851851851851852,0.4925925925925915,0.0,0.0003518648838845883
0.6851851851851852,0.5,0.0,0.0003518648838845883
0.6851851851851852,0.5,0.0,0.0003518648838845883
0.6851851851851852,0.5074074074074084,0.0,0.0003518648838845883
0.6851851851851852,0.5074074074074084,0.0,0.0003518648838845883
0.6851851851851852,0.5148148148148146,0.0,0.0003518648838845883
0.6851851851851852,0.5148148148148146,0.0,0.0003518648838845883
0.6851851851851852,0.522222222222223,0.0,0.0
0.6851851851851852,0.522222222222223,0.0,0.0
0.6851851851851852,0.5296296296296292,0.0,0.0
0.6851851851851852,0.5296296296296292,0.0,0.0
0.6851851851851852,0.5370370370370378,0.0,0.0003518648838845883
0.6851851851851852,0.5370370370370378,0.0,0.0003518648838845883
0.6851851851851852,0.5444444444444438,0.0,0.0003518648838845883
0.6851851851851852,0.5444444444444438,0.0,0.0003518648838845883
0.6851851851851852,0.5518518518518524,0.0,0.0003518648838845883
0.6851851851851852,0.5518518518518524,0.0,0.0003518648838845883
0.6851851851851852,0.5592592592592586,0.0,0.0003518648838845883
0.6851851851851852,0.5592592592592586,0.0,0.0003518648838845883
0.6851851851851852,0.566666666666667,0.0,0.0003518648838845883
0.6851851851851852,0.566666666666667,0.0,0.0003518648838845883
0.6851851851851852,0.5740740740740732,0.0,0.0003518648838845883
0.6851851851851852,0.5740740740740732,0.0,0.0003518648838845883
0.6851851851851852,0.5814814814814816,0.00020366598778004074,0.0
0.6851851851851852,0.5814814814814816,0.00020366598778004074,0.0
0.6851851851851852,0.58888888888889,0.00020366598778004074,0.0
0.6851851851851852,0.58888888888889,0.00020366598778004074,0.0
0.6851851851851852,0.5962962962962962,0.00020366598778004074,0.0
0.6851851851851852,0.5962962962962962,0.00020366598778004074,0.0
0.6851851851851852,0.6037037037037046,0.00020366598778004074,0.0
0.6851851851851852,0.6037037037037046,0.00020366598778004074,0.0
0.6851851851851852,0.6111111111111108,0.00020366598778004074,0.0
0.6851851851851852,0.6111111111111108,0.00020366598778004074,0.0
0.6851851851851852,0.6185185185185194,0.0,0.0
0.6851851851851852,0.6185185185185194,0.0,0.0
0.6851851851851852,0.6259259259259254,0.0,0.0
0.6851851851851852,0.6259259259259254,0.0,0.0
0.6851851851851852,0.633333333333334,0.0,0.0
0.6851851851851852,0.633333333333334,0.0,0.0
0.6851851851851852,0.6407407407407402,0.0,0.0
0.6851851851851852,0.6407407407407402,0.0,0.0
0.6851851851851852,0.6481481481481486,0.0,0.0
0.6851851851851852,0.6481481481481486,0.0,0.0
0.6851851851851852,0.6555555555555548,0.0,0.0
0.6851851851851852,0.6555555555555548,0.0,0.0
0.6851851851851852,0.6629629629629632,0.00020366598778004074,0.0
0.6851851851851852,0.6629629629629632,0.00020366598778004074,0.0
0.6851851851851852,0.6703703703703694,0.0,0.0
0.6851851851851852,0.6703703703703694,0.0,0.0
0.6851851851851852,0.6777777777777778,0.00020366598778004074,0.0
0.6851851851851852,0.6777777777777778,0.00020366598778004074,0.0
0.6851851851851852,0.6851851851851862,0.00020366598778004074,0.0
0.6851851851851852,0.6851851851851862,0.00020366598778004074,0.0
0.6851851851851852,0.6925925925925924,0.00020366598778004074,0.0
0.6851851851851852,0.6925925925925924,0.00020366598778004074,0.0
0.6851851851851852,0.700000000000001,0.00020366598778004074,0.0
0.6851851851851852,0.700000000000001,0.00020366598778004074,0.0
0.6851851851851852,0.707407407407407,0.0,0.0
0.6851851851851852,0.707407407407407,0.0,0.0
0.6851851851851852,0.7148148148148156,0.00020366598778004074,0.0
0.6851851851851852,0.7148148148148156,0.00020366598778004074,0.0
0.6851851851851852,0.7222222222222218,0.0,0.0
0.6851851851851852,0.7222222222222218,0.0,0.0
0.6851851851851852,0.7296296296296302,0.00020366598778004074,0.0
0.6851851851851852,0.7296296296296302,0.00020366598778004074,0.0
0.6851851851851852,0.7370370370370364,0.0,0.0
0.6851851851851852,0.7370370370370364,0.0,0.0
0.6851851851851852,0.7444444444444448,0.0,0.0003518648838845883
0.6851851851851852,0.7444444444444448,0.0,0.0003518648838845883
0.6851851851851852,0.751851851851851,0.00020366598778004074,0.0
0.6851851851851852,0.751851851851851,0.00020366598778004074,0.0
0.6851851851851852,0.7592592592592594,0.00020366598778004074,0.0
0.6851851851851852,0.7592592592592594,0.00020366598778004074,0.0
0.6851851851851852,0.7666666666666656,0.00020366598778004074,0.0
0.6851851851851852,0.7666666666666656,0.00020366598778004074,0.0
0.6851851851851852,0.774074074074074,0.00020366598778004074,0.0
0.6851851851851852,0.774074074074074,0.00020366598778004074,0.0
0.6851851851851852,0.7814814814814826,0.00020366598778004074,0.0
0.6851851851851852,0.7814814814814826,0.00020366598778004074,0.0
0.6851851851851852,0.7888888888888886,0.00020366598778004074,0.0
0.6851851851851852,0.7888888888888886,0.00020366598778004074,0.0
0.6851851851851852,0.7962962962962972,0.00020366598778004074,0.0
0.6851851851851852,0.7962962962962972,0.00020366598778004074,0.0
0.6851851851851852,0.8037037037037034,0.00020366598778004074,0.0
0.6851851851851852,0.8037037037037034,0.00020366598778004074,0.0
0.6851851851851852,0.8111111111111118,0.00020366598778004074,0.0
0.6851851851851852,0.8111111111111118,0.00020366598778004074,0.0
0.6851851851851852,0.818518518518518,0.00020366598778004074,0.0
0.6851851851851852,0.818518518518518,0.00020366598778004074,0.0
0.6851851851851852,0.8259259259259264,0.00020366598778004074,0.0
0.6851851851851852,0.8259259259259264,0.00020366598778004074,0.0
0.6851851851851852,0.8333333333333326,0.0,0.0
0.6851851851851852,0.8333333333333326,0.0,0.0
0.6851851851851852,0.840740740740741,0.0,0.0
0.6851851851851852,0.840740740740741,0.0,0.0
0.6851851851851852,0.8481481481481472,0.0,0.0
0.6851851851851852,0.8481481481481472,0.0,0.0
0.6851851851851852,0.8555555555555556,0.0,0.0
0.6851851851851852,0.8555555555555556,0.0,0.0
0.6851851851851852,0.8629629629629642,0.0,0.0
0.6851851851851852,0.8629629629629642,0.0,0.0
0.6851851851851852,0.8703703703703702,0.0,0.0
0.6851851851851852,0.8703703703703702,0.0,0.0
0.6851851851851852,0.8777777777777788,0.0,0.0
0.6851851851851852,0.8777777777777788,0.0,0.0
0.6851851851851852,0.885185185185185,0.00020366598778004074,0.0
0.6851851851851852,0.885185185185185,0.00020366598778004074,0.0
0.6851851851851852,0.8925925925925934,0.00020366598778004074,0.0
0.6851851851851852,0.8925925925925934,0.00020366598778004074,0.0
0.6851851851851852,0.8999999999999996,0.0,0.0
0.6851851851851852,0.8999999999999996,0.0,0.0
0.6851851851851852,0.907407407407408,0.0,0.0
0.6851851851851852,0.907407407407408,0.0,0.0
0.6851851851851852,0.9148148148148142,0.0,0.0
0.6851851851851852,0.9148148148148142,0.0,0.0
0.6851851851851852,0.9222222222222226,0.0,0.0
0.6851851851851852,0.9222222222222226,0.0,0.0
0.6851851851851852,0.9296296296296288,0.00020366598778004074,0.0
0.6851851851851852,0.9296296296296288,0.00020366598778004074,0.0
0.6851851851851852,0.9370370370370372,0.0,0.0
0.6851851851851852,0.9370370370370372,0.0,0.0
0.6851851851851852,0.9444444444444434,0.0,0.0
0.6851851851851852,0.9444444444444434,0.0,0.0
0.6851851851851852,0.9518518518518518,0.00020366598778004074,0.0
0.6851851851851852,0.9518518518518518,0.00020366598778004074,0.0
0.6851851851851852,0.9592592592592604,0.0,0.0
0.6851851851851852,0.9592592592592604,0.0,0.0
0.6851851851851852,0.9666666666666666,0.0,0.0
0.6851851851851852,0.9666666666666666,0.0,0.0
0.6851851851851852,0.974074074074075,0.0,0.0
0.6851851851851852,0.974074074074075,0.0,0.0
0.6851851851851852,0.9814814814814812,0.0,0.0
0.6851851851851852,0.9814814814814812,0.0,0.0
0.6851851851851852,0.9888888888888896,0.00020366598778004074,0.0
0.6851851851851852,0.9888888888888896,0.00020366598778004074,0.0
0.6851851851851852,0.9962962962962958,0.00020366598778004074,0.0
0.6851851851851852,0.9962962962962958,0.00020366598778004074,0.0
0.6925925925925925,0.4185185185185184,0.00020366598778004074,0.0
0.6925925925925925,0.4185185185185184,0.00020366598778004074,0.0
0.6925925925925925,0.4259259259259269,0.00020366598778004074,0.0
0.6925925925925925,0.4259259259259269,0.00020366598778004074,0.0
0.6925925925925925,0.433333333333333,0.00020366598778004074,0.0
0.6925925925925925,0.433333333333333,0.00020366598778004074,0.0
0.6925925925925925,0.4407407407407415,0.0,0.0003518648838845883
0.6925925925925925,0.4407407407407415,0.0,0.0003518648838845883
0.6925925925925925,0.4481481481481477,0.0,0.0003518648838845883
0.6925925925925925,0.4481481481481477,0.0,0.0003518648838845883
0.6925925925925925,0.4555555555555561,0.0,0.0003518648838845883
0.6925925925925925,0.4555555555555561,0.0,0.0003518648838845883
0.6925925925925925,0.4629629629629623,0.0,0.0003518648838845883
0.6925925925925925,0.4629629629629623,0.0,0.0003518648838845883
0.6925925925925925,0.4703703703703707,0.0,0.0003518648838845883
0.6925925925925925,0.4703703703703707,0.0,0.0003518648838845883
0.6925925925925925,0.4777777777777769,0.0,0.0003518648838845883
0.6925925925925925,0.4777777777777769,0.0,0.0003518648838845883
0.6925925925925925,0.4851851851851854,0.0,0.0003518648838845883
0.6925925925925925,0.4851851851851854,0.0,0.0003518648838845883
0.6925925925925925,0.4925925925925915,0.0,0.0003518648838845883
0.6925925925925925,0.4925925925925915,0.0,0.0003518648838845883
0.6925925925925925,0.5,0.0,0.0003518648838845883
0.6925925925925925,0.5,0.0,0.0003518648838845883
0.6925925925925925,0.5074074074074084,0.0,0.0003518648838845883
0.6925925925925925,0.5074074074074084,0.0,0.0003518648838845883
0.6925925925925925,0.5148148148148146,0.0,0.0003518648838845883
0.6925925925925925,0.5148148148148146,0.0,0.0003518648838845883
0.6925925925925925,0.522222222222223,0.0,0.0003518648838845883
0.6925925925925925,0.522222222222223,0.0,0.0003518648838845883
0.6925925925925925,0.5296296296296292,0.0,0.0003518648838845883
0.6925925925925925,0.5296296296296292,0.0,0.0003518648838845883
0.6925925925925925,0.5370370370370378,0.0,0.0003518648838845883
0.6925925925925925,0.5370370370370378,0.0,0.0003518648838845883
0.6925925925925925,0.5444444444444438,0.0,0.0003518648838845883
0.6925925925925925,0.5444444444444438,0.0,0.0003518648838845883
0.6925925925925925,0.5518518518518524,0.0,0.0003518648838845883
0.6925925925925925,0.5518518518518524,0.0,0.0003518648838845883
0.6925925925925925,0.5592592592592586,0.0,0.0003518648838845883
0.6925925925925925,0.5592592592592586,0.0,0.0003518648838845883
0.6925925925925925,0.566666666666667,0.0,0.0003518648838845883
0.6925925925925925,0.566666666666667,0.0,0.0003518648838845883
0.6925925925925925,0.5740740740740732,0.00020366598778004074,0.0
0.6925925925925925,0.5740740740740732,0.00020366598778004074,0.0
0.6925925925925925,0.5814814814814816,0.00020366598778004074,0.0
0.6925925925925925,0.5814814814814816,0.00020366598778004074,0.0
0.6925925925925925,0.58888888888889,0.00020366598778004074,0.0
0.6925925925925925,0.58888888888889,0.00020366598778004074,0.0
0.6925925925925925,0.5962962962962962,0.00020366598778004074,0.0
0.6925925925925925,0.5962962962962962,0.00020366598778004074,0.0
0.6925925925925925,0.6037037037037046,0.00020366598778004074,0.0
0.6925925925925925,0.6037037037037046,0.00020366598778004074,0.0
0.6925925925925925,0.6111111111111108,0.00020366598778004074,0.0
0.6925925925925925,0.6111111111111108,0.00020366598778004074,0.0
0.6925925925925925,0.6185185185185194,0.0,0.0
0.6925925925925925,0.6185185185185194,0.0,0.0
0.6925925925925925,0.6259259259259254,0.00020366598778004074,0.0
0.6925925925925925,0.6259259259259254,0.00020366598778004074,0.0
0.6925925925925925,0.633333333333334,0.0,0.0
0.6925925925925925,0.633333333333334,0.0,0.0
0.6925925925925925,0.6407407407407402,0.0,0.0
0.6925925925925925,0.6407407407407402,0.0,0.0
0.6925925925925925,0.6481481481481486,0.0,0.0
0.6925925925925925,0.6481481481481486,0.0,0.0
0.6925925925925925,0.6555555555555548,0.0,0.0
0.6925925925925925,0.6555555555555548,0.0,0.0
0.6925925925925925,0.6629629629629632,0.00020366598778004074,0.0
0.6925925925925925,0.6629629629629632,0.00020366598778004074,0.0
0.6925925925925925,0.6703703703703694,0.00020366598778004074,0.0
0.6925925925925925,0.6703703703703694,0.00020366598778004074,0.0
0.6925925925925925,0.6777777777777778,0.00020366598778004074,0.0
0.6925925925925925,0.6777777777777778,0.00020366598778004074,0.0
0.6925925925925925,0.6851851851851862,0.00020366598778004074,0.0
0.6925925925925925,0.6851851851851862,0.00020366598778004074,0.0
0.6925925925925925,0.6925925925925924,0.00020366598778004074,0.0
0.6925925925925925,0.6925925925925924,0.00020366598778004074,0.0
0.6925925925925925,0.700000000000001,0.00020366598778004074,0.0
0.6925925925925925,0.700000000000001,0.00020366598778004074,0.0
0.6925925925925925,0.707407407407407,0.00020366598778004074,0.0
0.6925925925925925,0.707407407407407,0.00020366598778004074,0.0
0.6925925925925925,0.7148148148148156,0.00020366598778004074,0.0
0.6925925925925925,0.7148148148148156,0.00020366598778004074,0.0
0.6925925925925925,0.7222222222222218,0.00020366598778004074,0.0
0.6925925925925925,0.7222222222222218,0.00020366598778004074,0.0
0.6925925925925925,0.7296296296296302,0.0,0.0
0.6925925925925925,0.7296296296296302,0.0,0.0
0.6925925925925925,0.7370370370370364,0.0,0.0
0.6925925925925925,0.7370370370370364,0.0,0.0
0.6925925925925925,0.7444444444444448,0.0,0.0003518648838845883
0.6925925925925925,0.7444444444444448,0.0,0.0003518648838845883
0.6925925925925925,0.751851851851851,0.00020366598778004074,0.0
0.6925925925925925,0.751851851851851,0.00020366598778004074,0.0
0.6925925925925925,0.7592592592592594,0.00020366598778004074,0.0
0.6925925925925925,0.7592592592592594,0.00020366598778004074,0.0
0.6925925925925925,0.7666666666666656,0.00020366598778004074,0.0
0.6925925925925925,0.7666666666666656,0.00020366598778004074,0.0
0.6925925925925925,0.774074074074074,0.00020366598778004074,0.0
0.6925925925925925,0.774074074074074,0.00020366598778004074,0.0
0.6925925925925925,0.7814814814814826,0.00020366598778004074,0.0
0.6925925925925925,0.7814814814814826,0.00020366598778004074,0.0
0.6925925925925925,0.7888888888888886,0.00020366598778004074,0.0
0.6925925925925925,0.7888888888888886,0.00020366598778004074,0.0
0.6925925925925925,0.7962962962962972,0.00020366598778004074,0.0
0.6925925925925925,0.7962962962962972,0.00020366598778004074,0.0
0.6925925925925925,0.8037037037037034,0.00020366598778004074,0.0
0.6925925925925925,0.8037037037037034,0.00020366598778004074,0.0
0.6925925925925925,0.8111111111111118,0.00020366598778004074,0.0
0.6925925925925925,0.8111111111111118,0.00020366598778004074,0.0
0.6925925925925925,0.818518518518518,0.00020366598778004074,0.0
0.6925925925925925,0.818518518518518,0.00020366598778004074,0.0
0.6925925925925925,0.8259259259259264,0.0,0.0
0.6925925925925925,0.8259259259259264,0.0,0.0
0.6925925925925925,0.8333333333333326,0.0,0.0
0.6925925925925925,0.8333333333333326,0.0,0.0
0.6925925925925925,0.840740740740741,0.0,0.0
0.6925925925925925,0.840740740740741,0.0,0.0
0.6925925925925925,0.8481481481481472,0.0,0.0
0.6925925925925925,0.8481481481481472,0.0,0.0
0.6925925925925925,0.8555555555555556,0.0,0.0
0.6925925925925925,0.8555555555555556,0.0,0.0
0.6925925925925925,0.8629629629629642,0.0,0.0
0.6925925925925925,0.8629629629629642,0.0,0.0
0.6925925925925925,0.8703703703703702,0.0,0.0
0.6925925925925925,0.8703703703703702,0.0,0.0
0.6925925925925925,0.8777777777777788,0.0,0.0
0.6925925925925925,0.8777777777777788,0.0,0.0
0.6925925925925925,0.885185185185185,0.0,0.0
0.6925925925925925,0.885185185185185,0.0,0.0
0.6925925925925925,0.8925925925925934,0.00020366598778004074,0.0
0.6925925925925925,0.8925925925925934,0.00020366598778004074,0.0
0.6925925925925925,0.8999999999999996,0.0,0.0
0.6925925925925925,0.8999999999999996,0.0,0.0
0.6925925925925925,0.907407407407408,0.0,0.0
0.6925925925925925,0.907407407407408,0.0,0.0
0.6925925925925925,0.9148148148148142,0.00020366598778004074,0.0
0.6925925925925925,0.9148148148148142,0.00020366598778004074,0.0
0.6925925925925925,0.9222222222222226,0.0,0.0
0.6925925925925925,0.9222222222222226,0.0,0.0
0.6925925925925925,0.9296296296296288,0.0,0.0
0.6925925925925925,0.9296296296296288,0.0,0.0
0.6925925925925925,0.9370370370370372,0.0,0.0
0.6925925925925925,0.9370370370370372,0.0,0.0
0.6925925925925925,0.9444444444444434,0.0,0.0
0.6925925925925925,0.9444444444444434,0.0,0.0
0.6925925925925925,0.9518518518518518,0.0,0.0
0.6925925925925925,0.9518518518518518,0.0,0.0
0.6925925925925925,0.9592592592592604,0.0,0.0
0.6925925925925925,0.9592592592592604,0.0,0.0
0.6925925925925925,0.9666666666666666,0.0,0.0
0.6925925925925925,0.9666666666666666,0.0,0.0
0.6925925925925925,0.974074074074075,0.00020366598778004074,0.0
0.6925925925925925,0.974074074074075,0.00020366598778004074,0.0
0.6925925925925925,0.9814814814814812,0.0,0.0003518648838845883
0.6925925925925925,0.9814814814814812,0.0,0.0003518648838845883
0.6925925925925925,0.9888888888888896,0.0,0.0
0.6925925925925925,0.9888888888888896,0.0,0.0
0.6925925925925925,0.9962962962962958,0.00020366598778004074,0.0
0.6925925925925925,0.9962962962962958,0.00020366598778004074,0.0
0.7000000000000001,0.4185185185185184,0.00020366598778004074,0.0
0.7000000000000001,0.4185185185185184,0.00020366598778004074,0.0
0.7000000000000001,0.4259259259259269,0.00020366598778004074,0.0
0.7000000000000001,0.4259259259259269,0.00020366598778004074,0.0
0.7000000000000001,0.433333333333333,0.00020366598778004074,0.0
0.7000000000000001,0.433333333333333,0.00020366598778004074,0.0
0.7000000000000001,0.4407407407407415,0.0,0.0003518648838845883
0.7000000000000001,0.4407407407407415,0.0,0.0003518648838845883
0.7000000000000001,0.4481481481481477,0.0,0.0003518648838845883
0.7000000000000001,0.4481481481481477,0.0,0.0003518648838845883
0.7000000000000001,0.4555555555555561,0.00020366598778004074,0.0
0.7000000000000001,0.4555555555555561,0.00020366598778004074,0.0
0.7000000000000001,0.4629629629629623,0.0,0.0003518648838845883
0.7000000000000001,0.4629629629629623,0.0,0.0003518648838845883
0.7000000000000001,0.4703703703703707,0.0,0.0003518648838845883
0.7000000000000001,0.4703703703703707,0.0,0.0003518648838845883
0.7000000000000001,0.4777777777777769,0.0,0.0003518648838845883
0.7000000000000001,0.4777777777777769,0.0,0.0003518648838845883
0.7000000000000001,0.4851851851851854,0.0,0.0003518648838845883
0.7000000000000001,0.4851851851851854,0.0,0.0003518648838845883
0.7000000000000001,0.4925925925925915,0.0,0.0003518648838845883
0.7000000000000001,0.4925925925925915,0.0,0.0003518648838845883
0.7000000000000001,0.5,0.0,0.0003518648838845883
0.7000000000000001,0.5,0.0,0.0003518648838845883
0.7000000000000001,0.5074074074074084,0.00020366598778004074,0.0
0.7000000000000001,0.5074074074074084,0.00020366598778004074,0.0
0.7000000000000001,0.5148148148148146,0.0,0.0003518648838845883
0.7000000000000001,0.5148148148148146,0.0,0.0003518648838845883
0.7000000000000001,0.522222222222223,0.0,0.0003518648838845883
0.7000000000000001,0.522222222222223,0.0,0.0003518648838845883
0.7000000000000001,0.5296296296296292,0.0,0.0003518648838845883
0.7000000000000001,0.5296296296296292,0.0,0.0003518648838845883
0.7000000000000001,0.5370370370370378,0.0,0.0003518648838845883
0.7000000000000001,0.5370370370370378,0.0,0.0003518648838845883
0.7000000000000001,0.5444444444444438,0.0,0.0003518648838845883
0.7000000000000001,0.5444444444444438,0.0,0.0003518648838845883
0.7000000000000001,0.5518518518518524,0.0,0.0
0.7000000000000001,0.5518518518518524,0.0,0.0
0.7000000000000001,0.5592592592592586,0.00020366598778004074,0.0
0.7000000000000001,0.5592592592592586,0.00020366598778004074,0.0
0.7000000000000001,0.566666666666667,0.00020366598778004074,0.0
0.7000000000000001,0.566666666666667,0.00020366598778004074,0.0
0.7000000000000001,0.5740740740740732,0.00020366598778004074,0.0
0.7000000000000001,0.5740740740740732,0.00020366598778004074,0.0
0.7000000000000001,0.5814814814814816,0.00020366598778004074,0.0
0.7000000000000001,0.5814814814814816,0.00020366598778004074,0.0
0.7000000000000001,0.58888888888889,0.00020366598778004074,0.0
0.7000000000000001,0.58888888888889,0.00020366598778004074,0.0
0.7000000000000001,0.5962962962962962,0.00020366598778004074,0.0
0.7000000000000001,0.5962962962962962,0.00020366598778004074,0.0
0.7000000000000001,0.6037037037037046,0.0,0.0
0.7000000000000001,0.6037037037037046,0.0,0.0
0.7000000000000001,0.6111111111111108,0.00020366598778004074,0.0
0.7000000000000001,0.6111111111111108,0.00020366598778004074,0.0
0.7000000000000001,0.6185185185185194,0.00020366598778004074,0.0
0.7000000000000001,0.6185185185185194,0.00020366598778004074,0.0
0.7000000000000001,0.6259259259259254,0.0,0.0
0.7000000000000001,0.6259259259259254,0.0,0.0
0.7000000000000001,0.633333333333334,0.0,0.0
0.7000000000000001,0.633333333333334,0.0,0.0
0.7000000000000001,0.6407407407407402,0.00020366598778004074,0.0
0.7000000000000001,0.6407407407407402,0.00020366598778004074,0.0
0.7000000000000001,0.6481481481481486,0.00020366598778004074,0.0
0.7000000000000001,0.6481481481481486,0.00020366598778004074,0.0
0.7000000000000001,0.6555555555555548,0.0,0.0
0.7000000000000001,0.6555555555555548,0.0,0.0
0.7000000000000001,0.6629629629629632,0.0,0.0
0.7000000000000001,0.6629629629629632,0.0,0.0
0.7000000000000001,0.6703703703703694,0.00020366598778004074,0.0
0.7000000000000001,0.6703703703703694,0.00020366598778004074,0.0
0.7000000000000001,0.6777777777777778,0.00020366598778004074,0.0
0.7000000000000001,0.6777777777777778,0.00020366598778004074,0.0
0.7000000000000001,0.6851851851851862,0.00020366598778004074,0.0
0.7000000000000001,0.6851851851851862,0.00020366598778004074,0.0
0.7000000000000001,0.6925925925925924,0.00020366598778004074,0.0
0.7000000000000001,0.6925925925925924,0.00020366598778004074,0.0
0.7000000000000001,0.700000000000001,0.00020366598778004074,0.0
0.7000000000000001,0.700000000000001,0.00020366598778004074,0.0
0.7000000000000001,0.707407407407407,0.00020366598778004074,0.0
0.7000000000000001,0.707407407407407,0.00020366598778004074,0.0
0.7000000000000001,0.7148148148148156,0.00020366598778004074,0.0
0.7000000000000001,0.7148148148148156,0.00020366598778004074,0.0
0.7000000000000001,0.7222222222222218,0.00020366598778004074,0.0
0.7000000000000001,0.7222222222222218,0.00020366598778004074,0.0
0.7000000000000001,0.7296296296296302,0.00020366598778004074,0.0
0.7000000000000001,0.7296296296296302,0.00020366598778004074,0.0
0.7000000000000001,0.7370370370370364,0.00020366598778004074,0.0
0.7000000000000001,0.7370370370370364,0.00020366598778004074,0.0
0.7000000000000001,0.7444444444444448,0.00020366598778004074,0.0
0.7000000000000001,0.7444444444444448,0.00020366598778004074,0.0
0.7000000000000001,0.751851851851851,0.00020366598778004074,0.0
0.7000000000000001,0.751851851851851,0.00020366598778004074,0.0
0.7000000000000001,0.7592592592592594,0.00020366598778004074,0.0
0.7000000000000001,0.7592592592592594,0.00020366598778004074,0.0
0.7000000000000001,0.7666666666666656,0.0,0.0
0.7000000000000001,0.7666666666666656,0.0,0.0
0.7000000000000001,0.774074074074074,0.00020366598778004074,0.0
0.7000000000000001,0.774074074074074,0.00020366598778004074,0.0
0.7000000000000001,0.7814814814814826,0.00020366598778004074,0.0
0.7000000000000001,0.7814814814814826,0.00020366598778004074,0.0
0.7000000000000001,0.7888888888888886,0.0,0.0
0.7000000000000001,0.7888888888888886,0.0,0.0
0.7000000000000001,0.7962962962962972,0.0,0.0
0.7000000000000001,0.7962962962962972,0.0,0.0
0.7000000000000001,0.8037037037037034,0.00020366598778004074,0.0
0.7000000000000001,0.8037037037037034,0.00020366598778004074,0.0
0.7000000000000001,0.8111111111111118,0.0,0.0
0.7000000000000001,0.8111111111111118,0.0,0.0
0.7000000000000001,0.818518518518518,0.0,0.0
0.7000000000000001,0.818518518518518,0.0,0.0
0.7000000000000001,0.8259259259259264,0.0,0.0
0.7000000000000001,0.8259259259259264,0.0,0.0
0.7000000000000001,0.8333333333333326,0.0,0.0
0.7000000000000001,0.8333333333333326,0.0,0.0
0.7000000000000001,0.840740740740741,0.0,0.0
0.7000000000000001,0.840740740740741,0.0,0.0
0.7000000000000001,0.8481481481481472,0.0,0.0
0.7000000000000001,0.8481481481481472,0.0,0.0
0.7000000000000001,0.8555555555555556,0.0,0.0
0.7000000000000001,0.8555555555555556,0.0,0.0
0.7000000000000001,0.8629629629629642,0.0,0.0
0.7000000000000001,0.8629629629629642,0.0,0.0
0.7000000000000001,0.8703703703703702,0.0,0.0
0.7000000000000001,0.8703703703703702,0.0,0.0
0.7000000000000001,0.8777777777777788,0.00020366598778004074,0.0
0.7000000000000001,0.8777777777777788,0.00020366598778004074,0.0
0.7000000000000001,0.885185185185185,0.00020366598778004074,0.0
0.7000000000000001,0.885185185185185,0.00020366598778004074,0.0
0.7000000000000001,0.8925925925925934,0.00020366598778004074,0.0
0.7000000000000001,0.8925925925925934,0.00020366598778004074,0.0
0.7000000000000001,0.8999999999999996,0.00020366598778004074,0.0
0.7000000000000001,0.8999999999999996,0.00020366598778004074,0.0
0.7000000000000001,0.907407407407408,0.0,0.0
0.7000000000000001,0.907407407407408,0.0,0.0
0.7000000000000001,0.9148148148148142,0.0,0.0
0.7000000000000001,0.9148148148148142,0.0,0.0
0.7000000000000001,0.9222222222222226,0.0,0.0
0.7000000000000001,0.9222222222222226,0.0,0.0
0.7000000000000001,0.9296296296296288,0.0,0.0
0.7000000000000001,0.9296296296296288,0.0,0.0
0.7000000000000001,0.9370370370370372,0.0,0.0
0.7000000000000001,0.9370370370370372,0.0,0.0
0.7000000000000001,0.9444444444444434,0.0,0.0
0.7000000000000001,0.9444444444444434,0.0,0.0
0.7000000000000001,0.9518518518518518,0.0,0.0
0.7000000000000001,0.9518518518518518,0.0,0.0
0.7000000000000001,0.9592592592592604,0.0,0.0
0.7000000000000001,0.9592592592592604,0.0,0.0
0.7000000000000001,0.9666666666666666,0.00020366598778004074,0.0
0.7000000000000001,0.9666666666666666,0.00020366598778004074,0.0
0.7000000000000001,0.974074074074075,0.00020366598778004074,0.0
0.7000000000000001,0.974074074074075,0.00020366598778004074,0.0
0.7000000000000001,0.9814814814814812,0.00020366598778004074,0.0
0.7000000000000001,0.9814814814814812,0.00020366598778004074,0.0
0.7000000000000001,0.9888888888888896,0.0,0.0
0.7000000000000001,0.9888888888888896,0.0,0.0
0.7000000000000001,0.9962962962962958,0.0,0.0
0.7000000000000001,0.9962962962962958,0.0,0.0
0.7074074074074074,0.4111111111111122,0.00020366598778004074,0.0
0.7074074074074074,0.4111111111111122,0.00020366598778004074,0.0
0.7074074074074074,0.4185185185185184,0.00020366598778004074,0.0
0.7074074074074074,0.4185185185185184,0.00020366598778004074,0.0
0.7074074074074074,0.4259259259259269,0.0,0.0
0.7074074074074074,0.4259259259259269,0.0,0.0
0.7074074074074074,0.433333333333333,0.00020366598778004074,0.0
0.7074074074074074,0.433333333333333,0.00020366598778004074,0.0
0.7074074074074074,0.4407407407407415,0.0,0.0003518648838845883
0.7074074074074074,0.4407407407407415,0.0,0.0003518648838845883
0.7074074074074074,0.4481481481481477,0.0,0.0003518648838845883
0.7074074074074074,0.4481481481481477,0.0,0.0003518648838845883
0.7074074074074074,0.4555555555555561,0.0,0.0003518648838845883
0.7074074074074074,0.4555555555555561,0.0,0.0003518648838845883
0.7074074074074074,0.4629629629629623,0.0,0.0003518648838845883
0.7074074074074074,0.4629629629629623,0.0,0.0003518648838845883
0.7074074074074074,0.4703703703703707,0.0,0.0003518648838845883
0.7074074074074074,0.4703703703703707,0.0,0.0003518648838845883
0.7074074074074074,0.4777777777777769,0.0,0.0003518648838845883
0.7074074074074074,0.4777777777777769,0.0,0.0003518648838845883
0.7074074074074074,0.4851851851851854,0.0,0.0003518648838845883
0.7074074074074074,0.4851851851851854,0.0,0.0003518648838845883
0.7074074074074074,0.4925925925925915,0.0,0.0003518648838845883
0.7074074074074074,0.4925925925925915,0.0,0.0003518648838845883
0.7074074074074074,0.5,0.00020366598778004074,0.0
0.7074074074074074,0.5,0.00020366598778004074,0.0
0.7074074074074074,0.5074074074074084,0.00020366598778004074,0.0
0.7074074074074074,0.5074074074074084,0.00020366598778004074,0.0
0.7074074074074074,0.5148148148148146,0.00020366598778004074,0.0
0.7074074074074074,0.5148148148148146,0.00020366598778004074,0.0
0.7074074074074074,0.522222222222223,0.0,0.0003518648838845883
0.7074074074074074,0.522222222222223,0.0,0.0003518648838845883
0.7074074074074074,0.5296296296296292,0.0,0.0003518648838845883
0.7074074074074074,0.5296296296296292,0.0,0.0003518648838845883
0.7074074074074074,0.5370370370370378,0.0,0.0003518648838845883
0.7074074074074074,0.5370370370370378,0.0,0.0003518648838845883
0.7074074074074074,0.5444444444444438,0.0,0.0003518648838845883
0.7074074074074074,0.5444444444444438,0.0,0.0003518648838845883
0.7074074074074074,0.5518518518518524,0.00020366598778004074,0.0
0.7074074074074074,0.5518518518518524,0.00020366598778004074,0.0
0.7074074074074074,0.5592592592592586,0.00020366598778004074,0.0
0.7074074074074074,0.5592592592592586,0.00020366598778004074,0.0
0.7074074074074074,0.566666666666667,0.00020366598778004074,0.0
0.7074074074074074,0.566666666666667,0.00020366598778004074,0.0
0.7074074074074074,0.5740740740740732,0.00020366598778004074,0.0
0.7074074074074074,0.5740740740740732,0.00020366598778004074,0.0
0.7074074074074074,0.5814814814814816,0.00020366598778004074,0.0
0.7074074074074074,0.5814814814814816,0.00020366598778004074,0.0
0.7074074074074074,0.58888888888889,0.00020366598778004074,0.0
0.7074074074074074,0.58888888888889,0.00020366598778004074,0.0
0.7074074074074074,0.5962962962962962,0.00020366598778004074,0.0
0.7074074074074074,0.5962962962962962,0.00020366598778004074,0.0
0.7074074074074074,0.6037037037037046,0.00020366598778004074,0.0
0.7074074074074074,0.6037037037037046,0.00020366598778004074,0.0
0.7074074074074074,0.6111111111111108,0.0,0.0
0.7074074074074074,0.6111111111111108,0.0,0.0
0.7074074074074074,0.6185185185185194,0.0,0.0
0.7074074074074074,0.6185185185185194,0.0,0.0
0.7074074074074074,0.6259259259259254,0.0,0.0
0.7074074074074074,0.6259259259259254,0.0,0.0
0.7074074074074074,0.633333333333334,0.0,0.0
0.7074074074074074,0.633333333333334,0.0,0.0
0.7074074074074074,0.6407407407407402,0.00020366598778004074,0.0
0.7074074074074074,0.6407407407407402,0.00020366598778004074,0.0
0.7074074074074074,0.6481481481481486,0.0,0.0
0.7074074074074074,0.6481481481481486,0.0,0.0
0.7074074074074074,0.6555555555555548,0.00020366598778004074,0.0
0.7074074074074074,0.6555555555555548,0.00020366598778004074,0.0
0.7074074074074074,0.6629629629629632,0.00020366598778004074,0.0
0.7074074074074074,0.6629629629629632,0.00020366598778004074,0.0
0.7074074074074074,0.6703703703703694,0.00020366598778004074,0.0
0.7074074074074074,0.6703703703703694,0.00020366598778004074,0.0
0.7074074074074074,0.6777777777777778,0.0,0.0
0.7074074074074074,0.6777777777777778,0.0,0.0
0.7074074074074074,0.6851851851851862,0.00020366598778004074,0.0
0.7074074074074074,0.6851851851851862,0.00020366598778004074,0.0
0.7074074074074074,0.6925925925925924,0.00020366598778004074,0.0
0.7074074074074074,0.6925925925925924,0.00020366598778004074,0.0
0.7074074074074074,0.700000000000001,0.00020366598778004074,0.0
0.7074074074074074,0.700000000000001,0.00020366598778004074,0.0
0.7074074074074074,0.707407407407407,0.00020366598778004074,0.0
0.7074074074074074,0.707407407407407,0.00020366598778004074,0.0
0.7074074074074074,0.7148148148148156,0.00020366598778004074,0.0
0.7074074074074074,0.7148148148148156,0.00020366598778004074,0.0
0.7074074074074074,0.7222222222222218,0.00020366598778004074,0.0
0.7074074074074074,0.7222222222222218,0.00020366598778004074,0.0
0.7074074074074074,0.7296296296296302,0.00020366598778004074,0.0
0.7074074074074074,0.7296296296296302,0.00020366598778004074,0.0
0.7074074074074074,0.7370370370370364,0.00020366598778004074,0.0
0.7074074074074074,0.7370370370370364,0.00020366598778004074,0.0
0.7074074074074074,0.7444444444444448,0.00020366598778004074,0.0
0.7074074074074074,0.7444444444444448,0.00020366598778004074,0.0
0.7074074074074074,0.751851851851851,0.00020366598778004074,0.0
0.7074074074074074,0.751851851851851,0.00020366598778004074,0.0
0.7074074074074074,0.7592592592592594,0.00020366598778004074,0.0
0.7074074074074074,0.7592592592592594,0.00020366598778004074,0.0
0.7074074074074074,0.7666666666666656,0.0,0.0003518648838845883
0.7074074074074074,0.7666666666666656,0.0,0.0003518648838845883
0.7074074074074074,0.774074074074074,0.0,0.0003518648838845883
0.7074074074074074,0.774074074074074,0.0,0.0003518648838845883
0.7074074074074074,0.7814814814814826,0.0,0.0003518648838845883
0.7074074074074074,0.7814814814814826,0.0,0.0003518648838845883
0.7074074074074074,0.7888888888888886,0.0,0.0003518648838845883
0.7074074074074074,0.7888888888888886,0.0,0.0003518648838845883
0.7074074074074074,0.7962962962962972,0.0,0.0003518648838845883
0.7074074074074074,0.7962962962962972,0.0,0.0003518648838845883
0.7074074074074074,0.8037037037037034,0.0,0.0
0.7074074074074074,0.8037037037037034,0.0,0.0
0.7074074074074074,0.8111111111111118,0.0,0.0
0.7074074074074074,0.8111111111111118,0.0,0.0
0.7074074074074074,0.818518518518518,0.0,0.0
0.7074074074074074,0.818518518518518,0.0,0.0
0.7074074074074074,0.8259259259259264,0.0,0.0
0.7074074074074074,0.8259259259259264,0.0,0.0
0.7074074074074074,0.8333333333333326,0.0,0.0
0.7074074074074074,0.8333333333333326,0.0,0.0
0.7074074074074074,0.840740740740741,0.0,0.0
0.7074074074074074,0.840740740740741,0.0,0.0
0.7074074074074074,0.8481481481481472,0.0,0.0
0.7074074074074074,0.8481481481481472,0.0,0.0
0.7074074074074074,0.8555555555555556,0.0,0.0
0.7074074074074074,0.8555555555555556,0.0,0.0
0.7074074074074074,0.8629629629629642,0.0,0.0
0.7074074074074074,0.8629629629629642,0.0,0.0
0.7074074074074074,0.8703703703703702,0.0,0.0
0.7074074074074074,0.8703703703703702,0.0,0.0
0.7074074074074074,0.8777777777777788,0.00020366598778004074,0.0
0.7074074074074074,0.8777777777777788,0.00020366598778004074,0.0
0.7074074074074074,0.885185185185185,0.00020366598778004074,0.0
0.7074074074074074,0.885185185185185,0.00020366598778004074,0.0
0.7074074074074074,0.8925925925925934,0.00020366598778004074,0.0
0.7074074074074074,0.8925925925925934,0.00020366598778004074,0.0
0.7074074074074074,0.8999999999999996,0.0,0.0
0.7074074074074074,0.8999999999999996,0.0,0.0
0.7074074074074074,0.907407407407408,0.0,0.0003518648838845883
0.7074074074074074,0.907407407407408,0.0,0.0003518648838845883
0.7074074074074074,0.9148148148148142,0.0,0.0
0.7074074074074074,0.9148148148148142,0.0,0.0
0.7074074074074074,0.9222222222222226,0.0,0.0
0.7074074074074074,0.9222222222222226,0.0,0.0
0.7074074074074074,0.9296296296296288,0.00020366598778004074,0.0
0.7074074074074074,0.9296296296296288,0.00020366598778004074,0.0
0.7074074074074074,0.9370370370370372,0.0,0.0
0.7074074074074074,0.9370370370370372,0.0,0.0
0.7074074074074074,0.9444444444444434,0.0,0.0
0.7074074074074074,0.9444444444444434,0.0,0.0
0.7074074074074074,0.9518518518518518,0.0,0.0
0.7074074074074074,0.9518518518518518,0.0,0.0
0.7074074074074074,0.9592592592592604,0.0,0.0
0.7074074074074074,0.9592592592592604,0.0,0.0
0.7074074074074074,0.9666666666666666,0.0,0.0
0.7074074074074074,0.9666666666666666,0.0,0.0
0.7074074074074074,0.974074074074075,0.00020366598778004074,0.0
0.7074074074074074,0.974074074074075,0.00020366598778004074,0.0
0.7074074074074074,0.9814814814814812,0.00020366598778004074,0.0
0.7074074074074074,0.9814814814814812,0.00020366598778004074,0.0
0.7074074074074074,0.9888888888888896,0.0,0.0
0.7074074074074074,0.9888888888888896,0.0,0.0
0.7074074074074074,0.9962962962962958,0.0,0.0
0.7074074074074074,0.9962962962962958,0.0,0.0
0.714814814814815,0.4111111111111122,0.0,0.0
0.714814814814815,0.4111111111111122,0.0,0.0
0.714814814814815,0.4185185185185184,0.0,0.0003518648838845883
0.714814814814815,0.4185185185185184,0.0,0.0003518648838845883
0.714814814814815,0.4259259259259269,0.0,0.0
0.714814814814815,0.4259259259259269,0.0,0.0
0.714814814814815,0.433333333333333,0.0,0.0003518648838845883
0.714814814814815,0.433333333333333,0.0,0.0003518648838845883
0.714814814814815,0.4407407407407415,0.0,0.0003518648838845883
0.714814814814815,0.4407407407407415,0.0,0.0003518648838845883
0.714814814814815,0.4481481481481477,0.00020366598778004074,0.0
0.714814814814815,0.4481481481481477,0.00020366598778004074,0.0
0.714814814814815,0.4555555555555561,0.0,0.0003518648838845883
0.714814814814815,0.4555555555555561,0.0,0.0003518648838845883
0.714814814814815,0.4629629629629623,0.0,0.0003518648838845883
0.714814814814815,0.4629629629629623,0.0,0.0003518648838845883
0.714814814814815,0.4703703703703707,0.00020366598778004074,0.0
0.714814814814815,0.4703703703703707,0.00020366598778004074,0.0
0.714814814814815,0.4777777777777769,0.0,0.0
0.714814814814815,0.4777777777777769,0.0,0.0
0.714814814814815,0.4851851851851854,0.0,0.0003518648838845883
0.714814814814815,0.4851851851851854,0.0,0.0003518648838845883
0.714814814814815,0.4925925925925915,0.00020366598778004074,0.0
0.714814814814815,0.4925925925925915,0.00020366598778004074,0.0
0.714814814814815,0.5,0.00020366598778004074,0.0
0.714814814814815,0.5,0.00020366598778004074,0.0
0.714814814814815,0.5074074074074084,0.00020366598778004074,0.0
0.714814814814815,0.5074074074074084,0.00020366598778004074,0.0
0.714814814814815,0.5148148148148146,0.00020366598778004074,0.0
0.714814814814815,0.5148148148148146,0.00020366598778004074,0.0
0.714814814814815,0.522222222222223,0.00020366598778004074,0.0
0.714814814814815,0.522222222222223,0.00020366598778004074,0.0
0.714814814814815,0.5296296296296292,0.00020366598778004074,0.0
0.714814814814815,0.5296296296296292,0.00020366598778004074,0.0
0.714814814814815,0.5370370370370378,0.0,0.0003518648838845883
0.714814814814815,0.5370370370370378,0.0,0.0003518648838845883
0.714814814814815,0.5444444444444438,0.0,0.0003518648838845883
0.714814814814815,0.5444444444444438,0.0,0.0003518648838845883
0.714814814814815,0.5518518518518524,0.00020366598778004074,0.0
0.714814814814815,0.5518518518518524,0.00020366598778004074,0.0
0.714814814814815,0.5592592592592586,0.00020366598778004074,0.0
0.714814814814815,0.5592592592592586,0.00020366598778004074,0.0
0.714814814814815,0.566666666666667,0.00020366598778004074,0.0
0.714814814814815,0.566666666666667,0.00020366598778004074,0.0
0.714814814814815,0.5740740740740732,0.00020366598778004074,0.0
0.714814814814815,0.5740740740740732,0.00020366598778004074,0.0
0.714814814814815,0.5814814814814816,0.00020366598778004074,0.0
0.714814814814815,0.5814814814814816,0.00020366598778004074,0.0
0.714814814814815,0.58888888888889,0.00020366598778004074,0.0
0.714814814814815,0.58888888888889,0.00020366598778004074,0.0
0.714814814814815,0.5962962962962962,0.0,0.0
0.714814814814815,0.5962962962962962,0.0,0.0
0.714814814814815,0.6037037037037046,0.0,0.0
0.714814814814815,0.6037037037037046,0.0,0.0
0.714814814814815,0.6111111111111108,0.0,0.0
0.714814814814815,0.6111111111111108,0.0,0.0
0.714814814814815,0.6185185185185194,0.00020366598778004074,0.0
0.714814814814815,0.6185185185185194,0.00020366598778004074,0.0
0.714814814814815,0.6259259259259254,0.00020366598778004074,0.0
0.714814814814815,0.6259259259259254,0.00020366598778004074,0.0
0.714814814814815,0.633333333333334,0.00020366598778004074,0.0
0.714814814814815,0.633333333333334,0.00020366598778004074,0.0
0.714814814814815,0.6407407407407402,0.00020366598778004074,0.0
0.714814814814815,0.6407407407407402,0.00020366598778004074,0.0
0.714814814814815,0.6481481481481486,0.0,0.0003518648838845883
0.714814814814815,0.6481481481481486,0.0,0.0003518648838845883
0.714814814814815,0.6555555555555548,0.00020366598778004074,0.0
0.714814814814815,0.6555555555555548,0.00020366598778004074,0.0
0.714814814814815,0.6629629629629632,0.00020366598778004074,0.0
0.714814814814815,0.6629629629629632,0.00020366598778004074,0.0
0.714814814814815,0.6703703703703694,0.00020366598778004074,0.0
0.714814814814815,0.6703703703703694,0.00020366598778004074,0.0
0.714814814814815,0.6777777777777778,0.0,0.0003518648838845883
0.714814814814815,0.6777777777777778,0.0,0.0003518648838845883
0.714814814814815,0.6851851851851862,0.0,0.0003518648838845883
0.714814814814815,0.6851851851851862,0.0,0.0003518648838845883
0.714814814814815,0.6925925925925924,0.00020366598778004074,0.0
0.714814814814815,0.6925925925925924,0.00020366598778004074,0.0
0.714814814814815,0.700000000000001,0.00020366598778004074,0.0
0.714814814814815,0.700000000000001,0.00020366598778004074,0.0
0.714814814814815,0.707407407407407,0.00020366598778004074,0.0
0.714814814814815,0.707407407407407,0.00020366598778004074,0.0
0.714814814814815,0.7148148148148156,0.00020366598778004074,0.0
0.714814814814815,0.7148148148148156,0.00020366598778004074,0.0
0.714814814814815,0.7222222222222218,0.00020366598778004074,0.0
0.714814814814815,0.7222222222222218,0.00020366598778004074,0.0
0.714814814814815,0.7296296296296302,0.00020366598778004074,0.0
0.714814814814815,0.7296296296296302,0.00020366598778004074,0.0
0.714814814814815,0.7370370370370364,0.00020366598778004074,0.0
0.714814814814815,0.7370370370370364,0.00020366598778004074,0.0
0.714814814814815,0.7444444444444448,0.00020366598778004074,0.0
0.714814814814815,0.7444444444444448,0.00020366598778004074,0.0
0.714814814814815,0.751851851851851,0.00020366598778004074,0.0
0.714814814814815,0.751851851851851,0.00020366598778004074,0.0
0.714814814814815,0.7592592592592594,0.00020366598778004074,0.0
0.714814814814815,0.7592592592592594,0.00020366598778004074,0.0
0.714814814814815,0.7666666666666656,0.00020366598778004074,0.0
0.714814814814815,0.7666666666666656,0.00020366598778004074,0.0
0.714814814814815,0.774074074074074,0.0,0.0003518648838845883
0.714814814814815,0.774074074074074,0.0,0.0003518648838845883
0.714814814814815,0.7814814814814826,0.0,0.0003518648838845883
0.714814814814815,0.7814814814814826,0.0,0.0003518648838845883
0.714814814814815,0.7888888888888886,0.0,0.0
0.714814814814815,0.7888888888888886,0.0,0.0
0.714814814814815,0.7962962962962972,0.0,0.0
0.714814814814815,0.7962962962962972,0.0,0.0
0.714814814814815,0.8037037037037034,0.0,0.0003518648838845883
0.714814814814815,0.8037037037037034,0.0,0.0003518648838845883
0.714814814814815,0.8111111111111118,0.0,0.0003518648838845883
0.714814814814815,0.8111111111111118,0.0,0.0003518648838845883
0.714814814814815,0.818518518518518,0.0,0.0
0.714814814814815,0.818518518518518,0.0,0.0
0.714814814814815,0.8259259259259264,0.0,0.0
0.714814814814815,0.8259259259259264,0.0,0.0
0.714814814814815,0.8333333333333326,0.0,0.0
0.714814814814815,0.8333333333333326,0.0,0.0
0.714814814814815,0.840740740740741,0.0,0.0
0.714814814814815,0.840740740740741,0.0,0.0
0.714814814814815,0.8481481481481472,0.0,0.0
0.714814814814815,0.8481481481481472,0.0,0.0
0.714814814814815,0.8555555555555556,0.00020366598778004074,0.0
0.714814814814815,0.8555555555555556,0.00020366598778004074,0.0
0.714814814814815,0.8629629629629642,0.0,0.0
0.714814814814815,0.8629629629629642,0.0,0.0
0.714814814814815,0.8703703703703702,0.0,0.0
0.714814814814815,0.8703703703703702,0.0,0.0
0.714814814814815,0.8777777777777788,0.00020366598778004074,0.0
0.714814814814815,0.8777777777777788,0.00020366598778004074,0.0
0.714814814814815,0.885185185185185,0.00020366598778004074,0.0
0.714814814814815,0.885185185185185,0.00020366598778004074,0.0
0.714814814814815,0.8925925925925934,0.0,0.0
0.714814814814815,0.8925925925925934,0.0,0.0
0.714814814814815,0.8999999999999996,0.0,0.0
0.714814814814815,0.8999999999999996,0.0,0.0
0.714814814814815,0.907407407407408,0.0,0.0003518648838845883
0.714814814814815,0.907407407407408,0.0,0.0003518648838845883
0.714814814814815,0.9148148148148142,0.0,0.0003518648838845883
0.714814814814815,0.9148148148148142,0.0,0.0003518648838845883
0.714814814814815,0.9222222222222226,0.0,0.0003518648838845883
0.714814814814815,0.9222222222222226,0.0,0.0003518648838845883
0.714814814814815,0.9296296296296288,0.0,0.0
0.714814814814815,0.9296296296296288,0.0,0.0
0.714814814814815,0.9370370370370372,0.0,0.0003518648838845883
0.714814814814815,0.9370370370370372,0.0,0.0003518648838845883
0.714814814814815,0.9444444444444434,0.0,0.0003518648838845883
0.714814814814815,0.9444444444444434,0.0,0.0003518648838845883
0.714814814814815,0.9518518518518518,0.0,0.0003518648838845883
0.714814814814815,0.9518518518518518,0.0,0.0003518648838845883
0.714814814814815,0.9592592592592604,0.0,0.0
0.714814814814815,0.9592592592592604,0.0,0.0
0.714814814814815,0.9666666666666666,0.0,0.0
0.714814814814815,0.9666666666666666,0.0,0.0
0.714814814814815,0.974074074074075,0.00020366598778004074,0.0
0.714814814814815,0.974074074074075,0.00020366598778004074,0.0
0.714814814814815,0.9814814814814812,0.0,0.0
0.714814814814815,0.9814814814814812,0.0,0.0
0.714814814814815,0.9888888888888896,0.0,0.0003518648838845883
0.714814814814815,0.9888888888888896,0.0,0.0003518648838845883
0.714814814814815,0.9962962962962958,0.0,0.0
0.714814814814815,0.9962962962962958,0.0,0.0
0.7222222222222223,0.4037037037037038,0.00020366598778004074,0.0
0.7222222222222223,0.4037037037037038,0.00020366598778004074,0.0
0.7222222222222223,0.4111111111111122,0.00020366598778004074,0.0
0.7222222222222223,0.4111111111111122,0.00020366598778004074,0.0
0.7222222222222223,0.4185185185185184,0.00020366598778004074,0.0
0.7222222222222223,0.4185185185185184,0.00020366598778004074,0.0
0.7222222222222223,0.4259259259259269,0.0,0.0003518648838845883
0.7222222222222223,0.4259259259259269,0.0,0.0003518648838845883
0.7222222222222223,0.433333333333333,0.0,0.0003518648838845883
0.7222222222222223,0.433333333333333,0.0,0.0003518648838845883
0.7222222222222223,0.4407407407407415,0.0,0.0003518648838845883
0.7222222222222223,0.4407407407407415,0.0,0.0003518648838845883
0.7222222222222223,0.4481481481481477,0.0,0.0003518648838845883
0.7222222222222223,0.4481481481481477,0.0,0.0003518648838845883
0.7222222222222223,0.4555555555555561,0.00020366598778004074,0.0
0.7222222222222223,0.4555555555555561,0.00020366598778004074,0.0
0.7222222222222223,0.4629629629629623,0.00020366598778004074,0.0
0.7222222222222223,0.4629629629629623,0.00020366598778004074,0.0
0.7222222222222223,0.4703703703703707,0.0,0.0
0.7222222222222223,0.4703703703703707,0.0,0.0
0.7222222222222223,0.4777777777777769,0.0,0.0
0.7222222222222223,0.4777777777777769,0.0,0.0
0.7222222222222223,0.4851851851851854,0.00020366598778004074,0.0
0.7222222222222223,0.4851851851851854,0.00020366598778004074,0.0
0.7222222222222223,0.4925925925925915,0.00020366598778004074,0.0
0.7222222222222223,0.4925925925925915,0.00020366598778004074,0.0
0.7222222222222223,0.5,0.00020366598778004074,0.0
0.7222222222222223,0.5,0.00020366598778004074,0.0
0.7222222222222223,0.5074074074074084,0.00020366598778004074,0.0
0.7222222222222223,0.5074074074074084,0.00020366598778004074,0.0
0.7222222222222223,0.5148148148148146,0.00020366598778004074,0.0
0.7222222222222223,0.5148148148148146,0.00020366598778004074,0.0
0.7222222222222223,0.522222222222223,0.00020366598778004074,0.0
0.7222222222222223,0.522222222222223,0.00020366598778004074,0.0
0.7222222222222223,0.5296296296296292,0.0,0.0003518648838845883
0.7222222222222223,0.5296296296296292,0.0,0.0003518648838845883
0.7222222222222223,0.5370370370370378,0.0,0.0003518648838845883
0.7222222222222223,0.5370370370370378,0.0,0.0003518648838845883
0.7222222222222223,0.5444444444444438,0.0,0.0003518648838845883
0.7222222222222223,0.5444444444444438,0.0,0.0003518648838845883
0.7222222222222223,0.5518518518518524,0.0,0.0003518648838845883
0.7222222222222223,0.5518518518518524,0.0,0.0003518648838845883
0.7222222222222223,0.5592592592592586,0.0,0.0
0.7222222222222223,0.5592592592592586,0.0,0.0
0.7222222222222223,0.566666666666667,0.0,0.0
0.7222222222222223,0.566666666666667,0.0,0.0
0.7222222222222223,0.5740740740740732,0.00020366598778004074,0.0
0.7222222222222223,0.5740740740740732,0.00020366598778004074,0.0
0.7222222222222223,0.5814814814814816,0.00020366598778004074,0.0
0.7222222222222223,0.5814814814814816,0.00020366598778004074,0.0
0.7222222222222223,0.58888888888889,0.00020366598778004074,0.0
0.7222222222222223,0.58888888888889,0.00020366598778004074,0.0
0.7222222222222223,0.5962962962962962,0.00020366598778004074,0.0
0.7222222222222223,0.5962962962962962,0.00020366598778004074,0.0
0.7222222222222223,0.6037037037037046,0.0,0.0
0.7222222222222223,0.6037037037037046,0.0,0.0
0.7222222222222223,0.6111111111111108,0.00020366598778004074,0.0
0.7222222222222223,0.6111111111111108,0.00020366598778004074,0.0
0.7222222222222223,0.6185185185185194,0.00020366598778004074,0.0
0.7222222222222223,0.6185185185185194,0.00020366598778004074,0.0
0.7222222222222223,0.6259259259259254,0.00020366598778004074,0.0
0.7222222222222223,0.6259259259259254,0.00020366598778004074,0.0
0.7222222222222223,0.633333333333334,0.00020366598778004074,0.0
0.7222222222222223,0.633333333333334,0.00020366598778004074,0.0
0.7222222222222223,0.6407407407407402,0.0,0.0
0.7222222222222223,0.6407407407407402,0.0,0.0
0.7222222222222223,0.6481481481481486,0.00020366598778004074,0.0
0.7222222222222223,0.6481481481481486,0.00020366598778004074,0.0
0.7222222222222223,0.6555555555555548,0.00020366598778004074,0.0
0.7222222222222223,0.6555555555555548,0.00020366598778004074,0.0
0.7222222222222223,0.6629629629629632,0.00020366598778004074,0.0
0.7222222222222223,0.6629629629629632,0.00020366598778004074,0.0
0.7222222222222223,0.6703703703703694,0.00020366598778004074,0.0
0.7222222222222223,0.6703703703703694,0.00020366598778004074,0.0
0.7222222222222223,0.6777777777777778,0.0,0.0003518648838845883
0.7222222222222223,0.6777777777777778,0.0,0.0003518648838845883
0.7222222222222223,0.6851851851851862,0.00020366598778004074,0.0
0.7222222222222223,0.6851851851851862,0.00020366598778004074,0.0
0.7222222222222223,0.6925925925925924,0.00020366598778004074,0.0
0.7222222222222223,0.6925925925925924,0.00020366598778004074,0.0
0.7222222222222223,0.700000000000001,0.00020366598778004074,0.0
0.7222222222222223,0.700000000000001,0.00020366598778004074,0.0
0.7222222222222223,0.707407407407407,0.00020366598778004074,0.0
0.7222222222222223,0.707407407407407,0.00020366598778004074,0.0
0.7222222222222223,0.7148148148148156,0.00020366598778004074,0.0
0.7222222222222223,0.7148148148148156,0.00020366598778004074,0.0
0.7222222222222223,0.7222222222222218,0.00020366598778004074,0.0
0.7222222222222223,0.7222222222222218,0.00020366598778004074,0.0
0.7222222222222223,0.7296296296296302,0.00020366598778004074,0.0
0.7222222222222223,0.7296296296296302,0.00020366598778004074,0.0
0.7222222222222223,0.7370370370370364,0.00020366598778004074,0.0
0.7222222222222223,0.7370370370370364,0.00020366598778004074,0.0
0.7222222222222223,0.7444444444444448,0.00020366598778004074,0.0
0.7222222222222223,0.7444444444444448,0.00020366598778004074,0.0
0.7222222222222223,0.751851851851851,0.00020366598778004074,0.0
0.7222222222222223,0.751851851851851,0.00020366598778004074,0.0
0.7222222222222223,0.7592592592592594,0.00020366598778004074,0.0
0.7222222222222223,0.7592592592592594,0.00020366598778004074,0.0
0.7222222222222223,0.7666666666666656,0.00020366598778004074,0.0
0.7222222222222223,0.7666666666666656,0.00020366598778004074,0.0
0.7222222222222223,0.774074074074074,0.00020366598778004074,0.0
0.7222222222222223,0.774074074074074,0.00020366598778004074,0.0
0.7222222222222223,0.7814814814814826,0.0,0.0
0.7222222222222223,0.7814814814814826,0.0,0.0
0.7222222222222223,0.7888888888888886,0.0,0.0
0.7222222222222223,0.7888888888888886,0.0,0.0
0.7222222222222223,0.7962962962962972,0.0,0.0
0.7222222222222223,0.7962962962962972,0.0,0.0
0.7222222222222223,0.8037037037037034,0.0,0.0003518648838845883
0.7222222222222223,0.8037037037037034,0.0,0.0003518648838845883
0.7222222222222223,0.8111111111111118,0.0,0.0003518648838845883
0.7222222222222223,0.8111111111111118,0.0,0.0003518648838845883
0.7222222222222223,0.818518518518518,0.0,0.0003518648838845883
0.7222222222222223,0.818518518518518,0.0,0.0003518648838845883
0.7222222222222223,0.8259259259259264,0.00020366598778004074,0.0
0.7222222222222223,0.8259259259259264,0.00020366598778004074,0.0
0.7222222222222223,0.8333333333333326,0.0,0.0
0.7222222222222223,0.8333333333333326,0.0,0.0
0.7222222222222223,0.840740740740741,0.00020366598778004074,0.0
0.7222222222222223,0.840740740740741,0.00020366598778004074,0.0
0.7222222222222223,0.8481481481481472,0.00020366598778004074,0.0
0.7222222222222223,0.8481481481481472,0.00020366598778004074,0.0
0.7222222222222223,0.8555555555555556,0.0,0.0
0.7222222222222223,0.8555555555555556,0.0,0.0
0.7222222222222223,0.8629629629629642,0.00020366598778004074,0.0
0.7222222222222223,0.8629629629629642,0.00020366598778004074,0.0
0.7222222222222223,0.8703703703703702,0.00020366598778004074,0.0
0.7222222222222223,0.8703703703703702,0.00020366598778004074,0.0
0.7222222222222223,0.8777777777777788,0.00020366598778004074,0.0
0.7222222222222223,0.8777777777777788,0.00020366598778004074,0.0
0.7222222222222223,0.885185185185185,0.00020366598778004074,0.0
0.7222222222222223,0.885185185185185,0.00020366598778004074,0.0
0.7222222222222223,0.8925925925925934,0.00020366598778004074,0.0
0.7222222222222223,0.8925925925925934,0.00020366598778004074,0.0
0.7222222222222223,0.8999999999999996,0.0,0.0
0.7222222222222223,0.8999999999999996,0.0,0.0
0.7222222222222223,0.907407407407408,0.00020366598778004074,0.0
0.7222222222222223,0.907407407407408,0.00020366598778004074,0.0
0.7222222222222223,0.9148148148148142,0.0,0.0003518648838845883
0.7222222222222223,0.9148148148148142,0.0,0.0003518648838845883
0.7222222222222223,0.9222222222222226,0.0,0.0003518648838845883
0.7222222222222223,0.9222222222222226,0.0,0.0003518648838845883
0.7222222222222223,0.9296296296296288,0.0,0.0003518648838845883
0.7222222222222223,0.9296296296296288,0.0,0.0003518648838845883
0.7222222222222223,0.9370370370370372,0.0,0.0003518648838845883
0.7222222222222223,0.9370370370370372,0.0,0.0003518648838845883
0.7222222222222223,0.9444444444444434,0.0,0.0
0.7222222222222223,0.9444444444444434,0.0,0.0
0.7222222222222223,0.9518518518518518,0.0,0.0003518648838845883
0.7222222222222223,0.9518518518518518,0.0,0.0003518648838845883
0.7222222222222223,0.9592592592592604,0.0,0.0003518648838845883
0.7222222222222223,0.9592592592592604,0.0,0.0003518648838845883
0.7222222222222223,0.9666666666666666,0.0,0.0
0.7222222222222223,0.9666666666666666,0.0,0.0
0.7222222222222223,0.974074074074075,0.00020366598778004074,0.0
0.7222222222222223,0.974074074074075,0.00020366598778004074,0.0
0.7222222222222223,0.9814814814814812,0.0,0.0
0.7222222222222223,0.9814814814814812,0.0,0.0
0.7222222222222223,0.9888888888888896,0.0,0.0
0.7222222222222223,0.9888888888888896,0.0,0.0
0.7222222222222223,0.9962962962962958,0.0,0.0003518648838845883
0.7222222222222223,0.9962962962962958,0.0,0.0003518648838845883
0.7296296296296295,0.4037037037037038,0.00020366598778004074,0.0
0.7296296296296295,0.4037037037037038,0.00020366598778004074,0.0
0.7296296296296295,0.4111111111111122,0.00020366598778004074,0.0
0.7296296296296295,0.4111111111111122,0.00020366598778004074,0.0
0.7296296296296295,0.4185185185185184,0.00020366598778004074,0.0
0.7296296296296295,0.4185185185185184,0.00020366598778004074,0.0
0.7296296296296295,0.4259259259259269,0.00020366598778004074,0.0
0.7296296296296295,0.4259259259259269,0.00020366598778004074,0.0
0.7296296296296295,0.433333333333333,0.0,0.0003518648838845883
0.7296296296296295,0.433333333333333,0.0,0.0003518648838845883
0.7296296296296295,0.4407407407407415,0.0,0.0003518648838845883
0.7296296296296295,0.4407407407407415,0.0,0.0003518648838845883
0.7296296296296295,0.4481481481481477,0.00020366598778004074,0.0
0.7296296296296295,0.4481481481481477,0.00020366598778004074,0.0
0.7296296296296295,0.4555555555555561,0.00020366598778004074,0.0
0.7296296296296295,0.4555555555555561,0.00020366598778004074,0.0
0.7296296296296295,0.4629629629629623,0.00020366598778004074,0.0
0.7296296296296295,0.4629629629629623,0.00020366598778004074,0.0
0.7296296296296295,0.4703703703703707,0.0,0.0003518648838845883
0.7296296296296295,0.4703703703703707,0.0,0.0003518648838845883
0.7296296296296295,0.4777777777777769,0.00020366598778004074,0.0
0.7296296296296295,0.4777777777777769,0.00020366598778004074,0.0
0.7296296296296295,0.4851851851851854,0.00020366598778004074,0.0
0.7296296296296295,0.4851851851851854,0.00020366598778004074,0.0
0.7296296296296295,0.4925925925925915,0.00020366598778004074,0.0
0.7296296296296295,0.4925925925925915,0.00020366598778004074,0.0
0.7296296296296295,0.5,0.0,0.0
0.7296296296296295,0.5,0.0,0.0
0.7296296296296295,0.5074074074074084,0.00020366598778004074,0.0
0.7296296296296295,0.5074074074074084,0.00020366598778004074,0.0
0.7296296296296295,0.5148148148148146,0.00020366598778004074,0.0
0.7296296296296295,0.5148148148148146,0.00020366598778004074,0.0
0.7296296296296295,0.522222222222223,0.0,0.0
0.7296296296296295,0.522222222222223,0.0,0.0
0.7296296296296295,0.5296296296296292,0.0,0.0003518648838845883
0.7296296296296295,0.5296296296296292,0.0,0.0003518648838845883
0.7296296296296295,0.5370370370370378,0.00020366598778004074,0.0
0.7296296296296295,0.5370370370370378,0.00020366598778004074,0.0
0.7296296296296295,0.5444444444444438,0.00020366598778004074,0.0
0.7296296296296295,0.5444444444444438,0.00020366598778004074,0.0
0.7296296296296295,0.5518518518518524,0.0,0.0003518648838845883
0.7296296296296295,0.5518518518518524,0.0,0.0003518648838845883
0.7296296296296295,0.5592592592592586,0.00020366598778004074,0.0
0.7296296296296295,0.5592592592592586,0.00020366598778004074,0.0
0.7296296296296295,0.566666666666667,0.0,0.0
0.7296296296296295,0.566666666666667,0.0,0.0
0.7296296296296295,0.5740740740740732,0.00020366598778004074,0.0
0.7296296296296295,0.5740740740740732,0.00020366598778004074,0.0
0.7296296296296295,0.5814814814814816,0.00020366598778004074,0.0
0.7296296296296295,0.5814814814814816,0.00020366598778004074,0.0
0.7296296296296295,0.58888888888889,0.00020366598778004074,0.0
0.7296296296296295,0.58888888888889,0.00020366598778004074,0.0
0.7296296296296295,0.5962962962962962,0.00020366598778004074,0.0
0.7296296296296295,0.5962962962962962,0.00020366598778004074,0.0
0.7296296296296295,0.6037037037037046,0.00020366598778004074,0.0
0.7296296296296295,0.6037037037037046,0.00020366598778004074,0.0
0.7296296296296295,0.6111111111111108,0.00020366598778004074,0.0
0.7296296296296295,0.6111111111111108,0.00020366598778004074,0.0
0.7296296296296295,0.6185185185185194,0.00020366598778004074,0.0
0.7296296296296295,0.6185185185185194,0.00020366598778004074,0.0
0.7296296296296295,0.6259259259259254,0.00020366598778004074,0.0
0.7296296296296295,0.6259259259259254,0.00020366598778004074,0.0
0.7296296296296295,0.633333333333334,0.00020366598778004074,0.0
0.7296296296296295,0.633333333333334,0.00020366598778004074,0.0
0.7296296296296295,0.6407407407407402,0.00020366598778004074,0.0
0.7296296296296295,0.6407407407407402,0.00020366598778004074,0.0
0.7296296296296295,0.6481481481481486,0.00020366598778004074,0.0
0.7296296296296295,0.6481481481481486,0.00020366598778004074,0.0
0.7296296296296295,0.6555555555555548,0.00020366598778004074,0.0
0.7296296296296295,0.6555555555555548,0.00020366598778004074,0.0
0.7296296296296295,0.6629629629629632,0.0,0.0003518648838845883
0.7296296296296295,0.6629629629629632,0.0,0.0003518648838845883
0.7296296296296295,0.6703703703703694,0.00020366598778004074,0.0
0.7296296296296295,0.6703703703703694,0.00020366598778004074,0.0
0.7296296296296295,0.6777777777777778,0.0,0.0003518648838845883
0.7296296296296295,0.6777777777777778,0.0,0.0003518648838845883
0.7296296296296295,0.6851851851851862,0.00020366598778004074,0.0
0.7296296296296295,0.6851851851851862,0.00020366598778004074,0.0
0.7296296296296295,0.6925925925925924,0.00020366598778004074,0.0
0.7296296296296295,0.6925925925925924,0.00020366598778004074,0.0
0.7296296296296295,0.700000000000001,0.00020366598778004074,0.0
0.7296296296296295,0.700000000000001,0.00020366598778004074,0.0
0.7296296296296295,0.707407407407407,0.00020366598778004074,0.0
0.7296296296296295,0.707407407407407,0.00020366598778004074,0.0
0.7296296296296295,0.7148148148148156,0.00020366598778004074,0.0
0.7296296296296295,0.7148148148148156,0.00020366598778004074,0.0
0.7296296296296295,0.7222222222222218,0.00020366598778004074,0.0
0.7296296296296295,0.7222222222222218,0.00020366598778004074,0.0
0.7296296296296295,0.7296296296296302,0.0,0.0
0.7296296296296295,0.7296296296296302,0.0,0.0
0.7296296296296295,0.7370370370370364,0.0,0.0
0.7296296296296295,0.7370370370370364,0.0,0.0
0.7296296296296295,0.7444444444444448,0.0,0.0
0.7296296296296295,0.7444444444444448,0.0,0.0
0.7296296296296295,0.751851851851851,0.0,0.0
0.7296296296296295,0.751851851851851,0.0,0.0
0.7296296296296295,0.7592592592592594,0.00020366598778004074,0.0
0.7296296296296295,0.7592592592592594,0.00020366598778004074,0.0
0.7296296296296295,0.7666666666666656,0.00020366598778004074,0.0
0.7296296296296295,0.7666666666666656,0.00020366598778004074,0.0
0.7296296296296295,0.774074074074074,0.0,0.0
0.7296296296296295,0.774074074074074,0.0,0.0
0.7296296296296295,0.7814814814814826,0.0,0.0003518648838845883
0.7296296296296295,0.7814814814814826,0.0,0.0003518648838845883
0.7296296296296295,0.7888888888888886,0.0,0.0
0.7296296296296295,0.7888888888888886,0.0,0.0
0.7296296296296295,0.7962962962962972,0.0,0.0
0.7296296296296295,0.7962962962962972,0.0,0.0
0.7296296296296295,0.8037037037037034,0.0,0.0003518648838845883
0.7296296296296295,0.8037037037037034,0.0,0.0003518648838845883
0.7296296296296295,0.8111111111111118,0.0,0.0003518648838845883
0.7296296296296295,0.8111111111111118,0.0,0.0003518648838845883
0.7296296296296295,0.818518518518518,0.0,0.0003518648838845883
0.7296296296296295,0.818518518518518,0.0,0.0003518648838845883
0.7296296296296295,0.8259259259259264,0.0,0.0003518648838845883
0.7296296296296295,0.8259259259259264,0.0,0.0003518648838845883
0.7296296296296295,0.8333333333333326,0.0,0.0003518648838845883
0.7296296296296295,0.8333333333333326,0.0,0.0003518648838845883
0.7296296296296295,0.840740740740741,0.00020366598778004074,0.0
0.7296296296296295,0.840740740740741,0.00020366598778004074,0.0
0.7296296296296295,0.8481481481481472,0.00020366598778004074,0.0
0.7296296296296295,0.8481481481481472,0.00020366598778004074,0.0
0.7296296296296295,0.8555555555555556,0.00020366598778004074,0.0
0.7296296296296295,0.8555555555555556,0.00020366598778004074,0.0
0.7296296296296295,0.8629629629629642,0.0,0.0
0.7296296296296295,0.8629629629629642,0.0,0.0
0.7296296296296295,0.8703703703703702,0.0,0.0
0.7296296296296295,0.8703703703703702,0.0,0.0
0.7296296296296295,0.8777777777777788,0.0,0.0
0.7296296296296295,0.8777777777777788,0.0,0.0
0.7296296296296295,0.885185185185185,0.00020366598778004074,0.0
0.7296296296296295,0.885185185185185,0.00020366598778004074,0.0
0.7296296296296295,0.8925925925925934,0.00020366598778004074,0.0
0.7296296296296295,0.8925925925925934,0.00020366598778004074,0.0
0.7296296296296295,0.8999999999999996,0.00020366598778004074,0.0
0.7296296296296295,0.8999999999999996,0.00020366598778004074,0.0
0.7296296296296295,0.907407407407408,0.0,0.0
0.7296296296296295,0.907407407407408,0.0,0.0
0.7296296296296295,0.9148148148148142,0.0,0.0
0.7296296296296295,0.9148148148148142,0.0,0.0
0.7296296296296295,0.9222222222222226,0.0,0.0003518648838845883
0.7296296296296295,0.9222222222222226,0.0,0.0003518648838845883
0.7296296296296295,0.9296296296296288,0.0,0.0
0.7296296296296295,0.9296296296296288,0.0,0.0
0.7296296296296295,0.9370370370370372,0.0,0.0003518648838845883
0.7296296296296295,0.9370370370370372,0.0,0.0003518648838845883
0.7296296296296295,0.9444444444444434,0.0,0.0
0.7296296296296295,0.9444444444444434,0.0,0.0
0.7296296296296295,0.9518518518518518,0.0,0.0
0.7296296296296295,0.9518518518518518,0.0,0.0
0.7296296296296295,0.9592592592592604,0.0,0.0003518648838845883
0.7296296296296295,0.9592592592592604,0.0,0.0003518648838845883
0.7296296296296295,0.9666666666666666,0.0,0.0003518648838845883
0.7296296296296295,0.9666666666666666,0.0,0.0003518648838845883
0.7296296296296295,0.974074074074075,0.0,0.0
0.7296296296296295,0.974074074074075,0.0,0.0
0.7296296296296295,0.9814814814814812,0.0,0.0
0.7296296296296295,0.9814814814814812,0.0,0.0
0.7296296296296295,0.9888888888888896,0.0,0.0
0.7296296296296295,0.9888888888888896,0.0,0.0
0.7296296296296295,0.9962962962962958,0.0,0.0
0.7296296296296295,0.9962962962962958,0.0,0.0
0.7370370370370372,0.4037037037037038,0.00020366598778004074,0.0
0.7370370370370372,0.4037037037037038,0.00020366598778004074,0.0
0.7370370370370372,0.4111111111111122,0.00020366598778004074,0.0
0.7370370370370372,0.4111111111111122,0.00020366598778004074,0.0
0.7370370370370372,0.4185185185185184,0.00020366598778004074,0.0
0.7370370370370372,0.4185185185185184,0.00020366598778004074,0.0
0.7370370370370372,0.4259259259259269,0.00020366598778004074,0.0
0.7370370370370372,0.4259259259259269,0.00020366598778004074,0.0
0.7370370370370372,0.433333333333333,0.00020366598778004074,0.0
0.7370370370370372,0.433333333333333,0.00020366598778004074,0.0
0.7370370370370372,0.4407407407407415,0.00020366598778004074,0.0
0.7370370370370372,0.4407407407407415,0.00020366598778004074,0.0
0.7370370370370372,0.4481481481481477,0.0,0.0003518648838845883
0.7370370370370372,0.4481481481481477,0.0,0.0003518648838845883
0.7370370370370372,0.4555555555555561,0.00020366598778004074,0.0
0.7370370370370372,0.4555555555555561,0.00020366598778004074,0.0
0.7370370370370372,0.4629629629629623,0.00020366598778004074,0.0
0.7370370370370372,0.4629629629629623,0.00020366598778004074,0.0
0.7370370370370372,0.4703703703703707,0.00020366598778004074,0.0
0.7370370370370372,0.4703703703703707,0.00020366598778004074,0.0
0.7370370370370372,0.4777777777777769,0.00020366598778004074,0.0
0.7370370370370372,0.4777777777777769,0.00020366598778004074,0.0
0.7370370370370372,0.4851851851851854,0.00020366598778004074,0.0
0.7370370370370372,0.4851851851851854,0.00020366598778004074,0.0
0.7370370370370372,0.4925925925925915,0.00020366598778004074,0.0
0.7370370370370372,0.4925925925925915,0.00020366598778004074,0.0
0.7370370370370372,0.5,0.0,0.0
0.7370370370370372,0.5,0.0,0.0
0.7370370370370372,0.5074074074074084,0.0,0.0003518648838845883
0.7370370370370372,0.5074074074074084,0.0,0.0003518648838845883
0.7370370370370372,0.5148148148148146,0.0,0.0003518648838845883
0.7370370370370372,0.5148148148148146,0.0,0.0003518648838845883
0.7370370370370372,0.522222222222223,0.0,0.0003518648838845883
0.7370370370370372,0.522222222222223,0.0,0.0003518648838845883
0.7370370370370372,0.5296296296296292,0.0,0.0003518648838845883
0.7370370370370372,0.5296296296296292,0.0,0.0003518648838845883
0.7370370370370372,0.5370370370370378,0.00020366598778004074,0.0
0.7370370370370372,0.5370370370370378,0.00020366598778004074,0.0
0.7370370370370372,0.5444444444444438,0.00020366598778004074,0.0
0.7370370370370372,0.5444444444444438,0.00020366598778004074,0.0
0.7370370370370372,0.5518518518518524,0.00020366598778004074,0.0
0.7370370370370372,0.5518518518518524,0.00020366598778004074,0.0
0.7370370370370372,0.5592592592592586,0.00020366598778004074,0.0
0.7370370370370372,0.5592592592592586,0.00020366598778004074,0.0
0.7370370370370372,0.566666666666667,0.00020366598778004074,0.0
0.7370370370370372,0.566666666666667,0.00020366598778004074,0.0
0.7370370370370372,0.5740740740740732,0.00020366598778004074,0.0
0.7370370370370372,0.5740740740740732,0.00020366598778004074,0.0
0.7370370370370372,0.5814814814814816,0.00020366598778004074,0.0
0.7370370370370372,0.5814814814814816,0.00020366598778004074,0.0
0.7370370370370372,0.58888888888889,0.00020366598778004074,0.0
0.7370370370370372,0.58888888888889,0.00020366598778004074,0.0
0.7370370370370372,0.5962962962962962,0.00020366598778004074,0.0
0.7370370370370372,0.5962962962962962,0.00020366598778004074,0.0
0.7370370370370372,0.6037037037037046,0.00020366598778004074,0.0
0.7370370370370372,0.6037037037037046,0.00020366598778004074,0.0
0.7370370370370372,0.6111111111111108,0.00020366598778004074,0.0
0.7370370370370372,0.6111111111111108,0.00020366598778004074,0.0
0.7370370370370372,0.6185185185185194,0.00020366598778004074,0.0
0.7370370370370372,0.6185185185185194,0.00020366598778004074,0.0
0.7370370370370372,0.6259259259259254,0.00020366598778004074,0.0
0.7370370370370372,0.6259259259259254,0.00020366598778004074,0.0
0.7370370370370372,0.633333333333334,0.00020366598778004074,0.0
0.7370370370370372,0.633333333333334,0.00020366598778004074,0.0
0.7370370370370372,0.6407407407407402,0.00020366598778004074,0.0
0.7370370370370372,0.6407407407407402,0.00020366598778004074,0.0
0.7370370370370372,0.6481481481481486,0.00020366598778004074,0.0
0.7370370370370372,0.6481481481481486,0.00020366598778004074,0.0
0.7370370370370372,0.6555555555555548,0.00020366598778004074,0.0
0.7370370370370372,0.6555555555555548,0.00020366598778004074,0.0
0.7370370370370372,0.6629629629629632,0.00020366598778004074,0.0
0.7370370370370372,0.6629629629629632,0.00020366598778004074,0.0
0.7370370370370372,0.6703703703703694,0.00020366598778004074,0.0
0.7370370370370372,0.6703703703703694,0.00020366598778004074,0.0
0.7370370370370372,0.6777777777777778,0.00020366598778004074,0.0
0.7370370370370372,0.6777777777777778,0.00020366598778004074,0.0
0.7370370370370372,0.6851851851851862,0.00020366598778004074,0.0
0.7370370370370372,0.6851851851851862,0.00020366598778004074,0.0
0.7370370370370372,0.6925925925925924,0.00020366598778004074,0.0
0.7370370370370372,0.6925925925925924,0.00020366598778004074,0.0
0.7370370370370372,0.700000000000001,0.00020366598778004074,0.0
0.7370370370370372,0.700000000000001,0.00020366598778004074,0.0
0.7370370370370372,0.707407407407407,0.00020366598778004074,0.0
0.7370370370370372,0.707407407407407,0.00020366598778004074,0.0
0.7370370370370372,0.7148148148148156,0.00020366598778004074,0.0
0.7370370370370372,0.7148148148148156,0.00020366598778004074,0.0
0.7370370370370372,0.7222222222222218,0.0,0.0
0.7370370370370372,0.7222222222222218,0.0,0.0
0.7370370370370372,0.7296296296296302,0.0,0.0
0.7370370370370372,0.7296296296296302,0.0,0.0
0.7370370370370372,0.7370370370370364,0.0,0.0
0.7370370370370372,0.7370370370370364,0.0,0.0
0.7370370370370372,0.7444444444444448,0.00020366598778004074,0.0
0.7370370370370372,0.7444444444444448,0.00020366598778004074,0.0
0.7370370370370372,0.751851851851851,0.00020366598778004074,0.0
0.7370370370370372,0.751851851851851,0.00020366598778004074,0.0
0.7370370370370372,0.7592592592592594,0.00020366598778004074,0.0
0.7370370370370372,0.7592592592592594,0.00020366598778004074,0.0
0.7370370370370372,0.7666666666666656,0.0,0.0003518648838845883
0.7370370370370372,0.7666666666666656,0.0,0.0003518648838845883
0.7370370370370372,0.774074074074074,0.0,0.0
0.7370370370370372,0.774074074074074,0.0,0.0
0.7370370370370372,0.7814814814814826,0.0,0.0003518648838845883
0.7370370370370372,0.7814814814814826,0.0,0.0003518648838845883
0.7370370370370372,0.7888888888888886,0.0,0.0003518648838845883
0.7370370370370372,0.7888888888888886,0.0,0.0003518648838845883
0.7370370370370372,0.7962962962962972,0.0,0.0003518648838845883
0.7370370370370372,0.7962962962962972,0.0,0.0003518648838845883
0.7370370370370372,0.8037037037037034,0.0,0.0003518648838845883
0.7370370370370372,0.8037037037037034,0.0,0.0003518648838845883
0.7370370370370372,0.8111111111111118,0.0,0.0003518648838845883
0.7370370370370372,0.8111111111111118,0.0,0.0003518648838845883
0.7370370370370372,0.818518518518518,0.0,0.0003518648838845883
0.7370370370370372,0.818518518518518,0.0,0.0003518648838845883
0.7370370370370372,0.8259259259259264,0.0,0.0003518648838845883
0.7370370370370372,0.8259259259259264,0.0,0.0003518648838845883
0.7370370370370372,0.8333333333333326,0.0,0.0
0.7370370370370372,0.8333333333333326,0.0,0.0
0.7370370370370372,0.840740740740741,0.0,0.0
0.7370370370370372,0.840740740740741,0.0,0.0
0.7370370370370372,0.8481481481481472,0.0,0.0
0.7370370370370372,0.8481481481481472,0.0,0.0
0.7370370370370372,0.8555555555555556,0.0,0.0
0.7370370370370372,0.8555555555555556,0.0,0.0
0.7370370370370372,0.8629629629629642,0.0,0.0
0.7370370370370372,0.8629629629629642,0.0,0.0
0.7370370370370372,0.8703703703703702,0.0,0.0
0.7370370370370372,0.8703703703703702,0.0,0.0
0.7370370370370372,0.8777777777777788,0.0,0.0
0.7370370370370372,0.8777777777777788,0.0,0.0
0.7370370370370372,0.885185185185185,0.00020366598778004074,0.0
0.7370370370370372,0.885185185185185,0.00020366598778004074,0.0
0.7370370370370372,0.8925925925925934,0.00020366598778004074,0.0
0.7370370370370372,0.8925925925925934,0.00020366598778004074,0.0
0.7370370370370372,0.8999999999999996,0.00020366598778004074,0.0
0.7370370370370372,0.8999999999999996,0.00020366598778004074,0.0
0.7370370370370372,0.907407407407408,0.00020366598778004074,0.0
0.7370370370370372,0.907407407407408,0.00020366598778004074,0.0
0.7370370370370372,0.9148148148148142,0.0,0.0
0.7370370370370372,0.9148148148148142,0.0,0.0
0.7370370370370372,0.9222222222222226,0.0,0.0003518648838845883
0.7370370370370372,0.9222222222222226,0.0,0.0003518648838845883
0.7370370370370372,0.9296296296296288,0.0,0.0003518648838845883
0.7370370370370372,0.9296296296296288,0.0,0.0003518648838845883
0.7370370370370372,0.9370370370370372,0.0,0.0003518648838845883
0.7370370370370372,0.9370370370370372,0.0,0.0003518648838845883
0.7370370370370372,0.9444444444444434,0.0,0.0003518648838845883
0.7370370370370372,0.9444444444444434,0.0,0.0003518648838845883
0.7370370370370372,0.9518518518518518,0.0,0.0
0.7370370370370372,0.9518518518518518,0.0,0.0
0.7370370370370372,0.9592592592592604,0.0,0.0003518648838845883
0.7370370370370372,0.9592592592592604,0.0,0.0003518648838845883
0.7370370370370372,0.9666666666666666,0.0,0.0003518648838845883
0.7370370370370372,0.9666666666666666,0.0,0.0003518648838845883
0.7370370370370372,0.974074074074075,0.00020366598778004074,0.0
0.7370370370370372,0.974074074074075,0.00020366598778004074,0.0
0.7370370370370372,0.9814814814814812,0.0,0.0003518648838845883
0.7370370370370372,0.9814814814814812,0.0,0.0003518648838845883
0.7370370370370372,0.9888888888888896,0.0,0.0
0.7370370370370372,0.9888888888888896,0.0,0.0
0.7370370370370372,0.9962962962962958,0.0,0.0
0.7370370370370372,0.9962962962962958,0.0,0.0
0.7444444444444445,0.4037037037037038,0.00020366598778004074,0.0
0.7444444444444445,0.4037037037037038,0.00020366598778004074,0.0
0.7444444444444445,0.4111111111111122,0.00020366598778004074,0.0
0.7444444444444445,0.4111111111111122,0.00020366598778004074,0.0
0.7444444444444445,0.4185185185185184,0.00020366598778004074,0.0
0.7444444444444445,0.4185185185185184,0.00020366598778004074,0.0
0.7444444444444445,0.4259259259259269,0.00020366598778004074,0.0
0.7444444444444445,0.4259259259259269,0.00020366598778004074,0.0
0.7444444444444445,0.433333333333333,0.00020366598778004074,0.0
0.7444444444444445,0.433333333333333,0.00020366598778004074,0.0
0.7444444444444445,0.4407407407407415,0.00020366598778004074,0.0
0.7444444444444445,0.4407407407407415,0.00020366598778004074,0.0
0.7444444444444445,0.4481481481481477,0.00020366598778004074,0.0
0.7444444444444445,0.4481481481481477,0.00020366598778004074,0.0
0.7444444444444445,0.4555555555555561,0.00020366598778004074,0.0
0.7444444444444445,0.4555555555555561,0.00020366598778004074,0.0
0.7444444444444445,0.4629629629629623,0.00020366598778004074,0.0
0.7444444444444445,0.4629629629629623,0.00020366598778004074,0.0
0.7444444444444445,0.4703703703703707,0.00020366598778004074,0.0
0.7444444444444445,0.4703703703703707,0.00020366598778004074,0.0
0.7444444444444445,0.4777777777777769,0.00020366598778004074,0.0
0.7444444444444445,0.4777777777777769,0.00020366598778004074,0.0
0.7444444444444445,0.4851851851851854,0.00020366598778004074,0.0
0.7444444444444445,0.4851851851851854,0.00020366598778004074,0.0
0.7444444444444445,0.4925925925925915,0.00020366598778004074,0.0
0.7444444444444445,0.4925925925925915,0.00020366598778004074,0.0
0.7444444444444445,0.5,0.00020366598778004074,0.0
0.7444444444444445,0.5,0.00020366598778004074,0.0
0.7444444444444445,0.5074074074074084,0.00020366598778004074,0.0
0.7444444444444445,0.5074074074074084,0.00020366598778004074,0.0
0.7444444444444445,0.5148148148148146,0.00020366598778004074,0.0
0.7444444444444445,0.5148148148148146,0.00020366598778004074,0.0
0.7444444444444445,0.522222222222223,0.00020366598778004074,0.0
0.7444444444444445,0.522222222222223,0.00020366598778004074,0.0
0.7444444444444445,0.5296296296296292,0.00020366598778004074,0.0
0.7444444444444445,0.5296296296296292,0.00020366598778004074,0.0
0.7444444444444445,0.5370370370370378,0.00020366598778004074,0.0
0.7444444444444445,0.5370370370370378,0.00020366598778004074,0.0
0.7444444444444445,0.5444444444444438,0.00020366598778004074,0.0
0.7444444444444445,0.5444444444444438,0.00020366598778004074,0.0
0.7444444444444445,0.5518518518518524,0.0,0.0
0.7444444444444445,0.5518518518518524,0.0,0.0
0.7444444444444445,0.5592592592592586,0.00020366598778004074,0.0
0.7444444444444445,0.5592592592592586,0.00020366598778004074,0.0
0.7444444444444445,0.566666666666667,0.00020366598778004074,0.0
0.7444444444444445,0.566666666666667,0.00020366598778004074,0.0
0.7444444444444445,0.5740740740740732,0.00020366598778004074,0.0
0.7444444444444445,0.5740740740740732,0.00020366598778004074,0.0
0.7444444444444445,0.5814814814814816,0.00020366598778004074,0.0
0.7444444444444445,0.5814814814814816,0.00020366598778004074,0.0
0.7444444444444445,0.58888888888889,0.00020366598778004074,0.0
0.7444444444444445,0.58888888888889,0.00020366598778004074,0.0
0.7444444444444445,0.5962962962962962,0.00020366598778004074,0.0
0.7444444444444445,0.5962962962962962,0.00020366598778004074,0.0
0.7444444444444445,0.6037037037037046,0.00020366598778004074,0.0
0.7444444444444445,0.6037037037037046,0.00020366598778004074,0.0
0.7444444444444445,0.6111111111111108,0.00020366598778004074,0.0
0.7444444444444445,0.6111111111111108,0.00020366598778004074,0.0
0.7444444444444445,0.6185185185185194,0.00020366598778004074,0.0
0.7444444444444445,0.6185185185185194,0.00020366598778004074,0.0
0.7444444444444445,0.6259259259259254,0.00020366598778004074,0.0
0.7444444444444445,0.6259259259259254,0.00020366598778004074,0.0
0.7444444444444445,0.633333333333334,0.00020366598778004074,0.0
0.7444444444444445,0.633333333333334,0.00020366598778004074,0.0
0.7444444444444445,0.6407407407407402,0.00020366598778004074,0.0
0.7444444444444445,0.6407407407407402,0.00020366598778004074,0.0
0.7444444444444445,0.6481481481481486,0.00020366598778004074,0.0
0.7444444444444445,0.6481481481481486,0.00020366598778004074,0.0
0.7444444444444445,0.6555555555555548,0.00020366598778004074,0.0
0.7444444444444445,0.6555555555555548,0.00020366598778004074,0.0
0.7444444444444445,0.6629629629629632,0.00020366598778004074,0.0
0.7444444444444445,0.6629629629629632,0.00020366598778004074,0.0
0.7444444444444445,0.6703703703703694,0.00020366598778004074,0.0
0.7444444444444445,0.6703703703703694,0.00020366598778004074,0.0
0.7444444444444445,0.6777777777777778,0.00020366598778004074,0.0
0.7444444444444445,0.6777777777777778,0.00020366598778004074,0.0
0.7444444444444445,0.6851851851851862,0.00020366598778004074,0.0
0.7444444444444445,0.6851851851851862,0.00020366598778004074,0.0
0.7444444444444445,0.6925925925925924,0.00020366598778004074,0.0
0.7444444444444445,0.6925925925925924,0.00020366598778004074,0.0
0.7444444444444445,0.700000000000001,0.00020366598778004074,0.0
0.7444444444444445,0.700000000000001,0.00020366598778004074,0.0
0.7444444444444445,0.707407407407407,0.00020366598778004074,0.0
0.7444444444444445,0.707407407407407,0.00020366598778004074,0.0
0.7444444444444445,0.7148148148148156,0.00020366598778004074,0.0
0.7444444444444445,0.7148148148148156,0.00020366598778004074,0.0
0.7444444444444445,0.7222222222222218,0.0,0.0
0.7444444444444445,0.7222222222222218,0.0,0.0
0.7444444444444445,0.7296296296296302,0.0,0.0
0.7444444444444445,0.7296296296296302,0.0,0.0
0.7444444444444445,0.7370370370370364,0.0,0.0003518648838845883
0.7444444444444445,0.7370370370370364,0.0,0.0003518648838845883
0.7444444444444445,0.7444444444444448,0.00020366598778004074,0.0
0.7444444444444445,0.7444444444444448,0.00020366598778004074,0.0
0.7444444444444445,0.751851851851851,0.00020366598778004074,0.0
0.7444444444444445,0.751851851851851,0.00020366598778004074,0.0
0.7444444444444445,0.7592592592592594,0.00020366598778004074,0.0
0.7444444444444445,0.7592592592592594,0.00020366598778004074,0.0
0.7444444444444445,0.7666666666666656,0.0,0.0003518648838845883
0.7444444444444445,0.7666666666666656,0.0,0.0003518648838845883
0.7444444444444445,0.774074074074074,0.0,0.0
0.7444444444444445,0.774074074074074,0.0,0.0
0.7444444444444445,0.7814814814814826,0.0,0.0003518648838845883
0.7444444444444445,0.7814814814814826,0.0,0.0003518648838845883
0.7444444444444445,0.7888888888888886,0.0,0.0003518648838845883
0.7444444444444445,0.7888888888888886,0.0,0.0003518648838845883
0.7444444444444445,0.7962962962962972,0.0,0.0003518648838845883
0.7444444444444445,0.7962962962962972,0.0,0.0003518648838845883
0.7444444444444445,0.8037037037037034,0.0,0.0003518648838845883
0.7444444444444445,0.8037037037037034,0.0,0.0003518648838845883
0.7444444444444445,0.8111111111111118,0.0,0.0
0.7444444444444445,0.8111111111111118,0.0,0.0
0.7444444444444445,0.818518518518518,0.0,0.0
0.7444444444444445,0.818518518518518,0.0,0.0
0.7444444444444445,0.8259259259259264,0.0,0.0003518648838845883
0.7444444444444445,0.8259259259259264,0.0,0.0003518648838845883
0.7444444444444445,0.8333333333333326,0.0,0.0
0.7444444444444445,0.8333333333333326,0.0,0.0
0.7444444444444445,0.840740740740741,0.0,0.0003518648838845883
0.7444444444444445,0.840740740740741,0.0,0.0003518648838845883
0.7444444444444445,0.8481481481481472,0.0,0.0
0.7444444444444445,0.8481481481481472,0.0,0.0
0.7444444444444445,0.8555555555555556,0.0,0.0
0.7444444444444445,0.8555555555555556,0.0,0.0
0.7444444444444445,0.8629629629629642,0.0,0.0
0.7444444444444445,0.8629629629629642,0.0,0.0
0.7444444444444445,0.8703703703703702,0.0,0.0
0.7444444444444445,0.8703703703703702,0.0,0.0
0.7444444444444445,0.8777777777777788,0.00020366598778004074,0.0
0.7444444444444445,0.8777777777777788,0.00020366598778004074,0.0
0.7444444444444445,0.885185185185185,0.00020366598778004074,0.0
0.7444444444444445,0.885185185185185,0.00020366598778004074,0.0
0.7444444444444445,0.8925925925925934,0.00020366598778004074,0.0
0.7444444444444445,0.8925925925925934,0.00020366598778004074,0.0
0.7444444444444445,0.8999999999999996,0.0,0.0
0.7444444444444445,0.8999999999999996,0.0,0.0
0.7444444444444445,0.907407407407408,0.0,0.0
0.7444444444444445,0.907407407407408,0.0,0.0
0.7444444444444445,0.9148148148148142,0.0,0.0003518648838845883
0.7444444444444445,0.9148148148148142,0.0,0.0003518648838845883
0.7444444444444445,0.9222222222222226,0.00020366598778004074,0.0
0.7444444444444445,0.9222222222222226,0.00020366598778004074,0.0
0.7444444444444445,0.9296296296296288,0.0,0.0003518648838845883
0.7444444444444445,0.9296296296296288,0.0,0.0003518648838845883
0.7444444444444445,0.9370370370370372,0.0,0.0
0.7444444444444445,0.9370370370370372,0.0,0.0
0.7444444444444445,0.9444444444444434,0.0,0.0
0.7444444444444445,0.9444444444444434,0.0,0.0
0.7444444444444445,0.9518518518518518,0.0,0.0
0.7444444444444445,0.9518518518518518,0.0,0.0
0.7444444444444445,0.9592592592592604,0.0,0.0
0.7444444444444445,0.9592592592592604,0.0,0.0
0.7444444444444445,0.9666666666666666,0.0,0.0
0.7444444444444445,0.9666666666666666,0.0,0.0
0.7444444444444445,0.974074074074075,0.0,0.0
0.7444444444444445,0.974074074074075,0.0,0.0
0.7444444444444445,0.9814814814814812,0.0,0.0003518648838845883
0.7444444444444445,0.9814814814814812,0.0,0.0003518648838845883
0.7444444444444445,0.9888888888888896,0.0,0.0003518648838845883
0.7444444444444445,0.9888888888888896,0.0,0.0003518648838845883
0.7444444444444445,0.9962962962962958,0.0,0.0
0.7444444444444445,0.9962962962962958,0.0,0.0
0.7518518518518518,0.4037037037037038,0.00020366598778004074,0.0
0.7518518518518518,0.4037037037037038,0.00020366598778004074,0.0
0.7518518518518518,0.4111111111111122,0.00020366598778004074,0.0
0.7518518518518518,0.4111111111111122,0.00020366598778004074,0.0
0.7518518518518518,0.4185185185185184,0.00020366598778004074,0.0
0.7518518518518518,0.4185185185185184,0.00020366598778004074,0.0
0.7518518518518518,0.4259259259259269,0.00020366598778004074,0.0
0.7518518518518518,0.4259259259259269,0.00020366598778004074,0.0
0.7518518518518518,0.433333333333333,0.00020366598778004074,0.0
0.7518518518518518,0.433333333333333,0.00020366598778004074,0.0
0.7518518518518518,0.4407407407407415,0.00020366598778004074,0.0
0.7518518518518518,0.4407407407407415,0.00020366598778004074,0.0
0.7518518518518518,0.4481481481481477,0.00020366598778004074,0.0
0.7518518518518518,0.4481481481481477,0.00020366598778004074,0.0
0.7518518518518518,0.4555555555555561,0.00020366598778004074,0.0
0.7518518518518518,0.4555555555555561,0.00020366598778004074,0.0
0.7518518518518518,0.4629629629629623,0.00020366598778004074,0.0
0.7518518518518518,0.4629629629629623,0.00020366598778004074,0.0
0.7518518518518518,0.4703703703703707,0.00020366598778004074,0.0
0.7518518518518518,0.4703703703703707,0.00020366598778004074,0.0
0.7518518518518518,0.4777777777777769,0.00020366598778004074,0.0
0.7518518518518518,0.4777777777777769,0.00020366598778004074,0.0
0.7518518518518518,0.4851851851851854,0.00020366598778004074,0.0
0.7518518518518518,0.4851851851851854,0.00020366598778004074,0.0
0.7518518518518518,0.4925925925925915,0.00020366598778004074,0.0
0.7518518518518518,0.4925925925925915,0.00020366598778004074,0.0
0.7518518518518518,0.5,0.00020366598778004074,0.0
0.7518518518518518,0.5,0.00020366598778004074,0.0
0.7518518518518518,0.5074074074074084,0.00020366598778004074,0.0
0.7518518518518518,0.5074074074074084,0.00020366598778004074,0.0
0.7518518518518518,0.5148148148148146,0.00020366598778004074,0.0
0.7518518518518518,0.5148148148148146,0.00020366598778004074,0.0
0.7518518518518518,0.522222222222223,0.0,0.0
0.7518518518518518,0.522222222222223,0.0,0.0
0.7518518518518518,0.5296296296296292,0.0,0.0
0.7518518518518518,0.5296296296296292,0.0,0.0
0.7518518518518518,0.5370370370370378,0.00020366598778004074,0.0
0.7518518518518518,0.5370370370370378,0.00020366598778004074,0.0
0.7518518518518518,0.5444444444444438,0.00020366598778004074,0.0
0.7518518518518518,0.5444444444444438,0.00020366598778004074,0.0
0.7518518518518518,0.5518518518518524,0.0,0.0
0.7518518518518518,0.5518518518518524,0.0,0.0
0.7518518518518518,0.5592592592592586,0.00020366598778004074,0.0
0.7518518518518518,0.5592592592592586,0.00020366598778004074,0.0
0.7518518518518518,0.566666666666667,0.0,0.0
0.7518518518518518,0.566666666666667,0.0,0.0
0.7518518518518518,0.5740740740740732,0.00020366598778004074,0.0
0.7518518518518518,0.5740740740740732,0.00020366598778004074,0.0
0.7518518518518518,0.5814814814814816,0.00020366598778004074,0.0
0.7518518518518518,0.5814814814814816,0.00020366598778004074,0.0
0.7518518518518518,0.58888888888889,0.0,0.0
0.7518518518518518,0.58888888888889,0.0,0.0
0.7518518518518518,0.5962962962962962,0.00020366598778004074,0.0
0.7518518518518518,0.5962962962962962,0.00020366598778004074,0.0
0.7518518518518518,0.6037037037037046,0.00020366598778004074,0.0
0.7518518518518518,0.6037037037037046,0.00020366598778004074,0.0
0.7518518518518518,0.6111111111111108,0.00020366598778004074,0.0
0.7518518518518518,0.6111111111111108,0.00020366598778004074,0.0
0.7518518518518518,0.6185185185185194,0.00020366598778004074,0.0
0.7518518518518518,0.6185185185185194,0.00020366598778004074,0.0
0.7518518518518518,0.6259259259259254,0.00020366598778004074,0.0
0.7518518518518518,0.6259259259259254,0.00020366598778004074,0.0
0.7518518518518518,0.633333333333334,0.00020366598778004074,0.0
0.7518518518518518,0.633333333333334,0.00020366598778004074,0.0
0.7518518518518518,0.6407407407407402,0.00020366598778004074,0.0
0.7518518518518518,0.6407407407407402,0.00020366598778004074,0.0
0.7518518518518518,0.6481481481481486,0.00020366598778004074,0.0
0.7518518518518518,0.6481481481481486,0.00020366598778004074,0.0
0.7518518518518518,0.6555555555555548,0.00020366598778004074,0.0
0.7518518518518518,0.6555555555555548,0.00020366598778004074,0.0
0.7518518518518518,0.6629629629629632,0.00020366598778004074,0.0
0.7518518518518518,0.6629629629629632,0.00020366598778004074,0.0
0.7518518518518518,0.6703703703703694,0.00020366598778004074,0.0
0.7518518518518518,0.6703703703703694,0.00020366598778004074,0.0
0.7518518518518518,0.6777777777777778,0.0,0.0
0.7518518518518518,0.6777777777777778,0.0,0.0
0.7518518518518518,0.6851851851851862,0.00020366598778004074,0.0
0.7518518518518518,0.6851851851851862,0.00020366598778004074,0.0
0.7518518518518518,0.6925925925925924,0.00020366598778004074,0.0
0.7518518518518518,0.6925925925925924,0.00020366598778004074,0.0
0.7518518518518518,0.700000000000001,0.00020366598778004074,0.0
0.7518518518518518,0.700000000000001,0.00020366598778004074,0.0
0.7518518518518518,0.707407407407407,0.00020366598778004074,0.0
0.7518518518518518,0.707407407407407,0.00020366598778004074,0.0
0.7518518518518518,0.7148148148148156,0.00020366598778004074,0.0
0.7518518518518518,0.7148148148148156,0.00020366598778004074,0.0
0.7518518518518518,0.7222222222222218,0.0,0.0
0.7518518518518518,0.7222222222222218,0.0,0.0
0.7518518518518518,0.7296296296296302,0.0,0.0003518648838845883
0.7518518518518518,0.7296296296296302,0.0,0.0003518648838845883
0.7518518518518518,0.7370370370370364,0.0,0.0003518648838845883
0.7518518518518518,0.7370370370370364,0.0,0.0003518648838845883
0.7518518518518518,0.7444444444444448,0.0,0.0003518648838845883
0.7518518518518518,0.7444444444444448,0.0,0.0003518648838845883
0.7518518518518518,0.751851851851851,0.0,0.0
0.7518518518518518,0.751851851851851,0.0,0.0
0.7518518518518518,0.7592592592592594,0.00020366598778004074,0.0
0.7518518518518518,0.7592592592592594,0.00020366598778004074,0.0
0.7518518518518518,0.7666666666666656,0.00020366598778004074,0.0
0.7518518518518518,0.7666666666666656,0.00020366598778004074,0.0
0.7518518518518518,0.774074074074074,0.00020366598778004074,0.0
0.7518518518518518,0.774074074074074,0.00020366598778004074,0.0
0.7518518518518518,0.7814814814814826,0.00020366598778004074,0.0
0.7518518518518518,0.7814814814814826,0.00020366598778004074,0.0
0.7518518518518518,0.7888888888888886,0.0,0.0003518648838845883
0.7518518518518518,0.7888888888888886,0.0,0.0003518648838845883
0.7518518518518518,0.7962962962962972,0.0,0.0003518648838845883
0.7518518518518518,0.7962962962962972,0.0,0.0003518648838845883
0.7518518518518518,0.8037037037037034,0.0,0.0
0.7518518518518518,0.8037037037037034,0.0,0.0
0.7518518518518518,0.8111111111111118,0.0,0.0
0.7518518518518518,0.8111111111111118,0.0,0.0
0.7518518518518518,0.818518518518518,0.0,0.0003518648838845883
0.7518518518518518,0.818518518518518,0.0,0.0003518648838845883
0.7518518518518518,0.8259259259259264,0.0,0.0003518648838845883
0.7518518518518518,0.8259259259259264,0.0,0.0003518648838845883
0.7518518518518518,0.8333333333333326,0.00020366598778004074,0.0
0.7518518518518518,0.8333333333333326,0.00020366598778004074,0.0
0.7518518518518518,0.840740740740741,0.0,0.0
0.7518518518518518,0.840740740740741,0.0,0.0
0.7518518518518518,0.8481481481481472,0.0,0.0
0.7518518518518518,0.8481481481481472,0.0,0.0
0.7518518518518518,0.8555555555555556,0.0,0.0
0.7518518518518518,0.8555555555555556,0.0,0.0
0.7518518518518518,0.8629629629629642,0.0,0.0003518648838845883
0.7518518518518518,0.8629629629629642,0.0,0.0003518648838845883
0.7518518518518518,0.8703703703703702,0.0,0.0
0.7518518518518518,0.8703703703703702,0.0,0.0
0.7518518518518518,0.8777777777777788,0.0,0.0
0.7518518518518518,0.8777777777777788,0.0,0.0
0.7518518518518518,0.885185185185185,0.0,0.0
0.7518518518518518,0.885185185185185,0.0,0.0
0.7518518518518518,0.8925925925925934,0.0,0.0
0.7518518518518518,0.8925925925925934,0.0,0.0
0.7518518518518518,0.8999999999999996,0.0,0.0
0.7518518518518518,0.8999999999999996,0.0,0.0
0.7518518518518518,0.907407407407408,0.0,0.0
0.7518518518518518,0.907407407407408,0.0,0.0
0.7518518518518518,0.9148148148148142,0.0,0.0
0.7518518518518518,0.9148148148148142,0.0,0.0
0.7518518518518518,0.9222222222222226,0.0,0.0
0.7518518518518518,0.9222222222222226,0.0,0.0
0.7518518518518518,0.9296296296296288,0.0,0.0
0.7518518518518518,0.9296296296296288,0.0,0.0
0.7518518518518518,0.9370370370370372,0.0,0.0
0.7518518518518518,0.9370370370370372,0.0,0.0
0.7518518518518518,0.9444444444444434,0.0,0.0
0.7518518518518518,0.9444444444444434,0.0,0.0
0.7518518518518518,0.9518518518518518,0.0,0.0
0.7518518518518518,0.9518518518518518,0.0,0.0
0.7518518518518518,0.9592592592592604,0.0,0.0
0.7518518518518518,0.9592592592592604,0.0,0.0
0.7518518518518518,0.9666666666666666,0.0,0.0003518648838845883
0.7518518518518518,0.9666666666666666,0.0,0.0003518648838845883
0.7518518518518518,0.974074074074075,0.0,0.0
0.7518518518518518,0.974074074074075,0.0,0.0
0.7518518518518518,0.9814814814814812,0.0,0.0003518648838845883
0.7518518518518518,0.9814814814814812,0.0,0.0003518648838845883
0.7518518518518518,0.9888888888888896,0.0,0.0
0.7518518518518518,0.9888888888888896,0.0,0.0
0.7518518518518518,0.9962962962962958,0.0,0.0
0.7518518518518518,0.9962962962962958,0.0,0.0
0.7592592592592593,0.4037037037037038,0.00020366598778004074,0.0
0.7592592592592593,0.4037037037037038,0.00020366598778004074,0.0
0.7592592592592593,0.4111111111111122,0.00020366598778004074,0.0
0.7592592592592593,0.4111111111111122,0.00020366598778004074,0.0
0.7592592592592593,0.4185185185185184,0.00020366598778004074,0.0
0.7592592592592593,0.4185185185185184,0.00020366598778004074,0.0
0.7592592592592593,0.4259259259259269,0.0,0.0
0.7592592592592593,0.4259259259259269,0.0,0.0
0.7592592592592593,0.433333333333333,0.00020366598778004074,0.0
0.7592592592592593,0.433333333333333,0.00020366598778004074,0.0
0.7592592592592593,0.4407407407407415,0.00020366598778004074,0.0
0.7592592592592593,0.4407407407407415,0.00020366598778004074,0.0
0.7592592592592593,0.4481481481481477,0.00020366598778004074,0.0
0.7592592592592593,0.4481481481481477,0.00020366598778004074,0.0
0.7592592592592593,0.4555555555555561,0.00020366598778004074,0.0
0.7592592592592593,0.4555555555555561,0.00020366598778004074,0.0
0.7592592592592593,0.4629629629629623,0.00020366598778004074,0.0
0.7592592592592593,0.4629629629629623,0.00020366598778004074,0.0
0.7592592592592593,0.4703703703703707,0.00020366598778004074,0.0
0.7592592592592593,0.4703703703703707,0.00020366598778004074,0.0
0.7592592592592593,0.4777777777777769,0.00020366598778004074,0.0
0.7592592592592593,0.4777777777777769,0.00020366598778004074,0.0
0.7592592592592593,0.4851851851851854,0.00020366598778004074,0.0
0.7592592592592593,0.4851851851851854,0.00020366598778004074,0.0
0.7592592592592593,0.4925925925925915,0.00020366598778004074,0.0
0.7592592592592593,0.4925925925925915,0.00020366598778004074,0.0
0.7592592592592593,0.5,0.0,0.0
0.7592592592592593,0.5,0.0,0.0
0.7592592592592593,0.5074074074074084,0.0,0.0
0.7592592592592593,0.5074074074074084,0.0,0.0
0.7592592592592593,0.5148148148148146,0.00020366598778004074,0.0
0.7592592592592593,0.5148148148148146,0.00020366598778004074,0.0
0.7592592592592593,0.522222222222223,0.0,0.0
0.7592592592592593,0.522222222222223,0.0,0.0
0.7592592592592593,0.5296296296296292,0.0,0.0
0.7592592592592593,0.5296296296296292,0.0,0.0
0.7592592592592593,0.5370370370370378,0.0,0.0
0.7592592592592593,0.5370370370370378,0.0,0.0
0.7592592592592593,0.5444444444444438,0.00020366598778004074,0.0
0.7592592592592593,0.5444444444444438,0.00020366598778004074,0.0
0.7592592592592593,0.5518518518518524,0.00020366598778004074,0.0
0.7592592592592593,0.5518518518518524,0.00020366598778004074,0.0
0.7592592592592593,0.5592592592592586,0.00020366598778004074,0.0
0.7592592592592593,0.5592592592592586,0.00020366598778004074,0.0
0.7592592592592593,0.566666666666667,0.0,0.0
0.7592592592592593,0.566666666666667,0.0,0.0
0.7592592592592593,0.5740740740740732,0.00020366598778004074,0.0
0.7592592592592593,0.5740740740740732,0.00020366598778004074,0.0
0.7592592592592593,0.5814814814814816,0.00020366598778004074,0.0
0.7592592592592593,0.5814814814814816,0.00020366598778004074,0.0
0.7592592592592593,0.58888888888889,0.00020366598778004074,0.0
0.7592592592592593,0.58888888888889,0.00020366598778004074,0.0
0.7592592592592593,0.5962962962962962,0.00020366598778004074,0.0
0.7592592592592593,0.5962962962962962,0.00020366598778004074,0.0
0.7592592592592593,0.6037037037037046,0.00020366598778004074,0.0
0.7592592592592593,0.6037037037037046,0.00020366598778004074,0.0
0.7592592592592593,0.6111111111111108,0.0,0.0
0.7592592592592593,0.6111111111111108,0.0,0.0
0.7592592592592593,0.6185185185185194,0.0,0.0003518648838845883
0.7592592592592593,0.6185185185185194,0.0,0.0003518648838845883
0.7592592592592593,0.6259259259259254,0.00020366598778004074,0.0
0.7592592592592593,0.6259259259259254,0.00020366598778004074,0.0
0.7592592592592593,0.633333333333334,0.00020366598778004074,0.0
0.7592592592592593,0.633333333333334,0.00020366598778004074,0.0
0.7592592592592593,0.6407407407407402,0.00020366598778004074,0.0
0.7592592592592593,0.6407407407407402,0.00020366598778004074,0.0
0.7592592592592593,0.6481481481481486,0.00020366598778004074,0.0
0.7592592592592593,0.6481481481481486,0.00020366598778004074,0.0
0.7592592592592593,0.6555555555555548,0.00020366598778004074,0.0
0.7592592592592593,0.6555555555555548,0.00020366598778004074,0.0
0.7592592592592593,0.6629629629629632,0.00020366598778004074,0.0
0.7592592592592593,0.6629629629629632,0.00020366598778004074,0.0
0.7592592592592593,0.6703703703703694,0.00020366598778004074,0.0
0.7592592592592593,0.6703703703703694,0.00020366598778004074,0.0
0.7592592592592593,0.6777777777777778,0.0,0.0
0.7592592592592593,0.6777777777777778,0.0,0.0
0.7592592592592593,0.6851851851851862,0.0,0.0003518648838845883
0.7592592592592593,0.6851851851851862,0.0,0.0003518648838845883
0.7592592592592593,0.6925925925925924,0.0,0.0003518648838845883
0.7592592592592593,0.6925925925925924,0.0,0.0003518648838845883
0.7592592592592593,0.700000000000001,0.0,0.0003518648838845883
0.7592592592592593,0.700000000000001,0.0,0.0003518648838845883
0.7592592592592593,0.707407407407407,0.0,0.0003518648838845883
0.7592592592592593,0.707407407407407,0.0,0.0003518648838845883
0.7592592592592593,0.7148148148148156,0.0,0.0003518648838845883
0.7592592592592593,0.7148148148148156,0.0,0.0003518648838845883
0.7592592592592593,0.7222222222222218,0.0,0.0003518648838845883
0.7592592592592593,0.7222222222222218,0.0,0.0003518648838845883
0.7592592592592593,0.7296296296296302,0.0,0.0003518648838845883
0.7592592592592593,0.7296296296296302,0.0,0.0003518648838845883
0.7592592592592593,0.7370370370370364,0.0,0.0003518648838845883
0.7592592592592593,0.7370370370370364,0.0,0.0003518648838845883
0.7592592592592593,0.7444444444444448,0.00020366598778004074,0.0
0.7592592592592593,0.7444444444444448,0.00020366598778004074,0.0
0.7592592592592593,0.751851851851851,0.00020366598778004074,0.0
0.7592592592592593,0.751851851851851,0.00020366598778004074,0.0
0.7592592592592593,0.7592592592592594,0.00020366598778004074,0.0
0.7592592592592593,0.7592592592592594,0.00020366598778004074,0.0
0.7592592592592593,0.7666666666666656,0.00020366598778004074,0.0
0.7592592592592593,0.7666666666666656,0.00020366598778004074,0.0
0.7592592592592593,0.774074074074074,0.00020366598778004074,0.0
0.7592592592592593,0.774074074074074,0.00020366598778004074,0.0
0.7592592592592593,0.7814814814814826,0.00020366598778004074,0.0
0.7592592592592593,0.7814814814814826,0.00020366598778004074,0.0
0.7592592592592593,0.7888888888888886,0.00020366598778004074,0.0
0.7592592592592593,0.7888888888888886,0.00020366598778004074,0.0
0.7592592592592593,0.7962962962962972,0.0,0.0003518648838845883
0.7592592592592593,0.7962962962962972,0.0,0.0003518648838845883
0.7592592592592593,0.8037037037037034,0.0,0.0003518648838845883
0.7592592592592593,0.8037037037037034,0.0,0.0003518648838845883
0.7592592592592593,0.8111111111111118,0.0,0.0003518648838845883
0.7592592592592593,0.8111111111111118,0.0,0.0003518648838845883
0.7592592592592593,0.818518518518518,0.0,0.0003518648838845883
0.7592592592592593,0.818518518518518,0.0,0.0003518648838845883
0.7592592592592593,0.8259259259259264,0.0,0.0003518648838845883
0.7592592592592593,0.8259259259259264,0.0,0.0003518648838845883
0.7592592592592593,0.8333333333333326,0.00020366598778004074,0.0
0.7592592592592593,0.8333333333333326,0.00020366598778004074,0.0
0.7592592592592593,0.840740740740741,0.0,0.0
0.7592592592592593,0.840740740740741,0.0,0.0
0.7592592592592593,0.8481481481481472,0.0,0.0
0.7592592592592593,0.8481481481481472,0.0,0.0
0.7592592592592593,0.8555555555555556,0.00020366598778004074,0.0
0.7592592592592593,0.8555555555555556,0.00020366598778004074,0.0
0.7592592592592593,0.8629629629629642,0.0,0.0
0.7592592592592593,0.8629629629629642,0.0,0.0
0.7592592592592593,0.8703703703703702,0.0,0.0
0.7592592592592593,0.8703703703703702,0.0,0.0
0.7592592592592593,0.8777777777777788,0.0,0.0
0.7592592592592593,0.8777777777777788,0.0,0.0
0.7592592592592593,0.885185185185185,0.0,0.0003518648838845883
0.7592592592592593,0.885185185185185,0.0,0.0003518648838845883
0.7592592592592593,0.8925925925925934,0.0,0.0
0.7592592592592593,0.8925925925925934,0.0,0.0
0.7592592592592593,0.8999999999999996,0.0,0.0
0.7592592592592593,0.8999999999999996,0.0,0.0
0.7592592592592593,0.907407407407408,0.0,0.0
0.7592592592592593,0.907407407407408,0.0,0.0
0.7592592592592593,0.9148148148148142,0.0,0.0
0.7592592592592593,0.9148148148148142,0.0,0.0
0.7592592592592593,0.9222222222222226,0.0,0.0
0.7592592592592593,0.9222222222222226,0.0,0.0
0.7592592592592593,0.9296296296296288,0.00020366598778004074,0.0
0.7592592592592593,0.9296296296296288,0.00020366598778004074,0.0
0.7592592592592593,0.9370370370370372,0.00020366598778004074,0.0
0.7592592592592593,0.9370370370370372,0.00020366598778004074,0.0
0.7592592592592593,0.9444444444444434,0.00020366598778004074,0.0
0.7592592592592593,0.9444444444444434,0.00020366598778004074,0.0
0.7592592592592593,0.9518518518518518,0.00020366598778004074,0.0
0.7592592592592593,0.9518518518518518,0.00020366598778004074,0.0
0.7592592592592593,0.9592592592592604,0.0,0.0
0.7592592592592593,0.9592592592592604,0.0,0.0
0.7592592592592593,0.9666666666666666,0.00020366598778004074,0.0
0.7592592592592593,0.9666666666666666,0.00020366598778004074,0.0
0.7592592592592593,0.974074074074075,0.00020366598778004074,0.0
0.7592592592592593,0.974074074074075,0.00020366598778004074,0.0
0.7592592592592593,0.9814814814814812,0.0,0.0
0.7592592592592593,0.9814814814814812,0.0,0.0
0.7592592592592593,0.9888888888888896,0.0,0.0
0.7592592592592593,0.9888888888888896,0.0,0.0
0.7592592592592593,0.9962962962962958,0.0,0.0
0.7592592592592593,0.9962962962962958,0.0,0.0
0.7666666666666666,0.4037037037037038,0.00020366598778004074,0.0
0.7666666666666666,0.4037037037037038,0.00020366598778004074,0.0
0.7666666666666666,0.4111111111111122,0.00020366598778004074,0.0
0.7666666666666666,0.4111111111111122,0.00020366598778004074,0.0
0.7666666666666666,0.4185185185185184,0.00020366598778004074,0.0
0.7666666666666666,0.4185185185185184,0.00020366598778004074,0.0
0.7666666666666666,0.4259259259259269,0.00020366598778004074,0.0
0.7666666666666666,0.4259259259259269,0.00020366598778004074,0.0
0.7666666666666666,0.433333333333333,0.00020366598778004074,0.0
0.7666666666666666,0.433333333333333,0.00020366598778004074,0.0
0.7666666666666666,0.4407407407407415,0.00020366598778004074,0.0
0.7666666666666666,0.4407407407407415,0.00020366598778004074,0.0
0.7666666666666666,0.4481481481481477,0.00020366598778004074,0.0
0.7666666666666666,0.4481481481481477,0.00020366598778004074,0.0
0.7666666666666666,0.4555555555555561,0.00020366598778004074,0.0
0.7666666666666666,0.4555555555555561,0.00020366598778004074,0.0
0.7666666666666666,0.4629629629629623,0.00020366598778004074,0.0
0.7666666666666666,0.4629629629629623,0.00020366598778004074,0.0
0.7666666666666666,0.4703703703703707,0.00020366598778004074,0.0
0.7666666666666666,0.4703703703703707,0.00020366598778004074,0.0
0.7666666666666666,0.4777777777777769,0.00020366598778004074,0.0
0.7666666666666666,0.4777777777777769,0.00020366598778004074,0.0
0.7666666666666666,0.4851851851851854,0.00020366598778004074,0.0
0.7666666666666666,0.4851851851851854,0.00020366598778004074,0.0
0.7666666666666666,0.4925925925925915,0.0,0.0
0.7666666666666666,0.4925925925925915,0.0,0.0
0.7666666666666666,0.5,0.0,0.0
0.7666666666666666,0.5,0.0,0.0
0.7666666666666666,0.5074074074074084,0.0,0.0
0.7666666666666666,0.5074074074074084,0.0,0.0
0.7666666666666666,0.5148148148148146,0.00020366598778004074,0.0
0.7666666666666666,0.5148148148148146,0.00020366598778004074,0.0
0.7666666666666666,0.522222222222223,0.00020366598778004074,0.0
0.7666666666666666,0.522222222222223,0.00020366598778004074,0.0
0.7666666666666666,0.5296296296296292,0.0,0.0
0.7666666666666666,0.5296296296296292,0.0,0.0
0.7666666666666666,0.5370370370370378,0.00020366598778004074,0.0
0.7666666666666666,0.5370370370370378,0.00020366598778004074,0.0
0.7666666666666666,0.5444444444444438,0.00020366598778004074,0.0
0.7666666666666666,0.5444444444444438,0.00020366598778004074,0.0
0.7666666666666666,0.5518518518518524,0.00020366598778004074,0.0
0.7666666666666666,0.5518518518518524,0.00020366598778004074,0.0
0.7666666666666666,0.5592592592592586,0.0,0.0
0.7666666666666666,0.5592592592592586,0.0,0.0
0.7666666666666666,0.566666666666667,0.00020366598778004074,0.0
0.7666666666666666,0.566666666666667,0.00020366598778004074,0.0
0.7666666666666666,0.5740740740740732,0.00020366598778004074,0.0
0.7666666666666666,0.5740740740740732,0.00020366598778004074,0.0
0.7666666666666666,0.5814814814814816,0.00020366598778004074,0.0
0.7666666666666666,0.5814814814814816,0.00020366598778004074,0.0
0.7666666666666666,0.58888888888889,0.00020366598778004074,0.0
0.7666666666666666,0.58888888888889,0.00020366598778004074,0.0
0.7666666666666666,0.5962962962962962,0.00020366598778004074,0.0
0.7666666666666666,0.5962962962962962,0.00020366598778004074,0.0
0.7666666666666666,0.6037037037037046,0.00020366598778004074,0.0
0.7666666666666666,0.6037037037037046,0.00020366598778004074,0.0
0.7666666666666666,0.6111111111111108,0.00020366598778004074,0.0
0.7666666666666666,0.6111111111111108,0.00020366598778004074,0.0
0.7666666666666666,0.6185185185185194,0.0,0.0003518648838845883
0.7666666666666666,0.6185185185185194,0.0,0.0003518648838845883
0.7666666666666666,0.6259259259259254,0.00020366598778004074,0.0
0.7666666666666666,0.6259259259259254,0.00020366598778004074,0.0
0.7666666666666666,0.633333333333334,0.00020366598778004074,0.0
0.7666666666666666,0.633333333333334,0.00020366598778004074,0.0
0.7666666666666666,0.6407407407407402,0.00020366598778004074,0.0
0.7666666666666666,0.6407407407407402,0.00020366598778004074,0.0
0.7666666666666666,0.6481481481481486,0.00020366598778004074,0.0
0.7666666666666666,0.6481481481481486,0.00020366598778004074,0.0
0.7666666666666666,0.6555555555555548,0.00020366598778004074,0.0
0.7666666666666666,0.6555555555555548,0.00020366598778004074,0.0
0.7666666666666666,0.6629629629629632,0.00020366598778004074,0.0
0.7666666666666666,0.6629629629629632,0.00020366598778004074,0.0
0.7666666666666666,0.6703703703703694,0.00020366598778004074,0.0
0.7666666666666666,0.6703703703703694,0.00020366598778004074,0.0
0.7666666666666666,0.6777777777777778,0.0,0.0003518648838845883
0.7666666666666666,0.6777777777777778,0.0,0.0003518648838845883
0.7666666666666666,0.6851851851851862,0.0,0.0
0.7666666666666666,0.6851851851851862,0.0,0.0
0.7666666666666666,0.6925925925925924,0.0,0.0
0.7666666666666666,0.6925925925925924,0.0,0.0
0.7666666666666666,0.700000000000001,0.0,0.0003518648838845883
0.7666666666666666,0.700000000000001,0.0,0.0003518648838845883
0.7666666666666666,0.707407407407407,0.0,0.0
0.7666666666666666,0.707407407407407,0.0,0.0
0.7666666666666666,0.7148148148148156,0.0,0.0
0.7666666666666666,0.7148148148148156,0.0,0.0
0.7666666666666666,0.7222222222222218,0.0,0.0003518648838845883
0.7666666666666666,0.7222222222222218,0.0,0.0003518648838845883
0.7666666666666666,0.7296296296296302,0.0,0.0
0.7666666666666666,0.7296296296296302,0.0,0.0
0.7666666666666666,0.7370370370370364,0.00020366598778004074,0.0
0.7666666666666666,0.7370370370370364,0.00020366598778004074,0.0
0.7666666666666666,0.7444444444444448,0.00020366598778004074,0.0
0.7666666666666666,0.7444444444444448,0.00020366598778004074,0.0
0.7666666666666666,0.751851851851851,0.00020366598778004074,0.0
0.7666666666666666,0.751851851851851,0.00020366598778004074,0.0
0.7666666666666666,0.7592592592592594,0.00020366598778004074,0.0
0.7666666666666666,0.7592592592592594,0.00020366598778004074,0.0
0.7666666666666666,0.7666666666666656,0.00020366598778004074,0.0
0.7666666666666666,0.7666666666666656,0.00020366598778004074,0.0
0.7666666666666666,0.774074074074074,0.00020366598778004074,0.0
0.7666666666666666,0.774074074074074,0.00020366598778004074,0.0
0.7666666666666666,0.7814814814814826,0.00020366598778004074,0.0
0.7666666666666666,0.7814814814814826,0.00020366598778004074,0.0
0.7666666666666666,0.7888888888888886,0.00020366598778004074,0.0
0.7666666666666666,0.7888888888888886,0.00020366598778004074,0.0
0.7666666666666666,0.7962962962962972,0.0,0.0003518648838845883
0.7666666666666666,0.7962962962962972,0.0,0.0003518648838845883
0.7666666666666666,0.8037037037037034,0.0,0.0003518648838845883
0.7666666666666666,0.8037037037037034,0.0,0.0003518648838845883
0.7666666666666666,0.8111111111111118,0.0,0.0003518648838845883
0.7666666666666666,0.8111111111111118,0.0,0.0003518648838845883
0.7666666666666666,0.818518518518518,0.0,0.0003518648838845883
0.7666666666666666,0.818518518518518,0.0,0.0003518648838845883
0.7666666666666666,0.8259259259259264,0.0,0.0003518648838845883
0.7666666666666666,0.8259259259259264,0.0,0.0003518648838845883
0.7666666666666666,0.8333333333333326,0.0,0.0
0.7666666666666666,0.8333333333333326,0.0,0.0
0.7666666666666666,0.840740740740741,0.00020366598778004074,0.0
0.7666666666666666,0.840740740740741,0.00020366598778004074,0.0
0.7666666666666666,0.8481481481481472,0.0,0.0
0.7666666666666666,0.8481481481481472,0.0,0.0
0.7666666666666666,0.8555555555555556,0.0,0.0
0.7666666666666666,0.8555555555555556,0.0,0.0
0.7666666666666666,0.8629629629629642,0.0,0.0003518648838845883
0.7666666666666666,0.8629629629629642,0.0,0.0003518648838845883
0.7666666666666666,0.8703703703703702,0.0,0.0
0.7666666666666666,0.8703703703703702,0.0,0.0
0.7666666666666666,0.8777777777777788,0.0,0.0
0.7666666666666666,0.8777777777777788,0.0,0.0
0.7666666666666666,0.885185185185185,0.0,0.0
0.7666666666666666,0.885185185185185,0.0,0.0
0.7666666666666666,0.8925925925925934,0.0,0.0
0.7666666666666666,0.8925925925925934,0.0,0.0
0.7666666666666666,0.8999999999999996,0.0,0.0
0.7666666666666666,0.8999999999999996,0.0,0.0
0.7666666666666666,0.907407407407408,0.0,0.0003518648838845883
0.7666666666666666,0.907407407407408,0.0,0.0003518648838845883
0.7666666666666666,0.9148148148148142,0.0,0.0
0.7666666666666666,0.9148148148148142,0.0,0.0
0.7666666666666666,0.9222222222222226,0.0,0.0
0.7666666666666666,0.9222222222222226,0.0,0.0
0.7666666666666666,0.9296296296296288,0.0,0.0
0.7666666666666666,0.9296296296296288,0.0,0.0
0.7666666666666666,0.9370370370370372,0.00020366598778004074,0.0
0.7666666666666666,0.9370370370370372,0.00020366598778004074,0.0
0.7666666666666666,0.9444444444444434,0.00020366598778004074,0.0
0.7666666666666666,0.9444444444444434,0.00020366598778004074,0.0
0.7666666666666666,0.9518518518518518,0.00020366598778004074,0.0
0.7666666666666666,0.9518518518518518,0.00020366598778004074,0.0
0.7666666666666666,0.9592592592592604,0.00020366598778004074,0.0
0.7666666666666666,0.9592592592592604,0.00020366598778004074,0.0
0.7666666666666666,0.9666666666666666,0.00020366598778004074,0.0
0.7666666666666666,0.9666666666666666,0.00020366598778004074,0.0
0.7666666666666666,0.974074074074075,0.0,0.0
0.7666666666666666,0.974074074074075,0.0,0.0
0.7666666666666666,0.9814814814814812,0.00020366598778004074,0.0
0.7666666666666666,0.9814814814814812,0.00020366598778004074,0.0
0.7666666666666666,0.9888888888888896,0.0,0.0
0.7666666666666666,0.9888888888888896,0.0,0.0
0.7666666666666666,0.9962962962962958,0.0,0.0
0.7666666666666666,0.9962962962962958,0.0,0.0
0.7740740740740742,0.4037037037037038,0.00020366598778004074,0.0
0.7740740740740742,0.4037037037037038,0.00020366598778004074,0.0
0.7740740740740742,0.4111111111111122,0.00020366598778004074,0.0
0.7740740740740742,0.4111111111111122,0.00020366598778004074,0.0
0.7740740740740742,0.4185185185185184,0.00020366598778004074,0.0
0.7740740740740742,0.4185185185185184,0.00020366598778004074,0.0
0.7740740740740742,0.4259259259259269,0.00020366598778004074,0.0
0.7740740740740742,0.4259259259259269,0.00020366598778004074,0.0
0.7740740740740742,0.433333333333333,0.00020366598778004074,0.0
0.7740740740740742,0.433333333333333,0.00020366598778004074,0.0
0.7740740740740742,0.4407407407407415,0.00020366598778004074,0.0
0.7740740740740742,0.4407407407407415,0.00020366598778004074,0.0
0.7740740740740742,0.4481481481481477,0.00020366598778004074,0.0
0.7740740740740742,0.4481481481481477,0.00020366598778004074,0.0
0.7740740740740742,0.4555555555555561,0.00020366598778004074,0.0
0.7740740740740742,0.4555555555555561,0.00020366598778004074,0.0
0.7740740740740742,0.4629629629629623,0.00020366598778004074,0.0
0.7740740740740742,0.4629629629629623,0.00020366598778004074,0.0
0.7740740740740742,0.4703703703703707,0.0,0.0
0.7740740740740742,0.4703703703703707,0.0,0.0
0.7740740740740742,0.4777777777777769,0.0,0.0
0.7740740740740742,0.4777777777777769,0.0,0.0
0.7740740740740742,0.4851851851851854,0.0,0.0
0.7740740740740742,0.4851851851851854,0.0,0.0
0.7740740740740742,0.4925925925925915,0.0,0.0
0.7740740740740742,0.4925925925925915,0.0,0.0
0.7740740740740742,0.5,0.00020366598778004074,0.0
0.7740740740740742,0.5,0.00020366598778004074,0.0
0.7740740740740742,0.5074074074074084,0.00020366598778004074,0.0
0.7740740740740742,0.5074074074074084,0.00020366598778004074,0.0
0.7740740740740742,0.5148148148148146,0.00020366598778004074,0.0
0.7740740740740742,0.5148148148148146,0.00020366598778004074,0.0
0.7740740740740742,0.522222222222223,0.00020366598778004074,0.0
0.7740740740740742,0.522222222222223,0.00020366598778004074,0.0
0.7740740740740742,0.5296296296296292,0.00020366598778004074,0.0
0.7740740740740742,0.5296296296296292,0.00020366598778004074,0.0
0.7740740740740742,0.5370370370370378,0.00020366598778004074,0.0
0.7740740740740742,0.5370370370370378,0.00020366598778004074,0.0
0.7740740740740742,0.5444444444444438,0.00020366598778004074,0.0
0.7740740740740742,0.5444444444444438,0.00020366598778004074,0.0
0.7740740740740742,0.5518518518518524,0.00020366598778004074,0.0
0.7740740740740742,0.5518518518518524,0.00020366598778004074,0.0
0.7740740740740742,0.5592592592592586,0.00020366598778004074,0.0
0.7740740740740742,0.5592592592592586,0.00020366598778004074,0.0
0.7740740740740742,0.566666666666667,0.00020366598778004074,0.0
0.7740740740740742,0.566666666666667,0.00020366598778004074,0.0
0.7740740740740742,0.5740740740740732,0.00020366598778004074,0.0
0.7740740740740742,0.5740740740740732,0.00020366598778004074,0.0
0.7740740740740742,0.5814814814814816,0.00020366598778004074,0.0
0.7740740740740742,0.5814814814814816,0.00020366598778004074,0.0
0.7740740740740742,0.58888888888889,0.00020366598778004074,0.0
0.7740740740740742,0.58888888888889,0.00020366598778004074,0.0
0.7740740740740742,0.5962962962962962,0.00020366598778004074,0.0
0.7740740740740742,0.5962962962962962,0.00020366598778004074,0.0
0.7740740740740742,0.6037037037037046,0.00020366598778004074,0.0
0.7740740740740742,0.6037037037037046,0.00020366598778004074,0.0
0.7740740740740742,0.6111111111111108,0.00020366598778004074,0.0
0.7740740740740742,0.6111111111111108,0.00020366598778004074,0.0
0.7740740740740742,0.6185185185185194,0.00020366598778004074,0.0
0.7740740740740742,0.6185185185185194,0.00020366598778004074,0.0
0.7740740740740742,0.6259259259259254,0.00020366598778004074,0.0
0.7740740740740742,0.6259259259259254,0.00020366598778004074,0.0
0.7740740740740742,0.633333333333334,0.00020366598778004074,0.0
0.7740740740740742,0.633333333333334,0.00020366598778004074,0.0
0.7740740740740742,0.6407407407407402,0.00020366598778004074,0.0
0.7740740740740742,0.6407407407407402,0.00020366598778004074,0.0
0.7740740740740742,0.6481481481481486,0.00020366598778004074,0.0
0.7740740740740742,0.6481481481481486,0.00020366598778004074,0.0
0.7740740740740742,0.6555555555555548,0.00020366598778004074,0.0
0.7740740740740742,0.6555555555555548,0.00020366598778004074,0.0
0.7740740740740742,0.6629629629629632,0.00020366598778004074,0.0
0.7740740740740742,0.6629629629629632,0.00020366598778004074,0.0
0.7740740740740742,0.6703703703703694,0.0,0.0
0.7740740740740742,0.6703703703703694,0.0,0.0
0.7740740740740742,0.6777777777777778,0.0,0.0
0.7740740740740742,0.6777777777777778,0.0,0.0
0.7740740740740742,0.6851851851851862,0.0,0.0
0.7740740740740742,0.6851851851851862,0.0,0.0
0.7740740740740742,0.6925925925925924,0.0,0.0
0.7740740740740742,0.6925925925925924,0.0,0.0
0.7740740740740742,0.700000000000001,0.0,0.0
0.7740740740740742,0.700000000000001,0.0,0.0
0.7740740740740742,0.707407407407407,0.0,0.0003518648838845883
0.7740740740740742,0.707407407407407,0.0,0.0003518648838845883
0.7740740740740742,0.7148148148148156,0.0,0.0003518648838845883
0.7740740740740742,0.7148148148148156,0.0,0.0003518648838845883
0.7740740740740742,0.7222222222222218,0.0,0.0003518648838845883
0.7740740740740742,0.7222222222222218,0.0,0.0003518648838845883
0.7740740740740742,0.7296296296296302,0.0,0.0003518648838845883
0.7740740740740742,0.7296296296296302,0.0,0.0003518648838845883
0.7740740740740742,0.7370370370370364,0.0,0.0
0.7740740740740742,0.7370370370370364,0.0,0.0
0.7740740740740742,0.7444444444444448,0.0,0.0
0.7740740740740742,0.7444444444444448,0.0,0.0
0.7740740740740742,0.751851851851851,0.0,0.0
0.7740740740740742,0.751851851851851,0.0,0.0
0.7740740740740742,0.7592592592592594,0.00020366598778004074,0.0
0.7740740740740742,0.7592592592592594,0.00020366598778004074,0.0
0.7740740740740742,0.7666666666666656,0.00020366598778004074,0.0
0.7740740740740742,0.7666666666666656,0.00020366598778004074,0.0
0.7740740740740742,0.774074074074074,0.0,0.0
0.7740740740740742,0.774074074074074,0.0,0.0
0.7740740740740742,0.7814814814814826,0.0,0.0
0.7740740740740742,0.7814814814814826,0.0,0.0
0.7740740740740742,0.7888888888888886,0.0,0.0
0.7740740740740742,0.7888888888888886,0.0,0.0
0.7740740740740742,0.7962962962962972,0.0,0.0003518648838845883
0.7740740740740742,0.7962962962962972,0.0,0.0003518648838845883
0.7740740740740742,0.8037037037037034,0.0,0.0003518648838845883
0.7740740740740742,0.8037037037037034,0.0,0.0003518648838845883
0.7740740740740742,0.8111111111111118,0.0,0.0003518648838845883
0.7740740740740742,0.8111111111111118,0.0,0.0003518648838845883
0.7740740740740742,0.818518518518518,0.0,0.0
0.7740740740740742,0.818518518518518,0.0,0.0
0.7740740740740742,0.8259259259259264,0.0,0.0003518648838845883
0.7740740740740742,0.8259259259259264,0.0,0.0003518648838845883
0.7740740740740742,0.8333333333333326,0.0,0.0
0.7740740740740742,0.8333333333333326,0.0,0.0
0.7740740740740742,0.840740740740741,0.0,0.0
0.7740740740740742,0.840740740740741,0.0,0.0
0.7740740740740742,0.8481481481481472,0.0,0.0
0.7740740740740742,0.8481481481481472,0.0,0.0
0.7740740740740742,0.8555555555555556,0.0,0.0
0.7740740740740742,0.8555555555555556,0.0,0.0
0.7740740740740742,0.8629629629629642,0.0,0.0
0.7740740740740742,0.8629629629629642,0.0,0.0
0.7740740740740742,0.8703703703703702,0.0,0.0
0.7740740740740742,0.8703703703703702,0.0,0.0
0.7740740740740742,0.8777777777777788,0.0,0.0
0.7740740740740742,0.8777777777777788,0.0,0.0
0.7740740740740742,0.885185185185185,0.0,0.0
0.7740740740740742,0.885185185185185,0.0,0.0
0.7740740740740742,0.8925925925925934,0.0,0.0
0.7740740740740742,0.8925925925925934,0.0,0.0
0.7740740740740742,0.8999999999999996,0.0,0.0
0.7740740740740742,0.8999999999999996,0.0,0.0
0.7740740740740742,0.907407407407408,0.0,0.0
0.7740740740740742,0.907407407407408,0.0,0.0
0.7740740740740742,0.9148148148148142,0.0,0.0
0.7740740740740742,0.9148148148148142,0.0,0.0
0.7740740740740742,0.9222222222222226,0.00020366598778004074,0.0
0.7740740740740742,0.9222222222222226,0.00020366598778004074,0.0
0.7740740740740742,0.9296296296296288,0.0,0.0
0.7740740740740742,0.9296296296296288,0.0,0.0
0.7740740740740742,0.9370370370370372,0.0,0.0
0.7740740740740742,0.9370370370370372,0.0,0.0
0.7740740740740742,0.9444444444444434,0.0,0.0
0.7740740740740742,0.9444444444444434,0.0,0.0
0.7740740740740742,0.9518518518518518,0.0,0.0
0.7740740740740742,0.9518518518518518,0.0,0.0
0.7740740740740742,0.9592592592592604,0.0,0.0
0.7740740740740742,0.9592592592592604,0.0,0.0
0.7740740740740742,0.9666666666666666,0.0,0.0
0.7740740740740742,0.9666666666666666,0.0,0.0
0.7740740740740742,0.974074074074075,0.00020366598778004074,0.0
0.7740740740740742,0.974074074074075,0.00020366598778004074,0.0
0.7740740740740742,0.9814814814814812,0.0,0.0
0.7740740740740742,0.9814814814814812,0.0,0.0
0.7740740740740742,0.9888888888888896,0.00020366598778004074,0.0
0.7740740740740742,0.9888888888888896,0.00020366598778004074,0.0
0.7740740740740742,0.9962962962962958,0.0,0.0
0.7740740740740742,0.9962962962962958,0.0,0.0
0.7814814814814816,0.4037037037037038,0.00020366598778004074,0.0
0.7814814814814816,0.4037037037037038,0.00020366598778004074,0.0
0.7814814814814816,0.4111111111111122,0.00020366598778004074,0.0
0.7814814814814816,0.4111111111111122,0.00020366598778004074,0.0
0.7814814814814816,0.4185185185185184,0.00020366598778004074,0.0
0.7814814814814816,0.4185185185185184,0.00020366598778004074,0.0
0.7814814814814816,0.4259259259259269,0.00020366598778004074,0.0
0.7814814814814816,0.4259259259259269,0.00020366598778004074,0.0
0.7814814814814816,0.433333333333333,0.00020366598778004074,0.0
0.7814814814814816,0.433333333333333,0.00020366598778004074,0.0
0.7814814814814816,0.4407407407407415,0.00020366598778004074,0.0
0.7814814814814816,0.4407407407407415,0.00020366598778004074,0.0
0.7814814814814816,0.4481481481481477,0.00020366598778004074,0.0
0.7814814814814816,0.4481481481481477,0.00020366598778004074,0.0
0.7814814814814816,0.4555555555555561,0.00020366598778004074,0.0
0.7814814814814816,0.4555555555555561,0.00020366598778004074,0.0
0.7814814814814816,0.4629629629629623,0.00020366598778004074,0.0
0.7814814814814816,0.4629629629629623,0.00020366598778004074,0.0
0.7814814814814816,0.4703703703703707,0.00020366598778004074,0.0
0.7814814814814816,0.4703703703703707,0.00020366598778004074,0.0
0.7814814814814816,0.4777777777777769,0.00020366598778004074,0.0
0.7814814814814816,0.4777777777777769,0.00020366598778004074,0.0
0.7814814814814816,0.4851851851851854,0.0,0.0
0.7814814814814816,0.4851851851851854,0.0,0.0
0.7814814814814816,0.4925925925925915,0.0,0.0003518648838845883
0.7814814814814816,0.4925925925925915,0.0,0.0003518648838845883
0.7814814814814816,0.5,0.0,0.0003518648838845883
0.7814814814814816,0.5,0.0,0.0003518648838845883
0.7814814814814816,0.5074074074074084,0.00020366598778004074,0.0
0.7814814814814816,0.5074074074074084,0.00020366598778004074,0.0
0.7814814814814816,0.5148148148148146,0.00020366598778004074,0.0
0.7814814814814816,0.5148148148148146,0.00020366598778004074,0.0
0.7814814814814816,0.522222222222223,0.00020366598778004074,0.0
0.7814814814814816,0.522222222222223,0.00020366598778004074,0.0
0.7814814814814816,0.5296296296296292,0.0,0.0
0.7814814814814816,0.5296296296296292,0.0,0.0
0.7814814814814816,0.5370370370370378,0.00020366598778004074,0.0
0.7814814814814816,0.5370370370370378,0.00020366598778004074,0.0
0.7814814814814816,0.5444444444444438,0.00020366598778004074,0.0
0.7814814814814816,0.5444444444444438,0.00020366598778004074,0.0
0.7814814814814816,0.5518518518518524,0.00020366598778004074,0.0
0.7814814814814816,0.5518518518518524,0.00020366598778004074,0.0
0.7814814814814816,0.5592592592592586,0.0,0.0
0.7814814814814816,0.5592592592592586,0.0,0.0
0.7814814814814816,0.566666666666667,0.00020366598778004074,0.0
0.7814814814814816,0.566666666666667,0.00020366598778004074,0.0
0.7814814814814816,0.5740740740740732,0.00020366598778004074,0.0
0.7814814814814816,0.5740740740740732,0.00020366598778004074,0.0
0.7814814814814816,0.5814814814814816,0.00020366598778004074,0.0
0.7814814814814816,0.5814814814814816,0.00020366598778004074,0.0
0.7814814814814816,0.58888888888889,0.00020366598778004074,0.0
0.7814814814814816,0.58888888888889,0.00020366598778004074,0.0
0.7814814814814816,0.5962962962962962,0.00020366598778004074,0.0
0.7814814814814816,0.5962962962962962,0.00020366598778004074,0.0
0.7814814814814816,0.6037037037037046,0.00020366598778004074,0.0
0.7814814814814816,0.6037037037037046,0.00020366598778004074,0.0
0.7814814814814816,0.6111111111111108,0.00020366598778004074,0.0
0.7814814814814816,0.6111111111111108,0.00020366598778004074,0.0
0.7814814814814816,0.6185185185185194,0.00020366598778004074,0.0
0.7814814814814816,0.6185185185185194,0.00020366598778004074,0.0
0.7814814814814816,0.6259259259259254,0.00020366598778004074,0.0
0.7814814814814816,0.6259259259259254,0.00020366598778004074,0.0
0.7814814814814816,0.633333333333334,0.00020366598778004074,0.0
0.7814814814814816,0.633333333333334,0.00020366598778004074,0.0
0.7814814814814816,0.6407407407407402,0.00020366598778004074,0.0
0.7814814814814816,0.6407407407407402,0.00020366598778004074,0.0
0.7814814814814816,0.6481481481481486,0.00020366598778004074,0.0
0.7814814814814816,0.6481481481481486,0.00020366598778004074,0.0
0.7814814814814816,0.6555555555555548,0.00020366598778004074,0.0
0.7814814814814816,0.6555555555555548,0.00020366598778004074,0.0
0.7814814814814816,0.6629629629629632,0.00020366598778004074,0.0
0.7814814814814816,0.6629629629629632,0.00020366598778004074,0.0
0.7814814814814816,0.6703703703703694,0.0,0.0003518648838845883
0.7814814814814816,0.6703703703703694,0.0,0.0003518648838845883
0.7814814814814816,0.6777777777777778,0.0,0.0003518648838845883
0.7814814814814816,0.6777777777777778,0.0,0.0003518648838845883
0.7814814814814816,0.6851851851851862,0.0,0.0003518648838845883
0.7814814814814816,0.6851851851851862,0.0,0.0003518648838845883
0.7814814814814816,0.6925925925925924,0.0,0.0003518648838845883
0.7814814814814816,0.6925925925925924,0.0,0.0003518648838845883
0.7814814814814816,0.700000000000001,0.0,0.0003518648838845883
0.7814814814814816,0.700000000000001,0.0,0.0003518648838845883
0.7814814814814816,0.707407407407407,0.0,0.0003518648838845883
0.7814814814814816,0.707407407407407,0.0,0.0003518648838845883
0.7814814814814816,0.7148148148148156,0.0,0.0003518648838845883
0.7814814814814816,0.7148148148148156,0.0,0.0003518648838845883
0.7814814814814816,0.7222222222222218,0.0,0.0003518648838845883
0.7814814814814816,0.7222222222222218,0.0,0.0003518648838845883
0.7814814814814816,0.7296296296296302,0.0,0.0
0.7814814814814816,0.7296296296296302,0.0,0.0
0.7814814814814816,0.7370370370370364,0.00020366598778004074,0.0
0.7814814814814816,0.7370370370370364,0.00020366598778004074,0.0
0.7814814814814816,0.7444444444444448,0.00020366598778004074,0.0
0.7814814814814816,0.7444444444444448,0.00020366598778004074,0.0
0.7814814814814816,0.751851851851851,0.00020366598778004074,0.0
0.7814814814814816,0.751851851851851,0.00020366598778004074,0.0
0.7814814814814816,0.7592592592592594,0.0,0.0
0.7814814814814816,0.7592592592592594,0.0,0.0
0.7814814814814816,0.7666666666666656,0.0,0.0
0.7814814814814816,0.7666666666666656,0.0,0.0
0.7814814814814816,0.774074074074074,0.00020366598778004074,0.0
0.7814814814814816,0.774074074074074,0.00020366598778004074,0.0
0.7814814814814816,0.7814814814814826,0.0,0.0003518648838845883
0.7814814814814816,0.7814814814814826,0.0,0.0003518648838845883
0.7814814814814816,0.7888888888888886,0.0,0.0003518648838845883
0.7814814814814816,0.7888888888888886,0.0,0.0003518648838845883
0.7814814814814816,0.7962962962962972,0.0,0.0003518648838845883
0.7814814814814816,0.7962962962962972,0.0,0.0003518648838845883
0.7814814814814816,0.8037037037037034,0.0,0.0
0.7814814814814816,0.8037037037037034,0.0,0.0
0.7814814814814816,0.8111111111111118,0.0,0.0
0.7814814814814816,0.8111111111111118,0.0,0.0
0.7814814814814816,0.818518518518518,0.0,0.0003518648838845883
0.7814814814814816,0.818518518518518,0.0,0.0003518648838845883
0.7814814814814816,0.8259259259259264,0.0,0.0003518648838845883
0.7814814814814816,0.8259259259259264,0.0,0.0003518648838845883
0.7814814814814816,0.8333333333333326,0.0,0.0
0.7814814814814816,0.8333333333333326,0.0,0.0
0.7814814814814816,0.840740740740741,0.0,0.0
0.7814814814814816,0.840740740740741,0.0,0.0
0.7814814814814816,0.8481481481481472,0.0,0.0
0.7814814814814816,0.8481481481481472,0.0,0.0
0.7814814814814816,0.8555555555555556,0.0,0.0
0.7814814814814816,0.8555555555555556,0.0,0.0
0.7814814814814816,0.8629629629629642,0.0,0.0
0.7814814814814816,0.8629629629629642,0.0,0.0
0.7814814814814816,0.8703703703703702,0.0,0.0003518648838845883
0.7814814814814816,0.8703703703703702,0.0,0.0003518648838845883
0.7814814814814816,0.8777777777777788,0.0,0.0003518648838845883
0.7814814814814816,0.8777777777777788,0.0,0.0003518648838845883
0.7814814814814816,0.885185185185185,0.0,0.0003518648838845883
0.7814814814814816,0.885185185185185,0.0,0.0003518648838845883
0.7814814814814816,0.8925925925925934,0.0,0.0003518648838845883
0.7814814814814816,0.8925925925925934,0.0,0.0003518648838845883
0.7814814814814816,0.8999999999999996,0.0,0.0
0.7814814814814816,0.8999999999999996,0.0,0.0
0.7814814814814816,0.907407407407408,0.0,0.0
0.7814814814814816,0.907407407407408,0.0,0.0
0.7814814814814816,0.9148148148148142,0.0,0.0
0.7814814814814816,0.9148148148148142,0.0,0.0
0.7814814814814816,0.9222222222222226,0.0,0.0
0.7814814814814816,0.9222222222222226,0.0,0.0
0.7814814814814816,0.9296296296296288,0.0,0.0
0.7814814814814816,0.9296296296296288,0.0,0.0
0.7814814814814816,0.9370370370370372,0.0,0.0
0.7814814814814816,0.9370370370370372,0.0,0.0
0.7814814814814816,0.9444444444444434,0.0,0.0
0.7814814814814816,0.9444444444444434,0.0,0.0
0.7814814814814816,0.9518518518518518,0.0,0.0
0.7814814814814816,0.9518518518518518,0.0,0.0
0.7814814814814816,0.9592592592592604,0.0,0.0
0.7814814814814816,0.9592592592592604,0.0,0.0
0.7814814814814816,0.9666666666666666,0.00020366598778004074,0.0
0.7814814814814816,0.9666666666666666,0.00020366598778004074,0.0
0.7814814814814816,0.974074074074075,0.0,0.0
0.7814814814814816,0.974074074074075,0.0,0.0
0.7814814814814816,0.9814814814814812,0.0,0.0
0.7814814814814816,0.9814814814814812,0.0,0.0
0.7814814814814816,0.9888888888888896,0.0,0.0003518648838845883
0.7814814814814816,0.9888888888888896,0.0,0.0003518648838845883
0.7814814814814816,0.9962962962962958,0.0,0.0
0.7814814814814816,0.9962962962962958,0.0,0.0
0.7888888888888891,0.4037037037037038,0.00020366598778004074,0.0
0.7888888888888891,0.4037037037037038,0.00020366598778004074,0.0
0.7888888888888891,0.4111111111111122,0.00020366598778004074,0.0
0.7888888888888891,0.4111111111111122,0.00020366598778004074,0.0
0.7888888888888891,0.4185185185185184,0.00020366598778004074,0.0
0.7888888888888891,0.4185185185185184,0.00020366598778004074,0.0
0.7888888888888891,0.4259259259259269,0.00020366598778004074,0.0
0.7888888888888891,0.4259259259259269,0.00020366598778004074,0.0
0.7888888888888891,0.433333333333333,0.00020366598778004074,0.0
0.7888888888888891,0.433333333333333,0.00020366598778004074,0.0
0.7888888888888891,0.4407407407407415,0.00020366598778004074,0.0
0.7888888888888891,0.4407407407407415,0.00020366598778004074,0.0
0.7888888888888891,0.4481481481481477,0.0,0.0003518648838845883
0.7888888888888891,0.4481481481481477,0.0,0.0003518648838845883
0.7888888888888891,0.4555555555555561,0.00020366598778004074,0.0
0.7888888888888891,0.4555555555555561,0.00020366598778004074,0.0
0.7888888888888891,0.4629629629629623,0.00020366598778004074,0.0
0.7888888888888891,0.4629629629629623,0.00020366598778004074,0.0
0.7888888888888891,0.4703703703703707,0.00020366598778004074,0.0
0.7888888888888891,0.4703703703703707,0.00020366598778004074,0.0
0.7888888888888891,0.4777777777777769,0.00020366598778004074,0.0
0.7888888888888891,0.4777777777777769,0.00020366598778004074,0.0
0.7888888888888891,0.4851851851851854,0.00020366598778004074,0.0
0.7888888888888891,0.4851851851851854,0.00020366598778004074,0.0
0.7888888888888891,0.4925925925925915,0.0,0.0003518648838845883
0.7888888888888891,0.4925925925925915,0.0,0.0003518648838845883
0.7888888888888891,0.5,0.00020366598778004074,0.0
0.7888888888888891,0.5,0.00020366598778004074,0.0
0.7888888888888891,0.5074074074074084,0.00020366598778004074,0.0
0.7888888888888891,0.5074074074074084,0.00020366598778004074,0.0
0.7888888888888891,0.5148148148148146,0.00020366598778004074,0.0
0.7888888888888891,0.5148148148148146,0.00020366598778004074,0.0
0.7888888888888891,0.522222222222223,0.00020366598778004074,0.0
0.7888888888888891,0.522222222222223,0.00020366598778004074,0.0
0.7888888888888891,0.5296296296296292,0.00020366598778004074,0.0
0.7888888888888891,0.5296296296296292,0.00020366598778004074,0.0
0.7888888888888891,0.5370370370370378,0.00020366598778004074,0.0
0.7888888888888891,0.5370370370370378,0.00020366598778004074,0.0
0.7888888888888891,0.5444444444444438,0.00020366598778004074,0.0
0.7888888888888891,0.5444444444444438,0.00020366598778004074,0.0
0.7888888888888891,0.5518518518518524,0.00020366598778004074,0.0
0.7888888888888891,0.5518518518518524,0.00020366598778004074,0.0
0.7888888888888891,0.5592592592592586,0.00020366598778004074,0.0
0.7888888888888891,0.5592592592592586,0.00020366598778004074,0.0
0.7888888888888891,0.566666666666667,0.00020366598778004074,0.0
0.7888888888888891,0.566666666666667,0.00020366598778004074,0.0
0.7888888888888891,0.5740740740740732,0.00020366598778004074,0.0
0.7888888888888891,0.5740740740740732,0.00020366598778004074,0.0
0.7888888888888891,0.5814814814814816,0.00020366598778004074,0.0
0.7888888888888891,0.5814814814814816,0.00020366598778004074,0.0
0.7888888888888891,0.58888888888889,0.00020366598778004074,0.0
0.7888888888888891,0.58888888888889,0.00020366598778004074,0.0
0.7888888888888891,0.5962962962962962,0.0,0.0
0.7888888888888891,0.5962962962962962,0.0,0.0
0.7888888888888891,0.6037037037037046,0.0,0.0
0.7888888888888891,0.6037037037037046,0.0,0.0
0.7888888888888891,0.6111111111111108,0.00020366598778004074,0.0
0.7888888888888891,0.6111111111111108,0.00020366598778004074,0.0
0.7888888888888891,0.6185185185185194,0.00020366598778004074,0.0
0.7888888888888891,0.6185185185185194,0.00020366598778004074,0.0
0.7888888888888891,0.6259259259259254,0.00020366598778004074,0.0
0.7888888888888891,0.6259259259259254,0.00020366598778004074,0.0
0.7888888888888891,0.633333333333334,0.0,0.0
0.7888888888888891,0.633333333333334,0.0,0.0
0.7888888888888891,0.6407407407407402,0.0,0.0
0.7888888888888891,0.6407407407407402,0.0,0.0
0.7888888888888891,0.6481481481481486,0.00020366598778004074,0.0
0.7888888888888891,0.6481481481481486,0.00020366598778004074,0.0
0.7888888888888891,0.6555555555555548,0.0,0.0
0.7888888888888891,0.6555555555555548,0.0,0.0
0.7888888888888891,0.6629629629629632,0.00020366598778004074,0.0
0.7888888888888891,0.6629629629629632,0.00020366598778004074,0.0
0.7888888888888891,0.6703703703703694,0.00020366598778004074,0.0
0.7888888888888891,0.6703703703703694,0.00020366598778004074,0.0
0.7888888888888891,0.6777777777777778,0.0,0.0003518648838845883
0.7888888888888891,0.6777777777777778,0.0,0.0003518648838845883
0.7888888888888891,0.6851851851851862,0.0,0.0003518648838845883
0.7888888888888891,0.6851851851851862,0.0,0.0003518648838845883
0.7888888888888891,0.6925925925925924,0.0,0.0
0.7888888888888891,0.6925925925925924,0.0,0.0
0.7888888888888891,0.700000000000001,0.0,0.0
0.7888888888888891,0.700000000000001,0.0,0.0
0.7888888888888891,0.707407407407407,0.0,0.0
0.7888888888888891,0.707407407407407,0.0,0.0
0.7888888888888891,0.7148148148148156,0.0,0.0003518648838845883
0.7888888888888891,0.7148148148148156,0.0,0.0003518648838845883
0.7888888888888891,0.7222222222222218,0.0,0.0003518648838845883
0.7888888888888891,0.7222222222222218,0.0,0.0003518648838845883
0.7888888888888891,0.7296296296296302,0.00020366598778004074,0.0
0.7888888888888891,0.7296296296296302,0.00020366598778004074,0.0
0.7888888888888891,0.7370370370370364,0.00020366598778004074,0.0
0.7888888888888891,0.7370370370370364,0.00020366598778004074,0.0
0.7888888888888891,0.7444444444444448,0.00020366598778004074,0.0
0.7888888888888891,0.7444444444444448,0.00020366598778004074,0.0
0.7888888888888891,0.751851851851851,0.00020366598778004074,0.0
0.7888888888888891,0.751851851851851,0.00020366598778004074,0.0
0.7888888888888891,0.7592592592592594,0.00020366598778004074,0.0
0.7888888888888891,0.7592592592592594,0.00020366598778004074,0.0
0.7888888888888891,0.7666666666666656,0.0,0.0
0.7888888888888891,0.7666666666666656,0.0,0.0
0.7888888888888891,0.774074074074074,0.0,0.0
0.7888888888888891,0.774074074074074,0.0,0.0
0.7888888888888891,0.7814814814814826,0.00020366598778004074,0.0
0.7888888888888891,0.7814814814814826,0.00020366598778004074,0.0
0.7888888888888891,0.7888888888888886,0.0,0.0003518648838845883
0.7888888888888891,0.7888888888888886,0.0,0.0003518648838845883
0.7888888888888891,0.7962962962962972,0.0,0.0003518648838845883
0.7888888888888891,0.7962962962962972,0.0,0.0003518648838845883
0.7888888888888891,0.8037037037037034,0.0,0.0003518648838845883
0.7888888888888891,0.8037037037037034,0.0,0.0003518648838845883
0.7888888888888891,0.8111111111111118,0.0,0.0
0.7888888888888891,0.8111111111111118,0.0,0.0
0.7888888888888891,0.818518518518518,0.0,0.0003518648838845883
0.7888888888888891,0.818518518518518,0.0,0.0003518648838845883
0.7888888888888891,0.8259259259259264,0.0,0.0003518648838845883
0.7888888888888891,0.8259259259259264,0.0,0.0003518648838845883
0.7888888888888891,0.8333333333333326,0.0,0.0003518648838845883
0.7888888888888891,0.8333333333333326,0.0,0.0003518648838845883
0.7888888888888891,0.840740740740741,0.0,0.0
0.7888888888888891,0.840740740740741,0.0,0.0
0.7888888888888891,0.8481481481481472,0.0,0.0
0.7888888888888891,0.8481481481481472,0.0,0.0
0.7888888888888891,0.8555555555555556,0.0,0.0
0.7888888888888891,0.8555555555555556,0.0,0.0
0.7888888888888891,0.8629629629629642,0.0,0.0
0.7888888888888891,0.8629629629629642,0.0,0.0
0.7888888888888891,0.8703703703703702,0.0,0.0003518648838845883
0.7888888888888891,0.8703703703703702,0.0,0.0003518648838845883
0.7888888888888891,0.8777777777777788,0.0,0.0003518648838845883
0.7888888888888891,0.8777777777777788,0.0,0.0003518648838845883
0.7888888888888891,0.885185185185185,0.0,0.0
0.7888888888888891,0.885185185185185,0.0,0.0
0.7888888888888891,0.8925925925925934,0.0,0.0
0.7888888888888891,0.8925925925925934,0.0,0.0
0.7888888888888891,0.8999999999999996,0.0,0.0
0.7888888888888891,0.8999999999999996,0.0,0.0
0.7888888888888891,0.907407407407408,0.0,0.0003518648838845883
0.7888888888888891,0.907407407407408,0.0,0.0003518648838845883
0.7888888888888891,0.9148148148148142,0.0,0.0
0.7888888888888891,0.9148148148148142,0.0,0.0
0.7888888888888891,0.9222222222222226,0.0,0.0
0.7888888888888891,0.9222222222222226,0.0,0.0
0.7888888888888891,0.9296296296296288,0.0,0.0
0.7888888888888891,0.9296296296296288,0.0,0.0
0.7888888888888891,0.9370370370370372,0.0,0.0003518648838845883
0.7888888888888891,0.9370370370370372,0.0,0.0003518648838845883
0.7888888888888891,0.9444444444444434,0.0,0.0003518648838845883
0.7888888888888891,0.9444444444444434,0.0,0.0003518648838845883
0.7888888888888891,0.9518518518518518,0.0,0.0
0.7888888888888891,0.9518518518518518,0.0,0.0
0.7888888888888891,0.9592592592592604,0.0,0.0003518648838845883
0.7888888888888891,0.9592592592592604,0.0,0.0003518648838845883
0.7888888888888891,0.9666666666666666,0.0,0.0
0.7888888888888891,0.9666666666666666,0.0,0.0
0.7888888888888891,0.974074074074075,0.0,0.0
0.7888888888888891,0.974074074074075,0.0,0.0
0.7888888888888891,0.9814814814814812,0.0,0.0
0.7888888888888891,0.9814814814814812,0.0,0.0
0.7888888888888891,0.9888888888888896,0.00020366598778004074,0.0
0.7888888888888891,0.9888888888888896,0.00020366598778004074,0.0
0.7888888888888891,0.9962962962962958,0.00020366598778004074,0.0
0.7888888888888891,0.9962962962962958,0.00020366598778004074,0.0
0.7962962962962964,0.4037037037037038,0.00020366598778004074,0.0
0.7962962962962964,0.4037037037037038,0.00020366598778004074,0.0
0.7962962962962964,0.4111111111111122,0.00020366598778004074,0.0
0.7962962962962964,0.4111111111111122,0.00020366598778004074,0.0
0.7962962962962964,0.4185185185185184,0.00020366598778004074,0.0
0.7962962962962964,0.4185185185185184,0.00020366598778004074,0.0
0.7962962962962964,0.4259259259259269,0.00020366598778004074,0.0
0.7962962962962964,0.4259259259259269,0.00020366598778004074,0.0
0.7962962962962964,0.433333333333333,0.0,0.0003518648838845883
0.7962962962962964,0.433333333333333,0.0,0.0003518648838845883
0.7962962962962964,0.4407407407407415,0.0,0.0003518648838845883
0.7962962962962964,0.4407407407407415,0.0,0.0003518648838845883
0.7962962962962964,0.4481481481481477,0.0,0.0003518648838845883
0.7962962962962964,0.4481481481481477,0.0,0.0003518648838845883
0.7962962962962964,0.4555555555555561,0.00020366598778004074,0.0
0.7962962962962964,0.4555555555555561,0.00020366598778004074,0.0
0.7962962962962964,0.4629629629629623,0.00020366598778004074,0.0
0.7962962962962964,0.4629629629629623,0.00020366598778004074,0.0
0.7962962962962964,0.4703703703703707,0.0,0.0
0.7962962962962964,0.4703703703703707,0.0,0.0
0.7962962962962964,0.4777777777777769,0.00020366598778004074,0.0
0.7962962962962964,0.4777777777777769,0.00020366598778004074,0.0
0.7962962962962964,0.4851851851851854,0.00020366598778004074,0.0
0.7962962962962964,0.4851851851851854,0.00020366598778004074,0.0
0.7962962962962964,0.4925925925925915,0.0,0.0003518648838845883
0.7962962962962964,0.4925925925925915,0.0,0.0003518648838845883
0.7962962962962964,0.5,0.00020366598778004074,0.0
0.7962962962962964,0.5,0.00020366598778004074,0.0
0.7962962962962964,0.5074074074074084,0.00020366598778004074,0.0
0.7962962962962964,0.5074074074074084,0.00020366598778004074,0.0
0.7962962962962964,0.5148148148148146,0.00020366598778004074,0.0
0.7962962962962964,0.5148148148148146,0.00020366598778004074,0.0
0.7962962962962964,0.522222222222223,0.0,0.0
0.7962962962962964,0.522222222222223,0.0,0.0
0.7962962962962964,0.5296296296296292,0.00020366598778004074,0.0
0.7962962962962964,0.5296296296296292,0.00020366598778004074,0.0
0.7962962962962964,0.5370370370370378,0.00020366598778004074,0.0
0.7962962962962964,0.5370370370370378,0.00020366598778004074,0.0
0.7962962962962964,0.5444444444444438,0.0,0.0
0.7962962962962964,0.5444444444444438,0.0,0.0
0.7962962962962964,0.5518518518518524,0.00020366598778004074,0.0
0.7962962962962964,0.5518518518518524,0.00020366598778004074,0.0
0.7962962962962964,0.5592592592592586,0.0,0.0
0.7962962962962964,0.5592592592592586,0.0,0.0
0.7962962962962964,0.566666666666667,0.0,0.0
0.7962962962962964,0.566666666666667,0.0,0.0
0.7962962962962964,0.5740740740740732,0.00020366598778004074,0.0
0.7962962962962964,0.5740740740740732,0.00020366598778004074,0.0
0.7962962962962964,0.5814814814814816,0.00020366598778004074,0.0
0.7962962962962964,0.5814814814814816,0.00020366598778004074,0.0
0.7962962962962964,0.58888888888889,0.00020366598778004074,0.0
0.7962962962962964,0.58888888888889,0.00020366598778004074,0.0
0.7962962962962964,0.5962962962962962,0.0,0.0
0.7962962962962964,0.5962962962962962,0.0,0.0
0.7962962962962964,0.6037037037037046,0.0,0.0
0.7962962962962964,0.6037037037037046,0.0,0.0
0.7962962962962964,0.6111111111111108,0.0,0.0
0.7962962962962964,0.6111111111111108,0.0,0.0
0.7962962962962964,0.6185185185185194,0.00020366598778004074,0.0
0.7962962962962964,0.6185185185185194,0.00020366598778004074,0.0
0.7962962962962964,0.6259259259259254,0.00020366598778004074,0.0
0.7962962962962964,0.6259259259259254,0.00020366598778004074,0.0
0.7962962962962964,0.633333333333334,0.00020366598778004074,0.0
0.7962962962962964,0.633333333333334,0.00020366598778004074,0.0
0.7962962962962964,0.6407407407407402,0.00020366598778004074,0.0
0.7962962962962964,0.6407407407407402,0.00020366598778004074,0.0
0.7962962962962964,0.6481481481481486,0.00020366598778004074,0.0
0.7962962962962964,0.6481481481481486,0.00020366598778004074,0.0
0.7962962962962964,0.6555555555555548,0.00020366598778004074,0.0
0.7962962962962964,0.6555555555555548,0.00020366598778004074,0.0
0.7962962962962964,0.6629629629629632,0.00020366598778004074,0.0
0.7962962962962964,0.6629629629629632,0.00020366598778004074,0.0
0.7962962962962964,0.6703703703703694,0.00020366598778004074,0.0
0.7962962962962964,0.6703703703703694,0.00020366598778004074,0.0
0.7962962962962964,0.6777777777777778,0.0,0.0003518648838845883
0.7962962962962964,0.6777777777777778,0.0,0.0003518648838845883
0.7962962962962964,0.6851851851851862,0.0,0.0003518648838845883
0.7962962962962964,0.6851851851851862,0.0,0.0003518648838845883
0.7962962962962964,0.6925925925925924,0.0,0.0003518648838845883
0.7962962962962964,0.6925925925925924,0.0,0.0003518648838845883
0.7962962962962964,0.700000000000001,0.0,0.0
0.7962962962962964,0.700000000000001,0.0,0.0
0.7962962962962964,0.707407407407407,0.0,0.0003518648838845883
0.7962962962962964,0.707407407407407,0.0,0.0003518648838845883
0.7962962962962964,0.7148148148148156,0.0,0.0003518648838845883
0.7962962962962964,0.7148148148148156,0.0,0.0003518648838845883
0.7962962962962964,0.7222222222222218,0.0,0.0003518648838845883
0.7962962962962964,0.7222222222222218,0.0,0.0003518648838845883
0.7962962962962964,0.7296296296296302,0.0,0.0
0.7962962962962964,0.7296296296296302,0.0,0.0
0.7962962962962964,0.7370370370370364,0.0,0.0003518648838845883
0.7962962962962964,0.7370370370370364,0.0,0.0003518648838845883
0.7962962962962964,0.7444444444444448,0.0,0.0
0.7962962962962964,0.7444444444444448,0.0,0.0
0.7962962962962964,0.751851851851851,0.00020366598778004074,0.0
0.7962962962962964,0.751851851851851,0.00020366598778004074,0.0
0.7962962962962964,0.7592592592592594,0.00020366598778004074,0.0
0.7962962962962964,0.7592592592592594,0.00020366598778004074,0.0
0.7962962962962964,0.7666666666666656,0.00020366598778004074,0.0
0.7962962962962964,0.7666666666666656,0.00020366598778004074,0.0
0.7962962962962964,0.774074074074074,0.00020366598778004074,0.0
0.7962962962962964,0.774074074074074,0.00020366598778004074,0.0
0.7962962962962964,0.7814814814814826,0.00020366598778004074,0.0
0.7962962962962964,0.7814814814814826,0.00020366598778004074,0.0
0.7962962962962964,0.7888888888888886,0.0,0.0
0.7962962962962964,0.7888888888888886,0.0,0.0
0.7962962962962964,0.7962962962962972,0.0,0.0003518648838845883
0.7962962962962964,0.7962962962962972,0.0,0.0003518648838845883
0.7962962962962964,0.8037037037037034,0.0,0.0003518648838845883
0.7962962962962964,0.8037037037037034,0.0,0.0003518648838845883
0.7962962962962964,0.8111111111111118,0.0,0.0
0.7962962962962964,0.8111111111111118,0.0,0.0
0.7962962962962964,0.818518518518518,0.0,0.0
0.7962962962962964,0.818518518518518,0.0,0.0
0.7962962962962964,0.8259259259259264,0.0,0.0
0.7962962962962964,0.8259259259259264,0.0,0.0
0.7962962962962964,0.8333333333333326,0.0,0.0003518648838845883
0.7962962962962964,0.8333333333333326,0.0,0.0003518648838845883
0.7962962962962964,0.840740740740741,0.0,0.0003518648838845883
0.7962962962962964,0.840740740740741,0.0,0.0003518648838845883
0.7962962962962964,0.8481481481481472,0.0,0.0
0.7962962962962964,0.8481481481481472,0.0,0.0
0.7962962962962964,0.8555555555555556,0.0,0.0
0.7962962962962964,0.8555555555555556,0.0,0.0
0.7962962962962964,0.8629629629629642,0.0,0.0
0.7962962962962964,0.8629629629629642,0.0,0.0
0.7962962962962964,0.8703703703703702,0.0,0.0003518648838845883
0.7962962962962964,0.8703703703703702,0.0,0.0003518648838845883
0.7962962962962964,0.8777777777777788,0.0,0.0003518648838845883
0.7962962962962964,0.8777777777777788,0.0,0.0003518648838845883
0.7962962962962964,0.885185185185185,0.0,0.0003518648838845883
0.7962962962962964,0.885185185185185,0.0,0.0003518648838845883
0.7962962962962964,0.8925925925925934,0.0,0.0
0.7962962962962964,0.8925925925925934,0.0,0.0
0.7962962962962964,0.8999999999999996,0.0,0.0
0.7962962962962964,0.8999999999999996,0.0,0.0
0.7962962962962964,0.907407407407408,0.0,0.0
0.7962962962962964,0.907407407407408,0.0,0.0
0.7962962962962964,0.9148148148148142,0.0,0.0
0.7962962962962964,0.9148148148148142,0.0,0.0
0.7962962962962964,0.9222222222222226,0.0,0.0003518648838845883
0.7962962962962964,0.9222222222222226,0.0,0.0003518648838845883
0.7962962962962964,0.9296296296296288,0.0,0.0
0.7962962962962964,0.9296296296296288,0.0,0.0
0.7962962962962964,0.9370370370370372,0.0,0.0
0.7962962962962964,0.9370370370370372,0.0,0.0
0.7962962962962964,0.9444444444444434,0.0,0.0
0.7962962962962964,0.9444444444444434,0.0,0.0
0.7962962962962964,0.9518518518518518,0.0,0.0
0.7962962962962964,0.9518518518518518,0.0,0.0
0.7962962962962964,0.9592592592592604,0.0,0.0003518648838845883
0.7962962962962964,0.9592592592592604,0.0,0.0003518648838845883
0.7962962962962964,0.9666666666666666,0.0,0.0
0.7962962962962964,0.9666666666666666,0.0,0.0
0.7962962962962964,0.974074074074075,0.0,0.0
0.7962962962962964,0.974074074074075,0.0,0.0
0.7962962962962964,0.9814814814814812,0.0,0.0
0.7962962962962964,0.9814814814814812,0.0,0.0
0.7962962962962964,0.9888888888888896,0.0,0.0
0.7962962962962964,0.9888888888888896,0.0,0.0
0.7962962962962964,0.9962962962962958,0.0,0.0003518648838845883
0.7962962962962964,0.9962962962962958,0.0,0.0003518648838845883
0.8037037037037037,0.4037037037037038,0.00020366598778004074,0.0
0.8037037037037037,0.4037037037037038,0.00020366598778004074,0.0
0.8037037037037037,0.4111111111111122,0.00020366598778004074,0.0
0.8037037037037037,0.4111111111111122,0.00020366598778004074,0.0
0.8037037037037037,0.4185185185185184,0.00020366598778004074,0.0
0.8037037037037037,0.4185185185185184,0.00020366598778004074,0.0
0.8037037037037037,0.4259259259259269,0.00020366598778004074,0.0
0.8037037037037037,0.4259259259259269,0.00020366598778004074,0.0
0.8037037037037037,0.433333333333333,0.0,0.0003518648838845883
0.8037037037037037,0.433333333333333,0.0,0.0003518648838845883
0.8037037037037037,0.4407407407407415,0.0,0.0003518648838845883
0.8037037037037037,0.4407407407407415,0.0,0.0003518648838845883
0.8037037037037037,0.4481481481481477,0.0,0.0003518648838845883
0.8037037037037037,0.4481481481481477,0.0,0.0003518648838845883
0.8037037037037037,0.4555555555555561,0.0,0.0
0.8037037037037037,0.4555555555555561,0.0,0.0
0.8037037037037037,0.4629629629629623,0.00020366598778004074,0.0
0.8037037037037037,0.4629629629629623,0.00020366598778004074,0.0
0.8037037037037037,0.4703703703703707,0.0,0.0
0.8037037037037037,0.4703703703703707,0.0,0.0
0.8037037037037037,0.4777777777777769,0.0,0.0
0.8037037037037037,0.4777777777777769,0.0,0.0
0.8037037037037037,0.4851851851851854,0.00020366598778004074,0.0
0.8037037037037037,0.4851851851851854,0.00020366598778004074,0.0
0.8037037037037037,0.4925925925925915,0.00020366598778004074,0.0
0.8037037037037037,0.4925925925925915,0.00020366598778004074,0.0
0.8037037037037037,0.5,0.00020366598778004074,0.0
0.8037037037037037,0.5,0.00020366598778004074,0.0
0.8037037037037037,0.5074074074074084,0.00020366598778004074,0.0
0.8037037037037037,0.5074074074074084,0.00020366598778004074,0.0
0.8037037037037037,0.5148148148148146,0.00020366598778004074,0.0
0.8037037037037037,0.5148148148148146,0.00020366598778004074,0.0
0.8037037037037037,0.522222222222223,0.00020366598778004074,0.0
0.8037037037037037,0.522222222222223,0.00020366598778004074,0.0
0.8037037037037037,0.5296296296296292,0.00020366598778004074,0.0
0.8037037037037037,0.5296296296296292,0.00020366598778004074,0.0
0.8037037037037037,0.5370370370370378,0.00020366598778004074,0.0
0.8037037037037037,0.5370370370370378,0.00020366598778004074,0.0
0.8037037037037037,0.5444444444444438,0.00020366598778004074,0.0
0.8037037037037037,0.5444444444444438,0.00020366598778004074,0.0
0.8037037037037037,0.5518518518518524,0.0,0.0
0.8037037037037037,0.5518518518518524,0.0,0.0
0.8037037037037037,0.5592592592592586,0.0,0.0003518648838845883
0.8037037037037037,0.5592592592592586,0.0,0.0003518648838845883
0.8037037037037037,0.566666666666667,0.00020366598778004074,0.0
0.8037037037037037,0.566666666666667,0.00020366598778004074,0.0
0.8037037037037037,0.5740740740740732,0.00020366598778004074,0.0
0.8037037037037037,0.5740740740740732,0.00020366598778004074,0.0
0.8037037037037037,0.5814814814814816,0.00020366598778004074,0.0
0.8037037037037037,0.5814814814814816,0.00020366598778004074,0.0
0.8037037037037037,0.58888888888889,0.0,0.0
0.8037037037037037,0.58888888888889,0.0,0.0
0.8037037037037037,0.5962962962962962,0.0,0.0
0.8037037037037037,0.5962962962962962,0.0,0.0
0.8037037037037037,0.6037037037037046,0.0,0.0
0.8037037037037037,0.6037037037037046,0.0,0.0
0.8037037037037037,0.6111111111111108,0.0,0.0
0.8037037037037037,0.6111111111111108,0.0,0.0
0.8037037037037037,0.6185185185185194,0.00020366598778004074,0.0
0.8037037037037037,0.6185185185185194,0.00020366598778004074,0.0
0.8037037037037037,0.6259259259259254,0.00020366598778004074,0.0
0.8037037037037037,0.6259259259259254,0.00020366598778004074,0.0
0.8037037037037037,0.633333333333334,0.00020366598778004074,0.0
0.8037037037037037,0.633333333333334,0.00020366598778004074,0.0
0.8037037037037037,0.6407407407407402,0.0,0.0
0.8037037037037037,0.6407407407407402,0.0,0.0
0.8037037037037037,0.6481481481481486,0.00020366598778004074,0.0
0.8037037037037037,0.6481481481481486,0.00020366598778004074,0.0
0.8037037037037037,0.6555555555555548,0.0,0.0
0.8037037037037037,0.6555555555555548,0.0,0.0
0.8037037037037037,0.6629629629629632,0.00020366598778004074,0.0
0.8037037037037037,0.6629629629629632,0.00020366598778004074,0.0
0.8037037037037037,0.6703703703703694,0.0,0.0
0.8037037037037037,0.6703703703703694,0.0,0.0
0.8037037037037037,0.6777777777777778,0.0,0.0
0.8037037037037037,0.6777777777777778,0.0,0.0
0.8037037037037037,0.6851851851851862,0.0,0.0003518648838845883
0.8037037037037037,0.6851851851851862,0.0,0.0003518648838845883
0.8037037037037037,0.6925925925925924,0.0,0.0003518648838845883
0.8037037037037037,0.6925925925925924,0.0,0.0003518648838845883
0.8037037037037037,0.700000000000001,0.0,0.0003518648838845883
0.8037037037037037,0.700000000000001,0.0,0.0003518648838845883
0.8037037037037037,0.707407407407407,0.0,0.0003518648838845883
0.8037037037037037,0.707407407407407,0.0,0.0003518648838845883
0.8037037037037037,0.7148148148148156,0.0,0.0003518648838845883
0.8037037037037037,0.7148148148148156,0.0,0.0003518648838845883
0.8037037037037037,0.7222222222222218,0.0,0.0003518648838845883
0.8037037037037037,0.7222222222222218,0.0,0.0003518648838845883
0.8037037037037037,0.7296296296296302,0.0,0.0003518648838845883
0.8037037037037037,0.7296296296296302,0.0,0.0003518648838845883
0.8037037037037037,0.7370370370370364,0.0,0.0003518648838845883
0.8037037037037037,0.7370370370370364,0.0,0.0003518648838845883
0.8037037037037037,0.7444444444444448,0.0,0.0003518648838845883
0.8037037037037037,0.7444444444444448,0.0,0.0003518648838845883
0.8037037037037037,0.751851851851851,0.00020366598778004074,0.0
0.8037037037037037,0.751851851851851,0.00020366598778004074,0.0
0.8037037037037037,0.7592592592592594,0.0,0.0
0.8037037037037037,0.7592592592592594,0.0,0.0
0.8037037037037037,0.7666666666666656,0.0,0.0
0.8037037037037037,0.7666666666666656,0.0,0.0
0.8037037037037037,0.774074074074074,0.00020366598778004074,0.0
0.8037037037037037,0.774074074074074,0.00020366598778004074,0.0
0.8037037037037037,0.7814814814814826,0.00020366598778004074,0.0
0.8037037037037037,0.7814814814814826,0.00020366598778004074,0.0
0.8037037037037037,0.7888888888888886,0.00020366598778004074,0.0
0.8037037037037037,0.7888888888888886,0.00020366598778004074,0.0
0.8037037037037037,0.7962962962962972,0.0,0.0
0.8037037037037037,0.7962962962962972,0.0,0.0
0.8037037037037037,0.8037037037037034,0.0,0.0003518648838845883
0.8037037037037037,0.8037037037037034,0.0,0.0003518648838845883
0.8037037037037037,0.8111111111111118,0.00020366598778004074,0.0
0.8037037037037037,0.8111111111111118,0.00020366598778004074,0.0
0.8037037037037037,0.818518518518518,0.0,0.0
0.8037037037037037,0.818518518518518,0.0,0.0
0.8037037037037037,0.8259259259259264,0.00020366598778004074,0.0
0.8037037037037037,0.8259259259259264,0.00020366598778004074,0.0
0.8037037037037037,0.8333333333333326,0.00020366598778004074,0.0
0.8037037037037037,0.8333333333333326,0.00020366598778004074,0.0
0.8037037037037037,0.840740740740741,0.0,0.0
0.8037037037037037,0.840740740740741,0.0,0.0
0.8037037037037037,0.8481481481481472,0.0,0.0003518648838845883
0.8037037037037037,0.8481481481481472,0.0,0.0003518648838845883
0.8037037037037037,0.8555555555555556,0.0,0.0003518648838845883
0.8037037037037037,0.8555555555555556,0.0,0.0003518648838845883
0.8037037037037037,0.8629629629629642,0.0,0.0
0.8037037037037037,0.8629629629629642,0.0,0.0
0.8037037037037037,0.8703703703703702,0.0,0.0003518648838845883
0.8037037037037037,0.8703703703703702,0.0,0.0003518648838845883
0.8037037037037037,0.8777777777777788,0.0,0.0003518648838845883
0.8037037037037037,0.8777777777777788,0.0,0.0003518648838845883
0.8037037037037037,0.885185185185185,0.0,0.0003518648838845883
0.8037037037037037,0.885185185185185,0.0,0.0003518648838845883
0.8037037037037037,0.8925925925925934,0.0,0.0
0.8037037037037037,0.8925925925925934,0.0,0.0
0.8037037037037037,0.8999999999999996,0.0,0.0
0.8037037037037037,0.8999999999999996,0.0,0.0
0.8037037037037037,0.907407407407408,0.0,0.0
0.8037037037037037,0.907407407407408,0.0,0.0
0.8037037037037037,0.9148148148148142,0.0,0.0
0.8037037037037037,0.9148148148148142,0.0,0.0
0.8037037037037037,0.9222222222222226,0.0,0.0
0.8037037037037037,0.9222222222222226,0.0,0.0
0.8037037037037037,0.9296296296296288,0.0,0.0003518648838845883
0.8037037037037037,0.9296296296296288,0.0,0.0003518648838845883
0.8037037037037037,0.9370370370370372,0.0,0.0
0.8037037037037037,0.9370370370370372,0.0,0.0
0.8037037037037037,0.9444444444444434,0.0,0.0
0.8037037037037037,0.9444444444444434,0.0,0.0
0.8037037037037037,0.9518518518518518,0.0,0.0
0.8037037037037037,0.9518518518518518,0.0,0.0
0.8037037037037037,0.9592592592592604,0.0,0.0003518648838845883
0.8037037037037037,0.9592592592592604,0.0,0.0003518648838845883
0.8037037037037037,0.9666666666666666,0.0,0.0003518648838845883
0.8037037037037037,0.9666666666666666,0.0,0.0003518648838845883
0.8037037037037037,0.974074074074075,0.0,0.0
0.8037037037037037,0.974074074074075,0.0,0.0
0.8037037037037037,0.9814814814814812,0.0,0.0
0.8037037037037037,0.9814814814814812,0.0,0.0
0.8037037037037037,0.9888888888888896,0.0,0.0
0.8037037037037037,0.9888888888888896,0.0,0.0
0.8037037037037037,0.9962962962962958,0.0,0.0
0.8037037037037037,0.9962962962962958,0.0,0.0
0.8111111111111113,0.4037037037037038,0.00020366598778004074,0.0
0.8111111111111113,0.4037037037037038,0.00020366598778004074,0.0
0.8111111111111113,0.4111111111111122,0.0,0.0
0.8111111111111113,0.4111111111111122,0.0,0.0
0.8111111111111113,0.4185185185185184,0.0,0.0
0.8111111111111113,0.4185185185185184,0.0,0.0
0.8111111111111113,0.4259259259259269,0.0,0.0
0.8111111111111113,0.4259259259259269,0.0,0.0
0.8111111111111113,0.433333333333333,0.0,0.0003518648838845883
0.8111111111111113,0.433333333333333,0.0,0.0003518648838845883
0.8111111111111113,0.4407407407407415,0.0,0.0003518648838845883
0.8111111111111113,0.4407407407407415,0.0,0.0003518648838845883
0.8111111111111113,0.4481481481481477,0.0,0.0003518648838845883
0.8111111111111113,0.4481481481481477,0.0,0.0003518648838845883
0.8111111111111113,0.4555555555555561,0.0,0.0003518648838845883
0.8111111111111113,0.4555555555555561,0.0,0.0003518648838845883
0.8111111111111113,0.4629629629629623,0.0,0.0
0.8111111111111113,0.4629629629629623,0.0,0.0
0.8111111111111113,0.4703703703703707,0.00020366598778004074,0.0
0.8111111111111113,0.4703703703703707,0.00020366598778004074,0.0
0.8111111111111113,0.4777777777777769,0.0,0.0
0.8111111111111113,0.4777777777777769,0.0,0.0
0.8111111111111113,0.4851851851851854,0.00020366598778004074,0.0
0.8111111111111113,0.4851851851851854,0.00020366598778004074,0.0
0.8111111111111113,0.4925925925925915,0.00020366598778004074,0.0
0.8111111111111113,0.4925925925925915,0.00020366598778004074,0.0
0.8111111111111113,0.5,0.00020366598778004074,0.0
0.8111111111111113,0.5,0.00020366598778004074,0.0
0.8111111111111113,0.5074074074074084,0.00020366598778004074,0.0
0.8111111111111113,0.5074074074074084,0.00020366598778004074,0.0
0.8111111111111113,0.5148148148148146,0.0,0.0
0.8111111111111113,0.5148148148148146,0.0,0.0
0.8111111111111113,0.522222222222223,0.00020366598778004074,0.0
0.8111111111111113,0.522222222222223,0.00020366598778004074,0.0
0.8111111111111113,0.5296296296296292,0.00020366598778004074,0.0
0.8111111111111113,0.5296296296296292,0.00020366598778004074,0.0
0.8111111111111113,0.5370370370370378,0.0,0.0
0.8111111111111113,0.5370370370370378,0.0,0.0
0.8111111111111113,0.5444444444444438,0.0,0.0
0.8111111111111113,0.5444444444444438,0.0,0.0
0.8111111111111113,0.5518518518518524,0.00020366598778004074,0.0
0.8111111111111113,0.5518518518518524,0.00020366598778004074,0.0
0.8111111111111113,0.5592592592592586,0.00020366598778004074,0.0
0.8111111111111113,0.5592592592592586,0.00020366598778004074,0.0
0.8111111111111113,0.566666666666667,0.00020366598778004074,0.0
0.8111111111111113,0.566666666666667,0.00020366598778004074,0.0
0.8111111111111113,0.5740740740740732,0.00020366598778004074,0.0
0.8111111111111113,0.5740740740740732,0.00020366598778004074,0.0
0.8111111111111113,0.5814814814814816,0.00020366598778004074,0.0
0.8111111111111113,0.5814814814814816,0.00020366598778004074,0.0
0.8111111111111113,0.58888888888889,0.0,0.0
0.8111111111111113,0.58888888888889,0.0,0.0
0.8111111111111113,0.5962962962962962,0.0,0.0
0.8111111111111113,0.5962962962962962,0.0,0.0
0.8111111111111113,0.6037037037037046,0.0,0.0
0.8111111111111113,0.6037037037037046,0.0,0.0
0.8111111111111113,0.6111111111111108,0.0,0.0
0.8111111111111113,0.6111111111111108,0.0,0.0
0.8111111111111113,0.6185185185185194,0.00020366598778004074,0.0
0.8111111111111113,0.6185185185185194,0.00020366598778004074,0.0
0.8111111111111113,0.6259259259259254,0.00020366598778004074,0.0
0.8111111111111113,0.6259259259259254,0.00020366598778004074,0.0
0.8111111111111113,0.633333333333334,0.00020366598778004074,0.0
0.8111111111111113,0.633333333333334,0.00020366598778004074,0.0
0.8111111111111113,0.6407407407407402,0.00020366598778004074,0.0
0.8111111111111113,0.6407407407407402,0.00020366598778004074,0.0
0.8111111111111113,0.6481481481481486,0.00020366598778004074,0.0
0.8111111111111113,0.6481481481481486,0.00020366598778004074,0.0
0.8111111111111113,0.6555555555555548,0.0,0.0
0.8111111111111113,0.6555555555555548,0.0,0.0
0.8111111111111113,0.6629629629629632,0.0,0.0
0.8111111111111113,0.6629629629629632,0.0,0.0
0.8111111111111113,0.6703703703703694,0.0,0.0
0.8111111111111113,0.6703703703703694,0.0,0.0
0.8111111111111113,0.6777777777777778,0.0,0.0
0.8111111111111113,0.6777777777777778,0.0,0.0
0.8111111111111113,0.6851851851851862,0.0,0.0
0.8111111111111113,0.6851851851851862,0.0,0.0
0.8111111111111113,0.6925925925925924,0.0,0.0
0.8111111111111113,0.6925925925925924,0.0,0.0
0.8111111111111113,0.700000000000001,0.0,0.0
0.8111111111111113,0.700000000000001,0.0,0.0
0.8111111111111113,0.707407407407407,0.0,0.0003518648838845883
0.8111111111111113,0.707407407407407,0.0,0.0003518648838845883
0.8111111111111113,0.7148148148148156,0.0,0.0003518648838845883
0.8111111111111113,0.7148148148148156,0.0,0.0003518648838845883
0.8111111111111113,0.7222222222222218,0.0,0.0
0.8111111111111113,0.7222222222222218,0.0,0.0
0.8111111111111113,0.7296296296296302,0.0,0.0003518648838845883
0.8111111111111113,0.7296296296296302,0.0,0.0003518648838845883
0.8111111111111113,0.7370370370370364,0.0,0.0003518648838845883
0.8111111111111113,0.7370370370370364,0.0,0.0003518648838845883
0.8111111111111113,0.7444444444444448,0.00020366598778004074,0.0
0.8111111111111113,0.7444444444444448,0.00020366598778004074,0.0
0.8111111111111113,0.751851851851851,0.00020366598778004074,0.0
0.8111111111111113,0.751851851851851,0.00020366598778004074,0.0
0.8111111111111113,0.7592592592592594,0.00020366598778004074,0.0
0.8111111111111113,0.7592592592592594,0.00020366598778004074,0.0
0.8111111111111113,0.7666666666666656,0.00020366598778004074,0.0
0.8111111111111113,0.7666666666666656,0.00020366598778004074,0.0
0.8111111111111113,0.774074074074074,0.00020366598778004074,0.0
0.8111111111111113,0.774074074074074,0.00020366598778004074,0.0
0.8111111111111113,0.7814814814814826,0.0,0.0
0.8111111111111113,0.7814814814814826,0.0,0.0
0.8111111111111113,0.7888888888888886,0.0,0.0
0.8111111111111113,0.7888888888888886,0.0,0.0
0.8111111111111113,0.7962962962962972,0.0,0.0003518648838845883
0.8111111111111113,0.7962962962962972,0.0,0.0003518648838845883
0.8111111111111113,0.8037037037037034,0.0,0.0003518648838845883
0.8111111111111113,0.8037037037037034,0.0,0.0003518648838845883
0.8111111111111113,0.8111111111111118,0.0,0.0003518648838845883
0.8111111111111113,0.8111111111111118,0.0,0.0003518648838845883
0.8111111111111113,0.818518518518518,0.0,0.0003518648838845883
0.8111111111111113,0.818518518518518,0.0,0.0003518648838845883
0.8111111111111113,0.8259259259259264,0.00020366598778004074,0.0
0.8111111111111113,0.8259259259259264,0.00020366598778004074,0.0
0.8111111111111113,0.8333333333333326,0.0,0.0
0.8111111111111113,0.8333333333333326,0.0,0.0
0.8111111111111113,0.840740740740741,0.0,0.0003518648838845883
0.8111111111111113,0.840740740740741,0.0,0.0003518648838845883
0.8111111111111113,0.8481481481481472,0.0,0.0003518648838845883
0.8111111111111113,0.8481481481481472,0.0,0.0003518648838845883
0.8111111111111113,0.8555555555555556,0.0,0.0
0.8111111111111113,0.8555555555555556,0.0,0.0
0.8111111111111113,0.8629629629629642,0.0,0.0003518648838845883
0.8111111111111113,0.8629629629629642,0.0,0.0003518648838845883
0.8111111111111113,0.8703703703703702,0.0,0.0003518648838845883
0.8111111111111113,0.8703703703703702,0.0,0.0003518648838845883
0.8111111111111113,0.8777777777777788,0.0,0.0003518648838845883
0.8111111111111113,0.8777777777777788,0.0,0.0003518648838845883
0.8111111111111113,0.885185185185185,0.0,0.0003518648838845883
0.8111111111111113,0.885185185185185,0.0,0.0003518648838845883
0.8111111111111113,0.8925925925925934,0.0,0.0
0.8111111111111113,0.8925925925925934,0.0,0.0
0.8111111111111113,0.8999999999999996,0.0,0.0
0.8111111111111113,0.8999999999999996,0.0,0.0
0.8111111111111113,0.907407407407408,0.0,0.0003518648838845883
0.8111111111111113,0.907407407407408,0.0,0.0003518648838845883
0.8111111111111113,0.9148148148148142,0.0,0.0003518648838845883
0.8111111111111113,0.9148148148148142,0.0,0.0003518648838845883
0.8111111111111113,0.9222222222222226,0.0,0.0
0.8111111111111113,0.9222222222222226,0.0,0.0
0.8111111111111113,0.9296296296296288,0.0,0.0
0.8111111111111113,0.9296296296296288,0.0,0.0
0.8111111111111113,0.9370370370370372,0.0,0.0
0.8111111111111113,0.9370370370370372,0.0,0.0
0.8111111111111113,0.9444444444444434,0.00020366598778004074,0.0
0.8111111111111113,0.9444444444444434,0.00020366598778004074,0.0
0.8111111111111113,0.9518518518518518,0.0,0.0
0.8111111111111113,0.9518518518518518,0.0,0.0
0.8111111111111113,0.9592592592592604,0.0,0.0003518648838845883
0.8111111111111113,0.9592592592592604,0.0,0.0003518648838845883
0.8111111111111113,0.9666666666666666,0.0,0.0003518648838845883
0.8111111111111113,0.9666666666666666,0.0,0.0003518648838845883
0.8111111111111113,0.974074074074075,0.0,0.0
0.8111111111111113,0.974074074074075,0.0,0.0
0.8111111111111113,0.9814814814814812,0.0,0.0
0.8111111111111113,0.9814814814814812,0.0,0.0
0.8111111111111113,0.9888888888888896,0.0,0.0
0.8111111111111113,0.9888888888888896,0.0,0.0
0.8111111111111113,0.9962962962962958,0.0,0.0
0.8111111111111113,0.9962962962962958,0.0,0.0
0.8185185185185186,0.4037037037037038,0.0,0.0
0.8185185185185186,0.4037037037037038,0.0,0.0
0.8185185185185186,0.4111111111111122,0.0,0.0
0.8185185185185186,0.4111111111111122,0.0,0.0
0.8185185185185186,0.4185185185185184,0.0,0.0
0.8185185185185186,0.4185185185185184,0.0,0.0
0.8185185185185186,0.4259259259259269,0.0,0.0
0.8185185185185186,0.4259259259259269,0.0,0.0
0.8185185185185186,0.433333333333333,0.0,0.0003518648838845883
0.8185185185185186,0.433333333333333,0.0,0.0003518648838845883
0.8185185185185186,0.4407407407407415,0.0,0.0003518648838845883
0.8185185185185186,0.4407407407407415,0.0,0.0003518648838845883
0.8185185185185186,0.4481481481481477,0.0,0.0003518648838845883
0.8185185185185186,0.4481481481481477,0.0,0.0003518648838845883
0.8185185185185186,0.4555555555555561,0.0,0.0003518648838845883
0.8185185185185186,0.4555555555555561,0.0,0.0003518648838845883
0.8185185185185186,0.4629629629629623,0.00020366598778004074,0.0
0.8185185185185186,0.4629629629629623,0.00020366598778004074,0.0
0.8185185185185186,0.4703703703703707,0.00020366598778004074,0.0
0.8185185185185186,0.4703703703703707,0.00020366598778004074,0.0
0.8185185185185186,0.4777777777777769,0.00020366598778004074,0.0
0.8185185185185186,0.4777777777777769,0.00020366598778004074,0.0
0.8185185185185186,0.4851851851851854,0.0,0.0003518648838845883
0.8185185185185186,0.4851851851851854,0.0,0.0003518648838845883
0.8185185185185186,0.4925925925925915,0.0,0.0003518648838845883
0.8185185185185186,0.4925925925925915,0.0,0.0003518648838845883
0.8185185185185186,0.5,0.00020366598778004074,0.0
0.8185185185185186,0.5,0.00020366598778004074,0.0
0.8185185185185186,0.5074074074074084,0.00020366598778004074,0.0
0.8185185185185186,0.5074074074074084,0.00020366598778004074,0.0
0.8185185185185186,0.5148148148148146,0.00020366598778004074,0.0
0.8185185185185186,0.5148148148148146,0.00020366598778004074,0.0
0.8185185185185186,0.522222222222223,0.0,0.0003518648838845883
0.8185185185185186,0.522222222222223,0.0,0.0003518648838845883
0.8185185185185186,0.5296296296296292,0.0,0.0003518648838845883
0.8185185185185186,0.5296296296296292,0.0,0.0003518648838845883
0.8185185185185186,0.5370370370370378,0.00020366598778004074,0.0
0.8185185185185186,0.5370370370370378,0.00020366598778004074,0.0
0.8185185185185186,0.5444444444444438,0.0,0.0003518648838845883
0.8185185185185186,0.5444444444444438,0.0,0.0003518648838845883
0.8185185185185186,0.5518518518518524,0.00020366598778004074,0.0
0.8185185185185186,0.5518518518518524,0.00020366598778004074,0.0
0.8185185185185186,0.5592592592592586,0.00020366598778004074,0.0
0.8185185185185186,0.5592592592592586,0.00020366598778004074,0.0
0.8185185185185186,0.566666666666667,0.0,0.0
0.8185185185185186,0.566666666666667,0.0,0.0
0.8185185185185186,0.5740740740740732,0.0,0.0
0.8185185185185186,0.5740740740740732,0.0,0.0
0.8185185185185186,0.5814814814814816,0.0,0.0
0.8185185185185186,0.5814814814814816,0.0,0.0
0.8185185185185186,0.58888888888889,0.0,0.0
0.8185185185185186,0.58888888888889,0.0,0.0
0.8185185185185186,0.5962962962962962,0.0,0.0
0.8185185185185186,0.5962962962962962,0.0,0.0
0.8185185185185186,0.6037037037037046,0.0,0.0
0.8185185185185186,0.6037037037037046,0.0,0.0
0.8185185185185186,0.6111111111111108,0.0,0.0
0.8185185185185186,0.6111111111111108,0.0,0.0
0.8185185185185186,0.6185185185185194,0.00020366598778004074,0.0
0.8185185185185186,0.6185185185185194,0.00020366598778004074,0.0
0.8185185185185186,0.6259259259259254,0.00020366598778004074,0.0
0.8185185185185186,0.6259259259259254,0.00020366598778004074,0.0
0.8185185185185186,0.633333333333334,0.00020366598778004074,0.0
0.8185185185185186,0.633333333333334,0.00020366598778004074,0.0
0.8185185185185186,0.6407407407407402,0.00020366598778004074,0.0
0.8185185185185186,0.6407407407407402,0.00020366598778004074,0.0
0.8185185185185186,0.6481481481481486,0.0,0.0003518648838845883
0.8185185185185186,0.6481481481481486,0.0,0.0003518648838845883
0.8185185185185186,0.6555555555555548,0.0,0.0
0.8185185185185186,0.6555555555555548,0.0,0.0
0.8185185185185186,0.6629629629629632,0.0,0.0
0.8185185185185186,0.6629629629629632,0.0,0.0
0.8185185185185186,0.6703703703703694,0.0,0.0
0.8185185185185186,0.6703703703703694,0.0,0.0
0.8185185185185186,0.6777777777777778,0.00020366598778004074,0.0
0.8185185185185186,0.6777777777777778,0.00020366598778004074,0.0
0.8185185185185186,0.6851851851851862,0.0,0.0
0.8185185185185186,0.6851851851851862,0.0,0.0
0.8185185185185186,0.6925925925925924,0.0,0.0
0.8185185185185186,0.6925925925925924,0.0,0.0
0.8185185185185186,0.700000000000001,0.0,0.0
0.8185185185185186,0.700000000000001,0.0,0.0
0.8185185185185186,0.707407407407407,0.0,0.0
0.8185185185185186,0.707407407407407,0.0,0.0
0.8185185185185186,0.7148148148148156,0.0,0.0003518648838845883
0.8185185185185186,0.7148148148148156,0.0,0.0003518648838845883
0.8185185185185186,0.7222222222222218,0.0,0.0003518648838845883
0.8185185185185186,0.7222222222222218,0.0,0.0003518648838845883
0.8185185185185186,0.7296296296296302,0.00020366598778004074,0.0
0.8185185185185186,0.7296296296296302,0.00020366598778004074,0.0
0.8185185185185186,0.7370370370370364,0.00020366598778004074,0.0
0.8185185185185186,0.7370370370370364,0.00020366598778004074,0.0
0.8185185185185186,0.7444444444444448,0.00020366598778004074,0.0
0.8185185185185186,0.7444444444444448,0.00020366598778004074,0.0
0.8185185185185186,0.751851851851851,0.00020366598778004074,0.0
0.8185185185185186,0.751851851851851,0.00020366598778004074,0.0
0.8185185185185186,0.7592592592592594,0.00020366598778004074,0.0
0.8185185185185186,0.7592592592592594,0.00020366598778004074,0.0
0.8185185185185186,0.7666666666666656,0.0,0.0
0.8185185185185186,0.7666666666666656,0.0,0.0
0.8185185185185186,0.774074074074074,0.0,0.0
0.8185185185185186,0.774074074074074,0.0,0.0
0.8185185185185186,0.7814814814814826,0.0,0.0003518648838845883
0.8185185185185186,0.7814814814814826,0.0,0.0003518648838845883
0.8185185185185186,0.7888888888888886,0.0,0.0
0.8185185185185186,0.7888888888888886,0.0,0.0
0.8185185185185186,0.7962962962962972,0.0,0.0003518648838845883
0.8185185185185186,0.7962962962962972,0.0,0.0003518648838845883
0.8185185185185186,0.8037037037037034,0.00020366598778004074,0.0
0.8185185185185186,0.8037037037037034,0.00020366598778004074,0.0
0.8185185185185186,0.8111111111111118,0.0,0.0
0.8185185185185186,0.8111111111111118,0.0,0.0
0.8185185185185186,0.818518518518518,0.0,0.0
0.8185185185185186,0.818518518518518,0.0,0.0
0.8185185185185186,0.8259259259259264,0.00020366598778004074,0.0
0.8185185185185186,0.8259259259259264,0.00020366598778004074,0.0
0.8185185185185186,0.8333333333333326,0.0,0.0
0.8185185185185186,0.8333333333333326,0.0,0.0
0.8185185185185186,0.840740740740741,0.0,0.0
0.8185185185185186,0.840740740740741,0.0,0.0
0.8185185185185186,0.8481481481481472,0.0,0.0003518648838845883
0.8185185185185186,0.8481481481481472,0.0,0.0003518648838845883
0.8185185185185186,0.8555555555555556,0.0,0.0
0.8185185185185186,0.8555555555555556,0.0,0.0
0.8185185185185186,0.8629629629629642,0.0,0.0003518648838845883
0.8185185185185186,0.8629629629629642,0.0,0.0003518648838845883
0.8185185185185186,0.8703703703703702,0.0,0.0003518648838845883
0.8185185185185186,0.8703703703703702,0.0,0.0003518648838845883
0.8185185185185186,0.8777777777777788,0.0,0.0
0.8185185185185186,0.8777777777777788,0.0,0.0
0.8185185185185186,0.885185185185185,0.0,0.0
0.8185185185185186,0.885185185185185,0.0,0.0
0.8185185185185186,0.8925925925925934,0.0,0.0
0.8185185185185186,0.8925925925925934,0.0,0.0
0.8185185185185186,0.8999999999999996,0.0,0.0
0.8185185185185186,0.8999999999999996,0.0,0.0
0.8185185185185186,0.907407407407408,0.0,0.0
0.8185185185185186,0.907407407407408,0.0,0.0
0.8185185185185186,0.9148148148148142,0.0,0.0
0.8185185185185186,0.9148148148148142,0.0,0.0
0.8185185185185186,0.9222222222222226,0.0,0.0
0.8185185185185186,0.9222222222222226,0.0,0.0
0.8185185185185186,0.9296296296296288,0.0,0.0
0.8185185185185186,0.9296296296296288,0.0,0.0
0.8185185185185186,0.9370370370370372,0.0,0.0
0.8185185185185186,0.9370370370370372,0.0,0.0
0.8185185185185186,0.9444444444444434,0.0,0.0
0.8185185185185186,0.9444444444444434,0.0,0.0
0.8185185185185186,0.9518518518518518,0.0,0.0
0.8185185185185186,0.9518518518518518,0.0,0.0
0.8185185185185186,0.9592592592592604,0.0,0.0
0.8185185185185186,0.9592592592592604,0.0,0.0
0.8185185185185186,0.9666666666666666,0.0,0.0003518648838845883
0.8185185185185186,0.9666666666666666,0.0,0.0003518648838845883
0.8185185185185186,0.974074074074075,0.0,0.0003518648838845883
0.8185185185185186,0.974074074074075,0.0,0.0003518648838845883
0.8185185185185186,0.9814814814814812,0.0,0.0
0.8185185185185186,0.9814814814814812,0.0,0.0
0.8185185185185186,0.9888888888888896,0.0,0.0
0.8185185185185186,0.9888888888888896,0.0,0.0
0.8185185185185186,0.9962962962962958,0.0,0.0
0.8185185185185186,0.9962962962962958,0.0,0.0
0.8259259259259258,0.4037037037037038,0.00020366598778004074,0.0
0.8259259259259258,0.4037037037037038,0.00020366598778004074,0.0
0.8259259259259258,0.4111111111111122,0.0,0.0
0.8259259259259258,0.4111111111111122,0.0,0.0
0.8259259259259258,0.4185185185185184,0.00020366598778004074,0.0
0.8259259259259258,0.4185185185185184,0.00020366598778004074,0.0
0.8259259259259258,0.4259259259259269,0.0,0.0
0.8259259259259258,0.4259259259259269,0.0,0.0
0.8259259259259258,0.433333333333333,0.0,0.0
0.8259259259259258,0.433333333333333,0.0,0.0
0.8259259259259258,0.4407407407407415,0.0,0.0003518648838845883
0.8259259259259258,0.4407407407407415,0.0,0.0003518648838845883
0.8259259259259258,0.4481481481481477,0.0,0.0
0.8259259259259258,0.4481481481481477,0.0,0.0
0.8259259259259258,0.4555555555555561,0.0,0.0003518648838845883
0.8259259259259258,0.4555555555555561,0.0,0.0003518648838845883
0.8259259259259258,0.4629629629629623,0.0,0.0
0.8259259259259258,0.4629629629629623,0.0,0.0
0.8259259259259258,0.4703703703703707,0.00020366598778004074,0.0
0.8259259259259258,0.4703703703703707,0.00020366598778004074,0.0
0.8259259259259258,0.4777777777777769,0.00020366598778004074,0.0
0.8259259259259258,0.4777777777777769,0.00020366598778004074,0.0
0.8259259259259258,0.4851851851851854,0.0,0.0003518648838845883
0.8259259259259258,0.4851851851851854,0.0,0.0003518648838845883
0.8259259259259258,0.4925925925925915,0.0,0.0003518648838845883
0.8259259259259258,0.4925925925925915,0.0,0.0003518648838845883
0.8259259259259258,0.5,0.00020366598778004074,0.0
0.8259259259259258,0.5,0.00020366598778004074,0.0
0.8259259259259258,0.5074074074074084,0.00020366598778004074,0.0
0.8259259259259258,0.5074074074074084,0.00020366598778004074,0.0
0.8259259259259258,0.5148148148148146,0.0,0.0003518648838845883
0.8259259259259258,0.5148148148148146,0.0,0.0003518648838845883
0.8259259259259258,0.522222222222223,0.0,0.0003518648838845883
0.8259259259259258,0.522222222222223,0.0,0.0003518648838845883
0.8259259259259258,0.5296296296296292,0.0,0.0003518648838845883
0.8259259259259258,0.5296296296296292,0.0,0.0003518648838845883
0.8259259259259258,0.5370370370370378,0.0,0.0003518648838845883
0.8259259259259258,0.5370370370370378,0.0,0.0003518648838845883
0.8259259259259258,0.5444444444444438,0.0,0.0003518648838845883
0.8259259259259258,0.5444444444444438,0.0,0.0003518648838845883
0.8259259259259258,0.5518518518518524,0.0,0.0
0.8259259259259258,0.5518518518518524,0.0,0.0
0.8259259259259258,0.5592592592592586,0.0,0.0
0.8259259259259258,0.5592592592592586,0.0,0.0
0.8259259259259258,0.566666666666667,0.0,0.0
0.8259259259259258,0.566666666666667,0.0,0.0
0.8259259259259258,0.5740740740740732,0.0,0.0
0.8259259259259258,0.5740740740740732,0.0,0.0
0.8259259259259258,0.5814814814814816,0.0,0.0
0.8259259259259258,0.5814814814814816,0.0,0.0
0.8259259259259258,0.58888888888889,0.0,0.0
0.8259259259259258,0.58888888888889,0.0,0.0
0.8259259259259258,0.5962962962962962,0.0,0.0
0.8259259259259258,0.5962962962962962,0.0,0.0
0.8259259259259258,0.6037037037037046,0.0,0.0
0.8259259259259258,0.6037037037037046,0.0,0.0
0.8259259259259258,0.6111111111111108,0.00020366598778004074,0.0
0.8259259259259258,0.6111111111111108,0.00020366598778004074,0.0
0.8259259259259258,0.6185185185185194,0.00020366598778004074,0.0
0.8259259259259258,0.6185185185185194,0.00020366598778004074,0.0
0.8259259259259258,0.6259259259259254,0.00020366598778004074,0.0
0.8259259259259258,0.6259259259259254,0.00020366598778004074,0.0
0.8259259259259258,0.633333333333334,0.00020366598778004074,0.0
0.8259259259259258,0.633333333333334,0.00020366598778004074,0.0
0.8259259259259258,0.6407407407407402,0.0,0.0
0.8259259259259258,0.6407407407407402,0.0,0.0
0.8259259259259258,0.6481481481481486,0.0,0.0
0.8259259259259258,0.6481481481481486,0.0,0.0
0.8259259259259258,0.6555555555555548,0.0,0.0
0.8259259259259258,0.6555555555555548,0.0,0.0
0.8259259259259258,0.6629629629629632,0.0,0.0
0.8259259259259258,0.6629629629629632,0.0,0.0
0.8259259259259258,0.6703703703703694,0.0,0.0
0.8259259259259258,0.6703703703703694,0.0,0.0
0.8259259259259258,0.6777777777777778,0.0,0.0003518648838845883
0.8259259259259258,0.6777777777777778,0.0,0.0003518648838845883
0.8259259259259258,0.6851851851851862,0.0,0.0
0.8259259259259258,0.6851851851851862,0.0,0.0
0.8259259259259258,0.6925925925925924,0.0,0.0
0.8259259259259258,0.6925925925925924,0.0,0.0
0.8259259259259258,0.700000000000001,0.0,0.0003518648838845883
0.8259259259259258,0.700000000000001,0.0,0.0003518648838845883
0.8259259259259258,0.707407407407407,0.00020366598778004074,0.0
0.8259259259259258,0.707407407407407,0.00020366598778004074,0.0
0.8259259259259258,0.7148148148148156,0.00020366598778004074,0.0
0.8259259259259258,0.7148148148148156,0.00020366598778004074,0.0
0.8259259259259258,0.7222222222222218,0.0,0.0
0.8259259259259258,0.7222222222222218,0.0,0.0
0.8259259259259258,0.7296296296296302,0.0,0.0003518648838845883
0.8259259259259258,0.7296296296296302,0.0,0.0003518648838845883
0.8259259259259258,0.7370370370370364,0.00020366598778004074,0.0
0.8259259259259258,0.7370370370370364,0.00020366598778004074,0.0
0.8259259259259258,0.7444444444444448,0.0,0.0
0.8259259259259258,0.7444444444444448,0.0,0.0
0.8259259259259258,0.751851851851851,0.00020366598778004074,0.0
0.8259259259259258,0.751851851851851,0.00020366598778004074,0.0
0.8259259259259258,0.7592592592592594,0.00020366598778004074,0.0
0.8259259259259258,0.7592592592592594,0.00020366598778004074,0.0
0.8259259259259258,0.7666666666666656,0.0,0.0
0.8259259259259258,0.7666666666666656,0.0,0.0
0.8259259259259258,0.774074074074074,0.0,0.0003518648838845883
0.8259259259259258,0.774074074074074,0.0,0.0003518648838845883
0.8259259259259258,0.7814814814814826,0.0,0.0003518648838845883
0.8259259259259258,0.7814814814814826,0.0,0.0003518648838845883
0.8259259259259258,0.7888888888888886,0.0,0.0003518648838845883
0.8259259259259258,0.7888888888888886,0.0,0.0003518648838845883
0.8259259259259258,0.7962962962962972,0.0,0.0003518648838845883
0.8259259259259258,0.7962962962962972,0.0,0.0003518648838845883
0.8259259259259258,0.8037037037037034,0.00020366598778004074,0.0
0.8259259259259258,0.8037037037037034,0.00020366598778004074,0.0
0.8259259259259258,0.8111111111111118,0.00020366598778004074,0.0
0.8259259259259258,0.8111111111111118,0.00020366598778004074,0.0
0.8259259259259258,0.818518518518518,0.00020366598778004074,0.0
0.8259259259259258,0.818518518518518,0.00020366598778004074,0.0
0.8259259259259258,0.8259259259259264,0.00020366598778004074,0.0
0.8259259259259258,0.8259259259259264,0.00020366598778004074,0.0
0.8259259259259258,0.8333333333333326,0.00020366598778004074,0.0
0.8259259259259258,0.8333333333333326,0.00020366598778004074,0.0
0.8259259259259258,0.840740740740741,0.0,0.0003518648838845883
0.8259259259259258,0.840740740740741,0.0,0.0003518648838845883
0.8259259259259258,0.8481481481481472,0.0,0.0
0.8259259259259258,0.8481481481481472,0.0,0.0
0.8259259259259258,0.8555555555555556,0.0,0.0003518648838845883
0.8259259259259258,0.8555555555555556,0.0,0.0003518648838845883
0.8259259259259258,0.8629629629629642,0.0,0.0003518648838845883
0.8259259259259258,0.8629629629629642,0.0,0.0003518648838845883
0.8259259259259258,0.8703703703703702,0.0,0.0
0.8259259259259258,0.8703703703703702,0.0,0.0
0.8259259259259258,0.8777777777777788,0.0,0.0003518648838845883
0.8259259259259258,0.8777777777777788,0.0,0.0003518648838845883
0.8259259259259258,0.885185185185185,0.0,0.0003518648838845883
0.8259259259259258,0.885185185185185,0.0,0.0003518648838845883
0.8259259259259258,0.8925925925925934,0.0,0.0
0.8259259259259258,0.8925925925925934,0.0,0.0
0.8259259259259258,0.8999999999999996,0.0,0.0003518648838845883
0.8259259259259258,0.8999999999999996,0.0,0.0003518648838845883
0.8259259259259258,0.907407407407408,0.0,0.0
0.8259259259259258,0.907407407407408,0.0,0.0
0.8259259259259258,0.9148148148148142,0.0,0.0003518648838845883
0.8259259259259258,0.9148148148148142,0.0,0.0003518648838845883
0.8259259259259258,0.9222222222222226,0.0,0.0
0.8259259259259258,0.9222222222222226,0.0,0.0
0.8259259259259258,0.9296296296296288,0.0,0.0
0.8259259259259258,0.9296296296296288,0.0,0.0
0.8259259259259258,0.9370370370370372,0.0,0.0
0.8259259259259258,0.9370370370370372,0.0,0.0
0.8259259259259258,0.9444444444444434,0.0,0.0
0.8259259259259258,0.9444444444444434,0.0,0.0
0.8259259259259258,0.9518518518518518,0.0,0.0
0.8259259259259258,0.9518518518518518,0.0,0.0
0.8259259259259258,0.9592592592592604,0.0,0.0
0.8259259259259258,0.9592592592592604,0.0,0.0
0.8259259259259258,0.9666666666666666,0.0,0.0
0.8259259259259258,0.9666666666666666,0.0,0.0
0.8259259259259258,0.974074074074075,0.0,0.0003518648838845883
0.8259259259259258,0.974074074074075,0.0,0.0003518648838845883
0.8259259259259258,0.9814814814814812,0.0,0.0
0.8259259259259258,0.9814814814814812,0.0,0.0
0.8259259259259258,0.9888888888888896,0.0,0.0
0.8259259259259258,0.9888888888888896,0.0,0.0
0.8259259259259258,0.9962962962962958,0.0,0.0
0.8259259259259258,0.9962962962962958,0.0,0.0
0.8333333333333335,0.4037037037037038,0.0,0.0
0.8333333333333335,0.4037037037037038,0.0,0.0
0.8333333333333335,0.4111111111111122,0.0,0.0
0.8333333333333335,0.4111111111111122,0.0,0.0
0.8333333333333335,0.4185185185185184,0.0,0.0
0.8333333333333335,0.4185185185185184,0.0,0.0
0.8333333333333335,0.4259259259259269,0.0,0.0
0.8333333333333335,0.4259259259259269,0.0,0.0
0.8333333333333335,0.433333333333333,0.0,0.0
0.8333333333333335,0.433333333333333,0.0,0.0
0.8333333333333335,0.4407407407407415,0.0,0.0003518648838845883
0.8333333333333335,0.4407407407407415,0.0,0.0003518648838845883
0.8333333333333335,0.4481481481481477,0.0,0.0
0.8333333333333335,0.4481481481481477,0.0,0.0
0.8333333333333335,0.4555555555555561,0.0,0.0
0.8333333333333335,0.4555555555555561,0.0,0.0
0.8333333333333335,0.4629629629629623,0.0,0.0003518648838845883
0.8333333333333335,0.4629629629629623,0.0,0.0003518648838845883
0.8333333333333335,0.4703703703703707,0.0,0.0003518648838845883
0.8333333333333335,0.4703703703703707,0.0,0.0003518648838845883
0.8333333333333335,0.4777777777777769,0.0,0.0003518648838845883
0.8333333333333335,0.4777777777777769,0.0,0.0003518648838845883
0.8333333333333335,0.4851851851851854,0.0,0.0003518648838845883
0.8333333333333335,0.4851851851851854,0.0,0.0003518648838845883
0.8333333333333335,0.4925925925925915,0.0,0.0003518648838845883
0.8333333333333335,0.4925925925925915,0.0,0.0003518648838845883
0.8333333333333335,0.5,0.00020366598778004074,0.0
0.8333333333333335,0.5,0.00020366598778004074,0.0
0.8333333333333335,0.5074074074074084,0.0,0.0003518648838845883
0.8333333333333335,0.5074074074074084,0.0,0.0003518648838845883
0.8333333333333335,0.5148148148148146,0.0,0.0003518648838845883
0.8333333333333335,0.5148148148148146,0.0,0.0003518648838845883
0.8333333333333335,0.522222222222223,0.0,0.0003518648838845883
0.8333333333333335,0.522222222222223,0.0,0.0003518648838845883
0.8333333333333335,0.5296296296296292,0.0,0.0003518648838845883
0.8333333333333335,0.5296296296296292,0.0,0.0003518648838845883
0.8333333333333335,0.5370370370370378,0.0,0.0003518648838845883
0.8333333333333335,0.5370370370370378,0.0,0.0003518648838845883
0.8333333333333335,0.5444444444444438,0.0,0.0
0.8333333333333335,0.5444444444444438,0.0,0.0
0.8333333333333335,0.5518518518518524,0.0,0.0
0.8333333333333335,0.5518518518518524,0.0,0.0
0.8333333333333335,0.5592592592592586,0.0,0.0
0.8333333333333335,0.5592592592592586,0.0,0.0
0.8333333333333335,0.566666666666667,0.0,0.0
0.8333333333333335,0.566666666666667,0.0,0.0
0.8333333333333335,0.5740740740740732,0.0,0.0
0.8333333333333335,0.5740740740740732,0.0,0.0
0.8333333333333335,0.5814814814814816,0.00020366598778004074,0.0
0.8333333333333335,0.5814814814814816,0.00020366598778004074,0.0
0.8333333333333335,0.58888888888889,0.00020366598778004074,0.0
0.8333333333333335,0.58888888888889,0.00020366598778004074,0.0
0.8333333333333335,0.5962962962962962,0.00020366598778004074,0.0
0.8333333333333335,0.5962962962962962,0.00020366598778004074,0.0
0.8333333333333335,0.6037037037037046,0.00020366598778004074,0.0
0.8333333333333335,0.6037037037037046,0.00020366598778004074,0.0
0.8333333333333335,0.6111111111111108,0.00020366598778004074,0.0
0.8333333333333335,0.6111111111111108,0.00020366598778004074,0.0
0.8333333333333335,0.6185185185185194,0.00020366598778004074,0.0
0.8333333333333335,0.6185185185185194,0.00020366598778004074,0.0
0.8333333333333335,0.6259259259259254,0.00020366598778004074,0.0
0.8333333333333335,0.6259259259259254,0.00020366598778004074,0.0
0.8333333333333335,0.633333333333334,0.00020366598778004074,0.0
0.8333333333333335,0.633333333333334,0.00020366598778004074,0.0
0.8333333333333335,0.6407407407407402,0.00020366598778004074,0.0
0.8333333333333335,0.6407407407407402,0.00020366598778004074,0.0
0.8333333333333335,0.6481481481481486,0.0,0.0003518648838845883
0.8333333333333335,0.6481481481481486,0.0,0.0003518648838845883
0.8333333333333335,0.6555555555555548,0.0,0.0
0.8333333333333335,0.6555555555555548,0.0,0.0
0.8333333333333335,0.6629629629629632,0.0,0.0
0.8333333333333335,0.6629629629629632,0.0,0.0
0.8333333333333335,0.6703703703703694,0.00020366598778004074,0.0
0.8333333333333335,0.6703703703703694,0.00020366598778004074,0.0
0.8333333333333335,0.6777777777777778,0.0,0.0
0.8333333333333335,0.6777777777777778,0.0,0.0
0.8333333333333335,0.6851851851851862,0.0,0.0
0.8333333333333335,0.6851851851851862,0.0,0.0
0.8333333333333335,0.6925925925925924,0.0,0.0003518648838845883
0.8333333333333335,0.6925925925925924,0.0,0.0003518648838845883
0.8333333333333335,0.700000000000001,0.0,0.0
0.8333333333333335,0.700000000000001,0.0,0.0
0.8333333333333335,0.707407407407407,0.0,0.0
0.8333333333333335,0.707407407407407,0.0,0.0
0.8333333333333335,0.7148148148148156,0.00020366598778004074,0.0
0.8333333333333335,0.7148148148148156,0.00020366598778004074,0.0
0.8333333333333335,0.7222222222222218,0.00020366598778004074,0.0
0.8333333333333335,0.7222222222222218,0.00020366598778004074,0.0
0.8333333333333335,0.7296296296296302,0.0,0.0003518648838845883
0.8333333333333335,0.7296296296296302,0.0,0.0003518648838845883
0.8333333333333335,0.7370370370370364,0.0,0.0003518648838845883
0.8333333333333335,0.7370370370370364,0.0,0.0003518648838845883
0.8333333333333335,0.7444444444444448,0.00020366598778004074,0.0
0.8333333333333335,0.7444444444444448,0.00020366598778004074,0.0
0.8333333333333335,0.751851851851851,0.0,0.0
0.8333333333333335,0.751851851851851,0.0,0.0
0.8333333333333335,0.7592592592592594,0.00020366598778004074,0.0
0.8333333333333335,0.7592592592592594,0.00020366598778004074,0.0
0.8333333333333335,0.7666666666666656,0.00020366598778004074,0.0
0.8333333333333335,0.7666666666666656,0.00020366598778004074,0.0
0.8333333333333335,0.774074074074074,0.0,0.0003518648838845883
0.8333333333333335,0.774074074074074,0.0,0.0003518648838845883
0.8333333333333335,0.7814814814814826,0.0,0.0003518648838845883
0.8333333333333335,0.7814814814814826,0.0,0.0003518648838845883
0.8333333333333335,0.7888888888888886,0.0,0.0003518648838845883
0.8333333333333335,0.7888888888888886,0.0,0.0003518648838845883
0.8333333333333335,0.7962962962962972,0.0,0.0003518648838845883
0.8333333333333335,0.7962962962962972,0.0,0.0003518648838845883
0.8333333333333335,0.8037037037037034,0.00020366598778004074,0.0
0.8333333333333335,0.8037037037037034,0.00020366598778004074,0.0
0.8333333333333335,0.8111111111111118,0.00020366598778004074,0.0
0.8333333333333335,0.8111111111111118,0.00020366598778004074,0.0
0.8333333333333335,0.818518518518518,0.00020366598778004074,0.0
0.8333333333333335,0.818518518518518,0.00020366598778004074,0.0
0.8333333333333335,0.8259259259259264,0.00020366598778004074,0.0
0.8333333333333335,0.8259259259259264,0.00020366598778004074,0.0
0.8333333333333335,0.8333333333333326,0.00020366598778004074,0.0
0.8333333333333335,0.8333333333333326,0.00020366598778004074,0.0
0.8333333333333335,0.840740740740741,0.0,0.0
0.8333333333333335,0.840740740740741,0.0,0.0
0.8333333333333335,0.8481481481481472,0.00020366598778004074,0.0
0.8333333333333335,0.8481481481481472,0.00020366598778004074,0.0
0.8333333333333335,0.8555555555555556,0.0,0.0
0.8333333333333335,0.8555555555555556,0.0,0.0
0.8333333333333335,0.8629629629629642,0.0,0.0
0.8333333333333335,0.8629629629629642,0.0,0.0
0.8333333333333335,0.8703703703703702,0.0,0.0003518648838845883
0.8333333333333335,0.8703703703703702,0.0,0.0003518648838845883
0.8333333333333335,0.8777777777777788,0.0,0.0003518648838845883
0.8333333333333335,0.8777777777777788,0.0,0.0003518648838845883
0.8333333333333335,0.885185185185185,0.0,0.0003518648838845883
0.8333333333333335,0.885185185185185,0.0,0.0003518648838845883
0.8333333333333335,0.8925925925925934,0.0,0.0003518648838845883
0.8333333333333335,0.8925925925925934,0.0,0.0003518648838845883
0.8333333333333335,0.8999999999999996,0.0,0.0003518648838845883
0.8333333333333335,0.8999999999999996,0.0,0.0003518648838845883
0.8333333333333335,0.907407407407408,0.0,0.0003518648838845883
0.8333333333333335,0.907407407407408,0.0,0.0003518648838845883
0.8333333333333335,0.9148148148148142,0.0,0.0
0.8333333333333335,0.9148148148148142,0.0,0.0
0.8333333333333335,0.9222222222222226,0.0,0.0003518648838845883
0.8333333333333335,0.9222222222222226,0.0,0.0003518648838845883
0.8333333333333335,0.9296296296296288,0.0,0.0003518648838845883
0.8333333333333335,0.9296296296296288,0.0,0.0003518648838845883
0.8333333333333335,0.9370370370370372,0.0,0.0
0.8333333333333335,0.9370370370370372,0.0,0.0
0.8333333333333335,0.9444444444444434,0.0,0.0
0.8333333333333335,0.9444444444444434,0.0,0.0
0.8333333333333335,0.9518518518518518,0.0,0.0
0.8333333333333335,0.9518518518518518,0.0,0.0
0.8333333333333335,0.9592592592592604,0.0,0.0
0.8333333333333335,0.9592592592592604,0.0,0.0
0.8333333333333335,0.9666666666666666,0.0,0.0
0.8333333333333335,0.9666666666666666,0.0,0.0
0.8333333333333335,0.974074074074075,0.0,0.0
0.8333333333333335,0.974074074074075,0.0,0.0
0.8333333333333335,0.9814814814814812,0.0,0.0003518648838845883
0.8333333333333335,0.9814814814814812,0.0,0.0003518648838845883
0.8333333333333335,0.9888888888888896,0.0,0.0003518648838845883
0.8333333333333335,0.9888888888888896,0.0,0.0003518648838845883
0.8333333333333335,0.9962962962962958,0.0,0.0
0.8333333333333335,0.9962962962962958,0.0,0.0
0.8407407407407408,0.4037037037037038,0.00020366598778004074,0.0
0.8407407407407408,0.4037037037037038,0.00020366598778004074,0.0
0.8407407407407408,0.4111111111111122,0.0,0.0
0.8407407407407408,0.4111111111111122,0.0,0.0
0.8407407407407408,0.4185185185185184,0.00020366598778004074,0.0
0.8407407407407408,0.4185185185185184,0.00020366598778004074,0.0
0.8407407407407408,0.4259259259259269,0.0,0.0
0.8407407407407408,0.4259259259259269,0.0,0.0
0.8407407407407408,0.433333333333333,0.0,0.0
0.8407407407407408,0.433333333333333,0.0,0.0
0.8407407407407408,0.4407407407407415,0.0,0.0003518648838845883
0.8407407407407408,0.4407407407407415,0.0,0.0003518648838845883
0.8407407407407408,0.4481481481481477,0.0,0.0003518648838845883
0.8407407407407408,0.4481481481481477,0.0,0.0003518648838845883
0.8407407407407408,0.4555555555555561,0.0,0.0
0.8407407407407408,0.4555555555555561,0.0,0.0
0.8407407407407408,0.4629629629629623,0.0,0.0003518648838845883
0.8407407407407408,0.4629629629629623,0.0,0.0003518648838845883
0.8407407407407408,0.4703703703703707,0.0,0.0003518648838845883
0.8407407407407408,0.4703703703703707,0.0,0.0003518648838845883
0.8407407407407408,0.4777777777777769,0.0,0.0003518648838845883
0.8407407407407408,0.4777777777777769,0.0,0.0003518648838845883
0.8407407407407408,0.4851851851851854,0.0,0.0003518648838845883
0.8407407407407408,0.4851851851851854,0.0,0.0003518648838845883
0.8407407407407408,0.4925925925925915,0.0,0.0003518648838845883
0.8407407407407408,0.4925925925925915,0.0,0.0003518648838845883
0.8407407407407408,0.5,0.0,0.0003518648838845883
0.8407407407407408,0.5,0.0,0.0003518648838845883
0.8407407407407408,0.5074074074074084,0.0,0.0003518648838845883
0.8407407407407408,0.5074074074074084,0.0,0.0003518648838845883
0.8407407407407408,0.5148148148148146,0.0,0.0
0.8407407407407408,0.5148148148148146,0.0,0.0
0.8407407407407408,0.522222222222223,0.0,0.0
0.8407407407407408,0.522222222222223,0.0,0.0
0.8407407407407408,0.5296296296296292,0.0,0.0003518648838845883
0.8407407407407408,0.5296296296296292,0.0,0.0003518648838845883
0.8407407407407408,0.5370370370370378,0.0,0.0003518648838845883
0.8407407407407408,0.5370370370370378,0.0,0.0003518648838845883
0.8407407407407408,0.5444444444444438,0.0,0.0
0.8407407407407408,0.5444444444444438,0.0,0.0
0.8407407407407408,0.5518518518518524,0.0,0.0
0.8407407407407408,0.5518518518518524,0.0,0.0
0.8407407407407408,0.5592592592592586,0.0,0.0
0.8407407407407408,0.5592592592592586,0.0,0.0
0.8407407407407408,0.566666666666667,0.0,0.0
0.8407407407407408,0.566666666666667,0.0,0.0
0.8407407407407408,0.5740740740740732,0.00020366598778004074,0.0
0.8407407407407408,0.5740740740740732,0.00020366598778004074,0.0
0.8407407407407408,0.5814814814814816,0.00020366598778004074,0.0
0.8407407407407408,0.5814814814814816,0.00020366598778004074,0.0
0.8407407407407408,0.58888888888889,0.00020366598778004074,0.0
0.8407407407407408,0.58888888888889,0.00020366598778004074,0.0
0.8407407407407408,0.5962962962962962,0.00020366598778004074,0.0
0.8407407407407408,0.5962962962962962,0.00020366598778004074,0.0
0.8407407407407408,0.6037037037037046,0.0,0.0
0.8407407407407408,0.6037037037037046,0.0,0.0
0.8407407407407408,0.6111111111111108,0.00020366598778004074,0.0
0.8407407407407408,0.6111111111111108,0.00020366598778004074,0.0
0.8407407407407408,0.6185185185185194,0.00020366598778004074,0.0
0.8407407407407408,0.6185185185185194,0.00020366598778004074,0.0
0.8407407407407408,0.6259259259259254,0.00020366598778004074,0.0
0.8407407407407408,0.6259259259259254,0.00020366598778004074,0.0
0.8407407407407408,0.633333333333334,0.00020366598778004074,0.0
0.8407407407407408,0.633333333333334,0.00020366598778004074,0.0
0.8407407407407408,0.6407407407407402,0.00020366598778004074,0.0
0.8407407407407408,0.6407407407407402,0.00020366598778004074,0.0
0.8407407407407408,0.6481481481481486,0.00020366598778004074,0.0
0.8407407407407408,0.6481481481481486,0.00020366598778004074,0.0
0.8407407407407408,0.6555555555555548,0.0,0.0
0.8407407407407408,0.6555555555555548,0.0,0.0
0.8407407407407408,0.6629629629629632,0.0,0.0
0.8407407407407408,0.6629629629629632,0.0,0.0
0.8407407407407408,0.6703703703703694,0.00020366598778004074,0.0
0.8407407407407408,0.6703703703703694,0.00020366598778004074,0.0
0.8407407407407408,0.6777777777777778,0.0,0.0
0.8407407407407408,0.6777777777777778,0.0,0.0
0.8407407407407408,0.6851851851851862,0.0,0.0003518648838845883
0.8407407407407408,0.6851851851851862,0.0,0.0003518648838845883
0.8407407407407408,0.6925925925925924,0.0,0.0
0.8407407407407408,0.6925925925925924,0.0,0.0
0.8407407407407408,0.700000000000001,0.0,0.0003518648838845883
0.8407407407407408,0.700000000000001,0.0,0.0003518648838845883
0.8407407407407408,0.707407407407407,0.0,0.0003518648838845883
0.8407407407407408,0.707407407407407,0.0,0.0003518648838845883
0.8407407407407408,0.7148148148148156,0.0,0.0003518648838845883
0.8407407407407408,0.7148148148148156,0.0,0.0003518648838845883
0.8407407407407408,0.7222222222222218,0.0,0.0
0.8407407407407408,0.7222222222222218,0.0,0.0
0.8407407407407408,0.7296296296296302,0.00020366598778004074,0.0
0.8407407407407408,0.7296296296296302,0.00020366598778004074,0.0
0.8407407407407408,0.7370370370370364,0.0,0.0003518648838845883
0.8407407407407408,0.7370370370370364,0.0,0.0003518648838845883
0.8407407407407408,0.7444444444444448,0.0,0.0003518648838845883
0.8407407407407408,0.7444444444444448,0.0,0.0003518648838845883
0.8407407407407408,0.751851851851851,0.0,0.0
0.8407407407407408,0.751851851851851,0.0,0.0
0.8407407407407408,0.7592592592592594,0.00020366598778004074,0.0
0.8407407407407408,0.7592592592592594,0.00020366598778004074,0.0
0.8407407407407408,0.7666666666666656,0.0,0.0
0.8407407407407408,0.7666666666666656,0.0,0.0
0.8407407407407408,0.774074074074074,0.0,0.0003518648838845883
0.8407407407407408,0.774074074074074,0.0,0.0003518648838845883
0.8407407407407408,0.7814814814814826,0.0,0.0
0.8407407407407408,0.7814814814814826,0.0,0.0
0.8407407407407408,0.7888888888888886,0.0,0.0
0.8407407407407408,0.7888888888888886,0.0,0.0
0.8407407407407408,0.7962962962962972,0.0,0.0
0.8407407407407408,0.7962962962962972,0.0,0.0
0.8407407407407408,0.8037037037037034,0.0,0.0003518648838845883
0.8407407407407408,0.8037037037037034,0.0,0.0003518648838845883
0.8407407407407408,0.8111111111111118,0.00020366598778004074,0.0
0.8407407407407408,0.8111111111111118,0.00020366598778004074,0.0
0.8407407407407408,0.818518518518518,0.00020366598778004074,0.0
0.8407407407407408,0.818518518518518,0.00020366598778004074,0.0
0.8407407407407408,0.8259259259259264,0.00020366598778004074,0.0
0.8407407407407408,0.8259259259259264,0.00020366598778004074,0.0
0.8407407407407408,0.8333333333333326,0.00020366598778004074,0.0
0.8407407407407408,0.8333333333333326,0.00020366598778004074,0.0
0.8407407407407408,0.840740740740741,0.0,0.0
0.8407407407407408,0.840740740740741,0.0,0.0
0.8407407407407408,0.8481481481481472,0.0,0.0
0.8407407407407408,0.8481481481481472,0.0,0.0
0.8407407407407408,0.8555555555555556,0.00020366598778004074,0.0
0.8407407407407408,0.8555555555555556,0.00020366598778004074,0.0
0.8407407407407408,0.8629629629629642,0.00020366598778004074,0.0
0.8407407407407408,0.8629629629629642,0.00020366598778004074,0.0
0.8407407407407408,0.8703703703703702,0.0,0.0
0.8407407407407408,0.8703703703703702,0.0,0.0
0.8407407407407408,0.8777777777777788,0.0,0.0003518648838845883
0.8407407407407408,0.8777777777777788,0.0,0.0003518648838845883
0.8407407407407408,0.885185185185185,0.0,0.0
0.8407407407407408,0.885185185185185,0.0,0.0
0.8407407407407408,0.8925925925925934,0.0,0.0003518648838845883
0.8407407407407408,0.8925925925925934,0.0,0.0003518648838845883
0.8407407407407408,0.8999999999999996,0.0,0.0
0.8407407407407408,0.8999999999999996,0.0,0.0
0.8407407407407408,0.907407407407408,0.0,0.0003518648838845883
0.8407407407407408,0.907407407407408,0.0,0.0003518648838845883
0.8407407407407408,0.9148148148148142,0.0,0.0
0.8407407407407408,0.9148148148148142,0.0,0.0
0.8407407407407408,0.9222222222222226,0.0,0.0
0.8407407407407408,0.9222222222222226,0.0,0.0
0.8407407407407408,0.9296296296296288,0.0,0.0
0.8407407407407408,0.9296296296296288,0.0,0.0
0.8407407407407408,0.9370370370370372,0.0,0.0003518648838845883
0.8407407407407408,0.9370370370370372,0.0,0.0003518648838845883
0.8407407407407408,0.9444444444444434,0.0,0.0003518648838845883
0.8407407407407408,0.9444444444444434,0.0,0.0003518648838845883
0.8407407407407408,0.9518518518518518,0.0,0.0003518648838845883
0.8407407407407408,0.9518518518518518,0.0,0.0003518648838845883
0.8407407407407408,0.9592592592592604,0.0,0.0
0.8407407407407408,0.9592592592592604,0.0,0.0
0.8407407407407408,0.9666666666666666,0.0,0.0
0.8407407407407408,0.9666666666666666,0.0,0.0
0.8407407407407408,0.974074074074075,0.00020366598778004074,0.0
0.8407407407407408,0.974074074074075,0.00020366598778004074,0.0
0.8407407407407408,0.9814814814814812,0.0,0.0003518648838845883
0.8407407407407408,0.9814814814814812,0.0,0.0003518648838845883
0.8407407407407408,0.9888888888888896,0.0,0.0003518648838845883
0.8407407407407408,0.9888888888888896,0.0,0.0003518648838845883
0.8407407407407408,0.9962962962962958,0.0,0.0
0.8407407407407408,0.9962962962962958,0.0,0.0
0.8481481481481483,0.4037037037037038,0.0,0.0
0.8481481481481483,0.4037037037037038,0.0,0.0
0.8481481481481483,0.4111111111111122,0.0,0.0
0.8481481481481483,0.4111111111111122,0.0,0.0
0.8481481481481483,0.4185185185185184,0.0,0.0
0.8481481481481483,0.4185185185185184,0.0,0.0
0.8481481481481483,0.4259259259259269,0.0,0.0
0.8481481481481483,0.4259259259259269,0.0,0.0
0.8481481481481483,0.433333333333333,0.0,0.0
0.8481481481481483,0.433333333333333,0.0,0.0
0.8481481481481483,0.4407407407407415,0.0,0.0
0.8481481481481483,0.4407407407407415,0.0,0.0
0.8481481481481483,0.4481481481481477,0.00020366598778004074,0.0
0.8481481481481483,0.4481481481481477,0.00020366598778004074,0.0
0.8481481481481483,0.4555555555555561,0.0,0.0003518648838845883
0.8481481481481483,0.4555555555555561,0.0,0.0003518648838845883
0.8481481481481483,0.4629629629629623,0.0,0.0003518648838845883
0.8481481481481483,0.4629629629629623,0.0,0.0003518648838845883
0.8481481481481483,0.4703703703703707,0.0,0.0003518648838845883
0.8481481481481483,0.4703703703703707,0.0,0.0003518648838845883
0.8481481481481483,0.4777777777777769,0.0,0.0003518648838845883
0.8481481481481483,0.4777777777777769,0.0,0.0003518648838845883
0.8481481481481483,0.4851851851851854,0.0,0.0003518648838845883
0.8481481481481483,0.4851851851851854,0.0,0.0003518648838845883
0.8481481481481483,0.4925925925925915,0.0,0.0003518648838845883
0.8481481481481483,0.4925925925925915,0.0,0.0003518648838845883
0.8481481481481483,0.5,0.0,0.0003518648838845883
0.8481481481481483,0.5,0.0,0.0003518648838845883
0.8481481481481483,0.5074074074074084,0.0,0.0003518648838845883
0.8481481481481483,0.5074074074074084,0.0,0.0003518648838845883
0.8481481481481483,0.5148148148148146,0.0,0.0
0.8481481481481483,0.5148148148148146,0.0,0.0
0.8481481481481483,0.522222222222223,0.0,0.0
0.8481481481481483,0.522222222222223,0.0,0.0
0.8481481481481483,0.5296296296296292,0.0,0.0
0.8481481481481483,0.5296296296296292,0.0,0.0
0.8481481481481483,0.5370370370370378,0.0,0.0
0.8481481481481483,0.5370370370370378,0.0,0.0
0.8481481481481483,0.5444444444444438,0.0,0.0
0.8481481481481483,0.5444444444444438,0.0,0.0
0.8481481481481483,0.5518518518518524,0.0,0.0
0.8481481481481483,0.5518518518518524,0.0,0.0
0.8481481481481483,0.5592592592592586,0.00020366598778004074,0.0
0.8481481481481483,0.5592592592592586,0.00020366598778004074,0.0
0.8481481481481483,0.566666666666667,0.0,0.0
0.8481481481481483,0.566666666666667,0.0,0.0
0.8481481481481483,0.5740740740740732,0.00020366598778004074,0.0
0.8481481481481483,0.5740740740740732,0.00020366598778004074,0.0
0.8481481481481483,0.5814814814814816,0.00020366598778004074,0.0
0.8481481481481483,0.5814814814814816,0.00020366598778004074,0.0
0.8481481481481483,0.58888888888889,0.00020366598778004074,0.0
0.8481481481481483,0.58888888888889,0.00020366598778004074,0.0
0.8481481481481483,0.5962962962962962,0.00020366598778004074,0.0
0.8481481481481483,0.5962962962962962,0.00020366598778004074,0.0
0.8481481481481483,0.6037037037037046,0.00020366598778004074,0.0
0.8481481481481483,0.6037037037037046,0.00020366598778004074,0.0
0.8481481481481483,0.6111111111111108,0.00020366598778004074,0.0
0.8481481481481483,0.6111111111111108,0.00020366598778004074,0.0
0.8481481481481483,0.6185185185185194,0.00020366598778004074,0.0
0.8481481481481483,0.6185185185185194,0.00020366598778004074,0.0
0.8481481481481483,0.6259259259259254,0.00020366598778004074,0.0
0.8481481481481483,0.6259259259259254,0.00020366598778004074,0.0
0.8481481481481483,0.633333333333334,0.00020366598778004074,0.0
0.8481481481481483,0.633333333333334,0.00020366598778004074,0.0
0.8481481481481483,0.6407407407407402,0.0,0.0
0.8481481481481483,0.6407407407407402,0.0,0.0
0.8481481481481483,0.6481481481481486,0.0,0.0
0.8481481481481483,0.6481481481481486,0.0,0.0
0.8481481481481483,0.6555555555555548,0.0,0.0
0.8481481481481483,0.6555555555555548,0.0,0.0
0.8481481481481483,0.6629629629629632,0.0,0.0
0.8481481481481483,0.6629629629629632,0.0,0.0
0.8481481481481483,0.6703703703703694,0.00020366598778004074,0.0
0.8481481481481483,0.6703703703703694,0.00020366598778004074,0.0
0.8481481481481483,0.6777777777777778,0.00020366598778004074,0.0
0.8481481481481483,0.6777777777777778,0.00020366598778004074,0.0
0.8481481481481483,0.6851851851851862,0.0,0.0
0.8481481481481483,0.6851851851851862,0.0,0.0
0.8481481481481483,0.6925925925925924,0.0,0.0
0.8481481481481483,0.6925925925925924,0.0,0.0
0.8481481481481483,0.700000000000001,0.00020366598778004074,0.0
0.8481481481481483,0.700000000000001,0.00020366598778004074,0.0
0.8481481481481483,0.707407407407407,0.00020366598778004074,0.0
0.8481481481481483,0.707407407407407,0.00020366598778004074,0.0
0.8481481481481483,0.7148148148148156,0.00020366598778004074,0.0
0.8481481481481483,0.7148148148148156,0.00020366598778004074,0.0
0.8481481481481483,0.7222222222222218,0.0,0.0
0.8481481481481483,0.7222222222222218,0.0,0.0
0.8481481481481483,0.7296296296296302,0.0,0.0
0.8481481481481483,0.7296296296296302,0.0,0.0
0.8481481481481483,0.7370370370370364,0.0,0.0
0.8481481481481483,0.7370370370370364,0.0,0.0
0.8481481481481483,0.7444444444444448,0.0,0.0
0.8481481481481483,0.7444444444444448,0.0,0.0
0.8481481481481483,0.751851851851851,0.0,0.0
0.8481481481481483,0.751851851851851,0.0,0.0
0.8481481481481483,0.7592592592592594,0.0,0.0
0.8481481481481483,0.7592592592592594,0.0,0.0
0.8481481481481483,0.7666666666666656,0.0,0.0003518648838845883
0.8481481481481483,0.7666666666666656,0.0,0.0003518648838845883
0.8481481481481483,0.774074074074074,0.0,0.0003518648838845883
0.8481481481481483,0.774074074074074,0.0,0.0003518648838845883
0.8481481481481483,0.7814814814814826,0.0,0.0003518648838845883
0.8481481481481483,0.7814814814814826,0.0,0.0003518648838845883
0.8481481481481483,0.7888888888888886,0.0,0.0
0.8481481481481483,0.7888888888888886,0.0,0.0
0.8481481481481483,0.7962962962962972,0.0,0.0003518648838845883
0.8481481481481483,0.7962962962962972,0.0,0.0003518648838845883
0.8481481481481483,0.8037037037037034,0.0,0.0
0.8481481481481483,0.8037037037037034,0.0,0.0
0.8481481481481483,0.8111111111111118,0.0,0.0
0.8481481481481483,0.8111111111111118,0.0,0.0
0.8481481481481483,0.818518518518518,0.00020366598778004074,0.0
0.8481481481481483,0.818518518518518,0.00020366598778004074,0.0
0.8481481481481483,0.8259259259259264,0.00020366598778004074,0.0
0.8481481481481483,0.8259259259259264,0.00020366598778004074,0.0
0.8481481481481483,0.8333333333333326,0.00020366598778004074,0.0
0.8481481481481483,0.8333333333333326,0.00020366598778004074,0.0
0.8481481481481483,0.840740740740741,0.0,0.0
0.8481481481481483,0.840740740740741,0.0,0.0
0.8481481481481483,0.8481481481481472,0.0,0.0
0.8481481481481483,0.8481481481481472,0.0,0.0
0.8481481481481483,0.8555555555555556,0.0,0.0
0.8481481481481483,0.8555555555555556,0.0,0.0
0.8481481481481483,0.8629629629629642,0.00020366598778004074,0.0
0.8481481481481483,0.8629629629629642,0.00020366598778004074,0.0
0.8481481481481483,0.8703703703703702,0.0,0.0
0.8481481481481483,0.8703703703703702,0.0,0.0
0.8481481481481483,0.8777777777777788,0.0,0.0
0.8481481481481483,0.8777777777777788,0.0,0.0
0.8481481481481483,0.885185185185185,0.0,0.0
0.8481481481481483,0.885185185185185,0.0,0.0
0.8481481481481483,0.8925925925925934,0.0,0.0
0.8481481481481483,0.8925925925925934,0.0,0.0
0.8481481481481483,0.8999999999999996,0.00020366598778004074,0.0
0.8481481481481483,0.8999999999999996,0.00020366598778004074,0.0
0.8481481481481483,0.907407407407408,0.0,0.0003518648838845883
0.8481481481481483,0.907407407407408,0.0,0.0003518648838845883
0.8481481481481483,0.9148148148148142,0.0,0.0003518648838845883
0.8481481481481483,0.9148148148148142,0.0,0.0003518648838845883
0.8481481481481483,0.9222222222222226,0.0,0.0003518648838845883
0.8481481481481483,0.9222222222222226,0.0,0.0003518648838845883
0.8481481481481483,0.9296296296296288,0.0,0.0003518648838845883
0.8481481481481483,0.9296296296296288,0.0,0.0003518648838845883
0.8481481481481483,0.9370370370370372,0.0,0.0003518648838845883
0.8481481481481483,0.9370370370370372,0.0,0.0003518648838845883
0.8481481481481483,0.9444444444444434,0.0,0.0003518648838845883
0.8481481481481483,0.9444444444444434,0.0,0.0003518648838845883
0.8481481481481483,0.9518518518518518,0.0,0.0003518648838845883
0.8481481481481483,0.9518518518518518,0.0,0.0003518648838845883
0.8481481481481483,0.9592592592592604,0.0,0.0
0.8481481481481483,0.9592592592592604,0.0,0.0
0.8481481481481483,0.9666666666666666,0.0,0.0
0.8481481481481483,0.9666666666666666,0.0,0.0
0.8481481481481483,0.974074074074075,0.00020366598778004074,0.0
0.8481481481481483,0.974074074074075,0.00020366598778004074,0.0
0.8481481481481483,0.9814814814814812,0.00020366598778004074,0.0
0.8481481481481483,0.9814814814814812,0.00020366598778004074,0.0
0.8481481481481483,0.9888888888888896,0.0,0.0
0.8481481481481483,0.9888888888888896,0.0,0.0
0.8481481481481483,0.9962962962962958,0.0,0.0
0.8481481481481483,0.9962962962962958,0.0,0.0
0.8555555555555556,0.4037037037037038,0.00020366598778004074,0.0
0.8555555555555556,0.4037037037037038,0.00020366598778004074,0.0
0.8555555555555556,0.4111111111111122,0.00020366598778004074,0.0
0.8555555555555556,0.4111111111111122,0.00020366598778004074,0.0
0.8555555555555556,0.4185185185185184,0.0,0.0
0.8555555555555556,0.4185185185185184,0.0,0.0
0.8555555555555556,0.4259259259259269,0.00020366598778004074,0.0
0.8555555555555556,0.4259259259259269,0.00020366598778004074,0.0
0.8555555555555556,0.433333333333333,0.0,0.0
0.8555555555555556,0.433333333333333,0.0,0.0
0.8555555555555556,0.4407407407407415,0.00020366598778004074,0.0
0.8555555555555556,0.4407407407407415,0.00020366598778004074,0.0
0.8555555555555556,0.4481481481481477,0.0,0.0
0.8555555555555556,0.4481481481481477,0.0,0.0
0.8555555555555556,0.4555555555555561,0.0,0.0003518648838845883
0.8555555555555556,0.4555555555555561,0.0,0.0003518648838845883
0.8555555555555556,0.4629629629629623,0.0,0.0003518648838845883
0.8555555555555556,0.4629629629629623,0.0,0.0003518648838845883
0.8555555555555556,0.4703703703703707,0.0,0.0003518648838845883
0.8555555555555556,0.4703703703703707,0.0,0.0003518648838845883
0.8555555555555556,0.4777777777777769,0.0,0.0003518648838845883
0.8555555555555556,0.4777777777777769,0.0,0.0003518648838845883
0.8555555555555556,0.4851851851851854,0.0,0.0003518648838845883
0.8555555555555556,0.4851851851851854,0.0,0.0003518648838845883
0.8555555555555556,0.4925925925925915,0.0,0.0003518648838845883
0.8555555555555556,0.4925925925925915,0.0,0.0003518648838845883
0.8555555555555556,0.5,0.0,0.0
0.8555555555555556,0.5,0.0,0.0
0.8555555555555556,0.5074074074074084,0.0,0.0
0.8555555555555556,0.5074074074074084,0.0,0.0
0.8555555555555556,0.5148148148148146,0.0,0.0
0.8555555555555556,0.5148148148148146,0.0,0.0
0.8555555555555556,0.522222222222223,0.0,0.0
0.8555555555555556,0.522222222222223,0.0,0.0
0.8555555555555556,0.5296296296296292,0.0,0.0
0.8555555555555556,0.5296296296296292,0.0,0.0
0.8555555555555556,0.5370370370370378,0.0,0.0
0.8555555555555556,0.5370370370370378,0.0,0.0
0.8555555555555556,0.5444444444444438,0.0,0.0
0.8555555555555556,0.5444444444444438,0.0,0.0
0.8555555555555556,0.5518518518518524,0.00020366598778004074,0.0
0.8555555555555556,0.5518518518518524,0.00020366598778004074,0.0
0.8555555555555556,0.5592592592592586,0.0,0.0
0.8555555555555556,0.5592592592592586,0.0,0.0
0.8555555555555556,0.566666666666667,0.0,0.0
0.8555555555555556,0.566666666666667,0.0,0.0
0.8555555555555556,0.5740740740740732,0.0,0.0
0.8555555555555556,0.5740740740740732,0.0,0.0
0.8555555555555556,0.5814814814814816,0.00020366598778004074,0.0
0.8555555555555556,0.5814814814814816,0.00020366598778004074,0.0
0.8555555555555556,0.58888888888889,0.00020366598778004074,0.0
0.8555555555555556,0.58888888888889,0.00020366598778004074,0.0
0.8555555555555556,0.5962962962962962,0.0,0.0
0.8555555555555556,0.5962962962962962,0.0,0.0
0.8555555555555556,0.6037037037037046,0.0,0.0
0.8555555555555556,0.6037037037037046,0.0,0.0
0.8555555555555556,0.6111111111111108,0.00020366598778004074,0.0
0.8555555555555556,0.6111111111111108,0.00020366598778004074,0.0
0.8555555555555556,0.6185185185185194,0.00020366598778004074,0.0
0.8555555555555556,0.6185185185185194,0.00020366598778004074,0.0
0.8555555555555556,0.6259259259259254,0.00020366598778004074,0.0
0.8555555555555556,0.6259259259259254,0.00020366598778004074,0.0
0.8555555555555556,0.633333333333334,0.00020366598778004074,0.0
0.8555555555555556,0.633333333333334,0.00020366598778004074,0.0
0.8555555555555556,0.6407407407407402,0.0,0.0
0.8555555555555556,0.6407407407407402,0.0,0.0
0.8555555555555556,0.6481481481481486,0.0,0.0
0.8555555555555556,0.6481481481481486,0.0,0.0
0.8555555555555556,0.6555555555555548,0.0,0.0
0.8555555555555556,0.6555555555555548,0.0,0.0
0.8555555555555556,0.6629629629629632,0.0,0.0003518648838845883
0.8555555555555556,0.6629629629629632,0.0,0.0003518648838845883
0.8555555555555556,0.6703703703703694,0.0,0.0003518648838845883
0.8555555555555556,0.6703703703703694,0.0,0.0003518648838845883
0.8555555555555556,0.6777777777777778,0.00020366598778004074,0.0
0.8555555555555556,0.6777777777777778,0.00020366598778004074,0.0
0.8555555555555556,0.6851851851851862,0.0,0.0
0.8555555555555556,0.6851851851851862,0.0,0.0
0.8555555555555556,0.6925925925925924,0.0,0.0
0.8555555555555556,0.6925925925925924,0.0,0.0
0.8555555555555556,0.700000000000001,0.00020366598778004074,0.0
0.8555555555555556,0.700000000000001,0.00020366598778004074,0.0
0.8555555555555556,0.707407407407407,0.0,0.0
0.8555555555555556,0.707407407407407,0.0,0.0
0.8555555555555556,0.7148148148148156,0.00020366598778004074,0.0
0.8555555555555556,0.7148148148148156,0.00020366598778004074,0.0
0.8555555555555556,0.7222222222222218,0.0,0.0
0.8555555555555556,0.7222222222222218,0.0,0.0
0.8555555555555556,0.7296296296296302,0.0,0.0
0.8555555555555556,0.7296296296296302,0.0,0.0
0.8555555555555556,0.7370370370370364,0.0,0.0
0.8555555555555556,0.7370370370370364,0.0,0.0
0.8555555555555556,0.7444444444444448,0.0,0.0
0.8555555555555556,0.7444444444444448,0.0,0.0
0.8555555555555556,0.751851851851851,0.0,0.0
0.8555555555555556,0.751851851851851,0.0,0.0
0.8555555555555556,0.7592592592592594,0.0,0.0
0.8555555555555556,0.7592592592592594,0.0,0.0
0.8555555555555556,0.7666666666666656,0.0,0.0003518648838845883
0.8555555555555556,0.7666666666666656,0.0,0.0003518648838845883
0.8555555555555556,0.774074074074074,0.0,0.0
0.8555555555555556,0.774074074074074,0.0,0.0
0.8555555555555556,0.7814814814814826,0.0,0.0
0.8555555555555556,0.7814814814814826,0.0,0.0
0.8555555555555556,0.7888888888888886,0.0,0.0
0.8555555555555556,0.7888888888888886,0.0,0.0
0.8555555555555556,0.7962962962962972,0.0,0.0
0.8555555555555556,0.7962962962962972,0.0,0.0
0.8555555555555556,0.8037037037037034,0.0,0.0
0.8555555555555556,0.8037037037037034,0.0,0.0
0.8555555555555556,0.8111111111111118,0.0,0.0003518648838845883
0.8555555555555556,0.8111111111111118,0.0,0.0003518648838845883
0.8555555555555556,0.818518518518518,0.0,0.0003518648838845883
0.8555555555555556,0.818518518518518,0.0,0.0003518648838845883
0.8555555555555556,0.8259259259259264,0.0,0.0
0.8555555555555556,0.8259259259259264,0.0,0.0
0.8555555555555556,0.8333333333333326,0.00020366598778004074,0.0
0.8555555555555556,0.8333333333333326,0.00020366598778004074,0.0
0.8555555555555556,0.840740740740741,0.00020366598778004074,0.0
0.8555555555555556,0.840740740740741,0.00020366598778004074,0.0
0.8555555555555556,0.8481481481481472,0.0,0.0
0.8555555555555556,0.8481481481481472,0.0,0.0
0.8555555555555556,0.8555555555555556,0.0,0.0
0.8555555555555556,0.8555555555555556,0.0,0.0
0.8555555555555556,0.8629629629629642,0.0,0.0
0.8555555555555556,0.8629629629629642,0.0,0.0
0.8555555555555556,0.8703703703703702,0.00020366598778004074,0.0
0.8555555555555556,0.8703703703703702,0.00020366598778004074,0.0
0.8555555555555556,0.8777777777777788,0.00020366598778004074,0.0
0.8555555555555556,0.8777777777777788,0.00020366598778004074,0.0
0.8555555555555556,0.885185185185185,0.00020366598778004074,0.0
0.8555555555555556,0.885185185185185,0.00020366598778004074,0.0
0.8555555555555556,0.8925925925925934,0.0,0.0
0.8555555555555556,0.8925925925925934,0.0,0.0
0.8555555555555556,0.8999999999999996,0.0,0.0
0.8555555555555556,0.8999999999999996,0.0,0.0
0.8555555555555556,0.907407407407408,0.0,0.0
0.8555555555555556,0.907407407407408,0.0,0.0
0.8555555555555556,0.9148148148148142,0.0,0.0003518648838845883
0.8555555555555556,0.9148148148148142,0.0,0.0003518648838845883
0.8555555555555556,0.9222222222222226,0.0,0.0003518648838845883
0.8555555555555556,0.9222222222222226,0.0,0.0003518648838845883
0.8555555555555556,0.9296296296296288,0.0,0.0003518648838845883
0.8555555555555556,0.9296296296296288,0.0,0.0003518648838845883
0.8555555555555556,0.9370370370370372,0.0,0.0
0.8555555555555556,0.9370370370370372,0.0,0.0
0.8555555555555556,0.9444444444444434,0.0,0.0003518648838845883
0.8555555555555556,0.9444444444444434,0.0,0.0003518648838845883
0.8555555555555556,0.9518518518518518,0.0,0.0003518648838845883
0.8555555555555556,0.9518518518518518,0.0,0.0003518648838845883
0.8555555555555556,0.9592592592592604,0.0,0.0003518648838845883
0.8555555555555556,0.9592592592592604,0.0,0.0003518648838845883
0.8555555555555556,0.9666666666666666,0.0,0.0003518648838845883
0.8555555555555556,0.9666666666666666,0.0,0.0003518648838845883
0.8555555555555556,0.974074074074075,0.0,0.0
0.8555555555555556,0.974074074074075,0.0,0.0
0.8555555555555556,0.9814814814814812,0.0,0.0
0.8555555555555556,0.9814814814814812,0.0,0.0
0.8555555555555556,0.9888888888888896,0.0,0.0
0.8555555555555556,0.9888888888888896,0.0,0.0
0.8555555555555556,0.9962962962962958,0.0,0.0
0.8555555555555556,0.9962962962962958,0.0,0.0
0.8629629629629629,0.4037037037037038,0.00020366598778004074,0.0
0.8629629629629629,0.4037037037037038,0.00020366598778004074,0.0
0.8629629629629629,0.4111111111111122,0.00020366598778004074,0.0
0.8629629629629629,0.4111111111111122,0.00020366598778004074,0.0
0.8629629629629629,0.4185185185185184,0.00020366598778004074,0.0
0.8629629629629629,0.4185185185185184,0.00020366598778004074,0.0
0.8629629629629629,0.4259259259259269,0.00020366598778004074,0.0
0.8629629629629629,0.4259259259259269,0.00020366598778004074,0.0
0.8629629629629629,0.433333333333333,0.00020366598778004074,0.0
0.8629629629629629,0.433333333333333,0.00020366598778004074,0.0
0.8629629629629629,0.4407407407407415,0.00020366598778004074,0.0
0.8629629629629629,0.4407407407407415,0.00020366598778004074,0.0
0.8629629629629629,0.4481481481481477,0.00020366598778004074,0.0
0.8629629629629629,0.4481481481481477,0.00020366598778004074,0.0
0.8629629629629629,0.4555555555555561,0.0,0.0003518648838845883
0.8629629629629629,0.4555555555555561,0.0,0.0003518648838845883
0.8629629629629629,0.4629629629629623,0.0,0.0003518648838845883
0.8629629629629629,0.4629629629629623,0.0,0.0003518648838845883
0.8629629629629629,0.4703703703703707,0.0,0.0003518648838845883
0.8629629629629629,0.4703703703703707,0.0,0.0003518648838845883
0.8629629629629629,0.4777777777777769,0.0,0.0003518648838845883
0.8629629629629629,0.4777777777777769,0.0,0.0003518648838845883
0.8629629629629629,0.4851851851851854,0.0,0.0003518648838845883
0.8629629629629629,0.4851851851851854,0.0,0.0003518648838845883
0.8629629629629629,0.4925925925925915,0.0,0.0
0.8629629629629629,0.4925925925925915,0.0,0.0
0.8629629629629629,0.5,0.0,0.0
0.8629629629629629,0.5,0.0,0.0
0.8629629629629629,0.5074074074074084,0.0,0.0
0.8629629629629629,0.5074074074074084,0.0,0.0
0.8629629629629629,0.5148148148148146,0.0,0.0
0.8629629629629629,0.5148148148148146,0.0,0.0
0.8629629629629629,0.522222222222223,0.0,0.0
0.8629629629629629,0.522222222222223,0.0,0.0
0.8629629629629629,0.5296296296296292,0.0,0.0
0.8629629629629629,0.5296296296296292,0.0,0.0
0.8629629629629629,0.5370370370370378,0.00020366598778004074,0.0
0.8629629629629629,0.5370370370370378,0.00020366598778004074,0.0
0.8629629629629629,0.5444444444444438,0.00020366598778004074,0.0
0.8629629629629629,0.5444444444444438,0.00020366598778004074,0.0
0.8629629629629629,0.5518518518518524,0.00020366598778004074,0.0
0.8629629629629629,0.5518518518518524,0.00020366598778004074,0.0
0.8629629629629629,0.5592592592592586,0.00020366598778004074,0.0
0.8629629629629629,0.5592592592592586,0.00020366598778004074,0.0
0.8629629629629629,0.566666666666667,0.0,0.0
0.8629629629629629,0.566666666666667,0.0,0.0
0.8629629629629629,0.5740740740740732,0.0,0.0
0.8629629629629629,0.5740740740740732,0.0,0.0
0.8629629629629629,0.5814814814814816,0.0,0.0
0.8629629629629629,0.5814814814814816,0.0,0.0
0.8629629629629629,0.58888888888889,0.0,0.0
0.8629629629629629,0.58888888888889,0.0,0.0
0.8629629629629629,0.5962962962962962,0.0,0.0003518648838845883
0.8629629629629629,0.5962962962962962,0.0,0.0003518648838845883
0.8629629629629629,0.6037037037037046,0.0,0.0
0.8629629629629629,0.6037037037037046,0.0,0.0
0.8629629629629629,0.6111111111111108,0.00020366598778004074,0.0
0.8629629629629629,0.6111111111111108,0.00020366598778004074,0.0
0.8629629629629629,0.6185185185185194,0.00020366598778004074,0.0
0.8629629629629629,0.6185185185185194,0.00020366598778004074,0.0
0.8629629629629629,0.6259259259259254,0.0,0.0
0.8629629629629629,0.6259259259259254,0.0,0.0
0.8629629629629629,0.633333333333334,0.0,0.0
0.8629629629629629,0.633333333333334,0.0,0.0
0.8629629629629629,0.6407407407407402,0.00020366598778004074,0.0
0.8629629629629629,0.6407407407407402,0.00020366598778004074,0.0
0.8629629629629629,0.6481481481481486,0.00020366598778004074,0.0
0.8629629629629629,0.6481481481481486,0.00020366598778004074,0.0
0.8629629629629629,0.6555555555555548,0.00020366598778004074,0.0
0.8629629629629629,0.6555555555555548,0.00020366598778004074,0.0
0.8629629629629629,0.6629629629629632,0.00020366598778004074,0.0
0.8629629629629629,0.6629629629629632,0.00020366598778004074,0.0
0.8629629629629629,0.6703703703703694,0.0,0.0
0.8629629629629629,0.6703703703703694,0.0,0.0
0.8629629629629629,0.6777777777777778,0.0,0.0
0.8629629629629629,0.6777777777777778,0.0,0.0
0.8629629629629629,0.6851851851851862,0.0,0.0
0.8629629629629629,0.6851851851851862,0.0,0.0
0.8629629629629629,0.6925925925925924,0.0,0.0
0.8629629629629629,0.6925925925925924,0.0,0.0
0.8629629629629629,0.700000000000001,0.0,0.0
0.8629629629629629,0.700000000000001,0.0,0.0
0.8629629629629629,0.707407407407407,0.0,0.0
0.8629629629629629,0.707407407407407,0.0,0.0
0.8629629629629629,0.7148148148148156,0.00020366598778004074,0.0
0.8629629629629629,0.7148148148148156,0.00020366598778004074,0.0
0.8629629629629629,0.7222222222222218,0.0,0.0
0.8629629629629629,0.7222222222222218,0.0,0.0
0.8629629629629629,0.7296296296296302,0.0,0.0
0.8629629629629629,0.7296296296296302,0.0,0.0
0.8629629629629629,0.7370370370370364,0.0,0.0003518648838845883
0.8629629629629629,0.7370370370370364,0.0,0.0003518648838845883
0.8629629629629629,0.7444444444444448,0.0,0.0003518648838845883
0.8629629629629629,0.7444444444444448,0.0,0.0003518648838845883
0.8629629629629629,0.751851851851851,0.0,0.0003518648838845883
0.8629629629629629,0.751851851851851,0.0,0.0003518648838845883
0.8629629629629629,0.7592592592592594,0.0,0.0003518648838845883
0.8629629629629629,0.7592592592592594,0.0,0.0003518648838845883
0.8629629629629629,0.7666666666666656,0.0,0.0003518648838845883
0.8629629629629629,0.7666666666666656,0.0,0.0003518648838845883
0.8629629629629629,0.774074074074074,0.0,0.0003518648838845883
0.8629629629629629,0.774074074074074,0.0,0.0003518648838845883
0.8629629629629629,0.7814814814814826,0.0,0.0003518648838845883
0.8629629629629629,0.7814814814814826,0.0,0.0003518648838845883
0.8629629629629629,0.7888888888888886,0.0,0.0003518648838845883
0.8629629629629629,0.7888888888888886,0.0,0.0003518648838845883
0.8629629629629629,0.7962962962962972,0.0,0.0
0.8629629629629629,0.7962962962962972,0.0,0.0
0.8629629629629629,0.8037037037037034,0.0,0.0
0.8629629629629629,0.8037037037037034,0.0,0.0
0.8629629629629629,0.8111111111111118,0.0,0.0
0.8629629629629629,0.8111111111111118,0.0,0.0
0.8629629629629629,0.818518518518518,0.0,0.0003518648838845883
0.8629629629629629,0.818518518518518,0.0,0.0003518648838845883
0.8629629629629629,0.8259259259259264,0.00020366598778004074,0.0
0.8629629629629629,0.8259259259259264,0.00020366598778004074,0.0
0.8629629629629629,0.8333333333333326,0.0,0.0003518648838845883
0.8629629629629629,0.8333333333333326,0.0,0.0003518648838845883
0.8629629629629629,0.840740740740741,0.0,0.0
0.8629629629629629,0.840740740740741,0.0,0.0
0.8629629629629629,0.8481481481481472,0.0,0.0
0.8629629629629629,0.8481481481481472,0.0,0.0
0.8629629629629629,0.8555555555555556,0.00020366598778004074,0.0
0.8629629629629629,0.8555555555555556,0.00020366598778004074,0.0
0.8629629629629629,0.8629629629629642,0.0,0.0
0.8629629629629629,0.8629629629629642,0.0,0.0
0.8629629629629629,0.8703703703703702,0.0,0.0
0.8629629629629629,0.8703703703703702,0.0,0.0
0.8629629629629629,0.8777777777777788,0.0,0.0
0.8629629629629629,0.8777777777777788,0.0,0.0
0.8629629629629629,0.885185185185185,0.00020366598778004074,0.0
0.8629629629629629,0.885185185185185,0.00020366598778004074,0.0
0.8629629629629629,0.8925925925925934,0.00020366598778004074,0.0
0.8629629629629629,0.8925925925925934,0.00020366598778004074,0.0
0.8629629629629629,0.8999999999999996,0.00020366598778004074,0.0
0.8629629629629629,0.8999999999999996,0.00020366598778004074,0.0
0.8629629629629629,0.907407407407408,0.0,0.0
0.8629629629629629,0.907407407407408,0.0,0.0
0.8629629629629629,0.9148148148148142,0.0,0.0
0.8629629629629629,0.9148148148148142,0.0,0.0
0.8629629629629629,0.9222222222222226,0.0,0.0
0.8629629629629629,0.9222222222222226,0.0,0.0
0.8629629629629629,0.9296296296296288,0.0,0.0
0.8629629629629629,0.9296296296296288,0.0,0.0
0.8629629629629629,0.9370370370370372,0.0,0.0
0.8629629629629629,0.9370370370370372,0.0,0.0
0.8629629629629629,0.9444444444444434,0.00020366598778004074,0.0
0.8629629629629629,0.9444444444444434,0.00020366598778004074,0.0
0.8629629629629629,0.9518518518518518,0.0,0.0003518648838845883
0.8629629629629629,0.9518518518518518,0.0,0.0003518648838845883
0.8629629629629629,0.9592592592592604,0.0,0.0003518648838845883
0.8629629629629629,0.9592592592592604,0.0,0.0003518648838845883
0.8629629629629629,0.9666666666666666,0.0,0.0003518648838845883
0.8629629629629629,0.9666666666666666,0.0,0.0003518648838845883
0.8629629629629629,0.974074074074075,0.0,0.0003518648838845883
0.8629629629629629,0.974074074074075,0.0,0.0003518648838845883
0.8629629629629629,0.9814814814814812,0.0,0.0003518648838845883
0.8629629629629629,0.9814814814814812,0.0,0.0003518648838845883
0.8629629629629629,0.9888888888888896,0.00020366598778004074,0.0
0.8629629629629629,0.9888888888888896,0.00020366598778004074,0.0
0.8629629629629629,0.9962962962962958,0.0,0.0003518648838845883
0.8629629629629629,0.9962962962962958,0.0,0.0003518648838845883
0.8703703703703706,0.4037037037037038,0.0,0.0
0.8703703703703706,0.4037037037037038,0.0,0.0
0.8703703703703706,0.4111111111111122,0.0,0.0003518648838845883
0.8703703703703706,0.4111111111111122,0.0,0.0003518648838845883
0.8703703703703706,0.4185185185185184,0.00020366598778004074,0.0
0.8703703703703706,0.4185185185185184,0.00020366598778004074,0.0
0.8703703703703706,0.4259259259259269,0.00020366598778004074,0.0
0.8703703703703706,0.4259259259259269,0.00020366598778004074,0.0
0.8703703703703706,0.433333333333333,0.00020366598778004074,0.0
0.8703703703703706,0.433333333333333,0.00020366598778004074,0.0
0.8703703703703706,0.4407407407407415,0.00020366598778004074,0.0
0.8703703703703706,0.4407407407407415,0.00020366598778004074,0.0
0.8703703703703706,0.4481481481481477,0.00020366598778004074,0.0
0.8703703703703706,0.4481481481481477,0.00020366598778004074,0.0
0.8703703703703706,0.4555555555555561,0.0,0.0003518648838845883
0.8703703703703706,0.4555555555555561,0.0,0.0003518648838845883
0.8703703703703706,0.4629629629629623,0.0,0.0003518648838845883
0.8703703703703706,0.4629629629629623,0.0,0.0003518648838845883
0.8703703703703706,0.4703703703703707,0.0,0.0003518648838845883
0.8703703703703706,0.4703703703703707,0.0,0.0003518648838845883
0.8703703703703706,0.4777777777777769,0.0,0.0
0.8703703703703706,0.4777777777777769,0.0,0.0
0.8703703703703706,0.4851851851851854,0.0,0.0003518648838845883
0.8703703703703706,0.4851851851851854,0.0,0.0003518648838845883
0.8703703703703706,0.4925925925925915,0.0,0.0
0.8703703703703706,0.4925925925925915,0.0,0.0
0.8703703703703706,0.5,0.0,0.0
0.8703703703703706,0.5,0.0,0.0
0.8703703703703706,0.5074074074074084,0.0,0.0
0.8703703703703706,0.5074074074074084,0.0,0.0
0.8703703703703706,0.5148148148148146,0.0,0.0
0.8703703703703706,0.5148148148148146,0.0,0.0
0.8703703703703706,0.522222222222223,0.0,0.0
0.8703703703703706,0.522222222222223,0.0,0.0
0.8703703703703706,0.5296296296296292,0.00020366598778004074,0.0
0.8703703703703706,0.5296296296296292,0.00020366598778004074,0.0
0.8703703703703706,0.5370370370370378,0.0,0.0003518648838845883
0.8703703703703706,0.5370370370370378,0.0,0.0003518648838845883
0.8703703703703706,0.5444444444444438,0.00020366598778004074,0.0
0.8703703703703706,0.5444444444444438,0.00020366598778004074,0.0
0.8703703703703706,0.5518518518518524,0.00020366598778004074,0.0
0.8703703703703706,0.5518518518518524,0.00020366598778004074,0.0
0.8703703703703706,0.5592592592592586,0.00020366598778004074,0.0
0.8703703703703706,0.5592592592592586,0.00020366598778004074,0.0
0.8703703703703706,0.566666666666667,0.00020366598778004074,0.0
0.8703703703703706,0.566666666666667,0.00020366598778004074,0.0
0.8703703703703706,0.5740740740740732,0.0,0.0
0.8703703703703706,0.5740740740740732,0.0,0.0
0.8703703703703706,0.5814814814814816,0.0,0.0
0.8703703703703706,0.5814814814814816,0.0,0.0
0.8703703703703706,0.58888888888889,0.0,0.0
0.8703703703703706,0.58888888888889,0.0,0.0
0.8703703703703706,0.5962962962962962,0.0,0.0
0.8703703703703706,0.5962962962962962,0.0,0.0
0.8703703703703706,0.6037037037037046,0.0,0.0
0.8703703703703706,0.6037037037037046,0.0,0.0
0.8703703703703706,0.6111111111111108,0.0,0.0
0.8703703703703706,0.6111111111111108,0.0,0.0
0.8703703703703706,0.6185185185185194,0.0,0.0
0.8703703703703706,0.6185185185185194,0.0,0.0
0.8703703703703706,0.6259259259259254,0.0,0.0
0.8703703703703706,0.6259259259259254,0.0,0.0
0.8703703703703706,0.633333333333334,0.0,0.0
0.8703703703703706,0.633333333333334,0.0,0.0
0.8703703703703706,0.6407407407407402,0.0,0.0
0.8703703703703706,0.6407407407407402,0.0,0.0
0.8703703703703706,0.6481481481481486,0.00020366598778004074,0.0
0.8703703703703706,0.6481481481481486,0.00020366598778004074,0.0
0.8703703703703706,0.6555555555555548,0.00020366598778004074,0.0
0.8703703703703706,0.6555555555555548,0.00020366598778004074,0.0
0.8703703703703706,0.6629629629629632,0.00020366598778004074,0.0
0.8703703703703706,0.6629629629629632,0.00020366598778004074,0.0
0.8703703703703706,0.6703703703703694,0.0,0.0003518648838845883
0.8703703703703706,0.6703703703703694,0.0,0.0003518648838845883
0.8703703703703706,0.6777777777777778,0.0,0.0003518648838845883
0.8703703703703706,0.6777777777777778,0.0,0.0003518648838845883
0.8703703703703706,0.6851851851851862,0.0,0.0
0.8703703703703706,0.6851851851851862,0.0,0.0
0.8703703703703706,0.6925925925925924,0.0,0.0
0.8703703703703706,0.6925925925925924,0.0,0.0
0.8703703703703706,0.700000000000001,0.0,0.0
0.8703703703703706,0.700000000000001,0.0,0.0
0.8703703703703706,0.707407407407407,0.0,0.0003518648838845883
0.8703703703703706,0.707407407407407,0.0,0.0003518648838845883
0.8703703703703706,0.7148148148148156,0.0,0.0003518648838845883
0.8703703703703706,0.7148148148148156,0.0,0.0003518648838845883
0.8703703703703706,0.7222222222222218,0.0,0.0
0.8703703703703706,0.7222222222222218,0.0,0.0
0.8703703703703706,0.7296296296296302,0.0,0.0003518648838845883
0.8703703703703706,0.7296296296296302,0.0,0.0003518648838845883
0.8703703703703706,0.7370370370370364,0.0,0.0003518648838845883
0.8703703703703706,0.7370370370370364,0.0,0.0003518648838845883
0.8703703703703706,0.7444444444444448,0.0,0.0003518648838845883
0.8703703703703706,0.7444444444444448,0.0,0.0003518648838845883
0.8703703703703706,0.751851851851851,0.0,0.0003518648838845883
0.8703703703703706,0.751851851851851,0.0,0.0003518648838845883
0.8703703703703706,0.7592592592592594,0.0,0.0003518648838845883
0.8703703703703706,0.7592592592592594,0.0,0.0003518648838845883
0.8703703703703706,0.7666666666666656,0.0,0.0003518648838845883
0.8703703703703706,0.7666666666666656,0.0,0.0003518648838845883
0.8703703703703706,0.774074074074074,0.0,0.0003518648838845883
0.8703703703703706,0.774074074074074,0.0,0.0003518648838845883
0.8703703703703706,0.7814814814814826,0.0,0.0003518648838845883
0.8703703703703706,0.7814814814814826,0.0,0.0003518648838845883
0.8703703703703706,0.7888888888888886,0.0,0.0003518648838845883
0.8703703703703706,0.7888888888888886,0.0,0.0003518648838845883
0.8703703703703706,0.7962962962962972,0.0,0.0003518648838845883
0.8703703703703706,0.7962962962962972,0.0,0.0003518648838845883
0.8703703703703706,0.8037037037037034,0.0,0.0003518648838845883
0.8703703703703706,0.8037037037037034,0.0,0.0003518648838845883
0.8703703703703706,0.8111111111111118,0.0,0.0
0.8703703703703706,0.8111111111111118,0.0,0.0
0.8703703703703706,0.818518518518518,0.0,0.0
0.8703703703703706,0.818518518518518,0.0,0.0
0.8703703703703706,0.8259259259259264,0.0,0.0
0.8703703703703706,0.8259259259259264,0.0,0.0
0.8703703703703706,0.8333333333333326,0.00020366598778004074,0.0
0.8703703703703706,0.8333333333333326,0.00020366598778004074,0.0
0.8703703703703706,0.840740740740741,0.0,0.0003518648838845883
0.8703703703703706,0.840740740740741,0.0,0.0003518648838845883
0.8703703703703706,0.8481481481481472,0.0,0.0003518648838845883
0.8703703703703706,0.8481481481481472,0.0,0.0003518648838845883
0.8703703703703706,0.8555555555555556,0.00020366598778004074,0.0
0.8703703703703706,0.8555555555555556,0.00020366598778004074,0.0
0.8703703703703706,0.8629629629629642,0.00020366598778004074,0.0
0.8703703703703706,0.8629629629629642,0.00020366598778004074,0.0
0.8703703703703706,0.8703703703703702,0.00020366598778004074,0.0
0.8703703703703706,0.8703703703703702,0.00020366598778004074,0.0
0.8703703703703706,0.8777777777777788,0.00020366598778004074,0.0
0.8703703703703706,0.8777777777777788,0.00020366598778004074,0.0
0.8703703703703706,0.885185185185185,0.00020366598778004074,0.0
0.8703703703703706,0.885185185185185,0.00020366598778004074,0.0
0.8703703703703706,0.8925925925925934,0.00020366598778004074,0.0
0.8703703703703706,0.8925925925925934,0.00020366598778004074,0.0
0.8703703703703706,0.8999999999999996,0.00020366598778004074,0.0
0.8703703703703706,0.8999999999999996,0.00020366598778004074,0.0
0.8703703703703706,0.907407407407408,0.0,0.0003518648838845883
0.8703703703703706,0.907407407407408,0.0,0.0003518648838845883
0.8703703703703706,0.9148148148148142,0.0,0.0003518648838845883
0.8703703703703706,0.9148148148148142,0.0,0.0003518648838845883
0.8703703703703706,0.9222222222222226,0.0,0.0003518648838845883
0.8703703703703706,0.9222222222222226,0.0,0.0003518648838845883
0.8703703703703706,0.9296296296296288,0.00020366598778004074,0.0
0.8703703703703706,0.9296296296296288,0.00020366598778004074,0.0
0.8703703703703706,0.9370370370370372,0.00020366598778004074,0.0
0.8703703703703706,0.9370370370370372,0.00020366598778004074,0.0
0.8703703703703706,0.9444444444444434,0.00020366598778004074,0.0
0.8703703703703706,0.9444444444444434,0.00020366598778004074,0.0
0.8703703703703706,0.9518518518518518,0.00020366598778004074,0.0
0.8703703703703706,0.9518518518518518,0.00020366598778004074,0.0
0.8703703703703706,0.9592592592592604,0.00020366598778004074,0.0
0.8703703703703706,0.9592592592592604,0.00020366598778004074,0.0
0.8703703703703706,0.9666666666666666,0.00020366598778004074,0.0
0.8703703703703706,0.9666666666666666,0.00020366598778004074,0.0
0.8703703703703706,0.974074074074075,0.0,0.0
0.8703703703703706,0.974074074074075,0.0,0.0
0.8703703703703706,0.9814814814814812,0.0,0.0
0.8703703703703706,0.9814814814814812,0.0,0.0
0.8703703703703706,0.9888888888888896,0.0,0.0
0.8703703703703706,0.9888888888888896,0.0,0.0
0.8703703703703706,0.9962962962962958,0.0,0.0
0.8703703703703706,0.9962962962962958,0.0,0.0
0.8777777777777779,0.4037037037037038,0.0,0.0
0.8777777777777779,0.4037037037037038,0.0,0.0
0.8777777777777779,0.4111111111111122,0.00020366598778004074,0.0
0.8777777777777779,0.4111111111111122,0.00020366598778004074,0.0
0.8777777777777779,0.4185185185185184,0.00020366598778004074,0.0
0.8777777777777779,0.4185185185185184,0.00020366598778004074,0.0
0.8777777777777779,0.4259259259259269,0.0,0.0
0.8777777777777779,0.4259259259259269,0.0,0.0
0.8777777777777779,0.433333333333333,0.0,0.0
0.8777777777777779,0.433333333333333,0.0,0.0
0.8777777777777779,0.4407407407407415,0.00020366598778004074,0.0
0.8777777777777779,0.4407407407407415,0.00020366598778004074,0.0
0.8777777777777779,0.4481481481481477,0.0,0.0
0.8777777777777779,0.4481481481481477,0.0,0.0
0.8777777777777779,0.4555555555555561,0.00020366598778004074,0.0
0.8777777777777779,0.4555555555555561,0.00020366598778004074,0.0
0.8777777777777779,0.4629629629629623,0.0,0.0003518648838845883
0.8777777777777779,0.4629629629629623,0.0,0.0003518648838845883
0.8777777777777779,0.4703703703703707,0.0,0.0
0.8777777777777779,0.4703703703703707,0.0,0.0
0.8777777777777779,0.4777777777777769,0.0,0.0
0.8777777777777779,0.4777777777777769,0.0,0.0
0.8777777777777779,0.4851851851851854,0.0,0.0
0.8777777777777779,0.4851851851851854,0.0,0.0
0.8777777777777779,0.4925925925925915,0.0,0.0
0.8777777777777779,0.4925925925925915,0.0,0.0
0.8777777777777779,0.5,0.0,0.0
0.8777777777777779,0.5,0.0,0.0
0.8777777777777779,0.5074074074074084,0.0,0.0
0.8777777777777779,0.5074074074074084,0.0,0.0
0.8777777777777779,0.5148148148148146,0.0,0.0
0.8777777777777779,0.5148148148148146,0.0,0.0
0.8777777777777779,0.522222222222223,0.0,0.0
0.8777777777777779,0.522222222222223,0.0,0.0
0.8777777777777779,0.5296296296296292,0.00020366598778004074,0.0
0.8777777777777779,0.5296296296296292,0.00020366598778004074,0.0
0.8777777777777779,0.5370370370370378,0.0,0.0003518648838845883
0.8777777777777779,0.5370370370370378,0.0,0.0003518648838845883
0.8777777777777779,0.5444444444444438,0.00020366598778004074,0.0
0.8777777777777779,0.5444444444444438,0.00020366598778004074,0.0
0.8777777777777779,0.5518518518518524,0.00020366598778004074,0.0
0.8777777777777779,0.5518518518518524,0.00020366598778004074,0.0
0.8777777777777779,0.5592592592592586,0.00020366598778004074,0.0
0.8777777777777779,0.5592592592592586,0.00020366598778004074,0.0
0.8777777777777779,0.566666666666667,0.00020366598778004074,0.0
0.8777777777777779,0.566666666666667,0.00020366598778004074,0.0
0.8777777777777779,0.5740740740740732,0.00020366598778004074,0.0
0.8777777777777779,0.5740740740740732,0.00020366598778004074,0.0
0.8777777777777779,0.5814814814814816,0.00020366598778004074,0.0
0.8777777777777779,0.5814814814814816,0.00020366598778004074,0.0
0.8777777777777779,0.58888888888889,0.00020366598778004074,0.0
0.8777777777777779,0.58888888888889,0.00020366598778004074,0.0
0.8777777777777779,0.5962962962962962,0.0,0.0
0.8777777777777779,0.5962962962962962,0.0,0.0
0.8777777777777779,0.6037037037037046,0.0,0.0
0.8777777777777779,0.6037037037037046,0.0,0.0
0.8777777777777779,0.6111111111111108,0.0,0.0
0.8777777777777779,0.6111111111111108,0.0,0.0
0.8777777777777779,0.6185185185185194,0.0,0.0
0.8777777777777779,0.6185185185185194,0.0,0.0
0.8777777777777779,0.6259259259259254,0.0,0.0
0.8777777777777779,0.6259259259259254,0.0,0.0
0.8777777777777779,0.633333333333334,0.0,0.0
0.8777777777777779,0.633333333333334,0.0,0.0
0.8777777777777779,0.6407407407407402,0.0,0.0
0.8777777777777779,0.6407407407407402,0.0,0.0
0.8777777777777779,0.6481481481481486,0.0,0.0
0.8777777777777779,0.6481481481481486,0.0,0.0
0.8777777777777779,0.6555555555555548,0.00020366598778004074,0.0
0.8777777777777779,0.6555555555555548,0.00020366598778004074,0.0
0.8777777777777779,0.6629629629629632,0.0,0.0
0.8777777777777779,0.6629629629629632,0.0,0.0
0.8777777777777779,0.6703703703703694,0.0,0.0
0.8777777777777779,0.6703703703703694,0.0,0.0
0.8777777777777779,0.6777777777777778,0.0,0.0
0.8777777777777779,0.6777777777777778,0.0,0.0
0.8777777777777779,0.6851851851851862,0.0,0.0
0.8777777777777779,0.6851851851851862,0.0,0.0
0.8777777777777779,0.6925925925925924,0.0,0.0
0.8777777777777779,0.6925925925925924,0.0,0.0
0.8777777777777779,0.700000000000001,0.0,0.0
0.8777777777777779,0.700000000000001,0.0,0.0
0.8777777777777779,0.707407407407407,0.0,0.0
0.8777777777777779,0.707407407407407,0.0,0.0
0.8777777777777779,0.7148148148148156,0.0,0.0
0.8777777777777779,0.7148148148148156,0.0,0.0
0.8777777777777779,0.7222222222222218,0.00020366598778004074,0.0
0.8777777777777779,0.7222222222222218,0.00020366598778004074,0.0
0.8777777777777779,0.7296296296296302,0.0,0.0003518648838845883
0.8777777777777779,0.7296296296296302,0.0,0.0003518648838845883
0.8777777777777779,0.7370370370370364,0.0,0.0
0.8777777777777779,0.7370370370370364,0.0,0.0
0.8777777777777779,0.7444444444444448,0.0,0.0003518648838845883
0.8777777777777779,0.7444444444444448,0.0,0.0003518648838845883
0.8777777777777779,0.751851851851851,0.0,0.0003518648838845883
0.8777777777777779,0.751851851851851,0.0,0.0003518648838845883
0.8777777777777779,0.7592592592592594,0.0,0.0003518648838845883
0.8777777777777779,0.7592592592592594,0.0,0.0003518648838845883
0.8777777777777779,0.7666666666666656,0.0,0.0003518648838845883
0.8777777777777779,0.7666666666666656,0.0,0.0003518648838845883
0.8777777777777779,0.774074074074074,0.0,0.0003518648838845883
0.8777777777777779,0.774074074074074,0.0,0.0003518648838845883
0.8777777777777779,0.7814814814814826,0.0,0.0003518648838845883
0.8777777777777779,0.7814814814814826,0.0,0.0003518648838845883
0.8777777777777779,0.7888888888888886,0.0,0.0003518648838845883
0.8777777777777779,0.7888888888888886,0.0,0.0003518648838845883
0.8777777777777779,0.7962962962962972,0.0,0.0003518648838845883
0.8777777777777779,0.7962962962962972,0.0,0.0003518648838845883
0.8777777777777779,0.8037037037037034,0.0,0.0003518648838845883
0.8777777777777779,0.8037037037037034,0.0,0.0003518648838845883
0.8777777777777779,0.8111111111111118,0.0,0.0003518648838845883
0.8777777777777779,0.8111111111111118,0.0,0.0003518648838845883
0.8777777777777779,0.818518518518518,0.0,0.0003518648838845883
0.8777777777777779,0.818518518518518,0.0,0.0003518648838845883
0.8777777777777779,0.8259259259259264,0.0,0.0003518648838845883
0.8777777777777779,0.8259259259259264,0.0,0.0003518648838845883
0.8777777777777779,0.8333333333333326,0.0,0.0
0.8777777777777779,0.8333333333333326,0.0,0.0
0.8777777777777779,0.840740740740741,0.00020366598778004074,0.0
0.8777777777777779,0.840740740740741,0.00020366598778004074,0.0
0.8777777777777779,0.8481481481481472,0.00020366598778004074,0.0
0.8777777777777779,0.8481481481481472,0.00020366598778004074,0.0
0.8777777777777779,0.8555555555555556,0.00020366598778004074,0.0
0.8777777777777779,0.8555555555555556,0.00020366598778004074,0.0
0.8777777777777779,0.8629629629629642,0.00020366598778004074,0.0
0.8777777777777779,0.8629629629629642,0.00020366598778004074,0.0
0.8777777777777779,0.8703703703703702,0.00020366598778004074,0.0
0.8777777777777779,0.8703703703703702,0.00020366598778004074,0.0
0.8777777777777779,0.8777777777777788,0.00020366598778004074,0.0
0.8777777777777779,0.8777777777777788,0.00020366598778004074,0.0
0.8777777777777779,0.885185185185185,0.00020366598778004074,0.0
0.8777777777777779,0.885185185185185,0.00020366598778004074,0.0
0.8777777777777779,0.8925925925925934,0.00020366598778004074,0.0
0.8777777777777779,0.8925925925925934,0.00020366598778004074,0.0
0.8777777777777779,0.8999999999999996,0.00020366598778004074,0.0
0.8777777777777779,0.8999999999999996,0.00020366598778004074,0.0
0.8777777777777779,0.907407407407408,0.0,0.0003518648838845883
0.8777777777777779,0.907407407407408,0.0,0.0003518648838845883
0.8777777777777779,0.9148148148148142,0.0,0.0003518648838845883
0.8777777777777779,0.9148148148148142,0.0,0.0003518648838845883
0.8777777777777779,0.9222222222222226,0.0,0.0003518648838845883
0.8777777777777779,0.9222222222222226,0.0,0.0003518648838845883
0.8777777777777779,0.9296296296296288,0.00020366598778004074,0.0
0.8777777777777779,0.9296296296296288,0.00020366598778004074,0.0
0.8777777777777779,0.9370370370370372,0.00020366598778004074,0.0
0.8777777777777779,0.9370370370370372,0.00020366598778004074,0.0
0.8777777777777779,0.9444444444444434,0.00020366598778004074,0.0
0.8777777777777779,0.9444444444444434,0.00020366598778004074,0.0
0.8777777777777779,0.9518518518518518,0.00020366598778004074,0.0
0.8777777777777779,0.9518518518518518,0.00020366598778004074,0.0
0.8777777777777779,0.9592592592592604,0.00020366598778004074,0.0
0.8777777777777779,0.9592592592592604,0.00020366598778004074,0.0
0.8777777777777779,0.9666666666666666,0.00020366598778004074,0.0
0.8777777777777779,0.9666666666666666,0.00020366598778004074,0.0
0.8777777777777779,0.974074074074075,0.00020366598778004074,0.0
0.8777777777777779,0.974074074074075,0.00020366598778004074,0.0
0.8777777777777779,0.9814814814814812,0.00020366598778004074,0.0
0.8777777777777779,0.9814814814814812,0.00020366598778004074,0.0
0.8777777777777779,0.9888888888888896,0.00020366598778004074,0.0
0.8777777777777779,0.9888888888888896,0.00020366598778004074,0.0
0.8777777777777779,0.9962962962962958,0.0,0.0003518648838845883
0.8777777777777779,0.9962962962962958,0.0,0.0003518648838845883
0.8851851851851854,0.4037037037037038,0.0,0.0
0.8851851851851854,0.4037037037037038,0.0,0.0
0.8851851851851854,0.4111111111111122,0.0,0.0
0.8851851851851854,0.4111111111111122,0.0,0.0
0.8851851851851854,0.4185185185185184,0.0,0.0
0.8851851851851854,0.4185185185185184,0.0,0.0
0.8851851851851854,0.4259259259259269,0.00020366598778004074,0.0
0.8851851851851854,0.4259259259259269,0.00020366598778004074,0.0
0.8851851851851854,0.433333333333333,0.0,0.0
0.8851851851851854,0.433333333333333,0.0,0.0
0.8851851851851854,0.4407407407407415,0.0,0.0
0.8851851851851854,0.4407407407407415,0.0,0.0
0.8851851851851854,0.4481481481481477,0.00020366598778004074,0.0
0.8851851851851854,0.4481481481481477,0.00020366598778004074,0.0
0.8851851851851854,0.4555555555555561,0.0,0.0
0.8851851851851854,0.4555555555555561,0.0,0.0
0.8851851851851854,0.4629629629629623,0.0,0.0
0.8851851851851854,0.4629629629629623,0.0,0.0
0.8851851851851854,0.4703703703703707,0.0,0.0
0.8851851851851854,0.4703703703703707,0.0,0.0
0.8851851851851854,0.4777777777777769,0.0,0.0
0.8851851851851854,0.4777777777777769,0.0,0.0
0.8851851851851854,0.4851851851851854,0.0,0.0
0.8851851851851854,0.4851851851851854,0.0,0.0
0.8851851851851854,0.4925925925925915,0.0,0.0
0.8851851851851854,0.4925925925925915,0.0,0.0
0.8851851851851854,0.5,0.0,0.0
0.8851851851851854,0.5,0.0,0.0
0.8851851851851854,0.5074074074074084,0.0,0.0
0.8851851851851854,0.5074074074074084,0.0,0.0
0.8851851851851854,0.5148148148148146,0.0,0.0
0.8851851851851854,0.5148148148148146,0.0,0.0
0.8851851851851854,0.522222222222223,0.00020366598778004074,0.0
0.8851851851851854,0.522222222222223,0.00020366598778004074,0.0
0.8851851851851854,0.5296296296296292,0.00020366598778004074,0.0
0.8851851851851854,0.5296296296296292,0.00020366598778004074,0.0
0.8851851851851854,0.5370370370370378,0.0,0.0
0.8851851851851854,0.5370370370370378,0.0,0.0
0.8851851851851854,0.5444444444444438,0.00020366598778004074,0.0
0.8851851851851854,0.5444444444444438,0.00020366598778004074,0.0
0.8851851851851854,0.5518518518518524,0.00020366598778004074,0.0
0.8851851851851854,0.5518518518518524,0.00020366598778004074,0.0
0.8851851851851854,0.5592592592592586,0.00020366598778004074,0.0
0.8851851851851854,0.5592592592592586,0.00020366598778004074,0.0
0.8851851851851854,0.566666666666667,0.0,0.0
0.8851851851851854,0.566666666666667,0.0,0.0
0.8851851851851854,0.5740740740740732,0.0,0.0003518648838845883
0.8851851851851854,0.5740740740740732,0.0,0.0003518648838845883
0.8851851851851854,0.5814814814814816,0.00020366598778004074,0.0
0.8851851851851854,0.5814814814814816,0.00020366598778004074,0.0
0.8851851851851854,0.58888888888889,0.00020366598778004074,0.0
0.8851851851851854,0.58888888888889,0.00020366598778004074,0.0
0.8851851851851854,0.5962962962962962,0.00020366598778004074,0.0
0.8851851851851854,0.5962962962962962,0.00020366598778004074,0.0
0.8851851851851854,0.6037037037037046,0.0,0.0
0.8851851851851854,0.6037037037037046,0.0,0.0
0.8851851851851854,0.6111111111111108,0.0,0.0
0.8851851851851854,0.6111111111111108,0.0,0.0
0.8851851851851854,0.6185185185185194,0.0,0.0
0.8851851851851854,0.6185185185185194,0.0,0.0
0.8851851851851854,0.6259259259259254,0.0,0.0
0.8851851851851854,0.6259259259259254,0.0,0.0
0.8851851851851854,0.633333333333334,0.0,0.0
0.8851851851851854,0.633333333333334,0.0,0.0
0.8851851851851854,0.6407407407407402,0.0,0.0
0.8851851851851854,0.6407407407407402,0.0,0.0
0.8851851851851854,0.6481481481481486,0.0,0.0
0.8851851851851854,0.6481481481481486,0.0,0.0
0.8851851851851854,0.6555555555555548,0.00020366598778004074,0.0
0.8851851851851854,0.6555555555555548,0.00020366598778004074,0.0
0.8851851851851854,0.6629629629629632,0.0,0.0
0.8851851851851854,0.6629629629629632,0.0,0.0
0.8851851851851854,0.6703703703703694,0.0,0.0
0.8851851851851854,0.6703703703703694,0.0,0.0
0.8851851851851854,0.6777777777777778,0.0,0.0
0.8851851851851854,0.6777777777777778,0.0,0.0
0.8851851851851854,0.6851851851851862,0.00020366598778004074,0.0
0.8851851851851854,0.6851851851851862,0.00020366598778004074,0.0
0.8851851851851854,0.6925925925925924,0.0,0.0
0.8851851851851854,0.6925925925925924,0.0,0.0
0.8851851851851854,0.700000000000001,0.00020366598778004074,0.0
0.8851851851851854,0.700000000000001,0.00020366598778004074,0.0
0.8851851851851854,0.707407407407407,0.0,0.0
0.8851851851851854,0.707407407407407,0.0,0.0
0.8851851851851854,0.7148148148148156,0.0,0.0
0.8851851851851854,0.7148148148148156,0.0,0.0
0.8851851851851854,0.7222222222222218,0.0,0.0003518648838845883
0.8851851851851854,0.7222222222222218,0.0,0.0003518648838845883
0.8851851851851854,0.7296296296296302,0.0,0.0003518648838845883
0.8851851851851854,0.7296296296296302,0.0,0.0003518648838845883
0.8851851851851854,0.7370370370370364,0.0,0.0003518648838845883
0.8851851851851854,0.7370370370370364,0.0,0.0003518648838845883
0.8851851851851854,0.7444444444444448,0.0,0.0003518648838845883
0.8851851851851854,0.7444444444444448,0.0,0.0003518648838845883
0.8851851851851854,0.751851851851851,0.0,0.0
0.8851851851851854,0.751851851851851,0.0,0.0
0.8851851851851854,0.7592592592592594,0.0,0.0003518648838845883
0.8851851851851854,0.7592592592592594,0.0,0.0003518648838845883
0.8851851851851854,0.7666666666666656,0.0,0.0003518648838845883
0.8851851851851854,0.7666666666666656,0.0,0.0003518648838845883
0.8851851851851854,0.774074074074074,0.0,0.0003518648838845883
0.8851851851851854,0.774074074074074,0.0,0.0003518648838845883
0.8851851851851854,0.7814814814814826,0.0,0.0003518648838845883
0.8851851851851854,0.7814814814814826,0.0,0.0003518648838845883
0.8851851851851854,0.7888888888888886,0.0,0.0003518648838845883
0.8851851851851854,0.7888888888888886,0.0,0.0003518648838845883
0.8851851851851854,0.7962962962962972,0.0,0.0003518648838845883
0.8851851851851854,0.7962962962962972,0.0,0.0003518648838845883
0.8851851851851854,0.8037037037037034,0.0,0.0003518648838845883
0.8851851851851854,0.8037037037037034,0.0,0.0003518648838845883
0.8851851851851854,0.8111111111111118,0.0,0.0003518648838845883
0.8851851851851854,0.8111111111111118,0.0,0.0003518648838845883
0.8851851851851854,0.818518518518518,0.0,0.0003518648838845883
0.8851851851851854,0.818518518518518,0.0,0.0003518648838845883
0.8851851851851854,0.8259259259259264,0.0,0.0003518648838845883
0.8851851851851854,0.8259259259259264,0.0,0.0003518648838845883
0.8851851851851854,0.8333333333333326,0.0,0.0003518648838845883
0.8851851851851854,0.8333333333333326,0.0,0.0003518648838845883
0.8851851851851854,0.840740740740741,0.0,0.0
0.8851851851851854,0.840740740740741,0.0,0.0
0.8851851851851854,0.8481481481481472,0.0,0.0
0.8851851851851854,0.8481481481481472,0.0,0.0
0.8851851851851854,0.8555555555555556,0.0,0.0003518648838845883
0.8851851851851854,0.8555555555555556,0.0,0.0003518648838845883
0.8851851851851854,0.8629629629629642,0.00020366598778004074,0.0
0.8851851851851854,0.8629629629629642,0.00020366598778004074,0.0
0.8851851851851854,0.8703703703703702,0.00020366598778004074,0.0
0.8851851851851854,0.8703703703703702,0.00020366598778004074,0.0
0.8851851851851854,0.8777777777777788,0.00020366598778004074,0.0
0.8851851851851854,0.8777777777777788,0.00020366598778004074,0.0
0.8851851851851854,0.885185185185185,0.00020366598778004074,0.0
0.8851851851851854,0.885185185185185,0.00020366598778004074,0.0
0.8851851851851854,0.8925925925925934,0.00020366598778004074,0.0
0.8851851851851854,0.8925925925925934,0.00020366598778004074,0.0
0.8851851851851854,0.8999999999999996,0.00020366598778004074,0.0
0.8851851851851854,0.8999999999999996,0.00020366598778004074,0.0
0.8851851851851854,0.907407407407408,0.00020366598778004074,0.0
0.8851851851851854,0.907407407407408,0.00020366598778004074,0.0
0.8851851851851854,0.9148148148148142,0.0,0.0003518648838845883
0.8851851851851854,0.9148148148148142,0.0,0.0003518648838845883
0.8851851851851854,0.9222222222222226,0.0,0.0003518648838845883
0.8851851851851854,0.9222222222222226,0.0,0.0003518648838845883
0.8851851851851854,0.9296296296296288,0.00020366598778004074,0.0
0.8851851851851854,0.9296296296296288,0.00020366598778004074,0.0
0.8851851851851854,0.9370370370370372,0.00020366598778004074,0.0
0.8851851851851854,0.9370370370370372,0.00020366598778004074,0.0
0.8851851851851854,0.9444444444444434,0.00020366598778004074,0.0
0.8851851851851854,0.9444444444444434,0.00020366598778004074,0.0
0.8851851851851854,0.9518518518518518,0.00020366598778004074,0.0
0.8851851851851854,0.9518518518518518,0.00020366598778004074,0.0
0.8851851851851854,0.9592592592592604,0.00020366598778004074,0.0
0.8851851851851854,0.9592592592592604,0.00020366598778004074,0.0
0.8851851851851854,0.9666666666666666,0.00020366598778004074,0.0
0.8851851851851854,0.9666666666666666,0.00020366598778004074,0.0
0.8851851851851854,0.974074074074075,0.00020366598778004074,0.0
0.8851851851851854,0.974074074074075,0.00020366598778004074,0.0
0.8851851851851854,0.9814814814814812,0.00020366598778004074,0.0
0.8851851851851854,0.9814814814814812,0.00020366598778004074,0.0
0.8851851851851854,0.9888888888888896,0.00020366598778004074,0.0
0.8851851851851854,0.9888888888888896,0.00020366598778004074,0.0
0.8851851851851854,0.9962962962962958,0.00020366598778004074,0.0
0.8851851851851854,0.9962962962962958,0.00020366598778004074,0.0
0.8925925925925927,0.4037037037037038,0.0,0.0
0.8925925925925927,0.4037037037037038,0.0,0.0
0.8925925925925927,0.4111111111111122,0.0,0.0
0.8925925925925927,0.4111111111111122,0.0,0.0
0.8925925925925927,0.4185185185185184,0.0,0.0
0.8925925925925927,0.4185185185185184,0.0,0.0
0.8925925925925927,0.4259259259259269,0.0,0.0
0.8925925925925927,0.4259259259259269,0.0,0.0
0.8925925925925927,0.433333333333333,0.0,0.0
0.8925925925925927,0.433333333333333,0.0,0.0
0.8925925925925927,0.4407407407407415,0.0,0.0
0.8925925925925927,0.4407407407407415,0.0,0.0
0.8925925925925927,0.4481481481481477,0.00020366598778004074,0.0
0.8925925925925927,0.4481481481481477,0.00020366598778004074,0.0
0.8925925925925927,0.4555555555555561,0.0,0.0
0.8925925925925927,0.4555555555555561,0.0,0.0
0.8925925925925927,0.4629629629629623,0.0,0.0
0.8925925925925927,0.4629629629629623,0.0,0.0
0.8925925925925927,0.4703703703703707,0.0,0.0
0.8925925925925927,0.4703703703703707,0.0,0.0
0.8925925925925927,0.4777777777777769,0.0,0.0
0.8925925925925927,0.4777777777777769,0.0,0.0
0.8925925925925927,0.4851851851851854,0.0,0.0
0.8925925925925927,0.4851851851851854,0.0,0.0
0.8925925925925927,0.4925925925925915,0.0,0.0
0.8925925925925927,0.4925925925925915,0.0,0.0
0.8925925925925927,0.5,0.0,0.0
0.8925925925925927,0.5,0.0,0.0
0.8925925925925927,0.5074074074074084,0.0,0.0
0.8925925925925927,0.5074074074074084,0.0,0.0
0.8925925925925927,0.5148148148148146,0.00020366598778004074,0.0
0.8925925925925927,0.5148148148148146,0.00020366598778004074,0.0
0.8925925925925927,0.522222222222223,0.00020366598778004074,0.0
0.8925925925925927,0.522222222222223,0.00020366598778004074,0.0
0.8925925925925927,0.5296296296296292,0.00020366598778004074,0.0
0.8925925925925927,0.5296296296296292,0.00020366598778004074,0.0
0.8925925925925927,0.5370370370370378,0.00020366598778004074,0.0
0.8925925925925927,0.5370370370370378,0.00020366598778004074,0.0
0.8925925925925927,0.5444444444444438,0.00020366598778004074,0.0
0.8925925925925927,0.5444444444444438,0.00020366598778004074,0.0
0.8925925925925927,0.5518518518518524,0.00020366598778004074,0.0
0.8925925925925927,0.5518518518518524,0.00020366598778004074,0.0
0.8925925925925927,0.5592592592592586,0.00020366598778004074,0.0
0.8925925925925927,0.5592592592592586,0.00020366598778004074,0.0
0.8925925925925927,0.566666666666667,0.00020366598778004074,0.0
0.8925925925925927,0.566666666666667,0.00020366598778004074,0.0
0.8925925925925927,0.5740740740740732,0.00020366598778004074,0.0
0.8925925925925927,0.5740740740740732,0.00020366598778004074,0.0
0.8925925925925927,0.5814814814814816,0.00020366598778004074,0.0
0.8925925925925927,0.5814814814814816,0.00020366598778004074,0.0
0.8925925925925927,0.58888888888889,0.00020366598778004074,0.0
0.8925925925925927,0.58888888888889,0.00020366598778004074,0.0
0.8925925925925927,0.5962962962962962,0.00020366598778004074,0.0
0.8925925925925927,0.5962962962962962,0.00020366598778004074,0.0
0.8925925925925927,0.6037037037037046,0.00020366598778004074,0.0
0.8925925925925927,0.6037037037037046,0.00020366598778004074,0.0
0.8925925925925927,0.6111111111111108,0.00020366598778004074,0.0
0.8925925925925927,0.6111111111111108,0.00020366598778004074,0.0
0.8925925925925927,0.6185185185185194,0.0,0.0
0.8925925925925927,0.6185185185185194,0.0,0.0
0.8925925925925927,0.6259259259259254,0.0,0.0
0.8925925925925927,0.6259259259259254,0.0,0.0
0.8925925925925927,0.633333333333334,0.0,0.0
0.8925925925925927,0.633333333333334,0.0,0.0
0.8925925925925927,0.6407407407407402,0.00020366598778004074,0.0
0.8925925925925927,0.6407407407407402,0.00020366598778004074,0.0
0.8925925925925927,0.6481481481481486,0.00020366598778004074,0.0
0.8925925925925927,0.6481481481481486,0.00020366598778004074,0.0
0.8925925925925927,0.6555555555555548,0.0,0.0
0.8925925925925927,0.6555555555555548,0.0,0.0
0.8925925925925927,0.6629629629629632,0.0,0.0
0.8925925925925927,0.6629629629629632,0.0,0.0
0.8925925925925927,0.6703703703703694,0.0,0.0
0.8925925925925927,0.6703703703703694,0.0,0.0
0.8925925925925927,0.6777777777777778,0.0,0.0
0.8925925925925927,0.6777777777777778,0.0,0.0
0.8925925925925927,0.6851851851851862,0.00020366598778004074,0.0
0.8925925925925927,0.6851851851851862,0.00020366598778004074,0.0
0.8925925925925927,0.6925925925925924,0.0,0.0
0.8925925925925927,0.6925925925925924,0.0,0.0
0.8925925925925927,0.700000000000001,0.0,0.0
0.8925925925925927,0.700000000000001,0.0,0.0
0.8925925925925927,0.707407407407407,0.0,0.0003518648838845883
0.8925925925925927,0.707407407407407,0.0,0.0003518648838845883
0.8925925925925927,0.7148148148148156,0.0,0.0
0.8925925925925927,0.7148148148148156,0.0,0.0
0.8925925925925927,0.7222222222222218,0.0,0.0003518648838845883
0.8925925925925927,0.7222222222222218,0.0,0.0003518648838845883
0.8925925925925927,0.7296296296296302,0.0,0.0
0.8925925925925927,0.7296296296296302,0.0,0.0
0.8925925925925927,0.7370370370370364,0.0,0.0
0.8925925925925927,0.7370370370370364,0.0,0.0
0.8925925925925927,0.7444444444444448,0.0,0.0003518648838845883
0.8925925925925927,0.7444444444444448,0.0,0.0003518648838845883
0.8925925925925927,0.751851851851851,0.0,0.0003518648838845883
0.8925925925925927,0.751851851851851,0.0,0.0003518648838845883
0.8925925925925927,0.7592592592592594,0.0,0.0003518648838845883
0.8925925925925927,0.7592592592592594,0.0,0.0003518648838845883
0.8925925925925927,0.7666666666666656,0.0,0.0003518648838845883
0.8925925925925927,0.7666666666666656,0.0,0.0003518648838845883
0.8925925925925927,0.774074074074074,0.0,0.0003518648838845883
0.8925925925925927,0.774074074074074,0.0,0.0003518648838845883
0.8925925925925927,0.7814814814814826,0.0,0.0003518648838845883
0.8925925925925927,0.7814814814814826,0.0,0.0003518648838845883
0.8925925925925927,0.7888888888888886,0.0,0.0003518648838845883
0.8925925925925927,0.7888888888888886,0.0,0.0003518648838845883
0.8925925925925927,0.7962962962962972,0.00020366598778004074,0.0
0.8925925925925927,0.7962962962962972,0.00020366598778004074,0.0
0.8925925925925927,0.8037037037037034,0.0,0.0003518648838845883
0.8925925925925927,0.8037037037037034,0.0,0.0003518648838845883
0.8925925925925927,0.8111111111111118,0.0,0.0003518648838845883
0.8925925925925927,0.8111111111111118,0.0,0.0003518648838845883
0.8925925925925927,0.818518518518518,0.0,0.0003518648838845883
0.8925925925925927,0.818518518518518,0.0,0.0003518648838845883
0.8925925925925927,0.8259259259259264,0.0,0.0003518648838845883
0.8925925925925927,0.8259259259259264,0.0,0.0003518648838845883
0.8925925925925927,0.8333333333333326,0.0,0.0003518648838845883
0.8925925925925927,0.8333333333333326,0.0,0.0003518648838845883
0.8925925925925927,0.840740740740741,0.0,0.0003518648838845883
0.8925925925925927,0.840740740740741,0.0,0.0003518648838845883
0.8925925925925927,0.8481481481481472,0.00020366598778004074,0.0
0.8925925925925927,0.8481481481481472,0.00020366598778004074,0.0
0.8925925925925927,0.8555555555555556,0.0,0.0003518648838845883
0.8925925925925927,0.8555555555555556,0.0,0.0003518648838845883
0.8925925925925927,0.8629629629629642,0.00020366598778004074,0.0
0.8925925925925927,0.8629629629629642,0.00020366598778004074,0.0
0.8925925925925927,0.8703703703703702,0.00020366598778004074,0.0
0.8925925925925927,0.8703703703703702,0.00020366598778004074,0.0
0.8925925925925927,0.8777777777777788,0.00020366598778004074,0.0
0.8925925925925927,0.8777777777777788,0.00020366598778004074,0.0
0.8925925925925927,0.885185185185185,0.00020366598778004074,0.0
0.8925925925925927,0.885185185185185,0.00020366598778004074,0.0
0.8925925925925927,0.8925925925925934,0.00020366598778004074,0.0
0.8925925925925927,0.8925925925925934,0.00020366598778004074,0.0
0.8925925925925927,0.8999999999999996,0.00020366598778004074,0.0
0.8925925925925927,0.8999999999999996,0.00020366598778004074,0.0
0.8925925925925927,0.907407407407408,0.00020366598778004074,0.0
0.8925925925925927,0.907407407407408,0.00020366598778004074,0.0
0.8925925925925927,0.9148148148148142,0.00020366598778004074,0.0
0.8925925925925927,0.9148148148148142,0.00020366598778004074,0.0
0.8925925925925927,0.9222222222222226,0.00020366598778004074,0.0
0.8925925925925927,0.9222222222222226,0.00020366598778004074,0.0
0.8925925925925927,0.9296296296296288,0.00020366598778004074,0.0
0.8925925925925927,0.9296296296296288,0.00020366598778004074,0.0
0.8925925925925927,0.9370370370370372,0.00020366598778004074,0.0
0.8925925925925927,0.9370370370370372,0.00020366598778004074,0.0
0.8925925925925927,0.9444444444444434,0.00020366598778004074,0.0
0.8925925925925927,0.9444444444444434,0.00020366598778004074,0.0
0.8925925925925927,0.9518518518518518,0.00020366598778004074,0.0
0.8925925925925927,0.9518518518518518,0.00020366598778004074,0.0
0.8925925925925927,0.9592592592592604,0.00020366598778004074,0.0
0.8925925925925927,0.9592592592592604,0.00020366598778004074,0.0
0.8925925925925927,0.9666666666666666,0.00020366598778004074,0.0
0.8925925925925927,0.9666666666666666,0.00020366598778004074,0.0
0.8925925925925927,0.974074074074075,0.00020366598778004074,0.0
0.8925925925925927,0.974074074074075,0.00020366598778004074,0.0
0.8925925925925927,0.9814814814814812,0.00020366598778004074,0.0
0.8925925925925927,0.9814814814814812,0.00020366598778004074,0.0
0.8925925925925927,0.9888888888888896,0.00020366598778004074,0.0
0.8925925925925927,0.9888888888888896,0.00020366598778004074,0.0
0.8925925925925927,0.9962962962962958,0.00020366598778004074,0.0
0.8925925925925927,0.9962962962962958,0.00020366598778004074,0.0
0.9,0.4037037037037038,0.0,0.0
0.9,0.4037037037037038,0.0,0.0
0.9,0.4111111111111122,0.0,0.0
0.9,0.4111111111111122,0.0,0.0
0.9,0.4185185185185184,0.0,0.0003518648838845883
0.9,0.4185185185185184,0.0,0.0003518648838845883
0.9,0.4259259259259269,0.0,0.0
0.9,0.4259259259259269,0.0,0.0
0.9,0.433333333333333,0.0,0.0
0.9,0.433333333333333,0.0,0.0
0.9,0.4407407407407415,0.0,0.0
0.9,0.4407407407407415,0.0,0.0
0.9,0.4481481481481477,0.00020366598778004074,0.0
0.9,0.4481481481481477,0.00020366598778004074,0.0
0.9,0.4555555555555561,0.0,0.0
0.9,0.4555555555555561,0.0,0.0
0.9,0.4629629629629623,0.0,0.0
0.9,0.4629629629629623,0.0,0.0
0.9,0.4703703703703707,0.0,0.0
0.9,0.4703703703703707,0.0,0.0
0.9,0.4777777777777769,0.0,0.0
0.9,0.4777777777777769,0.0,0.0
0.9,0.4851851851851854,0.0,0.0
0.9,0.4851851851851854,0.0,0.0
0.9,0.4925925925925915,0.0,0.0
0.9,0.4925925925925915,0.0,0.0
0.9,0.5,0.0,0.0
0.9,0.5,0.0,0.0
0.9,0.5074074074074084,0.00020366598778004074,0.0
0.9,0.5074074074074084,0.00020366598778004074,0.0
0.9,0.5148148148148146,0.0,0.0
0.9,0.5148148148148146,0.0,0.0
0.9,0.522222222222223,0.00020366598778004074,0.0
0.9,0.522222222222223,0.00020366598778004074,0.0
0.9,0.5296296296296292,0.00020366598778004074,0.0
0.9,0.5296296296296292,0.00020366598778004074,0.0
0.9,0.5370370370370378,0.00020366598778004074,0.0
0.9,0.5370370370370378,0.00020366598778004074,0.0
0.9,0.5444444444444438,0.00020366598778004074,0.0
0.9,0.5444444444444438,0.00020366598778004074,0.0
0.9,0.5518518518518524,0.00020366598778004074,0.0
0.9,0.5518518518518524,0.00020366598778004074,0.0
0.9,0.5592592592592586,0.00020366598778004074,0.0
0.9,0.5592592592592586,0.00020366598778004074,0.0
0.9,0.566666666666667,0.00020366598778004074,0.0
0.9,0.566666666666667,0.00020366598778004074,0.0
0.9,0.5740740740740732,0.00020366598778004074,0.0
0.9,0.5740740740740732,0.00020366598778004074,0.0
0.9,0.5814814814814816,0.00020366598778004074,0.0
0.9,0.5814814814814816,0.00020366598778004074,0.0
0.9,0.58888888888889,0.00020366598778004074,0.0
0.9,0.58888888888889,0.00020366598778004074,0.0
0.9,0.5962962962962962,0.0,0.0
0.9,0.5962962962962962,0.0,0.0
0.9,0.6037037037037046,0.00020366598778004074,0.0
0.9,0.6037037037037046,0.00020366598778004074,0.0
0.9,0.6111111111111108,0.00020366598778004074,0.0
0.9,0.6111111111111108,0.00020366598778004074,0.0
0.9,0.6185185185185194,0.00020366598778004074,0.0
0.9,0.6185185185185194,0.00020366598778004074,0.0
0.9,0.6259259259259254,0.0,0.0
0.9,0.6259259259259254,0.0,0.0
0.9,0.633333333333334,0.00020366598778004074,0.0
0.9,0.633333333333334,0.00020366598778004074,0.0
0.9,0.6407407407407402,0.0,0.0
0.9,0.6407407407407402,0.0,0.0
0.9,0.6481481481481486,0.00020366598778004074,0.0
0.9,0.6481481481481486,0.00020366598778004074,0.0
0.9,0.6555555555555548,0.00020366598778004074,0.0
0.9,0.6555555555555548,0.00020366598778004074,0.0
0.9,0.6629629629629632,0.00020366598778004074,0.0
0.9,0.6629629629629632,0.00020366598778004074,0.0
0.9,0.6703703703703694,0.00020366598778004074,0.0
0.9,0.6703703703703694,0.00020366598778004074,0.0
0.9,0.6777777777777778,0.00020366598778004074,0.0
0.9,0.6777777777777778,0.00020366598778004074,0.0
0.9,0.6851851851851862,0.0,0.0
0.9,0.6851851851851862,0.0,0.0
0.9,0.6925925925925924,0.0,0.0
0.9,0.6925925925925924,0.0,0.0
0.9,0.700000000000001,0.0,0.0003518648838845883
0.9,0.700000000000001,0.0,0.0003518648838845883
0.9,0.707407407407407,0.0,0.0
0.9,0.707407407407407,0.0,0.0
0.9,0.7148148148148156,0.00020366598778004074,0.0
0.9,0.7148148148148156,0.00020366598778004074,0.0
0.9,0.7222222222222218,0.0,0.0003518648838845883
0.9,0.7222222222222218,0.0,0.0003518648838845883
0.9,0.7296296296296302,0.0,0.0
0.9,0.7296296296296302,0.0,0.0
0.9,0.7370370370370364,0.0,0.0
0.9,0.7370370370370364,0.0,0.0
0.9,0.7444444444444448,0.0,0.0003518648838845883
0.9,0.7444444444444448,0.0,0.0003518648838845883
0.9,0.751851851851851,0.0,0.0003518648838845883
0.9,0.751851851851851,0.0,0.0003518648838845883
0.9,0.7592592592592594,0.0,0.0003518648838845883
0.9,0.7592592592592594,0.0,0.0003518648838845883
0.9,0.7666666666666656,0.0,0.0003518648838845883
0.9,0.7666666666666656,0.0,0.0003518648838845883
0.9,0.774074074074074,0.0,0.0003518648838845883
0.9,0.774074074074074,0.0,0.0003518648838845883
0.9,0.7814814814814826,0.00020366598778004074,0.0
0.9,0.7814814814814826,0.00020366598778004074,0.0
0.9,0.7888888888888886,0.00020366598778004074,0.0
0.9,0.7888888888888886,0.00020366598778004074,0.0
0.9,0.7962962962962972,0.00020366598778004074,0.0
0.9,0.7962962962962972,0.00020366598778004074,0.0
0.9,0.8037037037037034,0.00020366598778004074,0.0
0.9,0.8037037037037034,0.00020366598778004074,0.0
0.9,0.8111111111111118,0.00020366598778004074,0.0
0.9,0.8111111111111118,0.00020366598778004074,0.0
0.9,0.818518518518518,0.0,0.0
0.9,0.818518518518518,0.0,0.0
0.9,0.8259259259259264,0.0,0.0003518648838845883
0.9,0.8259259259259264,0.0,0.0003518648838845883
0.9,0.8333333333333326,0.0,0.0003518648838845883
0.9,0.8333333333333326,0.0,0.0003518648838845883
0.9,0.840740740740741,0.0,0.0003518648838845883
0.9,0.840740740740741,0.0,0.0003518648838845883
0.9,0.8481481481481472,0.0,0.0003518648838845883
0.9,0.8481481481481472,0.0,0.0003518648838845883
0.9,0.8555555555555556,0.0,0.0003518648838845883
0.9,0.8555555555555556,0.0,0.0003518648838845883
0.9,0.8629629629629642,0.0,0.0003518648838845883
0.9,0.8629629629629642,0.0,0.0003518648838845883
0.9,0.8703703703703702,0.0,0.0003518648838845883
0.9,0.8703703703703702,0.0,0.0003518648838845883
0.9,0.8777777777777788,0.00020366598778004074,0.0
0.9,0.8777777777777788,0.00020366598778004074,0.0
0.9,0.885185185185185,0.00020366598778004074,0.0
0.9,0.885185185185185,0.00020366598778004074,0.0
0.9,0.8925925925925934,0.00020366598778004074,0.0
0.9,0.8925925925925934,0.00020366598778004074,0.0
0.9,0.8999999999999996,0.00020366598778004074,0.0
0.9,0.8999999999999996,0.00020366598778004074,0.0
0.9,0.907407407407408,0.00020366598778004074,0.0
0.9,0.907407407407408,0.00020366598778004074,0.0
0.9,0.9148148148148142,0.00020366598778004074,0.0
0.9,0.9148148148148142,0.00020366598778004074,0.0
0.9,0.9222222222222226,0.00020366598778004074,0.0
0.9,0.9222222222222226,0.00020366598778004074,0.0
0.9,0.9296296296296288,0.00020366598778004074,0.0
0.9,0.9296296296296288,0.00020366598778004074,0.0
0.9,0.9370370370370372,0.00020366598778004074,0.0
0.9,0.9370370370370372,0.00020366598778004074,0.0
0.9,0.9444444444444434,0.00020366598778004074,0.0
0.9,0.9444444444444434,0.00020366598778004074,0.0
0.9,0.9518518518518518,0.00020366598778004074,0.0
0.9,0.9518518518518518,0.00020366598778004074,0.0
0.9,0.9592592592592604,0.00020366598778004074,0.0
0.9,0.9592592592592604,0.00020366598778004074,0.0
0.9,0.9666666666666666,0.00020366598778004074,0.0
0.9,0.9666666666666666,0.00020366598778004074,0.0
0.9,0.974074074074075,0.00020366598778004074,0.0
0.9,0.974074074074075,0.00020366598778004074,0.0
0.9,0.9814814814814812,0.00020366598778004074,0.0
0.9,0.9814814814814812,0.00020366598778004074,0.0
0.9,0.9888888888888896,0.00020366598778004074,0.0
0.9,0.9888888888888896,0.00020366598778004074,0.0
0.9,0.9962962962962958,0.0,0.0
0.9,0.9962962962962958,0.0,0.0
0.9074074074074076,0.4037037037037038,0.00020366598778004074,0.0
0.9074074074074076,0.4037037037037038,0.00020366598778004074,0.0
0.9074074074074076,0.4111111111111122,0.0,0.0
0.9074074074074076,0.4111111111111122,0.0,0.0
0.9074074074074076,0.4185185185185184,0.0,0.0
0.9074074074074076,0.4185185185185184,0.0,0.0
0.9074074074074076,0.4259259259259269,0.0,0.0
0.9074074074074076,0.4259259259259269,0.0,0.0
0.9074074074074076,0.433333333333333,0.0,0.0
0.9074074074074076,0.433333333333333,0.0,0.0
0.9074074074074076,0.4407407407407415,0.00020366598778004074,0.0
0.9074074074074076,0.4407407407407415,0.00020366598778004074,0.0
0.9074074074074076,0.4481481481481477,0.00020366598778004074,0.0
0.9074074074074076,0.4481481481481477,0.00020366598778004074,0.0
0.9074074074074076,0.4555555555555561,0.0,0.0
0.9074074074074076,0.4555555555555561,0.0,0.0
0.9074074074074076,0.4629629629629623,0.0,0.0
0.9074074074074076,0.4629629629629623,0.0,0.0
0.9074074074074076,0.4703703703703707,0.0,0.0
0.9074074074074076,0.4703703703703707,0.0,0.0
0.9074074074074076,0.4777777777777769,0.0,0.0
0.9074074074074076,0.4777777777777769,0.0,0.0
0.9074074074074076,0.4851851851851854,0.0,0.0
0.9074074074074076,0.4851851851851854,0.0,0.0
0.9074074074074076,0.4925925925925915,0.0,0.0
0.9074074074074076,0.4925925925925915,0.0,0.0
0.9074074074074076,0.5,0.0,0.0
0.9074074074074076,0.5,0.0,0.0
0.9074074074074076,0.5074074074074084,0.0,0.0
0.9074074074074076,0.5074074074074084,0.0,0.0
0.9074074074074076,0.5148148148148146,0.00020366598778004074,0.0
0.9074074074074076,0.5148148148148146,0.00020366598778004074,0.0
0.9074074074074076,0.522222222222223,0.00020366598778004074,0.0
0.9074074074074076,0.522222222222223,0.00020366598778004074,0.0
0.9074074074074076,0.5296296296296292,0.00020366598778004074,0.0
0.9074074074074076,0.5296296296296292,0.00020366598778004074,0.0
0.9074074074074076,0.5370370370370378,0.00020366598778004074,0.0
0.9074074074074076,0.5370370370370378,0.00020366598778004074,0.0
0.9074074074074076,0.5444444444444438,0.00020366598778004074,0.0
0.9074074074074076,0.5444444444444438,0.00020366598778004074,0.0
0.9074074074074076,0.5518518518518524,0.0,0.0
0.9074074074074076,0.5518518518518524,0.0,0.0
0.9074074074074076,0.5592592592592586,0.0,0.0
0.9074074074074076,0.5592592592592586,0.0,0.0
0.9074074074074076,0.566666666666667,0.00020366598778004074,0.0
0.9074074074074076,0.566666666666667,0.00020366598778004074,0.0
0.9074074074074076,0.5740740740740732,0.0,0.0
0.9074074074074076,0.5740740740740732,0.0,0.0
0.9074074074074076,0.5814814814814816,0.0,0.0
0.9074074074074076,0.5814814814814816,0.0,0.0
0.9074074074074076,0.58888888888889,0.00020366598778004074,0.0
0.9074074074074076,0.58888888888889,0.00020366598778004074,0.0
0.9074074074074076,0.5962962962962962,0.00020366598778004074,0.0
0.9074074074074076,0.5962962962962962,0.00020366598778004074,0.0
0.9074074074074076,0.6037037037037046,0.00020366598778004074,0.0
0.9074074074074076,0.6037037037037046,0.00020366598778004074,0.0
0.9074074074074076,0.6111111111111108,0.0,0.0
0.9074074074074076,0.6111111111111108,0.0,0.0
0.9074074074074076,0.6185185185185194,0.00020366598778004074,0.0
0.9074074074074076,0.6185185185185194,0.00020366598778004074,0.0
0.9074074074074076,0.6259259259259254,0.00020366598778004074,0.0
0.9074074074074076,0.6259259259259254,0.00020366598778004074,0.0
0.9074074074074076,0.633333333333334,0.0,0.0
0.9074074074074076,0.633333333333334,0.0,0.0
0.9074074074074076,0.6407407407407402,0.0,0.0
0.9074074074074076,0.6407407407407402,0.0,0.0
0.9074074074074076,0.6481481481481486,0.0,0.0
0.9074074074074076,0.6481481481481486,0.0,0.0
0.9074074074074076,0.6555555555555548,0.00020366598778004074,0.0
0.9074074074074076,0.6555555555555548,0.00020366598778004074,0.0
0.9074074074074076,0.6629629629629632,0.0,0.0
0.9074074074074076,0.6629629629629632,0.0,0.0
0.9074074074074076,0.6703703703703694,0.0,0.0
0.9074074074074076,0.6703703703703694,0.0,0.0
0.9074074074074076,0.6777777777777778,0.0,0.0
0.9074074074074076,0.6777777777777778,0.0,0.0
0.9074074074074076,0.6851851851851862,0.0,0.0
0.9074074074074076,0.6851851851851862,0.0,0.0
0.9074074074074076,0.6925925925925924,0.00020366598778004074,0.0
0.9074074074074076,0.6925925925925924,0.00020366598778004074,0.0
0.9074074074074076,0.700000000000001,0.0,0.0
0.9074074074074076,0.700000000000001,0.0,0.0
0.9074074074074076,0.707407407407407,0.00020366598778004074,0.0
0.9074074074074076,0.707407407407407,0.00020366598778004074,0.0
0.9074074074074076,0.7148148148148156,0.0,0.0
0.9074074074074076,0.7148148148148156,0.0,0.0
0.9074074074074076,0.7222222222222218,0.0,0.0
0.9074074074074076,0.7222222222222218,0.0,0.0
0.9074074074074076,0.7296296296296302,0.0,0.0
0.9074074074074076,0.7296296296296302,0.0,0.0
0.9074074074074076,0.7370370370370364,0.0,0.0
0.9074074074074076,0.7370370370370364,0.0,0.0
0.9074074074074076,0.7444444444444448,0.0,0.0
0.9074074074074076,0.7444444444444448,0.0,0.0
0.9074074074074076,0.751851851851851,0.0,0.0003518648838845883
0.9074074074074076,0.751851851851851,0.0,0.0003518648838845883
0.9074074074074076,0.7592592592592594,0.0,0.0003518648838845883
0.9074074074074076,0.7592592592592594,0.0,0.0003518648838845883
0.9074074074074076,0.7666666666666656,0.0,0.0003518648838845883
0.9074074074074076,0.7666666666666656,0.0,0.0003518648838845883
0.9074074074074076,0.774074074074074,0.0,0.0003518648838845883
0.9074074074074076,0.774074074074074,0.0,0.0003518648838845883
0.9074074074074076,0.7814814814814826,0.0,0.0003518648838845883
0.9074074074074076,0.7814814814814826,0.0,0.0003518648838845883
0.9074074074074076,0.7888888888888886,0.0,0.0003518648838845883
0.9074074074074076,0.7888888888888886,0.0,0.0003518648838845883
0.9074074074074076,0.7962962962962972,0.00020366598778004074,0.0
0.9074074074074076,0.7962962962962972,0.00020366598778004074,0.0
0.9074074074074076,0.8037037037037034,0.00020366598778004074,0.0
0.9074074074074076,0.8037037037037034,0.00020366598778004074,0.0
0.9074074074074076,0.8111111111111118,0.00020366598778004074,0.0
0.9074074074074076,0.8111111111111118,0.00020366598778004074,0.0
0.9074074074074076,0.818518518518518,0.0,0.0003518648838845883
0.9074074074074076,0.818518518518518,0.0,0.0003518648838845883
0.9074074074074076,0.8259259259259264,0.00020366598778004074,0.0
0.9074074074074076,0.8259259259259264,0.00020366598778004074,0.0
0.9074074074074076,0.8333333333333326,0.00020366598778004074,0.0
0.9074074074074076,0.8333333333333326,0.00020366598778004074,0.0
0.9074074074074076,0.840740740740741,0.0,0.0003518648838845883
0.9074074074074076,0.840740740740741,0.0,0.0003518648838845883
0.9074074074074076,0.8481481481481472,0.0,0.0003518648838845883
0.9074074074074076,0.8481481481481472,0.0,0.0003518648838845883
0.9074074074074076,0.8555555555555556,0.0,0.0003518648838845883
0.9074074074074076,0.8555555555555556,0.0,0.0003518648838845883
0.9074074074074076,0.8629629629629642,0.0,0.0003518648838845883
0.9074074074074076,0.8629629629629642,0.0,0.0003518648838845883
0.9074074074074076,0.8703703703703702,0.00020366598778004074,0.0
0.9074074074074076,0.8703703703703702,0.00020366598778004074,0.0
0.9074074074074076,0.8777777777777788,0.00020366598778004074,0.0
0.9074074074074076,0.8777777777777788,0.00020366598778004074,0.0
0.9074074074074076,0.885185185185185,0.00020366598778004074,0.0
0.9074074074074076,0.885185185185185,0.00020366598778004074,0.0
0.9074074074074076,0.8925925925925934,0.00020366598778004074,0.0
0.9074074074074076,0.8925925925925934,0.00020366598778004074,0.0
0.9074074074074076,0.8999999999999996,0.00020366598778004074,0.0
0.9074074074074076,0.8999999999999996,0.00020366598778004074,0.0
0.9074074074074076,0.907407407407408,0.00020366598778004074,0.0
0.9074074074074076,0.907407407407408,0.00020366598778004074,0.0
0.9074074074074076,0.9148148148148142,0.00020366598778004074,0.0
0.9074074074074076,0.9148148148148142,0.00020366598778004074,0.0
0.9074074074074076,0.9222222222222226,0.00020366598778004074,0.0
0.9074074074074076,0.9222222222222226,0.00020366598778004074,0.0
0.9074074074074076,0.9296296296296288,0.00020366598778004074,0.0
0.9074074074074076,0.9296296296296288,0.00020366598778004074,0.0
0.9074074074074076,0.9370370370370372,0.00020366598778004074,0.0
0.9074074074074076,0.9370370370370372,0.00020366598778004074,0.0
0.9074074074074076,0.9444444444444434,0.00020366598778004074,0.0
0.9074074074074076,0.9444444444444434,0.00020366598778004074,0.0
0.9074074074074076,0.9518518518518518,0.0,0.0
0.9074074074074076,0.9518518518518518,0.0,0.0
0.9074074074074076,0.9592592592592604,0.0,0.0003518648838845883
0.9074074074074076,0.9592592592592604,0.0,0.0003518648838845883
0.9074074074074076,0.9666666666666666,0.0,0.0003518648838845883
0.9074074074074076,0.9666666666666666,0.0,0.0003518648838845883
0.9074074074074076,0.974074074074075,0.0,0.0003518648838845883
0.9074074074074076,0.974074074074075,0.0,0.0003518648838845883
0.9074074074074076,0.9814814814814812,0.00020366598778004074,0.0
0.9074074074074076,0.9814814814814812,0.00020366598778004074,0.0
0.9074074074074076,0.9888888888888896,0.00020366598778004074,0.0
0.9074074074074076,0.9888888888888896,0.00020366598778004074,0.0
0.9074074074074076,0.9962962962962958,0.00020366598778004074,0.0
0.9074074074074076,0.9962962962962958,0.00020366598778004074,0.0
0.9148148148148147,0.4111111111111122,0.0,0.0
0.9148148148148147,0.4111111111111122,0.0,0.0
0.9148148148148147,0.4185185185185184,0.0,0.0
0.9148148148148147,0.4185185185185184,0.0,0.0
0.9148148148148147,0.4259259259259269,0.0,0.0
0.9148148148148147,0.4259259259259269,0.0,0.0
0.9148148148148147,0.433333333333333,0.0,0.0
0.9148148148148147,0.433333333333333,0.0,0.0
0.9148148148148147,0.4407407407407415,0.0,0.0
0.9148148148148147,0.4407407407407415,0.0,0.0
0.9148148148148147,0.4481481481481477,0.00020366598778004074,0.0
0.9148148148148147,0.4481481481481477,0.00020366598778004074,0.0
0.9148148148148147,0.4555555555555561,0.0,0.0
0.9148148148148147,0.4555555555555561,0.0,0.0
0.9148148148148147,0.4629629629629623,0.0,0.0
0.9148148148148147,0.4629629629629623,0.0,0.0
0.9148148148148147,0.4703703703703707,0.0,0.0
0.9148148148148147,0.4703703703703707,0.0,0.0
0.9148148148148147,0.4777777777777769,0.0,0.0
0.9148148148148147,0.4777777777777769,0.0,0.0
0.9148148148148147,0.4851851851851854,0.0,0.0
0.9148148148148147,0.4851851851851854,0.0,0.0
0.9148148148148147,0.4925925925925915,0.0,0.0
0.9148148148148147,0.4925925925925915,0.0,0.0
0.9148148148148147,0.5,0.0,0.0
0.9148148148148147,0.5,0.0,0.0
0.9148148148148147,0.5074074074074084,0.0,0.0003518648838845883
0.9148148148148147,0.5074074074074084,0.0,0.0003518648838845883
0.9148148148148147,0.5148148148148146,0.00020366598778004074,0.0
0.9148148148148147,0.5148148148148146,0.00020366598778004074,0.0
0.9148148148148147,0.522222222222223,0.00020366598778004074,0.0
0.9148148148148147,0.522222222222223,0.00020366598778004074,0.0
0.9148148148148147,0.5296296296296292,0.00020366598778004074,0.0
0.9148148148148147,0.5296296296296292,0.00020366598778004074,0.0
0.9148148148148147,0.5370370370370378,0.00020366598778004074,0.0
0.9148148148148147,0.5370370370370378,0.00020366598778004074,0.0
0.9148148148148147,0.5444444444444438,0.00020366598778004074,0.0
0.9148148148148147,0.5444444444444438,0.00020366598778004074,0.0
0.9148148148148147,0.5518518518518524,0.00020366598778004074,0.0
0.9148148148148147,0.5518518518518524,0.00020366598778004074,0.0
0.9148148148148147,0.5592592592592586,0.0,0.0
0.9148148148148147,0.5592592592592586,0.0,0.0
0.9148148148148147,0.566666666666667,0.0,0.0
0.9148148148148147,0.566666666666667,0.0,0.0
0.9148148148148147,0.5740740740740732,0.0,0.0
0.9148148148148147,0.5740740740740732,0.0,0.0
0.9148148148148147,0.5814814814814816,0.0,0.0
0.9148148148148147,0.5814814814814816,0.0,0.0
0.9148148148148147,0.58888888888889,0.00020366598778004074,0.0
0.9148148148148147,0.58888888888889,0.00020366598778004074,0.0
0.9148148148148147,0.5962962962962962,0.00020366598778004074,0.0
0.9148148148148147,0.5962962962962962,0.00020366598778004074,0.0
0.9148148148148147,0.6037037037037046,0.00020366598778004074,0.0
0.9148148148148147,0.6037037037037046,0.00020366598778004074,0.0
0.9148148148148147,0.6111111111111108,0.00020366598778004074,0.0
0.9148148148148147,0.6111111111111108,0.00020366598778004074,0.0
0.9148148148148147,0.6185185185185194,0.0,0.0
0.9148148148148147,0.6185185185185194,0.0,0.0
0.9148148148148147,0.6259259259259254,0.0,0.0
0.9148148148148147,0.6259259259259254,0.0,0.0
0.9148148148148147,0.633333333333334,0.00020366598778004074,0.0
0.9148148148148147,0.633333333333334,0.00020366598778004074,0.0
0.9148148148148147,0.6407407407407402,0.00020366598778004074,0.0
0.9148148148148147,0.6407407407407402,0.00020366598778004074,0.0
0.9148148148148147,0.6481481481481486,0.0,0.0
0.9148148148148147,0.6481481481481486,0.0,0.0
0.9148148148148147,0.6555555555555548,0.00020366598778004074,0.0
0.9148148148148147,0.6555555555555548,0.00020366598778004074,0.0
0.9148148148148147,0.6629629629629632,0.00020366598778004074,0.0
0.9148148148148147,0.6629629629629632,0.00020366598778004074,0.0
0.9148148148148147,0.6703703703703694,0.00020366598778004074,0.0
0.9148148148148147,0.6703703703703694,0.00020366598778004074,0.0
0.9148148148148147,0.6777777777777778,0.0,0.0
0.9148148148148147,0.6777777777777778,0.0,0.0
0.9148148148148147,0.6851851851851862,0.0,0.0
0.9148148148148147,0.6851851851851862,0.0,0.0
0.9148148148148147,0.6925925925925924,0.0,0.0
0.9148148148148147,0.6925925925925924,0.0,0.0
0.9148148148148147,0.700000000000001,0.0,0.0
0.9148148148148147,0.700000000000001,0.0,0.0
0.9148148148148147,0.707407407407407,0.0,0.0
0.9148148148148147,0.707407407407407,0.0,0.0
0.9148148148148147,0.7148148148148156,0.0,0.0
0.9148148148148147,0.7148148148148156,0.0,0.0
0.9148148148148147,0.7222222222222218,0.0,0.0
0.9148148148148147,0.7222222222222218,0.0,0.0
0.9148148148148147,0.7296296296296302,0.0,0.0
0.9148148148148147,0.7296296296296302,0.0,0.0
0.9148148148148147,0.7370370370370364,0.0,0.0
0.9148148148148147,0.7370370370370364,0.0,0.0
0.9148148148148147,0.7444444444444448,0.0,0.0003518648838845883
0.9148148148148147,0.7444444444444448,0.0,0.0003518648838845883
0.9148148148148147,0.751851851851851,0.0,0.0003518648838845883
0.9148148148148147,0.751851851851851,0.0,0.0003518648838845883
0.9148148148148147,0.7592592592592594,0.0,0.0003518648838845883
0.9148148148148147,0.7592592592592594,0.0,0.0003518648838845883
0.9148148148148147,0.7666666666666656,0.0,0.0003518648838845883
0.9148148148148147,0.7666666666666656,0.0,0.0003518648838845883
0.9148148148148147,0.774074074074074,0.0,0.0
0.9148148148148147,0.774074074074074,0.0,0.0
0.9148148148148147,0.7814814814814826,0.0,0.0003518648838845883
0.9148148148148147,0.7814814814814826,0.0,0.0003518648838845883
0.9148148148148147,0.7888888888888886,0.0,0.0003518648838845883
0.9148148148148147,0.7888888888888886,0.0,0.0003518648838845883
0.9148148148148147,0.7962962962962972,0.0,0.0003518648838845883
0.9148148148148147,0.7962962962962972,0.0,0.0003518648838845883
0.9148148148148147,0.8037037037037034,0.0,0.0
0.9148148148148147,0.8037037037037034,0.0,0.0
0.9148148148148147,0.8111111111111118,0.0,0.0003518648838845883
0.9148148148148147,0.8111111111111118,0.0,0.0003518648838845883
0.9148148148148147,0.818518518518518,0.0,0.0003518648838845883
0.9148148148148147,0.818518518518518,0.0,0.0003518648838845883
0.9148148148148147,0.8259259259259264,0.0,0.0003518648838845883
0.9148148148148147,0.8259259259259264,0.0,0.0003518648838845883
0.9148148148148147,0.8333333333333326,0.00020366598778004074,0.0
0.9148148148148147,0.8333333333333326,0.00020366598778004074,0.0
0.9148148148148147,0.840740740740741,0.0,0.0
0.9148148148148147,0.840740740740741,0.0,0.0
0.9148148148148147,0.8481481481481472,0.0,0.0003518648838845883
0.9148148148148147,0.8481481481481472,0.0,0.0003518648838845883
0.9148148148148147,0.8555555555555556,0.00020366598778004074,0.0
0.9148148148148147,0.8555555555555556,0.00020366598778004074,0.0
0.9148148148148147,0.8629629629629642,0.00020366598778004074,0.0
0.9148148148148147,0.8629629629629642,0.00020366598778004074,0.0
0.9148148148148147,0.8703703703703702,0.00020366598778004074,0.0
0.9148148148148147,0.8703703703703702,0.00020366598778004074,0.0
0.9148148148148147,0.8777777777777788,0.00020366598778004074,0.0
0.9148148148148147,0.8777777777777788,0.00020366598778004074,0.0
0.9148148148148147,0.885185185185185,0.00020366598778004074,0.0
0.9148148148148147,0.885185185185185,0.00020366598778004074,0.0
0.9148148148148147,0.8925925925925934,0.00020366598778004074,0.0
0.9148148148148147,0.8925925925925934,0.00020366598778004074,0.0
0.9148148148148147,0.8999999999999996,0.00020366598778004074,0.0
0.9148148148148147,0.8999999999999996,0.00020366598778004074,0.0
0.9148148148148147,0.907407407407408,0.00020366598778004074,0.0
0.9148148148148147,0.907407407407408,0.00020366598778004074,0.0
0.9148148148148147,0.9148148148148142,0.00020366598778004074,0.0
0.9148148148148147,0.9148148148148142,0.00020366598778004074,0.0
0.9148148148148147,0.9222222222222226,0.00020366598778004074,0.0
0.9148148148148147,0.9222222222222226,0.00020366598778004074,0.0
0.9148148148148147,0.9296296296296288,0.00020366598778004074,0.0
0.9148148148148147,0.9296296296296288,0.00020366598778004074,0.0
0.9148148148148147,0.9370370370370372,0.0,0.0
0.9148148148148147,0.9370370370370372,0.0,0.0
0.9148148148148147,0.9444444444444434,0.0,0.0
0.9148148148148147,0.9444444444444434,0.0,0.0
0.9148148148148147,0.9518518518518518,0.0,0.0
0.9148148148148147,0.9518518518518518,0.0,0.0
0.9148148148148147,0.9592592592592604,0.0,0.0003518648838845883
0.9148148148148147,0.9592592592592604,0.0,0.0003518648838845883
0.9148148148148147,0.9666666666666666,0.0,0.0003518648838845883
0.9148148148148147,0.9666666666666666,0.0,0.0003518648838845883
0.9148148148148147,0.974074074074075,0.0,0.0003518648838845883
0.9148148148148147,0.974074074074075,0.0,0.0003518648838845883
0.9148148148148147,0.9814814814814812,0.0,0.0003518648838845883
0.9148148148148147,0.9814814814814812,0.0,0.0003518648838845883
0.9148148148148147,0.9888888888888896,0.00020366598778004074,0.0
0.9148148148148147,0.9888888888888896,0.00020366598778004074,0.0
0.9148148148148147,0.9962962962962958,0.00020366598778004074,0.0
0.9148148148148147,0.9962962962962958,0.00020366598778004074,0.0
0.9222222222222222,0.4185185185185184,0.0,0.0
0.9222222222222222,0.4185185185185184,0.0,0.0
0.9222222222222222,0.4259259259259269,0.00020366598778004074,0.0
0.9222222222222222,0.4259259259259269,0.00020366598778004074,0.0
0.9222222222222222,0.433333333333333,0.0,0.0
0.9222222222222222,0.433333333333333,0.0,0.0
0.9222222222222222,0.4407407407407415,0.00020366598778004074,0.0
0.9222222222222222,0.4407407407407415,0.00020366598778004074,0.0
0.9222222222222222,0.4481481481481477,0.00020366598778004074,0.0
0.9222222222222222,0.4481481481481477,0.00020366598778004074,0.0
0.9222222222222222,0.4555555555555561,0.00020366598778004074,0.0
0.9222222222222222,0.4555555555555561,0.00020366598778004074,0.0
0.9222222222222222,0.4629629629629623,0.0,0.0
0.9222222222222222,0.4629629629629623,0.0,0.0
0.9222222222222222,0.4703703703703707,0.0,0.0
0.9222222222222222,0.4703703703703707,0.0,0.0
0.9222222222222222,0.4777777777777769,0.0,0.0
0.9222222222222222,0.4777777777777769,0.0,0.0
0.9222222222222222,0.4851851851851854,0.0,0.0
0.9222222222222222,0.4851851851851854,0.0,0.0
0.9222222222222222,0.4925925925925915,0.0,0.0
0.9222222222222222,0.4925925925925915,0.0,0.0
0.9222222222222222,0.5,0.0,0.0
0.9222222222222222,0.5,0.0,0.0
0.9222222222222222,0.5074074074074084,0.0,0.0
0.9222222222222222,0.5074074074074084,0.0,0.0
0.9222222222222222,0.5148148148148146,0.00020366598778004074,0.0
0.9222222222222222,0.5148148148148146,0.00020366598778004074,0.0
0.9222222222222222,0.522222222222223,0.00020366598778004074,0.0
0.9222222222222222,0.522222222222223,0.00020366598778004074,0.0
0.9222222222222222,0.5296296296296292,0.00020366598778004074,0.0
0.9222222222222222,0.5296296296296292,0.00020366598778004074,0.0
0.9222222222222222,0.5370370370370378,0.00020366598778004074,0.0
0.9222222222222222,0.5370370370370378,0.00020366598778004074,0.0
0.9222222222222222,0.5444444444444438,0.00020366598778004074,0.0
0.9222222222222222,0.5444444444444438,0.00020366598778004074,0.0
0.9222222222222222,0.5518518518518524,0.00020366598778004074,0.0
0.9222222222222222,0.5518518518518524,0.00020366598778004074,0.0
0.9222222222222222,0.5592592592592586,0.00020366598778004074,0.0
0.9222222222222222,0.5592592592592586,0.00020366598778004074,0.0
0.9222222222222222,0.566666666666667,0.00020366598778004074,0.0
0.9222222222222222,0.566666666666667,0.00020366598778004074,0.0
0.9222222222222222,0.5740740740740732,0.00020366598778004074,0.0
0.9222222222222222,0.5740740740740732,0.00020366598778004074,0.0
0.9222222222222222,0.5814814814814816,0.0,0.0
0.9222222222222222,0.5814814814814816,0.0,0.0
0.9222222222222222,0.58888888888889,0.00020366598778004074,0.0
0.9222222222222222,0.58888888888889,0.00020366598778004074,0.0
0.9222222222222222,0.5962962962962962,0.0,0.0
0.9222222222222222,0.5962962962962962,0.0,0.0
0.9222222222222222,0.6037037037037046,0.00020366598778004074,0.0
0.9222222222222222,0.6037037037037046,0.00020366598778004074,0.0
0.9222222222222222,0.6111111111111108,0.00020366598778004074,0.0
0.9222222222222222,0.6111111111111108,0.00020366598778004074,0.0
0.9222222222222222,0.6185185185185194,0.00020366598778004074,0.0
0.9222222222222222,0.6185185185185194,0.00020366598778004074,0.0
0.9222222222222222,0.6259259259259254,0.0,0.0
0.9222222222222222,0.6259259259259254,0.0,0.0
0.9222222222222222,0.633333333333334,0.0,0.0
0.9222222222222222,0.633333333333334,0.0,0.0
0.9222222222222222,0.6407407407407402,0.0,0.0
0.9222222222222222,0.6407407407407402,0.0,0.0
0.9222222222222222,0.6481481481481486,0.0,0.0
0.9222222222222222,0.6481481481481486,0.0,0.0
0.9222222222222222,0.6555555555555548,0.0,0.0003518648838845883
0.9222222222222222,0.6555555555555548,0.0,0.0003518648838845883
0.9222222222222222,0.6629629629629632,0.0,0.0
0.9222222222222222,0.6629629629629632,0.0,0.0
0.9222222222222222,0.6703703703703694,0.00020366598778004074,0.0
0.9222222222222222,0.6703703703703694,0.00020366598778004074,0.0
0.9222222222222222,0.6777777777777778,0.00020366598778004074,0.0
0.9222222222222222,0.6777777777777778,0.00020366598778004074,0.0
0.9222222222222222,0.6851851851851862,0.00020366598778004074,0.0
0.9222222222222222,0.6851851851851862,0.00020366598778004074,0.0
0.9222222222222222,0.6925925925925924,0.0,0.0
0.9222222222222222,0.6925925925925924,0.0,0.0
0.9222222222222222,0.700000000000001,0.00020366598778004074,0.0
0.9222222222222222,0.700000000000001,0.00020366598778004074,0.0
0.9222222222222222,0.707407407407407,0.0,0.0
0.9222222222222222,0.707407407407407,0.0,0.0
0.9222222222222222,0.7148148148148156,0.0,0.0
0.9222222222222222,0.7148148148148156,0.0,0.0
0.9222222222222222,0.7222222222222218,0.0,0.0
0.9222222222222222,0.7222222222222218,0.0,0.0
0.9222222222222222,0.7296296296296302,0.0,0.0
0.9222222222222222,0.7296296296296302,0.0,0.0
0.9222222222222222,0.7370370370370364,0.0,0.0003518648838845883
0.9222222222222222,0.7370370370370364,0.0,0.0003518648838845883
0.9222222222222222,0.7444444444444448,0.0,0.0
0.9222222222222222,0.7444444444444448,0.0,0.0
0.9222222222222222,0.751851851851851,0.0,0.0003518648838845883
0.9222222222222222,0.751851851851851,0.0,0.0003518648838845883
0.9222222222222222,0.7592592592592594,0.0,0.0
0.9222222222222222,0.7592592592592594,0.0,0.0
0.9222222222222222,0.7666666666666656,0.0,0.0003518648838845883
0.9222222222222222,0.7666666666666656,0.0,0.0003518648838845883
0.9222222222222222,0.774074074074074,0.0,0.0003518648838845883
0.9222222222222222,0.774074074074074,0.0,0.0003518648838845883
0.9222222222222222,0.7814814814814826,0.0,0.0
0.9222222222222222,0.7814814814814826,0.0,0.0
0.9222222222222222,0.7888888888888886,0.0,0.0003518648838845883
0.9222222222222222,0.7888888888888886,0.0,0.0003518648838845883
0.9222222222222222,0.7962962962962972,0.0,0.0003518648838845883
0.9222222222222222,0.7962962962962972,0.0,0.0003518648838845883
0.9222222222222222,0.8037037037037034,0.0,0.0003518648838845883
0.9222222222222222,0.8037037037037034,0.0,0.0003518648838845883
0.9222222222222222,0.8111111111111118,0.0,0.0003518648838845883
0.9222222222222222,0.8111111111111118,0.0,0.0003518648838845883
0.9222222222222222,0.818518518518518,0.0,0.0003518648838845883
0.9222222222222222,0.818518518518518,0.0,0.0003518648838845883
0.9222222222222222,0.8259259259259264,0.00020366598778004074,0.0
0.9222222222222222,0.8259259259259264,0.00020366598778004074,0.0
0.9222222222222222,0.8333333333333326,0.0,0.0003518648838845883
0.9222222222222222,0.8333333333333326,0.0,0.0003518648838845883
0.9222222222222222,0.840740740740741,0.0,0.0
0.9222222222222222,0.840740740740741,0.0,0.0
0.9222222222222222,0.8481481481481472,0.0,0.0003518648838845883
0.9222222222222222,0.8481481481481472,0.0,0.0003518648838845883
0.9222222222222222,0.8555555555555556,0.00020366598778004074,0.0
0.9222222222222222,0.8555555555555556,0.00020366598778004074,0.0
0.9222222222222222,0.8629629629629642,0.00020366598778004074,0.0
0.9222222222222222,0.8629629629629642,0.00020366598778004074,0.0
0.9222222222222222,0.8703703703703702,0.00020366598778004074,0.0
0.9222222222222222,0.8703703703703702,0.00020366598778004074,0.0
0.9222222222222222,0.8777777777777788,0.00020366598778004074,0.0
0.9222222222222222,0.8777777777777788,0.00020366598778004074,0.0
0.9222222222222222,0.885185185185185,0.00020366598778004074,0.0
0.9222222222222222,0.885185185185185,0.00020366598778004074,0.0
0.9222222222222222,0.8925925925925934,0.00020366598778004074,0.0
0.9222222222222222,0.8925925925925934,0.00020366598778004074,0.0
0.9222222222222222,0.8999999999999996,0.00020366598778004074,0.0
0.9222222222222222,0.8999999999999996,0.00020366598778004074,0.0
0.9222222222222222,0.907407407407408,0.00020366598778004074,0.0
0.9222222222222222,0.907407407407408,0.00020366598778004074,0.0
0.9222222222222222,0.9148148148148142,0.00020366598778004074,0.0
0.9222222222222222,0.9148148148148142,0.00020366598778004074,0.0
0.9222222222222222,0.9222222222222226,0.0,0.0003518648838845883
0.9222222222222222,0.9222222222222226,0.0,0.0003518648838845883
0.9222222222222222,0.9296296296296288,0.0,0.0003518648838845883
0.9222222222222222,0.9296296296296288,0.0,0.0003518648838845883
0.9222222222222222,0.9370370370370372,0.0,0.0
0.9222222222222222,0.9370370370370372,0.0,0.0
0.9222222222222222,0.9444444444444434,0.0,0.0
0.9222222222222222,0.9444444444444434,0.0,0.0
0.9222222222222222,0.9518518518518518,0.0,0.0003518648838845883
0.9222222222222222,0.9518518518518518,0.0,0.0003518648838845883
0.9222222222222222,0.9592592592592604,0.0,0.0
0.9222222222222222,0.9592592592592604,0.0,0.0
0.9222222222222222,0.9666666666666666,0.0,0.0003518648838845883
0.9222222222222222,0.9666666666666666,0.0,0.0003518648838845883
0.9222222222222222,0.974074074074075,0.0,0.0003518648838845883
0.9222222222222222,0.974074074074075,0.0,0.0003518648838845883
0.9222222222222222,0.9814814814814812,0.0,0.0003518648838845883
0.9222222222222222,0.9814814814814812,0.0,0.0003518648838845883
0.9222222222222222,0.9888888888888896,0.00020366598778004074,0.0
0.9222222222222222,0.9888888888888896,0.00020366598778004074,0.0
0.9222222222222222,0.9962962962962958,0.0,0.0
0.9222222222222222,0.9962962962962958,0.0,0.0
0.9296296296296298,0.4185185185185184,0.0,0.0
0.9296296296296298,0.4185185185185184,0.0,0.0
0.9296296296296298,0.4259259259259269,0.0,0.0
0.9296296296296298,0.4259259259259269,0.0,0.0
0.9296296296296298,0.433333333333333,0.00020366598778004074,0.0
0.9296296296296298,0.433333333333333,0.00020366598778004074,0.0
0.9296296296296298,0.4407407407407415,0.00020366598778004074,0.0
0.9296296296296298,0.4407407407407415,0.00020366598778004074,0.0
0.9296296296296298,0.4481481481481477,0.00020366598778004074,0.0
0.9296296296296298,0.4481481481481477,0.00020366598778004074,0.0
0.9296296296296298,0.4555555555555561,0.00020366598778004074,0.0
0.9296296296296298,0.4555555555555561,0.00020366598778004074,0.0
0.9296296296296298,0.4629629629629623,0.0,0.0
0.9296296296296298,0.4629629629629623,0.0,0.0
0.9296296296296298,0.4703703703703707,0.0,0.0
0.9296296296296298,0.4703703703703707,0.0,0.0
0.9296296296296298,0.4777777777777769,0.0,0.0
0.9296296296296298,0.4777777777777769,0.0,0.0
0.9296296296296298,0.4851851851851854,0.0,0.0
0.9296296296296298,0.4851851851851854,0.0,0.0
0.9296296296296298,0.4925925925925915,0.0,0.0
0.9296296296296298,0.4925925925925915,0.0,0.0
0.9296296296296298,0.5,0.0,0.0
0.9296296296296298,0.5,0.0,0.0
0.9296296296296298,0.5074074074074084,0.0,0.0
0.9296296296296298,0.5074074074074084,0.0,0.0
0.9296296296296298,0.5148148148148146,0.00020366598778004074,0.0
0.9296296296296298,0.5148148148148146,0.00020366598778004074,0.0
0.9296296296296298,0.522222222222223,0.00020366598778004074,0.0
0.9296296296296298,0.522222222222223,0.00020366598778004074,0.0
0.9296296296296298,0.5296296296296292,0.00020366598778004074,0.0
0.9296296296296298,0.5296296296296292,0.00020366598778004074,0.0
0.9296296296296298,0.5370370370370378,0.00020366598778004074,0.0
0.9296296296296298,0.5370370370370378,0.00020366598778004074,0.0
0.9296296296296298,0.5444444444444438,0.00020366598778004074,0.0
0.9296296296296298,0.5444444444444438,0.00020366598778004074,0.0
0.9296296296296298,0.5518518518518524,0.00020366598778004074,0.0
0.9296296296296298,0.5518518518518524,0.00020366598778004074,0.0
0.9296296296296298,0.5592592592592586,0.00020366598778004074,0.0
0.9296296296296298,0.5592592592592586,0.00020366598778004074,0.0
0.9296296296296298,0.566666666666667,0.00020366598778004074,0.0
0.9296296296296298,0.566666666666667,0.00020366598778004074,0.0
0.9296296296296298,0.5740740740740732,0.0,0.0
0.9296296296296298,0.5740740740740732,0.0,0.0
0.9296296296296298,0.5814814814814816,0.0,0.0
0.9296296296296298,0.5814814814814816,0.0,0.0
0.9296296296296298,0.58888888888889,0.0,0.0
0.9296296296296298,0.58888888888889,0.0,0.0
0.9296296296296298,0.5962962962962962,0.00020366598778004074,0.0
0.9296296296296298,0.5962962962962962,0.00020366598778004074,0.0
0.9296296296296298,0.6037037037037046,0.00020366598778004074,0.0
0.9296296296296298,0.6037037037037046,0.00020366598778004074,0.0
0.9296296296296298,0.6111111111111108,0.00020366598778004074,0.0
0.9296296296296298,0.6111111111111108,0.00020366598778004074,0.0
0.9296296296296298,0.6185185185185194,0.00020366598778004074,0.0
0.9296296296296298,0.6185185185185194,0.00020366598778004074,0.0
0.9296296296296298,0.6259259259259254,0.00020366598778004074,0.0
0.9296296296296298,0.6259259259259254,0.00020366598778004074,0.0
0.9296296296296298,0.633333333333334,0.00020366598778004074,0.0
0.9296296296296298,0.633333333333334,0.00020366598778004074,0.0
0.9296296296296298,0.6407407407407402,0.00020366598778004074,0.0
0.9296296296296298,0.6407407407407402,0.00020366598778004074,0.0
0.9296296296296298,0.6481481481481486,0.0,0.0
0.9296296296296298,0.6481481481481486,0.0,0.0
0.9296296296296298,0.6555555555555548,0.0,0.0
0.9296296296296298,0.6555555555555548,0.0,0.0
0.9296296296296298,0.6629629629629632,0.00020366598778004074,0.0
0.9296296296296298,0.6629629629629632,0.00020366598778004074,0.0
0.9296296296296298,0.6703703703703694,0.0,0.0
0.9296296296296298,0.6703703703703694,0.0,0.0
0.9296296296296298,0.6777777777777778,0.00020366598778004074,0.0
0.9296296296296298,0.6777777777777778,0.00020366598778004074,0.0
0.9296296296296298,0.6851851851851862,0.00020366598778004074,0.0
0.9296296296296298,0.6851851851851862,0.00020366598778004074,0.0
0.9296296296296298,0.6925925925925924,0.0,0.0
0.9296296296296298,0.6925925925925924,0.0,0.0
0.9296296296296298,0.700000000000001,0.0,0.0
0.9296296296296298,0.700000000000001,0.0,0.0
0.9296296296296298,0.707407407407407,0.00020366598778004074,0.0
0.9296296296296298,0.707407407407407,0.00020366598778004074,0.0
0.9296296296296298,0.7148148148148156,0.0,0.0
0.9296296296296298,0.7148148148148156,0.0,0.0
0.9296296296296298,0.7222222222222218,0.0,0.0
0.9296296296296298,0.7222222222222218,0.0,0.0
0.9296296296296298,0.7296296296296302,0.0,0.0003518648838845883
0.9296296296296298,0.7296296296296302,0.0,0.0003518648838845883
0.9296296296296298,0.7370370370370364,0.0,0.0
0.9296296296296298,0.7370370370370364,0.0,0.0
0.9296296296296298,0.7444444444444448,0.0,0.0003518648838845883
0.9296296296296298,0.7444444444444448,0.0,0.0003518648838845883
0.9296296296296298,0.751851851851851,0.0,0.0003518648838845883
0.9296296296296298,0.751851851851851,0.0,0.0003518648838845883
0.9296296296296298,0.7592592592592594,0.0,0.0003518648838845883
0.9296296296296298,0.7592592592592594,0.0,0.0003518648838845883
0.9296296296296298,0.7666666666666656,0.0,0.0003518648838845883
0.9296296296296298,0.7666666666666656,0.0,0.0003518648838845883
0.9296296296296298,0.774074074074074,0.0,0.0003518648838845883
0.9296296296296298,0.774074074074074,0.0,0.0003518648838845883
0.9296296296296298,0.7814814814814826,0.0,0.0003518648838845883
0.9296296296296298,0.7814814814814826,0.0,0.0003518648838845883
0.9296296296296298,0.7888888888888886,0.0,0.0003518648838845883
0.9296296296296298,0.7888888888888886,0.0,0.0003518648838845883
0.9296296296296298,0.7962962962962972,0.0,0.0003518648838845883
0.9296296296296298,0.7962962962962972,0.0,0.0003518648838845883
0.9296296296296298,0.8037037037037034,0.0,0.0003518648838845883
0.9296296296296298,0.8037037037037034,0.0,0.0003518648838845883
0.9296296296296298,0.8111111111111118,0.00020366598778004074,0.0
0.9296296296296298,0.8111111111111118,0.00020366598778004074,0.0
0.9296296296296298,0.818518518518518,0.0,0.0
0.9296296296296298,0.818518518518518,0.0,0.0
0.9296296296296298,0.8259259259259264,0.0,0.0
0.9296296296296298,0.8259259259259264,0.0,0.0
0.9296296296296298,0.8333333333333326,0.0,0.0003518648838845883
0.9296296296296298,0.8333333333333326,0.0,0.0003518648838845883
0.9296296296296298,0.840740740740741,0.0,0.0003518648838845883
0.9296296296296298,0.840740740740741,0.0,0.0003518648838845883
0.9296296296296298,0.8481481481481472,0.0,0.0003518648838845883
0.9296296296296298,0.8481481481481472,0.0,0.0003518648838845883
0.9296296296296298,0.8555555555555556,0.0,0.0003518648838845883
0.9296296296296298,0.8555555555555556,0.0,0.0003518648838845883
0.9296296296296298,0.8629629629629642,0.0,0.0003518648838845883
0.9296296296296298,0.8629629629629642,0.0,0.0003518648838845883
0.9296296296296298,0.8703703703703702,0.00020366598778004074,0.0
0.9296296296296298,0.8703703703703702,0.00020366598778004074,0.0
0.9296296296296298,0.8777777777777788,0.00020366598778004074,0.0
0.9296296296296298,0.8777777777777788,0.00020366598778004074,0.0
0.9296296296296298,0.885185185185185,0.00020366598778004074,0.0
0.9296296296296298,0.885185185185185,0.00020366598778004074,0.0
0.9296296296296298,0.8925925925925934,0.00020366598778004074,0.0
0.9296296296296298,0.8925925925925934,0.00020366598778004074,0.0
0.9296296296296298,0.8999999999999996,0.00020366598778004074,0.0
0.9296296296296298,0.8999999999999996,0.00020366598778004074,0.0
0.9296296296296298,0.907407407407408,0.00020366598778004074,0.0
0.9296296296296298,0.907407407407408,0.00020366598778004074,0.0
0.9296296296296298,0.9148148148148142,0.00020366598778004074,0.0
0.9296296296296298,0.9148148148148142,0.00020366598778004074,0.0
0.9296296296296298,0.9222222222222226,0.0,0.0
0.9296296296296298,0.9222222222222226,0.0,0.0
0.9296296296296298,0.9296296296296288,0.0,0.0
0.9296296296296298,0.9296296296296288,0.0,0.0
0.9296296296296298,0.9370370370370372,0.0,0.0
0.9296296296296298,0.9370370370370372,0.0,0.0
0.9296296296296298,0.9444444444444434,0.0,0.0
0.9296296296296298,0.9444444444444434,0.0,0.0
0.9296296296296298,0.9518518518518518,0.0,0.0003518648838845883
0.9296296296296298,0.9518518518518518,0.0,0.0003518648838845883
0.9296296296296298,0.9592592592592604,0.0,0.0003518648838845883
0.9296296296296298,0.9592592592592604,0.0,0.0003518648838845883
0.9296296296296298,0.9666666666666666,0.0,0.0003518648838845883
0.9296296296296298,0.9666666666666666,0.0,0.0003518648838845883
0.9296296296296298,0.974074074074075,0.0,0.0003518648838845883
0.9296296296296298,0.974074074074075,0.0,0.0003518648838845883
0.9296296296296298,0.9814814814814812,0.0,0.0003518648838845883
0.9296296296296298,0.9814814814814812,0.0,0.0003518648838845883
0.9296296296296298,0.9888888888888896,0.00020366598778004074,0.0
0.9296296296296298,0.9888888888888896,0.00020366598778004074,0.0
0.9296296296296298,0.9962962962962958,0.00020366598778004074,0.0
0.9296296296296298,0.9962962962962958,0.00020366598778004074,0.0
0.9370370370370372,0.4259259259259269,0.00020366598778004074,0.0
0.9370370370370372,0.4259259259259269,0.00020366598778004074,0.0
0.9370370370370372,0.433333333333333,0.00020366598778004074,0.0
0.9370370370370372,0.433333333333333,0.00020366598778004074,0.0
0.9370370370370372,0.4407407407407415,0.00020366598778004074,0.0
0.9370370370370372,0.4407407407407415,0.00020366598778004074,0.0
0.9370370370370372,0.4481481481481477,0.00020366598778004074,0.0
0.9370370370370372,0.4481481481481477,0.00020366598778004074,0.0
0.9370370370370372,0.4555555555555561,0.00020366598778004074,0.0
0.9370370370370372,0.4555555555555561,0.00020366598778004074,0.0
0.9370370370370372,0.4629629629629623,0.0,0.0
0.9370370370370372,0.4629629629629623,0.0,0.0
0.9370370370370372,0.4703703703703707,0.0,0.0
0.9370370370370372,0.4703703703703707,0.0,0.0
0.9370370370370372,0.4777777777777769,0.0,0.0
0.9370370370370372,0.4777777777777769,0.0,0.0
0.9370370370370372,0.4851851851851854,0.0,0.0
0.9370370370370372,0.4851851851851854,0.0,0.0
0.9370370370370372,0.4925925925925915,0.0,0.0
0.9370370370370372,0.4925925925925915,0.0,0.0
0.9370370370370372,0.5,0.0,0.0
0.9370370370370372,0.5,0.0,0.0
0.9370370370370372,0.5074074074074084,0.00020366598778004074,0.0
0.9370370370370372,0.5074074074074084,0.00020366598778004074,0.0
0.9370370370370372,0.5148148148148146,0.00020366598778004074,0.0
0.9370370370370372,0.5148148148148146,0.00020366598778004074,0.0
0.9370370370370372,0.522222222222223,0.00020366598778004074,0.0
0.9370370370370372,0.522222222222223,0.00020366598778004074,0.0
0.9370370370370372,0.5296296296296292,0.00020366598778004074,0.0
0.9370370370370372,0.5296296296296292,0.00020366598778004074,0.0
0.9370370370370372,0.5370370370370378,0.00020366598778004074,0.0
0.9370370370370372,0.5370370370370378,0.00020366598778004074,0.0
0.9370370370370372,0.5444444444444438,0.00020366598778004074,0.0
0.9370370370370372,0.5444444444444438,0.00020366598778004074,0.0
0.9370370370370372,0.5518518518518524,0.0,0.0
0.9370370370370372,0.5518518518518524,0.0,0.0
0.9370370370370372,0.5592592592592586,0.00020366598778004074,0.0
0.9370370370370372,0.5592592592592586,0.00020366598778004074,0.0
0.9370370370370372,0.566666666666667,0.00020366598778004074,0.0
0.9370370370370372,0.566666666666667,0.00020366598778004074,0.0
0.9370370370370372,0.5740740740740732,0.0,0.0
0.9370370370370372,0.5740740740740732,0.0,0.0
0.9370370370370372,0.5814814814814816,0.0,0.0
0.9370370370370372,0.5814814814814816,0.0,0.0
0.9370370370370372,0.58888888888889,0.0,0.0
0.9370370370370372,0.58888888888889,0.0,0.0
0.9370370370370372,0.5962962962962962,0.0,0.0
0.9370370370370372,0.5962962962962962,0.0,0.0
0.9370370370370372,0.6037037037037046,0.0,0.0003518648838845883
0.9370370370370372,0.6037037037037046,0.0,0.0003518648838845883
0.9370370370370372,0.6111111111111108,0.0,0.0
0.9370370370370372,0.6111111111111108,0.0,0.0
0.9370370370370372,0.6185185185185194,0.0,0.0
0.9370370370370372,0.6185185185185194,0.0,0.0
0.9370370370370372,0.6259259259259254,0.0,0.0
0.9370370370370372,0.6259259259259254,0.0,0.0
0.9370370370370372,0.633333333333334,0.0,0.0
0.9370370370370372,0.633333333333334,0.0,0.0
0.9370370370370372,0.6407407407407402,0.00020366598778004074,0.0
0.9370370370370372,0.6407407407407402,0.00020366598778004074,0.0
0.9370370370370372,0.6481481481481486,0.00020366598778004074,0.0
0.9370370370370372,0.6481481481481486,0.00020366598778004074,0.0
0.9370370370370372,0.6555555555555548,0.0,0.0
0.9370370370370372,0.6555555555555548,0.0,0.0
0.9370370370370372,0.6629629629629632,0.0,0.0
0.9370370370370372,0.6629629629629632,0.0,0.0
0.9370370370370372,0.6703703703703694,0.0,0.0
0.9370370370370372,0.6703703703703694,0.0,0.0
0.9370370370370372,0.6777777777777778,0.0,0.0
0.9370370370370372,0.6777777777777778,0.0,0.0
0.9370370370370372,0.6851851851851862,0.00020366598778004074,0.0
0.9370370370370372,0.6851851851851862,0.00020366598778004074,0.0
0.9370370370370372,0.6925925925925924,0.0,0.0
0.9370370370370372,0.6925925925925924,0.0,0.0
0.9370370370370372,0.700000000000001,0.0,0.0
0.9370370370370372,0.700000000000001,0.0,0.0
0.9370370370370372,0.707407407407407,0.0,0.0
0.9370370370370372,0.707407407407407,0.0,0.0
0.9370370370370372,0.7148148148148156,0.0,0.0003518648838845883
0.9370370370370372,0.7148148148148156,0.0,0.0003518648838845883
0.9370370370370372,0.7222222222222218,0.0,0.0003518648838845883
0.9370370370370372,0.7222222222222218,0.0,0.0003518648838845883
0.9370370370370372,0.7296296296296302,0.0,0.0
0.9370370370370372,0.7296296296296302,0.0,0.0
0.9370370370370372,0.7370370370370364,0.0,0.0003518648838845883
0.9370370370370372,0.7370370370370364,0.0,0.0003518648838845883
0.9370370370370372,0.7444444444444448,0.0,0.0003518648838845883
0.9370370370370372,0.7444444444444448,0.0,0.0003518648838845883
0.9370370370370372,0.751851851851851,0.0,0.0003518648838845883
0.9370370370370372,0.751851851851851,0.0,0.0003518648838845883
0.9370370370370372,0.7592592592592594,0.0,0.0003518648838845883
0.9370370370370372,0.7592592592592594,0.0,0.0003518648838845883
0.9370370370370372,0.7666666666666656,0.0,0.0003518648838845883
0.9370370370370372,0.7666666666666656,0.0,0.0003518648838845883
0.9370370370370372,0.774074074074074,0.0,0.0003518648838845883
0.9370370370370372,0.774074074074074,0.0,0.0003518648838845883
0.9370370370370372,0.7814814814814826,0.0,0.0003518648838845883
0.9370370370370372,0.7814814814814826,0.0,0.0003518648838845883
0.9370370370370372,0.7888888888888886,0.0,0.0003518648838845883
0.9370370370370372,0.7888888888888886,0.0,0.0003518648838845883
0.9370370370370372,0.7962962962962972,0.00020366598778004074,0.0
0.9370370370370372,0.7962962962962972,0.00020366598778004074,0.0
0.9370370370370372,0.8037037037037034,0.00020366598778004074,0.0
0.9370370370370372,0.8037037037037034,0.00020366598778004074,0.0
0.9370370370370372,0.8111111111111118,0.00020366598778004074,0.0
0.9370370370370372,0.8111111111111118,0.00020366598778004074,0.0
0.9370370370370372,0.818518518518518,0.00020366598778004074,0.0
0.9370370370370372,0.818518518518518,0.00020366598778004074,0.0
0.9370370370370372,0.8259259259259264,0.0,0.0
0.9370370370370372,0.8259259259259264,0.0,0.0
0.9370370370370372,0.8333333333333326,0.00020366598778004074,0.0
0.9370370370370372,0.8333333333333326,0.00020366598778004074,0.0
0.9370370370370372,0.840740740740741,0.0,0.0003518648838845883
0.9370370370370372,0.840740740740741,0.0,0.0003518648838845883
0.9370370370370372,0.8481481481481472,0.0,0.0003518648838845883
0.9370370370370372,0.8481481481481472,0.0,0.0003518648838845883
0.9370370370370372,0.8555555555555556,0.00020366598778004074,0.0
0.9370370370370372,0.8555555555555556,0.00020366598778004074,0.0
0.9370370370370372,0.8629629629629642,0.0,0.0
0.9370370370370372,0.8629629629629642,0.0,0.0
0.9370370370370372,0.8703703703703702,0.00020366598778004074,0.0
0.9370370370370372,0.8703703703703702,0.00020366598778004074,0.0
0.9370370370370372,0.8777777777777788,0.00020366598778004074,0.0
0.9370370370370372,0.8777777777777788,0.00020366598778004074,0.0
0.9370370370370372,0.885185185185185,0.00020366598778004074,0.0
0.9370370370370372,0.885185185185185,0.00020366598778004074,0.0
0.9370370370370372,0.8925925925925934,0.00020366598778004074,0.0
0.9370370370370372,0.8925925925925934,0.00020366598778004074,0.0
0.9370370370370372,0.8999999999999996,0.00020366598778004074,0.0
0.9370370370370372,0.8999999999999996,0.00020366598778004074,0.0
0.9370370370370372,0.907407407407408,0.00020366598778004074,0.0
0.9370370370370372,0.907407407407408,0.00020366598778004074,0.0
0.9370370370370372,0.9148148148148142,0.00020366598778004074,0.0
0.9370370370370372,0.9148148148148142,0.00020366598778004074,0.0
0.9370370370370372,0.9222222222222226,0.0,0.0
0.9370370370370372,0.9222222222222226,0.0,0.0
0.9370370370370372,0.9296296296296288,0.00020366598778004074,0.0
0.9370370370370372,0.9296296296296288,0.00020366598778004074,0.0
0.9370370370370372,0.9370370370370372,0.0,0.0
0.9370370370370372,0.9370370370370372,0.0,0.0
0.9370370370370372,0.9444444444444434,0.0,0.0
0.9370370370370372,0.9444444444444434,0.0,0.0
0.9370370370370372,0.9518518518518518,0.00020366598778004074,0.0
0.9370370370370372,0.9518518518518518,0.00020366598778004074,0.0
0.9370370370370372,0.9592592592592604,0.0,0.0003518648838845883
0.9370370370370372,0.9592592592592604,0.0,0.0003518648838845883
0.9370370370370372,0.9666666666666666,0.0,0.0003518648838845883
0.9370370370370372,0.9666666666666666,0.0,0.0003518648838845883
0.9370370370370372,0.974074074074075,0.00020366598778004074,0.0
0.9370370370370372,0.974074074074075,0.00020366598778004074,0.0
0.9370370370370372,0.9814814814814812,0.00020366598778004074,0.0
0.9370370370370372,0.9814814814814812,0.00020366598778004074,0.0
0.9370370370370372,0.9888888888888896,0.00020366598778004074,0.0
0.9370370370370372,0.9888888888888896,0.00020366598778004074,0.0
0.9370370370370372,0.9962962962962958,0.00020366598778004074,0.0
0.9370370370370372,0.9962962962962958,0.00020366598778004074,0.0
0.9444444444444446,0.4259259259259269,0.0,0.0
0.9444444444444446,0.4259259259259269,0.0,0.0
0.9444444444444446,0.433333333333333,0.0,0.0
0.9444444444444446,0.433333333333333,0.0,0.0
0.9444444444444446,0.4407407407407415,0.0,0.0
0.9444444444444446,0.4407407407407415,0.0,0.0
0.9444444444444446,0.4481481481481477,0.0,0.0
0.9444444444444446,0.4481481481481477,0.0,0.0
0.9444444444444446,0.4555555555555561,0.0,0.0
0.9444444444444446,0.4555555555555561,0.0,0.0
0.9444444444444446,0.4629629629629623,0.0,0.0
0.9444444444444446,0.4629629629629623,0.0,0.0
0.9444444444444446,0.4703703703703707,0.0,0.0
0.9444444444444446,0.4703703703703707,0.0,0.0
0.9444444444444446,0.4777777777777769,0.0,0.0
0.9444444444444446,0.4777777777777769,0.0,0.0
0.9444444444444446,0.4851851851851854,0.0,0.0
0.9444444444444446,0.4851851851851854,0.0,0.0
0.9444444444444446,0.4925925925925915,0.0,0.0
0.9444444444444446,0.4925925925925915,0.0,0.0
0.9444444444444446,0.5,0.0,0.0
0.9444444444444446,0.5,0.0,0.0
0.9444444444444446,0.5074074074074084,0.00020366598778004074,0.0
0.9444444444444446,0.5074074074074084,0.00020366598778004074,0.0
0.9444444444444446,0.5148148148148146,0.00020366598778004074,0.0
0.9444444444444446,0.5148148148148146,0.00020366598778004074,0.0
0.9444444444444446,0.522222222222223,0.00020366598778004074,0.0
0.9444444444444446,0.522222222222223,0.00020366598778004074,0.0
0.9444444444444446,0.5296296296296292,0.00020366598778004074,0.0
0.9444444444444446,0.5296296296296292,0.00020366598778004074,0.0
0.9444444444444446,0.5370370370370378,0.00020366598778004074,0.0
0.9444444444444446,0.5370370370370378,0.00020366598778004074,0.0
0.9444444444444446,0.5444444444444438,0.0,0.0
0.9444444444444446,0.5444444444444438,0.0,0.0
0.9444444444444446,0.5518518518518524,0.00020366598778004074,0.0
0.9444444444444446,0.5518518518518524,0.00020366598778004074,0.0
0.9444444444444446,0.5592592592592586,0.0,0.0
0.9444444444444446,0.5592592592592586,0.0,0.0
0.9444444444444446,0.566666666666667,0.0,0.0
0.9444444444444446,0.566666666666667,0.0,0.0
0.9444444444444446,0.5740740740740732,0.0,0.0
0.9444444444444446,0.5740740740740732,0.0,0.0
0.9444444444444446,0.5814814814814816,0.0,0.0
0.9444444444444446,0.5814814814814816,0.0,0.0
0.9444444444444446,0.58888888888889,0.0,0.0
0.9444444444444446,0.58888888888889,0.0,0.0
0.9444444444444446,0.5962962962962962,0.0,0.0
0.9444444444444446,0.5962962962962962,0.0,0.0
0.9444444444444446,0.6037037037037046,0.0,0.0
0.9444444444444446,0.6037037037037046,0.0,0.0
0.9444444444444446,0.6111111111111108,0.0,0.0
0.9444444444444446,0.6111111111111108,0.0,0.0
0.9444444444444446,0.6185185185185194,0.0,0.0
0.9444444444444446,0.6185185185185194,0.0,0.0
0.9444444444444446,0.6259259259259254,0.0,0.0
0.9444444444444446,0.6259259259259254,0.0,0.0
0.9444444444444446,0.633333333333334,0.0,0.0
0.9444444444444446,0.633333333333334,0.0,0.0
0.9444444444444446,0.6407407407407402,0.00020366598778004074,0.0
0.9444444444444446,0.6407407407407402,0.00020366598778004074,0.0
0.9444444444444446,0.6481481481481486,0.0,0.0
0.9444444444444446,0.6481481481481486,0.0,0.0
0.9444444444444446,0.6555555555555548,0.0,0.0
0.9444444444444446,0.6555555555555548,0.0,0.0
0.9444444444444446,0.6629629629629632,0.0,0.0
0.9444444444444446,0.6629629629629632,0.0,0.0
0.9444444444444446,0.6703703703703694,0.00020366598778004074,0.0
0.9444444444444446,0.6703703703703694,0.00020366598778004074,0.0
0.9444444444444446,0.6777777777777778,0.00020366598778004074,0.0
0.9444444444444446,0.6777777777777778,0.00020366598778004074,0.0
0.9444444444444446,0.6851851851851862,0.00020366598778004074,0.0
0.9444444444444446,0.6851851851851862,0.00020366598778004074,0.0
0.9444444444444446,0.6925925925925924,0.00020366598778004074,0.0
0.9444444444444446,0.6925925925925924,0.00020366598778004074,0.0
0.9444444444444446,0.700000000000001,0.0,0.0003518648838845883
0.9444444444444446,0.700000000000001,0.0,0.0003518648838845883
0.9444444444444446,0.707407407407407,0.0,0.0
0.9444444444444446,0.707407407407407,0.0,0.0
0.9444444444444446,0.7148148148148156,0.0,0.0
0.9444444444444446,0.7148148148148156,0.0,0.0
0.9444444444444446,0.7222222222222218,0.0,0.0003518648838845883
0.9444444444444446,0.7222222222222218,0.0,0.0003518648838845883
0.9444444444444446,0.7296296296296302,0.0,0.0003518648838845883
0.9444444444444446,0.7296296296296302,0.0,0.0003518648838845883
0.9444444444444446,0.7370370370370364,0.0,0.0003518648838845883
0.9444444444444446,0.7370370370370364,0.0,0.0003518648838845883
0.9444444444444446,0.7444444444444448,0.0,0.0003518648838845883
0.9444444444444446,0.7444444444444448,0.0,0.0003518648838845883
0.9444444444444446,0.751851851851851,0.0,0.0003518648838845883
0.9444444444444446,0.751851851851851,0.0,0.0003518648838845883
0.9444444444444446,0.7592592592592594,0.0,0.0003518648838845883
0.9444444444444446,0.7592592592592594,0.0,0.0003518648838845883
0.9444444444444446,0.7666666666666656,0.0,0.0003518648838845883
0.9444444444444446,0.7666666666666656,0.0,0.0003518648838845883
0.9444444444444446,0.774074074074074,0.0,0.0003518648838845883
0.9444444444444446,0.774074074074074,0.0,0.0003518648838845883
0.9444444444444446,0.7814814814814826,0.0,0.0003518648838845883
0.9444444444444446,0.7814814814814826,0.0,0.0003518648838845883
0.9444444444444446,0.7888888888888886,0.0,0.0003518648838845883
0.9444444444444446,0.7888888888888886,0.0,0.0003518648838845883
0.9444444444444446,0.7962962962962972,0.00020366598778004074,0.0
0.9444444444444446,0.7962962962962972,0.00020366598778004074,0.0
0.9444444444444446,0.8037037037037034,0.00020366598778004074,0.0
0.9444444444444446,0.8037037037037034,0.00020366598778004074,0.0
0.9444444444444446,0.8111111111111118,0.00020366598778004074,0.0
0.9444444444444446,0.8111111111111118,0.00020366598778004074,0.0
0.9444444444444446,0.818518518518518,0.00020366598778004074,0.0
0.9444444444444446,0.818518518518518,0.00020366598778004074,0.0
0.9444444444444446,0.8259259259259264,0.00020366598778004074,0.0
0.9444444444444446,0.8259259259259264,0.00020366598778004074,0.0
0.9444444444444446,0.8333333333333326,0.00020366598778004074,0.0
0.9444444444444446,0.8333333333333326,0.00020366598778004074,0.0
0.9444444444444446,0.840740740740741,0.00020366598778004074,0.0
0.9444444444444446,0.840740740740741,0.00020366598778004074,0.0
0.9444444444444446,0.8481481481481472,0.00020366598778004074,0.0
0.9444444444444446,0.8481481481481472,0.00020366598778004074,0.0
0.9444444444444446,0.8555555555555556,0.00020366598778004074,0.0
0.9444444444444446,0.8555555555555556,0.00020366598778004074,0.0
0.9444444444444446,0.8629629629629642,0.00020366598778004074,0.0
0.9444444444444446,0.8629629629629642,0.00020366598778004074,0.0
0.9444444444444446,0.8703703703703702,0.00020366598778004074,0.0
0.9444444444444446,0.8703703703703702,0.00020366598778004074,0.0
0.9444444444444446,0.8777777777777788,0.00020366598778004074,0.0
0.9444444444444446,0.8777777777777788,0.00020366598778004074,0.0
0.9444444444444446,0.885185185185185,0.00020366598778004074,0.0
0.9444444444444446,0.885185185185185,0.00020366598778004074,0.0
0.9444444444444446,0.8925925925925934,0.00020366598778004074,0.0
0.9444444444444446,0.8925925925925934,0.00020366598778004074,0.0
0.9444444444444446,0.8999999999999996,0.00020366598778004074,0.0
0.9444444444444446,0.8999999999999996,0.00020366598778004074,0.0
0.9444444444444446,0.907407407407408,0.0,0.0003518648838845883
0.9444444444444446,0.907407407407408,0.0,0.0003518648838845883
0.9444444444444446,0.9148148148148142,0.0,0.0003518648838845883
0.9444444444444446,0.9148148148148142,0.0,0.0003518648838845883
0.9444444444444446,0.9222222222222226,0.0,0.0003518648838845883
0.9444444444444446,0.9222222222222226,0.0,0.0003518648838845883
0.9444444444444446,0.9296296296296288,0.0,0.0
0.9444444444444446,0.9296296296296288,0.0,0.0
0.9444444444444446,0.9370370370370372,0.0,0.0
0.9444444444444446,0.9370370370370372,0.0,0.0
0.9444444444444446,0.9444444444444434,0.00020366598778004074,0.0
0.9444444444444446,0.9444444444444434,0.00020366598778004074,0.0
0.9444444444444446,0.9518518518518518,0.00020366598778004074,0.0
0.9444444444444446,0.9518518518518518,0.00020366598778004074,0.0
0.9444444444444446,0.9592592592592604,0.00020366598778004074,0.0
0.9444444444444446,0.9592592592592604,0.00020366598778004074,0.0
0.9444444444444446,0.9666666666666666,0.0,0.0003518648838845883
0.9444444444444446,0.9666666666666666,0.0,0.0003518648838845883
0.9444444444444446,0.974074074074075,0.00020366598778004074,0.0
0.9444444444444446,0.974074074074075,0.00020366598778004074,0.0
0.9444444444444446,0.9814814814814812,0.00020366598778004074,0.0
0.9444444444444446,0.9814814814814812,0.00020366598778004074,0.0
0.9444444444444446,0.9888888888888896,0.00020366598778004074,0.0
0.9444444444444446,0.9888888888888896,0.00020366598778004074,0.0
0.9444444444444446,0.9962962962962958,0.00020366598778004074,0.0
0.9444444444444446,0.9962962962962958,0.00020366598778004074,0.0
0.951851851851852,0.4259259259259269,0.0,0.0
0.951851851851852,0.4259259259259269,0.0,0.0
0.951851851851852,0.433333333333333,0.0,0.0
0.951851851851852,0.433333333333333,0.0,0.0
0.951851851851852,0.4407407407407415,0.0,0.0
0.951851851851852,0.4407407407407415,0.0,0.0
0.951851851851852,0.4481481481481477,0.0,0.0
0.951851851851852,0.4481481481481477,0.0,0.0
0.951851851851852,0.4555555555555561,0.0,0.0
0.951851851851852,0.4555555555555561,0.0,0.0
0.951851851851852,0.4629629629629623,0.0,0.0
0.951851851851852,0.4629629629629623,0.0,0.0
0.951851851851852,0.4703703703703707,0.0,0.0
0.951851851851852,0.4703703703703707,0.0,0.0
0.951851851851852,0.4777777777777769,0.0,0.0
0.951851851851852,0.4777777777777769,0.0,0.0
0.951851851851852,0.4851851851851854,0.0,0.0
0.951851851851852,0.4851851851851854,0.0,0.0
0.951851851851852,0.4925925925925915,0.00020366598778004074,0.0
0.951851851851852,0.4925925925925915,0.00020366598778004074,0.0
0.951851851851852,0.5,0.00020366598778004074,0.0
0.951851851851852,0.5,0.00020366598778004074,0.0
0.951851851851852,0.5074074074074084,0.00020366598778004074,0.0
0.951851851851852,0.5074074074074084,0.00020366598778004074,0.0
0.951851851851852,0.5148148148148146,0.00020366598778004074,0.0
0.951851851851852,0.5148148148148146,0.00020366598778004074,0.0
0.951851851851852,0.522222222222223,0.00020366598778004074,0.0
0.951851851851852,0.522222222222223,0.00020366598778004074,0.0
0.951851851851852,0.5296296296296292,0.00020366598778004074,0.0
0.951851851851852,0.5296296296296292,0.00020366598778004074,0.0
0.951851851851852,0.5370370370370378,0.00020366598778004074,0.0
0.951851851851852,0.5370370370370378,0.00020366598778004074,0.0
0.951851851851852,0.5444444444444438,0.00020366598778004074,0.0
0.951851851851852,0.5444444444444438,0.00020366598778004074,0.0
0.951851851851852,0.5518518518518524,0.00020366598778004074,0.0
0.951851851851852,0.5518518518518524,0.00020366598778004074,0.0
0.951851851851852,0.5592592592592586,0.0,0.0
0.951851851851852,0.5592592592592586,0.0,0.0
0.951851851851852,0.566666666666667,0.0,0.0
0.951851851851852,0.566666666666667,0.0,0.0
0.951851851851852,0.5740740740740732,0.00020366598778004074,0.0
0.951851851851852,0.5740740740740732,0.00020366598778004074,0.0
0.951851851851852,0.5814814814814816,0.0,0.0
0.951851851851852,0.5814814814814816,0.0,0.0
0.951851851851852,0.58888888888889,0.0,0.0
0.951851851851852,0.58888888888889,0.0,0.0
0.951851851851852,0.5962962962962962,0.0,0.0
0.951851851851852,0.5962962962962962,0.0,0.0
0.951851851851852,0.6037037037037046,0.0,0.0
0.951851851851852,0.6037037037037046,0.0,0.0
0.951851851851852,0.6111111111111108,0.0,0.0
0.951851851851852,0.6111111111111108,0.0,0.0
0.951851851851852,0.6185185185185194,0.0,0.0
0.951851851851852,0.6185185185185194,0.0,0.0
0.951851851851852,0.6259259259259254,0.0,0.0
0.951851851851852,0.6259259259259254,0.0,0.0
0.951851851851852,0.633333333333334,0.0,0.0
0.951851851851852,0.633333333333334,0.0,0.0
0.951851851851852,0.6407407407407402,0.0,0.0
0.951851851851852,0.6407407407407402,0.0,0.0
0.951851851851852,0.6481481481481486,0.0,0.0
0.951851851851852,0.6481481481481486,0.0,0.0
0.951851851851852,0.6555555555555548,0.0,0.0
0.951851851851852,0.6555555555555548,0.0,0.0
0.951851851851852,0.6629629629629632,0.0,0.0
0.951851851851852,0.6629629629629632,0.0,0.0
0.951851851851852,0.6703703703703694,0.0,0.0
0.951851851851852,0.6703703703703694,0.0,0.0
0.951851851851852,0.6777777777777778,0.0,0.0
0.951851851851852,0.6777777777777778,0.0,0.0
0.951851851851852,0.6851851851851862,0.00020366598778004074,0.0
0.951851851851852,0.6851851851851862,0.00020366598778004074,0.0
0.951851851851852,0.6925925925925924,0.00020366598778004074,0.0
0.951851851851852,0.6925925925925924,0.00020366598778004074,0.0
0.951851851851852,0.700000000000001,0.0,0.0003518648838845883
0.951851851851852,0.700000000000001,0.0,0.0003518648838845883
0.951851851851852,0.707407407407407,0.0,0.0003518648838845883
0.951851851851852,0.707407407407407,0.0,0.0003518648838845883
0.951851851851852,0.7148148148148156,0.0,0.0003518648838845883
0.951851851851852,0.7148148148148156,0.0,0.0003518648838845883
0.951851851851852,0.7222222222222218,0.0,0.0003518648838845883
0.951851851851852,0.7222222222222218,0.0,0.0003518648838845883
0.951851851851852,0.7296296296296302,0.0,0.0
0.951851851851852,0.7296296296296302,0.0,0.0
0.951851851851852,0.7370370370370364,0.0,0.0003518648838845883
0.951851851851852,0.7370370370370364,0.0,0.0003518648838845883
0.951851851851852,0.7444444444444448,0.0,0.0003518648838845883
0.951851851851852,0.7444444444444448,0.0,0.0003518648838845883
0.951851851851852,0.751851851851851,0.0,0.0003518648838845883
0.951851851851852,0.751851851851851,0.0,0.0003518648838845883
0.951851851851852,0.7592592592592594,0.0,0.0003518648838845883
0.951851851851852,0.7592592592592594,0.0,0.0003518648838845883
0.951851851851852,0.7666666666666656,0.0,0.0003518648838845883
0.951851851851852,0.7666666666666656,0.0,0.0003518648838845883
0.951851851851852,0.774074074074074,0.00020366598778004074,0.0
0.951851851851852,0.774074074074074,0.00020366598778004074,0.0
0.951851851851852,0.7814814814814826,0.00020366598778004074,0.0
0.951851851851852,0.7814814814814826,0.00020366598778004074,0.0
0.951851851851852,0.7888888888888886,0.00020366598778004074,0.0
0.951851851851852,0.7888888888888886,0.00020366598778004074,0.0
0.951851851851852,0.7962962962962972,0.00020366598778004074,0.0
0.951851851851852,0.7962962962962972,0.00020366598778004074,0.0
0.951851851851852,0.8037037037037034,0.00020366598778004074,0.0
0.951851851851852,0.8037037037037034,0.00020366598778004074,0.0
0.951851851851852,0.8111111111111118,0.00020366598778004074,0.0
0.951851851851852,0.8111111111111118,0.00020366598778004074,0.0
0.951851851851852,0.818518518518518,0.00020366598778004074,0.0
0.951851851851852,0.818518518518518,0.00020366598778004074,0.0
0.951851851851852,0.8259259259259264,0.00020366598778004074,0.0
0.951851851851852,0.8259259259259264,0.00020366598778004074,0.0
0.951851851851852,0.8333333333333326,0.0,0.0
0.951851851851852,0.8333333333333326,0.0,0.0
0.951851851851852,0.840740740740741,0.00020366598778004074,0.0
0.951851851851852,0.840740740740741,0.00020366598778004074,0.0
0.951851851851852,0.8481481481481472,0.00020366598778004074,0.0
0.951851851851852,0.8481481481481472,0.00020366598778004074,0.0
0.951851851851852,0.8555555555555556,0.00020366598778004074,0.0
0.951851851851852,0.8555555555555556,0.00020366598778004074,0.0
0.951851851851852,0.8629629629629642,0.00020366598778004074,0.0
0.951851851851852,0.8629629629629642,0.00020366598778004074,0.0
0.951851851851852,0.8703703703703702,0.00020366598778004074,0.0
0.951851851851852,0.8703703703703702,0.00020366598778004074,0.0
0.951851851851852,0.8777777777777788,0.00020366598778004074,0.0
0.951851851851852,0.8777777777777788,0.00020366598778004074,0.0
0.951851851851852,0.885185185185185,0.00020366598778004074,0.0
0.951851851851852,0.885185185185185,0.00020366598778004074,0.0
0.951851851851852,0.8925925925925934,0.00020366598778004074,0.0
0.951851851851852,0.8925925925925934,0.00020366598778004074,0.0
0.951851851851852,0.8999999999999996,0.0,0.0
0.951851851851852,0.8999999999999996,0.0,0.0
0.951851851851852,0.907407407407408,0.0,0.0
0.951851851851852,0.907407407407408,0.0,0.0
0.951851851851852,0.9148148148148142,0.00020366598778004074,0.0
0.951851851851852,0.9148148148148142,0.00020366598778004074,0.0
0.951851851851852,0.9222222222222226,0.00020366598778004074,0.0
0.951851851851852,0.9222222222222226,0.00020366598778004074,0.0
0.951851851851852,0.9296296296296288,0.00020366598778004074,0.0
0.951851851851852,0.9296296296296288,0.00020366598778004074,0.0
0.951851851851852,0.9370370370370372,0.00020366598778004074,0.0
0.951851851851852,0.9370370370370372,0.00020366598778004074,0.0
0.951851851851852,0.9444444444444434,0.00020366598778004074,0.0
0.951851851851852,0.9444444444444434,0.00020366598778004074,0.0
0.951851851851852,0.9518518518518518,0.00020366598778004074,0.0
0.951851851851852,0.9518518518518518,0.00020366598778004074,0.0
0.951851851851852,0.9592592592592604,0.00020366598778004074,0.0
0.951851851851852,0.9592592592592604,0.00020366598778004074,0.0
0.951851851851852,0.9666666666666666,0.00020366598778004074,0.0
0.951851851851852,0.9666666666666666,0.00020366598778004074,0.0
0.951851851851852,0.974074074074075,0.00020366598778004074,0.0
0.951851851851852,0.974074074074075,0.00020366598778004074,0.0
0.951851851851852,0.9814814814814812,0.00020366598778004074,0.0
0.951851851851852,0.9814814814814812,0.00020366598778004074,0.0
0.951851851851852,0.9888888888888896,0.00020366598778004074,0.0
0.951851851851852,0.9888888888888896,0.00020366598778004074,0.0
0.951851851851852,0.9962962962962958,0.00020366598778004074,0.0
0.951851851851852,0.9962962962962958,0.00020366598778004074,0.0
0.9592592592592591,0.4259259259259269,0.0,0.0
0.9592592592592591,0.4259259259259269,0.0,0.0
0.9592592592592591,0.433333333333333,0.0,0.0
0.9592592592592591,0.433333333333333,0.0,0.0
0.9592592592592591,0.4407407407407415,0.0,0.0
0.9592592592592591,0.4407407407407415,0.0,0.0
0.9592592592592591,0.4481481481481477,0.0,0.0
0.9592592592592591,0.4481481481481477,0.0,0.0
0.9592592592592591,0.4555555555555561,0.0,0.0
0.9592592592592591,0.4555555555555561,0.0,0.0
0.9592592592592591,0.4629629629629623,0.0,0.0
0.9592592592592591,0.4629629629629623,0.0,0.0
0.9592592592592591,0.4703703703703707,0.0,0.0
0.9592592592592591,0.4703703703703707,0.0,0.0
0.9592592592592591,0.4777777777777769,0.0,0.0
0.9592592592592591,0.4777777777777769,0.0,0.0
0.9592592592592591,0.4851851851851854,0.00020366598778004074,0.0
0.9592592592592591,0.4851851851851854,0.00020366598778004074,0.0
0.9592592592592591,0.4925925925925915,0.00020366598778004074,0.0
0.9592592592592591,0.4925925925925915,0.00020366598778004074,0.0
0.9592592592592591,0.5,0.00020366598778004074,0.0
0.9592592592592591,0.5,0.00020366598778004074,0.0
0.9592592592592591,0.5074074074074084,0.0,0.0
0.9592592592592591,0.5074074074074084,0.0,0.0
0.9592592592592591,0.5148148148148146,0.0,0.0
0.9592592592592591,0.5148148148148146,0.0,0.0
0.9592592592592591,0.522222222222223,0.00020366598778004074,0.0
0.9592592592592591,0.522222222222223,0.00020366598778004074,0.0
0.9592592592592591,0.5296296296296292,0.00020366598778004074,0.0
0.9592592592592591,0.5296296296296292,0.00020366598778004074,0.0
0.9592592592592591,0.5370370370370378,0.0,0.0
0.9592592592592591,0.5370370370370378,0.0,0.0
0.9592592592592591,0.5444444444444438,0.0,0.0
0.9592592592592591,0.5444444444444438,0.0,0.0
0.9592592592592591,0.5518518518518524,0.00020366598778004074,0.0
0.9592592592592591,0.5518518518518524,0.00020366598778004074,0.0
0.9592592592592591,0.5592592592592586,0.00020366598778004074,0.0
0.9592592592592591,0.5592592592592586,0.00020366598778004074,0.0
0.9592592592592591,0.566666666666667,0.0,0.0
0.9592592592592591,0.566666666666667,0.0,0.0
0.9592592592592591,0.5740740740740732,0.0,0.0
0.9592592592592591,0.5740740740740732,0.0,0.0
0.9592592592592591,0.5814814814814816,0.0,0.0
0.9592592592592591,0.5814814814814816,0.0,0.0
0.9592592592592591,0.58888888888889,0.0,0.0
0.9592592592592591,0.58888888888889,0.0,0.0
0.9592592592592591,0.5962962962962962,0.0,0.0
0.9592592592592591,0.5962962962962962,0.0,0.0
0.9592592592592591,0.6037037037037046,0.0,0.0
0.9592592592592591,0.6037037037037046,0.0,0.0
0.9592592592592591,0.6111111111111108,0.0,0.0
0.9592592592592591,0.6111111111111108,0.0,0.0
0.9592592592592591,0.6185185185185194,0.0,0.0
0.9592592592592591,0.6185185185185194,0.0,0.0
0.9592592592592591,0.6259259259259254,0.0,0.0
0.9592592592592591,0.6259259259259254,0.0,0.0
0.9592592592592591,0.633333333333334,0.0,0.0
0.9592592592592591,0.633333333333334,0.0,0.0
0.9592592592592591,0.6407407407407402,0.0,0.0
0.9592592592592591,0.6407407407407402,0.0,0.0
0.9592592592592591,0.6481481481481486,0.0,0.0
0.9592592592592591,0.6481481481481486,0.0,0.0
0.9592592592592591,0.6555555555555548,0.0,0.0
0.9592592592592591,0.6555555555555548,0.0,0.0
0.9592592592592591,0.6629629629629632,0.0,0.0
0.9592592592592591,0.6629629629629632,0.0,0.0
0.9592592592592591,0.6703703703703694,0.0,0.0003518648838845883
0.9592592592592591,0.6703703703703694,0.0,0.0003518648838845883
0.9592592592592591,0.6777777777777778,0.0,0.0
0.9592592592592591,0.6777777777777778,0.0,0.0
0.9592592592592591,0.6851851851851862,0.0,0.0
0.9592592592592591,0.6851851851851862,0.0,0.0
0.9592592592592591,0.6925925925925924,0.0,0.0003518648838845883
0.9592592592592591,0.6925925925925924,0.0,0.0003518648838845883
0.9592592592592591,0.700000000000001,0.0,0.0003518648838845883
0.9592592592592591,0.700000000000001,0.0,0.0003518648838845883
0.9592592592592591,0.707407407407407,0.0,0.0003518648838845883
0.9592592592592591,0.707407407407407,0.0,0.0003518648838845883
0.9592592592592591,0.7148148148148156,0.0,0.0
0.9592592592592591,0.7148148148148156,0.0,0.0
0.9592592592592591,0.7222222222222218,0.0,0.0003518648838845883
0.9592592592592591,0.7222222222222218,0.0,0.0003518648838845883
0.9592592592592591,0.7296296296296302,0.0,0.0003518648838845883
0.9592592592592591,0.7296296296296302,0.0,0.0003518648838845883
0.9592592592592591,0.7370370370370364,0.0,0.0
0.9592592592592591,0.7370370370370364,0.0,0.0
0.9592592592592591,0.7444444444444448,0.0,0.0003518648838845883
0.9592592592592591,0.7444444444444448,0.0,0.0003518648838845883
0.9592592592592591,0.751851851851851,0.0,0.0003518648838845883
0.9592592592592591,0.751851851851851,0.0,0.0003518648838845883
0.9592592592592591,0.7592592592592594,0.0,0.0003518648838845883
0.9592592592592591,0.7592592592592594,0.0,0.0003518648838845883
0.9592592592592591,0.7666666666666656,0.0,0.0003518648838845883
0.9592592592592591,0.7666666666666656,0.0,0.0003518648838845883
0.9592592592592591,0.774074074074074,0.00020366598778004074,0.0
0.9592592592592591,0.774074074074074,0.00020366598778004074,0.0
0.9592592592592591,0.7814814814814826,0.00020366598778004074,0.0
0.9592592592592591,0.7814814814814826,0.00020366598778004074,0.0
0.9592592592592591,0.7888888888888886,0.00020366598778004074,0.0
0.9592592592592591,0.7888888888888886,0.00020366598778004074,0.0
0.9592592592592591,0.7962962962962972,0.00020366598778004074,0.0
0.9592592592592591,0.7962962962962972,0.00020366598778004074,0.0
0.9592592592592591,0.8037037037037034,0.00020366598778004074,0.0
0.9592592592592591,0.8037037037037034,0.00020366598778004074,0.0
0.9592592592592591,0.8111111111111118,0.00020366598778004074,0.0
0.9592592592592591,0.8111111111111118,0.00020366598778004074,0.0
0.9592592592592591,0.818518518518518,0.00020366598778004074,0.0
0.9592592592592591,0.818518518518518,0.00020366598778004074,0.0
0.9592592592592591,0.8259259259259264,0.00020366598778004074,0.0
0.9592592592592591,0.8259259259259264,0.00020366598778004074,0.0
0.9592592592592591,0.8333333333333326,0.0,0.0
0.9592592592592591,0.8333333333333326,0.0,0.0
0.9592592592592591,0.840740740740741,0.0,0.0
0.9592592592592591,0.840740740740741,0.0,0.0
0.9592592592592591,0.8481481481481472,0.00020366598778004074,0.0
0.9592592592592591,0.8481481481481472,0.00020366598778004074,0.0
0.9592592592592591,0.8555555555555556,0.0,0.0003518648838845883
0.9592592592592591,0.8555555555555556,0.0,0.0003518648838845883
0.9592592592592591,0.8629629629629642,0.0,0.0003518648838845883
0.9592592592592591,0.8629629629629642,0.0,0.0003518648838845883
0.9592592592592591,0.8703703703703702,0.00020366598778004074,0.0
0.9592592592592591,0.8703703703703702,0.00020366598778004074,0.0
0.9592592592592591,0.8777777777777788,0.0,0.0
0.9592592592592591,0.8777777777777788,0.0,0.0
0.9592592592592591,0.885185185185185,0.0,0.0
0.9592592592592591,0.885185185185185,0.0,0.0
0.9592592592592591,0.8925925925925934,0.00020366598778004074,0.0
0.9592592592592591,0.8925925925925934,0.00020366598778004074,0.0
0.9592592592592591,0.8999999999999996,0.00020366598778004074,0.0
0.9592592592592591,0.8999999999999996,0.00020366598778004074,0.0
0.9592592592592591,0.907407407407408,0.00020366598778004074,0.0
0.9592592592592591,0.907407407407408,0.00020366598778004074,0.0
0.9592592592592591,0.9148148148148142,0.00020366598778004074,0.0
0.9592592592592591,0.9148148148148142,0.00020366598778004074,0.0
0.9592592592592591,0.9222222222222226,0.00020366598778004074,0.0
0.9592592592592591,0.9222222222222226,0.00020366598778004074,0.0
0.9592592592592591,0.9296296296296288,0.00020366598778004074,0.0
0.9592592592592591,0.9296296296296288,0.00020366598778004074,0.0
0.9592592592592591,0.9370370370370372,0.00020366598778004074,0.0
0.9592592592592591,0.9370370370370372,0.00020366598778004074,0.0
0.9592592592592591,0.9444444444444434,0.00020366598778004074,0.0
0.9592592592592591,0.9444444444444434,0.00020366598778004074,0.0
0.9592592592592591,0.9518518518518518,0.0,0.0
0.9592592592592591,0.9518518518518518,0.0,0.0
0.9592592592592591,0.9592592592592604,0.00020366598778004074,0.0
0.9592592592592591,0.9592592592592604,0.00020366598778004074,0.0
0.9592592592592591,0.9666666666666666,0.00020366598778004074,0.0
0.9592592592592591,0.9666666666666666,0.00020366598778004074,0.0
0.9592592592592591,0.974074074074075,0.0,0.0003518648838845883
0.9592592592592591,0.974074074074075,0.0,0.0003518648838845883
0.9592592592592591,0.9814814814814812,0.00020366598778004074,0.0
0.9592592592592591,0.9814814814814812,0.00020366598778004074,0.0
0.9592592592592591,0.9888888888888896,0.00020366598778004074,0.0
0.9592592592592591,0.9888888888888896,0.00020366598778004074,0.0
0.9592592592592591,0.9962962962962958,0.00020366598778004074,0.0
0.9592592592592591,0.9962962962962958,0.00020366598778004074,0.0
0.9666666666666668,0.4259259259259269,0.0,0.0
0.9666666666666668,0.4259259259259269,0.0,0.0
0.9666666666666668,0.433333333333333,0.0,0.0
0.9666666666666668,0.433333333333333,0.0,0.0
0.9666666666666668,0.4407407407407415,0.0,0.0
0.9666666666666668,0.4407407407407415,0.0,0.0
0.9666666666666668,0.4481481481481477,0.0,0.0
0.9666666666666668,0.4481481481481477,0.0,0.0
0.9666666666666668,0.4555555555555561,0.0,0.0
0.9666666666666668,0.4555555555555561,0.0,0.0
0.9666666666666668,0.4629629629629623,0.0,0.0
0.9666666666666668,0.4629629629629623,0.0,0.0
0.9666666666666668,0.4703703703703707,0.0,0.0
0.9666666666666668,0.4703703703703707,0.0,0.0
0.9666666666666668,0.4777777777777769,0.00020366598778004074,0.0
0.9666666666666668,0.4777777777777769,0.00020366598778004074,0.0
0.9666666666666668,0.4851851851851854,0.00020366598778004074,0.0
0.9666666666666668,0.4851851851851854,0.00020366598778004074,0.0
0.9666666666666668,0.4925925925925915,0.00020366598778004074,0.0
0.9666666666666668,0.4925925925925915,0.00020366598778004074,0.0
0.9666666666666668,0.5,0.00020366598778004074,0.0
0.9666666666666668,0.5,0.00020366598778004074,0.0
0.9666666666666668,0.5074074074074084,0.00020366598778004074,0.0
0.9666666666666668,0.5074074074074084,0.00020366598778004074,0.0
0.9666666666666668,0.5148148148148146,0.00020366598778004074,0.0
0.9666666666666668,0.5148148148148146,0.00020366598778004074,0.0
0.9666666666666668,0.522222222222223,0.00020366598778004074,0.0
0.9666666666666668,0.522222222222223,0.00020366598778004074,0.0
0.9666666666666668,0.5296296296296292,0.0,0.0
0.9666666666666668,0.5296296296296292,0.0,0.0
0.9666666666666668,0.5370370370370378,0.00020366598778004074,0.0
0.9666666666666668,0.5370370370370378,0.00020366598778004074,0.0
0.9666666666666668,0.5444444444444438,0.0,0.0
0.9666666666666668,0.5444444444444438,0.0,0.0
0.9666666666666668,0.5518518518518524,0.00020366598778004074,0.0
0.9666666666666668,0.5518518518518524,0.00020366598778004074,0.0
0.9666666666666668,0.5592592592592586,0.0,0.0
0.9666666666666668,0.5592592592592586,0.0,0.0
0.9666666666666668,0.566666666666667,0.0,0.0
0.9666666666666668,0.566666666666667,0.0,0.0
0.9666666666666668,0.5740740740740732,0.0,0.0
0.9666666666666668,0.5740740740740732,0.0,0.0
0.9666666666666668,0.5814814814814816,0.0,0.0003518648838845883
0.9666666666666668,0.5814814814814816,0.0,0.0003518648838845883
0.9666666666666668,0.58888888888889,0.0,0.0
0.9666666666666668,0.58888888888889,0.0,0.0
0.9666666666666668,0.5962962962962962,0.0,0.0
0.9666666666666668,0.5962962962962962,0.0,0.0
0.9666666666666668,0.6037037037037046,0.0,0.0
0.9666666666666668,0.6037037037037046,0.0,0.0
0.9666666666666668,0.6111111111111108,0.0,0.0003518648838845883
0.9666666666666668,0.6111111111111108,0.0,0.0003518648838845883
0.9666666666666668,0.6185185185185194,0.0,0.0
0.9666666666666668,0.6185185185185194,0.0,0.0
0.9666666666666668,0.6259259259259254,0.0,0.0003518648838845883
0.9666666666666668,0.6259259259259254,0.0,0.0003518648838845883
0.9666666666666668,0.633333333333334,0.0,0.0
0.9666666666666668,0.633333333333334,0.0,0.0
0.9666666666666668,0.6407407407407402,0.0,0.0
0.9666666666666668,0.6407407407407402,0.0,0.0
0.9666666666666668,0.6481481481481486,0.0,0.0
0.9666666666666668,0.6481481481481486,0.0,0.0
0.9666666666666668,0.6555555555555548,0.0,0.0
0.9666666666666668,0.6555555555555548,0.0,0.0
0.9666666666666668,0.6629629629629632,0.0,0.0
0.9666666666666668,0.6629629629629632,0.0,0.0
0.9666666666666668,0.6703703703703694,0.00020366598778004074,0.0
0.9666666666666668,0.6703703703703694,0.00020366598778004074,0.0
0.9666666666666668,0.6777777777777778,0.0,0.0003518648838845883
0.9666666666666668,0.6777777777777778,0.0,0.0003518648838845883
0.9666666666666668,0.6851851851851862,0.0,0.0
0.9666666666666668,0.6851851851851862,0.0,0.0
0.9666666666666668,0.6925925925925924,0.0,0.0003518648838845883
0.9666666666666668,0.6925925925925924,0.0,0.0003518648838845883
0.9666666666666668,0.700000000000001,0.0,0.0003518648838845883
0.9666666666666668,0.700000000000001,0.0,0.0003518648838845883
0.9666666666666668,0.707407407407407,0.0,0.0003518648838845883
0.9666666666666668,0.707407407407407,0.0,0.0003518648838845883
0.9666666666666668,0.7148148148148156,0.0,0.0003518648838845883
0.9666666666666668,0.7148148148148156,0.0,0.0003518648838845883
0.9666666666666668,0.7222222222222218,0.0,0.0003518648838845883
0.9666666666666668,0.7222222222222218,0.0,0.0003518648838845883
0.9666666666666668,0.7296296296296302,0.0,0.0003518648838845883
0.9666666666666668,0.7296296296296302,0.0,0.0003518648838845883
0.9666666666666668,0.7370370370370364,0.0,0.0003518648838845883
0.9666666666666668,0.7370370370370364,0.0,0.0003518648838845883
0.9666666666666668,0.7444444444444448,0.00020366598778004074,0.0
0.9666666666666668,0.7444444444444448,0.00020366598778004074,0.0
0.9666666666666668,0.751851851851851,0.00020366598778004074,0.0
0.9666666666666668,0.751851851851851,0.00020366598778004074,0.0
0.9666666666666668,0.7592592592592594,0.0,0.0003518648838845883
0.9666666666666668,0.7592592592592594,0.0,0.0003518648838845883
0.9666666666666668,0.7666666666666656,0.00020366598778004074,0.0
0.9666666666666668,0.7666666666666656,0.00020366598778004074,0.0
0.9666666666666668,0.774074074074074,0.00020366598778004074,0.0
0.9666666666666668,0.774074074074074,0.00020366598778004074,0.0
0.9666666666666668,0.7814814814814826,0.0,0.0003518648838845883
0.9666666666666668,0.7814814814814826,0.0,0.0003518648838845883
0.9666666666666668,0.7888888888888886,0.00020366598778004074,0.0
0.9666666666666668,0.7888888888888886,0.00020366598778004074,0.0
0.9666666666666668,0.7962962962962972,0.00020366598778004074,0.0
0.9666666666666668,0.7962962962962972,0.00020366598778004074,0.0
0.9666666666666668,0.8037037037037034,0.00020366598778004074,0.0
0.9666666666666668,0.8037037037037034,0.00020366598778004074,0.0
0.9666666666666668,0.8111111111111118,0.00020366598778004074,0.0
0.9666666666666668,0.8111111111111118,0.00020366598778004074,0.0
0.9666666666666668,0.818518518518518,0.00020366598778004074,0.0
0.9666666666666668,0.818518518518518,0.00020366598778004074,0.0
0.9666666666666668,0.8259259259259264,0.00020366598778004074,0.0
0.9666666666666668,0.8259259259259264,0.00020366598778004074,0.0
0.9666666666666668,0.8333333333333326,0.00020366598778004074,0.0
0.9666666666666668,0.8333333333333326,0.00020366598778004074,0.0
0.9666666666666668,0.840740740740741,0.0,0.0
0.9666666666666668,0.840740740740741,0.0,0.0
0.9666666666666668,0.8481481481481472,0.0,0.0
0.9666666666666668,0.8481481481481472,0.0,0.0
0.9666666666666668,0.8555555555555556,0.0,0.0003518648838845883
0.9666666666666668,0.8555555555555556,0.0,0.0003518648838845883
0.9666666666666668,0.8629629629629642,0.0,0.0003518648838845883
0.9666666666666668,0.8629629629629642,0.0,0.0003518648838845883
0.9666666666666668,0.8703703703703702,0.0,0.0003518648838845883
0.9666666666666668,0.8703703703703702,0.0,0.0003518648838845883
0.9666666666666668,0.8777777777777788,0.0,0.0003518648838845883
0.9666666666666668,0.8777777777777788,0.0,0.0003518648838845883
0.9666666666666668,0.885185185185185,0.0,0.0003518648838845883
0.9666666666666668,0.885185185185185,0.0,0.0003518648838845883
0.9666666666666668,0.8925925925925934,0.00020366598778004074,0.0
0.9666666666666668,0.8925925925925934,0.00020366598778004074,0.0
0.9666666666666668,0.8999999999999996,0.00020366598778004074,0.0
0.9666666666666668,0.8999999999999996,0.00020366598778004074,0.0
0.9666666666666668,0.907407407407408,0.00020366598778004074,0.0
0.9666666666666668,0.907407407407408,0.00020366598778004074,0.0
0.9666666666666668,0.9148148148148142,0.00020366598778004074,0.0
0.9666666666666668,0.9148148148148142,0.00020366598778004074,0.0
0.9666666666666668,0.9222222222222226,0.00020366598778004074,0.0
0.9666666666666668,0.9222222222222226,0.00020366598778004074,0.0
0.9666666666666668,0.9296296296296288,0.00020366598778004074,0.0
0.9666666666666668,0.9296296296296288,0.00020366598778004074,0.0
0.9666666666666668,0.9370370370370372,0.00020366598778004074,0.0
0.9666666666666668,0.9370370370370372,0.00020366598778004074,0.0
0.9666666666666668,0.9444444444444434,0.00020366598778004074,0.0
0.9666666666666668,0.9444444444444434,0.00020366598778004074,0.0
0.9666666666666668,0.9518518518518518,0.0,0.0
0.9666666666666668,0.9518518518518518,0.0,0.0
0.9666666666666668,0.9592592592592604,0.0,0.0
0.9666666666666668,0.9592592592592604,0.0,0.0
0.9666666666666668,0.9666666666666666,0.0,0.0
0.9666666666666668,0.9666666666666666,0.0,0.0
0.9666666666666668,0.974074074074075,0.0,0.0
0.9666666666666668,0.974074074074075,0.0,0.0
0.9666666666666668,0.9814814814814812,0.0,0.0003518648838845883
0.9666666666666668,0.9814814814814812,0.0,0.0003518648838845883
0.9666666666666668,0.9888888888888896,0.00020366598778004074,0.0
0.9666666666666668,0.9888888888888896,0.00020366598778004074,0.0
0.9666666666666668,0.9962962962962958,0.00020366598778004074,0.0
0.9666666666666668,0.9962962962962958,0.00020366598778004074,0.0
0.9740740740740742,0.4259259259259269,0.0,0.0
0.9740740740740742,0.4259259259259269,0.0,0.0
0.9740740740740742,0.433333333333333,0.0,0.0
0.9740740740740742,0.433333333333333,0.0,0.0
0.9740740740740742,0.4407407407407415,0.0,0.0
0.9740740740740742,0.4407407407407415,0.0,0.0
0.9740740740740742,0.4481481481481477,0.0,0.0
0.9740740740740742,0.4481481481481477,0.0,0.0
0.9740740740740742,0.4555555555555561,0.0,0.0
0.9740740740740742,0.4555555555555561,0.0,0.0
0.9740740740740742,0.4629629629629623,0.0,0.0003518648838845883
0.9740740740740742,0.4629629629629623,0.0,0.0003518648838845883
0.9740740740740742,0.4703703703703707,0.0,0.0
0.9740740740740742,0.4703703703703707,0.0,0.0
0.9740740740740742,0.4777777777777769,0.0,0.0
0.9740740740740742,0.4777777777777769,0.0,0.0
0.9740740740740742,0.4851851851851854,0.00020366598778004074,0.0
0.9740740740740742,0.4851851851851854,0.00020366598778004074,0.0
0.9740740740740742,0.4925925925925915,0.00020366598778004074,0.0
0.9740740740740742,0.4925925925925915,0.00020366598778004074,0.0
0.9740740740740742,0.5,0.00020366598778004074,0.0
0.9740740740740742,0.5,0.00020366598778004074,0.0
0.9740740740740742,0.5074074074074084,0.00020366598778004074,0.0
0.9740740740740742,0.5074074074074084,0.00020366598778004074,0.0
0.9740740740740742,0.5148148148148146,0.0,0.0
0.9740740740740742,0.5148148148148146,0.0,0.0
0.9740740740740742,0.522222222222223,0.00020366598778004074,0.0
0.9740740740740742,0.522222222222223,0.00020366598778004074,0.0
0.9740740740740742,0.5296296296296292,0.0,0.0
0.9740740740740742,0.5296296296296292,0.0,0.0
0.9740740740740742,0.5370370370370378,0.0,0.0
0.9740740740740742,0.5370370370370378,0.0,0.0
0.9740740740740742,0.5444444444444438,0.0,0.0
0.9740740740740742,0.5444444444444438,0.0,0.0
0.9740740740740742,0.5518518518518524,0.0,0.0
0.9740740740740742,0.5518518518518524,0.0,0.0
0.9740740740740742,0.5592592592592586,0.0,0.0
0.9740740740740742,0.5592592592592586,0.0,0.0
0.9740740740740742,0.566666666666667,0.0,0.0
0.9740740740740742,0.566666666666667,0.0,0.0
0.9740740740740742,0.5740740740740732,0.0,0.0
0.9740740740740742,0.5740740740740732,0.0,0.0
0.9740740740740742,0.5814814814814816,0.0,0.0
0.9740740740740742,0.5814814814814816,0.0,0.0
0.9740740740740742,0.58888888888889,0.0,0.0
0.9740740740740742,0.58888888888889,0.0,0.0
0.9740740740740742,0.5962962962962962,0.0,0.0
0.9740740740740742,0.5962962962962962,0.0,0.0
0.9740740740740742,0.6037037037037046,0.00020366598778004074,0.0
0.9740740740740742,0.6037037037037046,0.00020366598778004074,0.0
0.9740740740740742,0.6111111111111108,0.00020366598778004074,0.0
0.9740740740740742,0.6111111111111108,0.00020366598778004074,0.0
0.9740740740740742,0.6185185185185194,0.0,0.0
0.9740740740740742,0.6185185185185194,0.0,0.0
0.9740740740740742,0.6259259259259254,0.0,0.0003518648838845883
0.9740740740740742,0.6259259259259254,0.0,0.0003518648838845883
0.9740740740740742,0.633333333333334,0.0,0.0
0.9740740740740742,0.633333333333334,0.0,0.0
0.9740740740740742,0.6407407407407402,0.0,0.0003518648838845883
0.9740740740740742,0.6407407407407402,0.0,0.0003518648838845883
0.9740740740740742,0.6481481481481486,0.0,0.0
0.9740740740740742,0.6481481481481486,0.0,0.0
0.9740740740740742,0.6555555555555548,0.0,0.0
0.9740740740740742,0.6555555555555548,0.0,0.0
0.9740740740740742,0.6629629629629632,0.0,0.0
0.9740740740740742,0.6629629629629632,0.0,0.0
0.9740740740740742,0.6703703703703694,0.0,0.0
0.9740740740740742,0.6703703703703694,0.0,0.0
0.9740740740740742,0.6777777777777778,0.0,0.0
0.9740740740740742,0.6777777777777778,0.0,0.0
0.9740740740740742,0.6851851851851862,0.0,0.0
0.9740740740740742,0.6851851851851862,0.0,0.0
0.9740740740740742,0.6925925925925924,0.0,0.0
0.9740740740740742,0.6925925925925924,0.0,0.0
0.9740740740740742,0.700000000000001,0.0,0.0
0.9740740740740742,0.700000000000001,0.0,0.0
0.9740740740740742,0.707407407407407,0.0,0.0
0.9740740740740742,0.707407407407407,0.0,0.0
0.9740740740740742,0.7148148148148156,0.0,0.0003518648838845883
0.9740740740740742,0.7148148148148156,0.0,0.0003518648838845883
0.9740740740740742,0.7222222222222218,0.0,0.0003518648838845883
0.9740740740740742,0.7222222222222218,0.0,0.0003518648838845883
0.9740740740740742,0.7296296296296302,0.0,0.0003518648838845883
0.9740740740740742,0.7296296296296302,0.0,0.0003518648838845883
0.9740740740740742,0.7370370370370364,0.0,0.0003518648838845883
0.9740740740740742,0.7370370370370364,0.0,0.0003518648838845883
0.9740740740740742,0.7444444444444448,0.00020366598778004074,0.0
0.9740740740740742,0.7444444444444448,0.00020366598778004074,0.0
0.9740740740740742,0.751851851851851,0.0,0.0
0.9740740740740742,0.751851851851851,0.0,0.0
0.9740740740740742,0.7592592592592594,0.00020366598778004074,0.0
0.9740740740740742,0.7592592592592594,0.00020366598778004074,0.0
0.9740740740740742,0.7666666666666656,0.00020366598778004074,0.0
0.9740740740740742,0.7666666666666656,0.00020366598778004074,0.0
0.9740740740740742,0.774074074074074,0.0,0.0003518648838845883
0.9740740740740742,0.774074074074074,0.0,0.0003518648838845883
0.9740740740740742,0.7814814814814826,0.0,0.0003518648838845883
0.9740740740740742,0.7814814814814826,0.0,0.0003518648838845883
0.9740740740740742,0.7888888888888886,0.0,0.0003518648838845883
0.9740740740740742,0.7888888888888886,0.0,0.0003518648838845883
0.9740740740740742,0.7962962962962972,0.00020366598778004074,0.0
0.9740740740740742,0.7962962962962972,0.00020366598778004074,0.0
0.9740740740740742,0.8037037037037034,0.00020366598778004074,0.0
0.9740740740740742,0.8037037037037034,0.00020366598778004074,0.0
0.9740740740740742,0.8111111111111118,0.00020366598778004074,0.0
0.9740740740740742,0.8111111111111118,0.00020366598778004074,0.0
0.9740740740740742,0.818518518518518,0.00020366598778004074,0.0
0.9740740740740742,0.818518518518518,0.00020366598778004074,0.0
0.9740740740740742,0.8259259259259264,0.00020366598778004074,0.0
0.9740740740740742,0.8259259259259264,0.00020366598778004074,0.0
0.9740740740740742,0.8333333333333326,0.00020366598778004074,0.0
0.9740740740740742,0.8333333333333326,0.00020366598778004074,0.0
0.9740740740740742,0.840740740740741,0.0,0.0003518648838845883
0.9740740740740742,0.840740740740741,0.0,0.0003518648838845883
0.9740740740740742,0.8481481481481472,0.0,0.0003518648838845883
0.9740740740740742,0.8481481481481472,0.0,0.0003518648838845883
0.9740740740740742,0.8555555555555556,0.0,0.0
0.9740740740740742,0.8555555555555556,0.0,0.0
0.9740740740740742,0.8629629629629642,0.0,0.0003518648838845883
0.9740740740740742,0.8629629629629642,0.0,0.0003518648838845883
0.9740740740740742,0.8703703703703702,0.0,0.0003518648838845883
0.9740740740740742,0.8703703703703702,0.0,0.0003518648838845883
0.9740740740740742,0.8777777777777788,0.0,0.0
0.9740740740740742,0.8777777777777788,0.0,0.0
0.9740740740740742,0.885185185185185,0.00020366598778004074,0.0
0.9740740740740742,0.885185185185185,0.00020366598778004074,0.0
0.9740740740740742,0.8925925925925934,0.00020366598778004074,0.0
0.9740740740740742,0.8925925925925934,0.00020366598778004074,0.0
0.9740740740740742,0.8999999999999996,0.00020366598778004074,0.0
0.9740740740740742,0.8999999999999996,0.00020366598778004074,0.0
0.9740740740740742,0.907407407407408,0.00020366598778004074,0.0
0.9740740740740742,0.907407407407408,0.00020366598778004074,0.0
0.9740740740740742,0.9148148148148142,0.00020366598778004074,0.0
0.9740740740740742,0.9148148148148142,0.00020366598778004074,0.0
0.9740740740740742,0.9222222222222226,0.00020366598778004074,0.0
0.9740740740740742,0.9222222222222226,0.00020366598778004074,0.0
0.9740740740740742,0.9296296296296288,0.0,0.0003518648838845883
0.9740740740740742,0.9296296296296288,0.0,0.0003518648838845883
0.9740740740740742,0.9370370370370372,0.0,0.0003518648838845883
0.9740740740740742,0.9370370370370372,0.0,0.0003518648838845883
0.9740740740740742,0.9444444444444434,0.0,0.0003518648838845883
0.9740740740740742,0.9444444444444434,0.0,0.0003518648838845883
0.9740740740740742,0.9518518518518518,0.0,0.0003518648838845883
0.9740740740740742,0.9518518518518518,0.0,0.0003518648838845883
0.9740740740740742,0.9592592592592604,0.0,0.0003518648838845883
0.9740740740740742,0.9592592592592604,0.0,0.0003518648838845883
0.9740740740740742,0.9666666666666666,0.0,0.0
0.9740740740740742,0.9666666666666666,0.0,0.0
0.9740740740740742,0.974074074074075,0.0,0.0
0.9740740740740742,0.974074074074075,0.0,0.0
0.9740740740740742,0.9814814814814812,0.0,0.0
0.9740740740740742,0.9814814814814812,0.0,0.0
0.9740740740740742,0.9888888888888896,0.0,0.0003518648838845883
0.9740740740740742,0.9888888888888896,0.0,0.0003518648838845883
0.9740740740740742,0.9962962962962958,0.00020366598778004074,0.0
0.9740740740740742,0.9962962962962958,0.00020366598778004074,0.0
0.9814814814814816,0.4259259259259269,0.0,0.0
0.9814814814814816,0.4259259259259269,0.0,0.0
0.9814814814814816,0.433333333333333,0.0,0.0
0.9814814814814816,0.433333333333333,0.0,0.0
0.9814814814814816,0.4407407407407415,0.0,0.0
0.9814814814814816,0.4407407407407415,0.0,0.0
0.9814814814814816,0.4481481481481477,0.0,0.0
0.9814814814814816,0.4481481481481477,0.0,0.0
0.9814814814814816,0.4555555555555561,0.0,0.0
0.9814814814814816,0.4555555555555561,0.0,0.0
0.9814814814814816,0.4629629629629623,0.0,0.0003518648838845883
0.9814814814814816,0.4629629629629623,0.0,0.0003518648838845883
0.9814814814814816,0.4703703703703707,0.0,0.0
0.9814814814814816,0.4703703703703707,0.0,0.0
0.9814814814814816,0.4777777777777769,0.00020366598778004074,0.0
0.9814814814814816,0.4777777777777769,0.00020366598778004074,0.0
0.9814814814814816,0.4851851851851854,0.00020366598778004074,0.0
0.9814814814814816,0.4851851851851854,0.00020366598778004074,0.0
0.9814814814814816,0.4925925925925915,0.00020366598778004074,0.0
0.9814814814814816,0.4925925925925915,0.00020366598778004074,0.0
0.9814814814814816,0.5,0.00020366598778004074,0.0
0.9814814814814816,0.5,0.00020366598778004074,0.0
0.9814814814814816,0.5074074074074084,0.00020366598778004074,0.0
0.9814814814814816,0.5074074074074084,0.00020366598778004074,0.0
0.9814814814814816,0.5148148148148146,0.00020366598778004074,0.0
0.9814814814814816,0.5148148148148146,0.00020366598778004074,0.0
0.9814814814814816,0.522222222222223,0.00020366598778004074,0.0
0.9814814814814816,0.522222222222223,0.00020366598778004074,0.0
0.9814814814814816,0.5296296296296292,0.0,0.0
0.9814814814814816,0.5296296296296292,0.0,0.0
0.9814814814814816,0.5370370370370378,0.0,0.0
0.9814814814814816,0.5370370370370378,0.0,0.0
0.9814814814814816,0.5444444444444438,0.0,0.0
0.9814814814814816,0.5444444444444438,0.0,0.0
0.9814814814814816,0.5518518518518524,0.0,0.0
0.9814814814814816,0.5518518518518524,0.0,0.0
0.9814814814814816,0.5592592592592586,0.0,0.0
0.9814814814814816,0.5592592592592586,0.0,0.0
0.9814814814814816,0.566666666666667,0.0,0.0
0.9814814814814816,0.566666666666667,0.0,0.0
0.9814814814814816,0.5740740740740732,0.0,0.0
0.9814814814814816,0.5740740740740732,0.0,0.0
0.9814814814814816,0.5814814814814816,0.0,0.0
0.9814814814814816,0.5814814814814816,0.0,0.0
0.9814814814814816,0.58888888888889,0.0,0.0
0.9814814814814816,0.58888888888889,0.0,0.0
0.9814814814814816,0.5962962962962962,0.0,0.0
0.9814814814814816,0.5962962962962962,0.0,0.0
0.9814814814814816,0.6037037037037046,0.0,0.0
0.9814814814814816,0.6037037037037046,0.0,0.0
0.9814814814814816,0.6111111111111108,0.0,0.0
0.9814814814814816,0.6111111111111108,0.0,0.0
0.9814814814814816,0.6185185185185194,0.0,0.0003518648838845883
0.9814814814814816,0.6185185185185194,0.0,0.0003518648838845883
0.9814814814814816,0.6259259259259254,0.0,0.0
0.9814814814814816,0.6259259259259254,0.0,0.0
0.9814814814814816,0.633333333333334,0.0,0.0
0.9814814814814816,0.633333333333334,0.0,0.0
0.9814814814814816,0.6407407407407402,0.0,0.0
0.9814814814814816,0.6407407407407402,0.0,0.0
0.9814814814814816,0.6481481481481486,0.0,0.0
0.9814814814814816,0.6481481481481486,0.0,0.0
0.9814814814814816,0.6555555555555548,0.0,0.0
0.9814814814814816,0.6555555555555548,0.0,0.0
0.9814814814814816,0.6629629629629632,0.0,0.0
0.9814814814814816,0.6629629629629632,0.0,0.0
0.9814814814814816,0.6703703703703694,0.00020366598778004074,0.0
0.9814814814814816,0.6703703703703694,0.00020366598778004074,0.0
0.9814814814814816,0.6777777777777778,0.0,0.0
0.9814814814814816,0.6777777777777778,0.0,0.0
0.9814814814814816,0.6851851851851862,0.0,0.0
0.9814814814814816,0.6851851851851862,0.0,0.0
0.9814814814814816,0.6925925925925924,0.0,0.0
0.9814814814814816,0.6925925925925924,0.0,0.0
0.9814814814814816,0.700000000000001,0.0,0.0
0.9814814814814816,0.700000000000001,0.0,0.0
0.9814814814814816,0.707407407407407,0.0,0.0
0.9814814814814816,0.707407407407407,0.0,0.0
0.9814814814814816,0.7148148148148156,0.0,0.0003518648838845883
0.9814814814814816,0.7148148148148156,0.0,0.0003518648838845883
0.9814814814814816,0.7222222222222218,0.0,0.0003518648838845883
0.9814814814814816,0.7222222222222218,0.0,0.0003518648838845883
0.9814814814814816,0.7296296296296302,0.0,0.0003518648838845883
0.9814814814814816,0.7296296296296302,0.0,0.0003518648838845883
0.9814814814814816,0.7370370370370364,0.0,0.0003518648838845883
0.9814814814814816,0.7370370370370364,0.0,0.0003518648838845883
0.9814814814814816,0.7444444444444448,0.0,0.0003518648838845883
0.9814814814814816,0.7444444444444448,0.0,0.0003518648838845883
0.9814814814814816,0.751851851851851,0.00020366598778004074,0.0
0.9814814814814816,0.751851851851851,0.00020366598778004074,0.0
0.9814814814814816,0.7592592592592594,0.00020366598778004074,0.0
0.9814814814814816,0.7592592592592594,0.00020366598778004074,0.0
0.9814814814814816,0.7666666666666656,0.00020366598778004074,0.0
0.9814814814814816,0.7666666666666656,0.00020366598778004074,0.0
0.9814814814814816,0.774074074074074,0.0,0.0003518648838845883
0.9814814814814816,0.774074074074074,0.0,0.0003518648838845883
0.9814814814814816,0.7814814814814826,0.0,0.0003518648838845883
0.9814814814814816,0.7814814814814826,0.0,0.0003518648838845883
0.9814814814814816,0.7888888888888886,0.00020366598778004074,0.0
0.9814814814814816,0.7888888888888886,0.00020366598778004074,0.0
0.9814814814814816,0.7962962962962972,0.00020366598778004074,0.0
0.9814814814814816,0.7962962962962972,0.00020366598778004074,0.0
0.9814814814814816,0.8037037037037034,0.00020366598778004074,0.0
0.9814814814814816,0.8037037037037034,0.00020366598778004074,0.0
0.9814814814814816,0.8111111111111118,0.00020366598778004074,0.0
0.9814814814814816,0.8111111111111118,0.00020366598778004074,0.0
0.9814814814814816,0.818518518518518,0.00020366598778004074,0.0
0.9814814814814816,0.818518518518518,0.00020366598778004074,0.0
0.9814814814814816,0.8259259259259264,0.00020366598778004074,0.0
0.9814814814814816,0.8259259259259264,0.00020366598778004074,0.0
0.9814814814814816,0.8333333333333326,0.00020366598778004074,0.0
0.9814814814814816,0.8333333333333326,0.00020366598778004074,0.0
0.9814814814814816,0.840740740740741,0.0,0.0003518648838845883
0.9814814814814816,0.840740740740741,0.0,0.0003518648838845883
0.9814814814814816,0.8481481481481472,0.0,0.0003518648838845883
0.9814814814814816,0.8481481481481472,0.0,0.0003518648838845883
0.9814814814814816,0.8555555555555556,0.0,0.0003518648838845883
0.9814814814814816,0.8555555555555556,0.0,0.0003518648838845883
0.9814814814814816,0.8629629629629642,0.0,0.0003518648838845883
0.9814814814814816,0.8629629629629642,0.0,0.0003518648838845883
0.9814814814814816,0.8703703703703702,0.0,0.0003518648838845883
0.9814814814814816,0.8703703703703702,0.0,0.0003518648838845883
0.9814814814814816,0.8777777777777788,0.0,0.0003518648838845883
0.9814814814814816,0.8777777777777788,0.0,0.0003518648838845883
0.9814814814814816,0.885185185185185,0.00020366598778004074,0.0
0.9814814814814816,0.885185185185185,0.00020366598778004074,0.0
0.9814814814814816,0.8925925925925934,0.00020366598778004074,0.0
0.9814814814814816,0.8925925925925934,0.00020366598778004074,0.0
0.9814814814814816,0.8999999999999996,0.0,0.0
0.9814814814814816,0.8999999999999996,0.0,0.0
0.9814814814814816,0.907407407407408,0.0,0.0
0.9814814814814816,0.907407407407408,0.0,0.0
0.9814814814814816,0.9148148148148142,0.0,0.0
0.9814814814814816,0.9148148148148142,0.0,0.0
0.9814814814814816,0.9222222222222226,0.0,0.0
0.9814814814814816,0.9222222222222226,0.0,0.0
0.9814814814814816,0.9296296296296288,0.0,0.0
0.9814814814814816,0.9296296296296288,0.0,0.0
0.9814814814814816,0.9370370370370372,0.0,0.0003518648838845883
0.9814814814814816,0.9370370370370372,0.0,0.0003518648838845883
0.9814814814814816,0.9444444444444434,0.0,0.0003518648838845883
0.9814814814814816,0.9444444444444434,0.0,0.0003518648838845883
0.9814814814814816,0.9518518518518518,0.0,0.0003518648838845883
0.9814814814814816,0.9518518518518518,0.0,0.0003518648838845883
0.9814814814814816,0.9592592592592604,0.0,0.0003518648838845883
0.9814814814814816,0.9592592592592604,0.0,0.0003518648838845883
0.9814814814814816,0.9666666666666666,0.0,0.0003518648838845883
0.9814814814814816,0.9666666666666666,0.0,0.0003518648838845883
0.9814814814814816,0.974074074074075,0.0,0.0003518648838845883
0.9814814814814816,0.974074074074075,0.0,0.0003518648838845883
0.9814814814814816,0.9814814814814812,0.0,0.0003518648838845883
0.9814814814814816,0.9814814814814812,0.0,0.0003518648838845883
0.9814814814814816,0.9888888888888896,0.0,0.0003518648838845883
0.9814814814814816,0.9888888888888896,0.0,0.0003518648838845883
0.9814814814814816,0.9962962962962958,0.0,0.0003518648838845883
0.9814814814814816,0.9962962962962958,0.0,0.0003518648838845883
0.988888888888889,0.4259259259259269,0.0,0.0
0.988888888888889,0.4259259259259269,0.0,0.0
0.988888888888889,0.433333333333333,0.0,0.0
0.988888888888889,0.433333333333333,0.0,0.0
0.988888888888889,0.4407407407407415,0.0,0.0
0.988888888888889,0.4407407407407415,0.0,0.0
0.988888888888889,0.4481481481481477,0.0,0.0
0.988888888888889,0.4481481481481477,0.0,0.0
0.988888888888889,0.4555555555555561,0.0,0.0
0.988888888888889,0.4555555555555561,0.0,0.0
0.988888888888889,0.4629629629629623,0.0,0.0003518648838845883
0.988888888888889,0.4629629629629623,0.0,0.0003518648838845883
0.988888888888889,0.4703703703703707,0.0,0.0003518648838845883
0.988888888888889,0.4703703703703707,0.0,0.0003518648838845883
0.988888888888889,0.4777777777777769,0.0,0.0003518648838845883
0.988888888888889,0.4777777777777769,0.0,0.0003518648838845883
0.988888888888889,0.4851851851851854,0.00020366598778004074,0.0
0.988888888888889,0.4851851851851854,0.00020366598778004074,0.0
0.988888888888889,0.4925925925925915,0.00020366598778004074,0.0
0.988888888888889,0.4925925925925915,0.00020366598778004074,0.0
0.988888888888889,0.5,0.00020366598778004074,0.0
0.988888888888889,0.5,0.00020366598778004074,0.0
0.988888888888889,0.5074074074074084,0.00020366598778004074,0.0
0.988888888888889,0.5074074074074084,0.00020366598778004074,0.0
0.988888888888889,0.5148148148148146,0.00020366598778004074,0.0
0.988888888888889,0.5148148148148146,0.00020366598778004074,0.0
0.988888888888889,0.522222222222223,0.00020366598778004074,0.0
0.988888888888889,0.522222222222223,0.00020366598778004074,0.0
0.988888888888889,0.5296296296296292,0.0,0.0
0.988888888888889,0.5296296296296292,0.0,0.0
0.988888888888889,0.5370370370370378,0.0,0.0
0.988888888888889,0.5370370370370378,0.0,0.0
0.988888888888889,0.5444444444444438,0.00020366598778004074,0.0
0.988888888888889,0.5444444444444438,0.00020366598778004074,0.0
0.988888888888889,0.5518518518518524,0.0,0.0
0.988888888888889,0.5518518518518524,0.0,0.0
0.988888888888889,0.5592592592592586,0.0,0.0
0.988888888888889,0.5592592592592586,0.0,0.0
0.988888888888889,0.566666666666667,0.0,0.0003518648838845883
0.988888888888889,0.566666666666667,0.0,0.0003518648838845883
0.988888888888889,0.5740740740740732,0.0,0.0
0.988888888888889,0.5740740740740732,0.0,0.0
0.988888888888889,0.5814814814814816,0.0,0.0
0.988888888888889,0.5814814814814816,0.0,0.0
0.988888888888889,0.58888888888889,0.0,0.0
0.988888888888889,0.58888888888889,0.0,0.0
0.988888888888889,0.5962962962962962,0.0,0.0
0.988888888888889,0.5962962962962962,0.0,0.0
0.988888888888889,0.6037037037037046,0.0,0.0
0.988888888888889,0.6037037037037046,0.0,0.0
0.988888888888889,0.6111111111111108,0.0,0.0
0.988888888888889,0.6111111111111108,0.0,0.0
0.988888888888889,0.6185185185185194,0.0,0.0
0.988888888888889,0.6185185185185194,0.0,0.0
0.988888888888889,0.6259259259259254,0.0,0.0
0.988888888888889,0.6259259259259254,0.0,0.0
0.988888888888889,0.633333333333334,0.0,0.0
0.988888888888889,0.633333333333334,0.0,0.0
0.988888888888889,0.6407407407407402,0.0,0.0
0.988888888888889,0.6407407407407402,0.0,0.0
0.988888888888889,0.6481481481481486,0.00020366598778004074,0.0
0.988888888888889,0.6481481481481486,0.00020366598778004074,0.0
0.988888888888889,0.6555555555555548,0.0,0.0
0.988888888888889,0.6555555555555548,0.0,0.0
0.988888888888889,0.6629629629629632,0.00020366598778004074,0.0
0.988888888888889,0.6629629629629632,0.00020366598778004074,0.0
0.988888888888889,0.6703703703703694,0.0,0.0
0.988888888888889,0.6703703703703694,0.0,0.0
0.988888888888889,0.6777777777777778,0.0,0.0
0.988888888888889,0.6777777777777778,0.0,0.0
0.988888888888889,0.6851851851851862,0.0,0.0
0.988888888888889,0.6851851851851862,0.0,0.0
0.988888888888889,0.6925925925925924,0.0,0.0
0.988888888888889,0.6925925925925924,0.0,0.0
0.988888888888889,0.700000000000001,0.0,0.0
0.988888888888889,0.700000000000001,0.0,0.0
0.988888888888889,0.707407407407407,0.0,0.0
0.988888888888889,0.707407407407407,0.0,0.0
0.988888888888889,0.7148148148148156,0.0,0.0003518648838845883
0.988888888888889,0.7148148148148156,0.0,0.0003518648838845883
0.988888888888889,0.7222222222222218,0.0,0.0
0.988888888888889,0.7222222222222218,0.0,0.0
0.988888888888889,0.7296296296296302,0.0,0.0
0.988888888888889,0.7296296296296302,0.0,0.0
0.988888888888889,0.7370370370370364,0.0,0.0003518648838845883
0.988888888888889,0.7370370370370364,0.0,0.0003518648838845883
0.988888888888889,0.7444444444444448,0.0,0.0
0.988888888888889,0.7444444444444448,0.0,0.0
0.988888888888889,0.751851851851851,0.0,0.0
0.988888888888889,0.751851851851851,0.0,0.0
0.988888888888889,0.7592592592592594,0.00020366598778004074,0.0
0.988888888888889,0.7592592592592594,0.00020366598778004074,0.0
0.988888888888889,0.7666666666666656,0.00020366598778004074,0.0
0.988888888888889,0.7666666666666656,0.00020366598778004074,0.0
0.988888888888889,0.774074074074074,0.0,0.0003518648838845883
0.988888888888889,0.774074074074074,0.0,0.0003518648838845883
0.988888888888889,0.7814814814814826,0.00020366598778004074,0.0
0.988888888888889,0.7814814814814826,0.00020366598778004074,0.0
0.988888888888889,0.7888888888888886,0.00020366598778004074,0.0
0.988888888888889,0.7888888888888886,0.00020366598778004074,0.0
0.988888888888889,0.7962962962962972,0.00020366598778004074,0.0
0.988888888888889,0.7962962962962972,0.00020366598778004074,0.0
0.988888888888889,0.8037037037037034,0.00020366598778004074,0.0
0.988888888888889,0.8037037037037034,0.00020366598778004074,0.0
0.988888888888889,0.8111111111111118,0.00020366598778004074,0.0
0.988888888888889,0.8111111111111118,0.00020366598778004074,0.0
0.988888888888889,0.818518518518518,0.00020366598778004074,0.0
0.988888888888889,0.818518518518518,0.00020366598778004074,0.0
0.988888888888889,0.8259259259259264,0.00020366598778004074,0.0
0.988888888888889,0.8259259259259264,0.00020366598778004074,0.0
0.988888888888889,0.8333333333333326,0.00020366598778004074,0.0
0.988888888888889,0.8333333333333326,0.00020366598778004074,0.0
0.988888888888889,0.840740740740741,0.0,0.0
0.988888888888889,0.840740740740741,0.0,0.0
0.988888888888889,0.8481481481481472,0.0,0.0003518648838845883
0.988888888888889,0.8481481481481472,0.0,0.0003518648838845883
0.988888888888889,0.8555555555555556,0.0,0.0003518648838845883
0.988888888888889,0.8555555555555556,0.0,0.0003518648838845883
0.988888888888889,0.8629629629629642,0.0,0.0003518648838845883
0.988888888888889,0.8629629629629642,0.0,0.0003518648838845883
0.988888888888889,0.8703703703703702,0.0,0.0003518648838845883
0.988888888888889,0.8703703703703702,0.0,0.0003518648838845883
0.988888888888889,0.8777777777777788,0.0,0.0003518648838845883
0.988888888888889,0.8777777777777788,0.0,0.0003518648838845883
0.988888888888889,0.885185185185185,0.0,0.0003518648838845883
0.988888888888889,0.885185185185185,0.0,0.0003518648838845883
0.988888888888889,0.8925925925925934,0.00020366598778004074,0.0
0.988888888888889,0.8925925925925934,0.00020366598778004074,0.0
0.988888888888889,0.8999999999999996,0.0,0.0003518648838845883
0.988888888888889,0.8999999999999996,0.0,0.0003518648838845883
0.988888888888889,0.907407407407408,0.0,0.0003518648838845883
0.988888888888889,0.907407407407408,0.0,0.0003518648838845883
0.988888888888889,0.9148148148148142,0.0,0.0003518648838845883
0.988888888888889,0.9148148148148142,0.0,0.0003518648838845883
0.988888888888889,0.9222222222222226,0.0,0.0003518648838845883
0.988888888888889,0.9222222222222226,0.0,0.0003518648838845883
0.988888888888889,0.9296296296296288,0.0,0.0
0.988888888888889,0.9296296296296288,0.0,0.0
0.988888888888889,0.9370370370370372,0.0,0.0003518648838845883
0.988888888888889,0.9370370370370372,0.0,0.0003518648838845883
0.988888888888889,0.9444444444444434,0.0,0.0003518648838845883
0.988888888888889,0.9444444444444434,0.0,0.0003518648838845883
0.988888888888889,0.9518518518518518,0.0,0.0003518648838845883
0.988888888888889,0.9518518518518518,0.0,0.0003518648838845883
0.988888888888889,0.9592592592592604,0.0,0.0003518648838845883
0.988888888888889,0.9592592592592604,0.0,0.0003518648838845883
0.988888888888889,0.9666666666666666,0.00020366598778004074,0.0
0.988888888888889,0.9666666666666666,0.00020366598778004074,0.0
0.988888888888889,0.974074074074075,0.00020366598778004074,0.0
0.988888888888889,0.974074074074075,0.00020366598778004074,0.0
0.988888888888889,0.9814814814814812,0.0,0.0003518648838845883
0.988888888888889,0.9814814814814812,0.0,0.0003518648838845883
0.988888888888889,0.9888888888888896,0.0,0.0003518648838845883
0.988888888888889,0.9888888888888896,0.0,0.0003518648838845883
0.988888888888889,0.9962962962962958,0.0,0.0003518648838845883
0.988888888888889,0.9962962962962958,0.0,0.0003518648838845883
0.9962962962962963,0.4259259259259269,0.0,0.0
0.9962962962962963,0.4259259259259269,0.0,0.0
0.9962962962962963,0.433333333333333,0.0,0.0
0.9962962962962963,0.433333333333333,0.0,0.0
0.9962962962962963,0.4407407407407415,0.0,0.0
0.9962962962962963,0.4407407407407415,0.0,0.0
0.9962962962962963,0.4481481481481477,0.0,0.0
0.9962962962962963,0.4481481481481477,0.0,0.0
0.9962962962962963,0.4555555555555561,0.0,0.0003518648838845883
0.9962962962962963,0.4555555555555561,0.0,0.0003518648838845883
0.9962962962962963,0.4629629629629623,0.00020366598778004074,0.0
0.9962962962962963,0.4629629629629623,0.00020366598778004074,0.0
0.9962962962962963,0.4703703703703707,0.0,0.0003518648838845883
0.9962962962962963,0.4703703703703707,0.0,0.0003518648838845883
0.9962962962962963,0.4777777777777769,0.0,0.0003518648838845883
0.9962962962962963,0.4777777777777769,0.0,0.0003518648838845883
0.9962962962962963,0.4851851851851854,0.0,0.0
0.9962962962962963,0.4851851851851854,0.0,0.0
0.9962962962962963,0.4925925925925915,0.00020366598778004074,0.0
0.9962962962962963,0.4925925925925915,0.00020366598778004074,0.0
0.9962962962962963,0.5,0.00020366598778004074,0.0
0.9962962962962963,0.5,0.00020366598778004074,0.0
0.9962962962962963,0.5074074074074084,0.00020366598778004074,0.0
0.9962962962962963,0.5074074074074084,0.00020366598778004074,0.0
0.9962962962962963,0.5148148148148146,0.0,0.0
0.9962962962962963,0.5148148148148146,0.0,0.0
0.9962962962962963,0.522222222222223,0.0,0.0
0.9962962962962963,0.522222222222223,0.0,0.0
0.9962962962962963,0.5296296296296292,0.00020366598778004074,0.0
0.9962962962962963,0.5296296296296292,0.00020366598778004074,0.0
0.9962962962962963,0.5370370370370378,0.00020366598778004074,0.0
0.9962962962962963,0.5370370370370378,0.00020366598778004074,0.0
0.9962962962962963,0.5444444444444438,0.00020366598778004074,0.0
0.9962962962962963,0.5444444444444438,0.00020366598778004074,0.0
0.9962962962962963,0.5518518518518524,0.00020366598778004074,0.0
0.9962962962962963,0.5518518518518524,0.00020366598778004074,0.0
0.9962962962962963,0.5592592592592586,0.0,0.0
0.9962962962962963,0.5592592592592586,0.0,0.0
0.9962962962962963,0.566666666666667,0.0,0.0003518648838845883
0.9962962962962963,0.566666666666667,0.0,0.0003518648838845883
0.9962962962962963,0.5740740740740732,0.00020366598778004074,0.0
0.9962962962962963,0.5740740740740732,0.00020366598778004074,0.0
0.9962962962962963,0.5814814814814816,0.00020366598778004074,0.0
0.9962962962962963,0.5814814814814816,0.00020366598778004074,0.0
0.9962962962962963,0.58888888888889,0.0,0.0
0.9962962962962963,0.58888888888889,0.0,0.0
0.9962962962962963,0.5962962962962962,0.00020366598778004074,0.0
0.9962962962962963,0.5962962962962962,0.00020366598778004074,0.0
0.9962962962962963,0.6037037037037046,0.0,0.0
0.9962962962962963,0.6037037037037046,0.0,0.0
0.9962962962962963,0.6111111111111108,0.0,0.0
0.9962962962962963,0.6111111111111108,0.0,0.0
0.9962962962962963,0.6185185185185194,0.0,0.0
0.9962962962962963,0.6185185185185194,0.0,0.0
0.9962962962962963,0.6259259259259254,0.0,0.0
0.9962962962962963,0.6259259259259254,0.0,0.0
0.9962962962962963,0.633333333333334,0.0,0.0
0.9962962962962963,0.633333333333334,0.0,0.0
0.9962962962962963,0.6407407407407402,0.00020366598778004074,0.0
0.9962962962962963,0.6407407407407402,0.00020366598778004074,0.0
0.9962962962962963,0.6481481481481486,0.00020366598778004074,0.0
0.9962962962962963,0.6481481481481486,0.00020366598778004074,0.0
0.9962962962962963,0.6555555555555548,0.0,0.0003518648838845883
0.9962962962962963,0.6555555555555548,0.0,0.0003518648838845883
0.9962962962962963,0.6629629629629632,0.0,0.0
0.9962962962962963,0.6629629629629632,0.0,0.0
0.9962962962962963,0.6703703703703694,0.00020366598778004074,0.0
0.9962962962962963,0.6703703703703694,0.00020366598778004074,0.0
0.9962962962962963,0.6777777777777778,0.00020366598778004074,0.0
0.9962962962962963,0.6777777777777778,0.00020366598778004074,0.0
0.9962962962962963,0.6851851851851862,0.0,0.0
0.9962962962962963,0.6851851851851862,0.0,0.0
0.9962962962962963,0.6925925925925924,0.0,0.0
0.9962962962962963,0.6925925925925924,0.0,0.0
0.9962962962962963,0.700000000000001,0.0,0.0003518648838845883
0.9962962962962963,0.700000000000001,0.0,0.0003518648838845883
0.9962962962962963,0.707407407407407,0.0,0.0
0.9962962962962963,0.707407407407407,0.0,0.0
0.9962962962962963,0.7148148148148156,0.0,0.0003518648838845883
0.9962962962962963,0.7148148148148156,0.0,0.0003518648838845883
0.9962962962962963,0.7222222222222218,0.0,0.0003518648838845883
0.9962962962962963,0.7222222222222218,0.0,0.0003518648838845883
0.9962962962962963,0.7296296296296302,0.0,0.0
0.9962962962962963,0.7296296296296302,0.0,0.0
0.9962962962962963,0.7370370370370364,0.0,0.0003518648838845883
0.9962962962962963,0.7370370370370364,0.0,0.0003518648838845883
0.9962962962962963,0.7444444444444448,0.0,0.0
0.9962962962962963,0.7444444444444448,0.0,0.0
0.9962962962962963,0.751851851851851,0.0,0.0003518648838845883
0.9962962962962963,0.751851851851851,0.0,0.0003518648838845883
0.9962962962962963,0.7592592592592594,0.00020366598778004074,0.0
0.9962962962962963,0.7592592592592594,0.00020366598778004074,0.0
0.9962962962962963,0.7666666666666656,0.0,0.0
0.9962962962962963,0.7666666666666656,0.0,0.0
0.9962962962962963,0.774074074074074,0.0,0.0003518648838845883
0.9962962962962963,0.774074074074074,0.0,0.0003518648838845883
0.9962962962962963,0.7814814814814826,0.00020366598778004074,0.0
0.9962962962962963,0.7814814814814826,0.00020366598778004074,0.0
0.9962962962962963,0.7888888888888886,0.00020366598778004074,0.0
0.9962962962962963,0.7888888888888886,0.00020366598778004074,0.0
0.9962962962962963,0.7962962962962972,0.00020366598778004074,0.0
0.9962962962962963,0.7962962962962972,0.00020366598778004074,0.0
0.9962962962962963,0.8037037037037034,0.00020366598778004074,0.0
0.9962962962962963,0.8037037037037034,0.00020366598778004074,0.0
0.9962962962962963,0.8111111111111118,0.00020366598778004074,0.0
0.9962962962962963,0.8111111111111118,0.00020366598778004074,0.0
0.9962962962962963,0.818518518518518,0.00020366598778004074,0.0
0.9962962962962963,0.818518518518518,0.00020366598778004074,0.0
0.9962962962962963,0.8259259259259264,0.00020366598778004074,0.0
0.9962962962962963,0.8259259259259264,0.00020366598778004074,0.0
0.9962962962962963,0.8333333333333326,0.00020366598778004074,0.0
0.9962962962962963,0.8333333333333326,0.00020366598778004074,0.0
0.9962962962962963,0.840740740740741,0.0,0.0
0.9962962962962963,0.840740740740741,0.0,0.0
0.9962962962962963,0.8481481481481472,0.0,0.0
0.9962962962962963,0.8481481481481472,0.0,0.0
0.9962962962962963,0.8555555555555556,0.0,0.0
0.9962962962962963,0.8555555555555556,0.0,0.0
0.9962962962962963,0.8629629629629642,0.0,0.0003518648838845883
0.9962962962962963,0.8629629629629642,0.0,0.0003518648838845883
0.9962962962962963,0.8703703703703702,0.0,0.0003518648838845883
0.9962962962962963,0.8703703703703702,0.0,0.0003518648838845883
0.9962962962962963,0.8777777777777788,0.0,0.0003518648838845883
0.9962962962962963,0.8777777777777788,0.0,0.0003518648838845883
0.9962962962962963,0.885185185185185,0.0,0.0003518648838845883
0.9962962962962963,0.885185185185185,0.0,0.0003518648838845883
0.9962962962962963,0.8925925925925934,0.0,0.0003518648838845883
0.9962962962962963,0.8925925925925934,0.0,0.0003518648838845883
0.9962962962962963,0.8999999999999996,0.0,0.0003518648838845883
0.9962962962962963,0.8999999999999996,0.0,0.0003518648838845883
0.9962962962962963,0.907407407407408,0.0,0.0003518648838845883
0.9962962962962963,0.907407407407408,0.0,0.0003518648838845883
0.9962962962962963,0.9148148148148142,0.0,0.0
0.9962962962962963,0.9148148148148142,0.0,0.0
0.9962962962962963,0.9222222222222226,0.0,0.0003518648838845883
0.9962962962962963,0.9222222222222226,0.0,0.0003518648838845883
0.9962962962962963,0.9296296296296288,0.0,0.0
0.9962962962962963,0.9296296296296288,0.0,0.0
0.9962962962962963,0.9370370370370372,0.0,0.0003518648838845883
0.9962962962962963,0.9370370370370372,0.0,0.0003518648838845883
0.9962962962962963,0.9444444444444434,0.0,0.0003518648838845883
0.9962962962962963,0.9444444444444434,0.0,0.0003518648838845883
0.9962962962962963,0.9518518518518518,0.0,0.0003518648838845883
0.9962962962962963,0.9518518518518518,0.0,0.0003518648838845883
0.9962962962962963,0.9592592592592604,0.0,0.0003518648838845883
0.9962962962962963,0.9592592592592604,0.0,0.0003518648838845883
0.9962962962962963,0.9666666666666666,0.00020366598778004074,0.0
0.9962962962962963,0.9666666666666666,0.00020366598778004074,0.0
0.9962962962962963,0.974074074074075,0.00020366598778004074,0.0
0.9962962962962963,0.974074074074075,0.00020366598778004074,0.0
0.9962962962962963,0.9814814814814812,0.0,0.0003518648838845883
0.9962962962962963,0.9814814814814812,0.0,0.0003518648838845883
0.9962962962962963,0.9888888888888896,0.0,0.0003518648838845883
0.9962962962962963,0.9888888888888896,0.0,0.0003518648838845883
0.9962962962962963,0.9962962962962958,0.0,0.0003518648838845883
0.9962962962962963,0.9962962962962958,0.0,0.0003518648838845883
